{"Body":{"Status":true,"Timestamp":"2022-10-02 18:00:00","volt":"147.422390985074"},"EnqueuedTimeUtc":"2022-10-02 18:00:00","Properties":{"messagetype":"Demo"},"SystemProperties":{"connectionAuthMethod":"{\"scope\":\"device\",\"type\":\"sas\",\"issuer\":\"iothub\",\"acceptingIpFilterRule\":null}","connectionDeviceGenerationId":"638052891151821842","connectionDeviceId":"IOTDevice_4_1","contentEncoding":"utf-8","contentType":"application/json","enqueuedTime":"2022-10-02 18:00:00"}}
{"Body":{"Status":true,"Timestamp":"2022-10-02 18:00:00","rotate":"508.081682983632"},"EnqueuedTimeUtc":"2022-10-02 18:00:00","Properties":{"messagetype":"Demo"},"SystemProperties":{"connectionAuthMethod":"{\"scope\":\"device\",\"type\":\"sas\",\"issuer\":\"iothub\",\"acceptingIpFilterRule\":null}","connectionDeviceGenerationId":"638052891151821842","connectionDeviceId":"IOTDevice_4_2","contentEncoding":"utf-8","contentType":"application/json","enqueuedTime":"2022-10-02 18:00:00"}}
{"Body":{"Status":true,"Timestamp":"2022-10-02 18:00:00","pressure":"102.34754321754"},"EnqueuedTimeUtc":"2022-10-02 18:00:00","Properties":{"messagetype":"Demo"},"SystemProperties":{"connectionAuthMethod":"{\"scope\":\"device\",\"type\":\"sas\",\"issuer\":\"iothub\",\"acceptingIpFilterRule\":null}","connectionDeviceGenerationId":"638052891151821842","connectionDeviceId":"IOTDevice_4_3","contentEncoding":"utf-8","contentType":"application/json","enqueuedTime":"2022-10-02 18:00:00"}}
{"Body":{"Status":true,"Timestamp":"2022-10-02 18:00:00","vibration":"35.9899369816567"},"EnqueuedTimeUtc":"2022-10-02 18:00:00","Properties":{"messagetype":"Demo"},"SystemProperties":{"connectionAuthMethod":"{\"scope\":\"device\",\"type\":\"sas\",\"issuer\":\"iothub\",\"acceptingIpFilterRule\":null}","connectionDeviceGenerationId":"638052891151821842","connectionDeviceId":"IOTDevice_4_4","contentEncoding":"utf-8","contentType":"application/json","enqueuedTime":"2022-10-02 18:00:00"}}
{"Body":{"Status":true,"Timestamp":"2022-10-02 19:00:00","volt":"162.184472574065"},"EnqueuedTimeUtc":"2022-10-02 19:00:00","Properties":{"messagetype":"Demo"},"SystemProperties":{"connectionAuthMethod":"{\"scope\":\"device\",\"type\":\"sas\",\"issuer\":\"iothub\",\"acceptingIpFilterRule\":null}","connectionDeviceGenerationId":"638052891151821842","connectionDeviceId":"IOTDevice_4_1","contentEncoding":"utf-8","contentType":"application/json","enqueuedTime":"2022-10-02 19:00:00"}}
{"Body":{"Status":true,"Timestamp":"2022-10-02 19:00:00","rotate":"438.33993452478"},"EnqueuedTimeUtc":"2022-10-02 19:00:00","Properties":{"messagetype":"Demo"},"SystemProperties":{"connectionAuthMethod":"{\"scope\":\"device\",\"type\":\"sas\",\"issuer\":\"iothub\",\"acceptingIpFilterRule\":null}","connectionDeviceGenerationId":"638052891151821842","connectionDeviceId":"IOTDevice_4_2","contentEncoding":"utf-8","contentType":"application/json","enqueuedTime":"2022-10-02 19:00:00"}}
{"Body":{"Status":true,"Timestamp":"2022-10-02 19:00:00","pressure":"91.0618153600795"},"EnqueuedTimeUtc":"2022-10-02 19:00:00","Properties":{"messagetype":"Demo"},"SystemProperties":{"connectionAuthMethod":"{\"scope\":\"device\",\"type\":\"sas\",\"issuer\":\"iothub\",\"acceptingIpFilterRule\":null}","connectionDeviceGenerationId":"638052891151821842","connectionDeviceId":"IOTDevice_4_3","contentEncoding":"utf-8","contentType":"application/json","enqueuedTime":"2022-10-02 19:00:00"}}
{"Body":{"Status":true,"Timestamp":"2022-10-02 19:00:00","vibration":"27.275218248386"},"EnqueuedTimeUtc":"2022-10-02 19:00:00","Properties":{"messagetype":"Demo"},"SystemProperties":{"connectionAuthMethod":"{\"scope\":\"device\",\"type\":\"sas\",\"issuer\":\"iothub\",\"acceptingIpFilterRule\":null}","connectionDeviceGenerationId":"638052891151821842","connectionDeviceId":"IOTDevice_4_4","contentEncoding":"utf-8","contentType":"application/json","enqueuedTime":"2022-10-02 19:00:00"}}
{"Body":{"Status":true,"Timestamp":"2022-10-02 20:00:00","volt":"164.639941220141"},"EnqueuedTimeUtc":"2022-10-02 20:00:00","Properties":{"messagetype":"Demo"},"SystemProperties":{"connectionAuthMethod":"{\"scope\":\"device\",\"type\":\"sas\",\"issuer\":\"iothub\",\"acceptingIpFilterRule\":null}","connectionDeviceGenerationId":"638052891151821842","connectionDeviceId":"IOTDevice_4_1","contentEncoding":"utf-8","contentType":"application/json","enqueuedTime":"2022-10-02 20:00:00"}}
{"Body":{"Status":true,"Timestamp":"2022-10-02 20:00:00","rotate":"446.077755939136"},"EnqueuedTimeUtc":"2022-10-02 20:00:00","Properties":{"messagetype":"Demo"},"SystemProperties":{"connectionAuthMethod":"{\"scope\":\"device\",\"type\":\"sas\",\"issuer\":\"iothub\",\"acceptingIpFilterRule\":null}","connectionDeviceGenerationId":"638052891151821842","connectionDeviceId":"IOTDevice_4_2","contentEncoding":"utf-8","contentType":"application/json","enqueuedTime":"2022-10-02 20:00:00"}}
{"Body":{"Status":true,"Timestamp":"2022-10-02 20:00:00","pressure":"80.8438356052219"},"EnqueuedTimeUtc":"2022-10-02 20:00:00","Properties":{"messagetype":"Demo"},"SystemProperties":{"connectionAuthMethod":"{\"scope\":\"device\",\"type\":\"sas\",\"issuer\":\"iothub\",\"acceptingIpFilterRule\":null}","connectionDeviceGenerationId":"638052891151821842","connectionDeviceId":"IOTDevice_4_3","contentEncoding":"utf-8","contentType":"application/json","enqueuedTime":"2022-10-02 20:00:00"}}
{"Body":{"Status":true,"Timestamp":"2022-10-02 20:00:00","vibration":"38.8270188025819"},"EnqueuedTimeUtc":"2022-10-02 20:00:00","Properties":{"messagetype":"Demo"},"SystemProperties":{"connectionAuthMethod":"{\"scope\":\"device\",\"type\":\"sas\",\"issuer\":\"iothub\",\"acceptingIpFilterRule\":null}","connectionDeviceGenerationId":"638052891151821842","connectionDeviceId":"IOTDevice_4_4","contentEncoding":"utf-8","contentType":"application/json","enqueuedTime":"2022-10-02 20:00:00"}}
{"Body":{"Status":true,"Timestamp":"2022-10-02 21:00:00","volt":"176.740978690676"},"EnqueuedTimeUtc":"2022-10-02 21:00:00","Properties":{"messagetype":"Demo"},"SystemProperties":{"connectionAuthMethod":"{\"scope\":\"device\",\"type\":\"sas\",\"issuer\":\"iothub\",\"acceptingIpFilterRule\":null}","connectionDeviceGenerationId":"638052891151821842","connectionDeviceId":"IOTDevice_4_1","contentEncoding":"utf-8","contentType":"application/json","enqueuedTime":"2022-10-02 21:00:00"}}
{"Body":{"Status":true,"Timestamp":"2022-10-02 21:00:00","rotate":"500.052537245819"},"EnqueuedTimeUtc":"2022-10-02 21:00:00","Properties":{"messagetype":"Demo"},"SystemProperties":{"connectionAuthMethod":"{\"scope\":\"device\",\"type\":\"sas\",\"issuer\":\"iothub\",\"acceptingIpFilterRule\":null}","connectionDeviceGenerationId":"638052891151821842","connectionDeviceId":"IOTDevice_4_2","contentEncoding":"utf-8","contentType":"application/json","enqueuedTime":"2022-10-02 21:00:00"}}
{"Body":{"Status":true,"Timestamp":"2022-10-02 21:00:00","pressure":"97.9640277426292"},"EnqueuedTimeUtc":"2022-10-02 21:00:00","Properties":{"messagetype":"Demo"},"SystemProperties":{"connectionAuthMethod":"{\"scope\":\"device\",\"type\":\"sas\",\"issuer\":\"iothub\",\"acceptingIpFilterRule\":null}","connectionDeviceGenerationId":"638052891151821842","connectionDeviceId":"IOTDevice_4_3","contentEncoding":"utf-8","contentType":"application/json","enqueuedTime":"2022-10-02 21:00:00"}}
{"Body":{"Status":true,"Timestamp":"2022-10-02 21:00:00","vibration":"38.9974517820349"},"EnqueuedTimeUtc":"2022-10-02 21:00:00","Properties":{"messagetype":"Demo"},"SystemProperties":{"connectionAuthMethod":"{\"scope\":\"device\",\"type\":\"sas\",\"issuer\":\"iothub\",\"acceptingIpFilterRule\":null}","connectionDeviceGenerationId":"638052891151821842","connectionDeviceId":"IOTDevice_4_4","contentEncoding":"utf-8","contentType":"application/json","enqueuedTime":"2022-10-02 21:00:00"}}
{"Body":{"Status":true,"Timestamp":"2022-10-02 22:00:00","volt":"184.433891117727"},"EnqueuedTimeUtc":"2022-10-02 22:00:00","Properties":{"messagetype":"Demo"},"SystemProperties":{"connectionAuthMethod":"{\"scope\":\"device\",\"type\":\"sas\",\"issuer\":\"iothub\",\"acceptingIpFilterRule\":null}","connectionDeviceGenerationId":"638052891151821842","connectionDeviceId":"IOTDevice_4_1","contentEncoding":"utf-8","contentType":"application/json","enqueuedTime":"2022-10-02 22:00:00"}}
{"Body":{"Status":true,"Timestamp":"2022-10-02 22:00:00","rotate":"437.530016363378"},"EnqueuedTimeUtc":"2022-10-02 22:00:00","Properties":{"messagetype":"Demo"},"SystemProperties":{"connectionAuthMethod":"{\"scope\":\"device\",\"type\":\"sas\",\"issuer\":\"iothub\",\"acceptingIpFilterRule\":null}","connectionDeviceGenerationId":"638052891151821842","connectionDeviceId":"IOTDevice_4_2","contentEncoding":"utf-8","contentType":"application/json","enqueuedTime":"2022-10-02 22:00:00"}}
{"Body":{"Status":true,"Timestamp":"2022-10-02 22:00:00","pressure":"104.618328111726"},"EnqueuedTimeUtc":"2022-10-02 22:00:00","Properties":{"messagetype":"Demo"},"SystemProperties":{"connectionAuthMethod":"{\"scope\":\"device\",\"type\":\"sas\",\"issuer\":\"iothub\",\"acceptingIpFilterRule\":null}","connectionDeviceGenerationId":"638052891151821842","connectionDeviceId":"IOTDevice_4_3","contentEncoding":"utf-8","contentType":"application/json","enqueuedTime":"2022-10-02 22:00:00"}}
{"Body":{"Status":true,"Timestamp":"2022-10-02 22:00:00","vibration":"38.2933175402725"},"EnqueuedTimeUtc":"2022-10-02 22:00:00","Properties":{"messagetype":"Demo"},"SystemProperties":{"connectionAuthMethod":"{\"scope\":\"device\",\"type\":\"sas\",\"issuer\":\"iothub\",\"acceptingIpFilterRule\":null}","connectionDeviceGenerationId":"638052891151821842","connectionDeviceId":"IOTDevice_4_4","contentEncoding":"utf-8","contentType":"application/json","enqueuedTime":"2022-10-02 22:00:00"}}
{"Body":{"Status":true,"Timestamp":"2022-10-02 23:00:00","volt":"185.510101901382"},"EnqueuedTimeUtc":"2022-10-02 23:00:00","Properties":{"messagetype":"Demo"},"SystemProperties":{"connectionAuthMethod":"{\"scope\":\"device\",\"type\":\"sas\",\"issuer\":\"iothub\",\"acceptingIpFilterRule\":null}","connectionDeviceGenerationId":"638052891151821842","connectionDeviceId":"IOTDevice_4_1","contentEncoding":"utf-8","contentType":"application/json","enqueuedTime":"2022-10-02 23:00:00"}}
{"Body":{"Status":true,"Timestamp":"2022-10-02 23:00:00","rotate":"521.751545756527"},"EnqueuedTimeUtc":"2022-10-02 23:00:00","Properties":{"messagetype":"Demo"},"SystemProperties":{"connectionAuthMethod":"{\"scope\":\"device\",\"type\":\"sas\",\"issuer\":\"iothub\",\"acceptingIpFilterRule\":null}","connectionDeviceGenerationId":"638052891151821842","connectionDeviceId":"IOTDevice_4_2","contentEncoding":"utf-8","contentType":"application/json","enqueuedTime":"2022-10-02 23:00:00"}}
{"Body":{"Status":true,"Timestamp":"2022-10-02 23:00:00","pressure":"120.260903337995"},"EnqueuedTimeUtc":"2022-10-02 23:00:00","Properties":{"messagetype":"Demo"},"SystemProperties":{"connectionAuthMethod":"{\"scope\":\"device\",\"type\":\"sas\",\"issuer\":\"iothub\",\"acceptingIpFilterRule\":null}","connectionDeviceGenerationId":"638052891151821842","connectionDeviceId":"IOTDevice_4_3","contentEncoding":"utf-8","contentType":"application/json","enqueuedTime":"2022-10-02 23:00:00"}}
{"Body":{"Status":true,"Timestamp":"2022-10-02 23:00:00","vibration":"39.5343694130131"},"EnqueuedTimeUtc":"2022-10-02 23:00:00","Properties":{"messagetype":"Demo"},"SystemProperties":{"connectionAuthMethod":"{\"scope\":\"device\",\"type\":\"sas\",\"issuer\":\"iothub\",\"acceptingIpFilterRule\":null}","connectionDeviceGenerationId":"638052891151821842","connectionDeviceId":"IOTDevice_4_4","contentEncoding":"utf-8","contentType":"application/json","enqueuedTime":"2022-10-02 23:00:00"}}
{"Body":{"Status":true,"Timestamp":"2022-10-02 00:00:00","volt":"145.343087227572"},"EnqueuedTimeUtc":"2022-10-02 00:00:00","Properties":{"messagetype":"Demo"},"SystemProperties":{"connectionAuthMethod":"{\"scope\":\"device\",\"type\":\"sas\",\"issuer\":\"iothub\",\"acceptingIpFilterRule\":null}","connectionDeviceGenerationId":"638052891151821842","connectionDeviceId":"IOTDevice_5_1","contentEncoding":"utf-8","contentType":"application/json","enqueuedTime":"2022-10-02 00:00:00"}}
{"Body":{"Status":true,"Timestamp":"2022-10-02 00:00:00","rotate":"388.282000003144"},"EnqueuedTimeUtc":"2022-10-02 00:00:00","Properties":{"messagetype":"Demo"},"SystemProperties":{"connectionAuthMethod":"{\"scope\":\"device\",\"type\":\"sas\",\"issuer\":\"iothub\",\"acceptingIpFilterRule\":null}","connectionDeviceGenerationId":"638052891151821842","connectionDeviceId":"IOTDevice_5_2","contentEncoding":"utf-8","contentType":"application/json","enqueuedTime":"2022-10-02 00:00:00"}}
{"Body":{"Status":true,"Timestamp":"2022-10-02 00:00:00","pressure":"89.8505941423471"},"EnqueuedTimeUtc":"2022-10-02 00:00:00","Properties":{"messagetype":"Demo"},"SystemProperties":{"connectionAuthMethod":"{\"scope\":\"device\",\"type\":\"sas\",\"issuer\":\"iothub\",\"acceptingIpFilterRule\":null}","connectionDeviceGenerationId":"638052891151821842","connectionDeviceId":"IOTDevice_5_3","contentEncoding":"utf-8","contentType":"application/json","enqueuedTime":"2022-10-02 00:00:00"}}
{"Body":{"Status":true,"Timestamp":"2022-10-02 00:00:00","vibration":"49.08040728401"},"EnqueuedTimeUtc":"2022-10-02 00:00:00","Properties":{"messagetype":"Demo"},"SystemProperties":{"connectionAuthMethod":"{\"scope\":\"device\",\"type\":\"sas\",\"issuer\":\"iothub\",\"acceptingIpFilterRule\":null}","connectionDeviceGenerationId":"638052891151821842","connectionDeviceId":"IOTDevice_5_4","contentEncoding":"utf-8","contentType":"application/json","enqueuedTime":"2022-10-02 00:00:00"}}
{"Body":{"Status":true,"Timestamp":"2022-10-02 01:00:00","volt":"181.806120178015"},"EnqueuedTimeUtc":"2022-10-02 01:00:00","Properties":{"messagetype":"Demo"},"SystemProperties":{"connectionAuthMethod":"{\"scope\":\"device\",\"type\":\"sas\",\"issuer\":\"iothub\",\"acceptingIpFilterRule\":null}","connectionDeviceGenerationId":"638052891151821842","connectionDeviceId":"IOTDevice_5_1","contentEncoding":"utf-8","contentType":"application/json","enqueuedTime":"2022-10-02 01:00:00"}}
{"Body":{"Status":true,"Timestamp":"2022-10-02 01:00:00","rotate":"435.365227965822"},"EnqueuedTimeUtc":"2022-10-02 01:00:00","Properties":{"messagetype":"Demo"},"SystemProperties":{"connectionAuthMethod":"{\"scope\":\"device\",\"type\":\"sas\",\"issuer\":\"iothub\",\"acceptingIpFilterRule\":null}","connectionDeviceGenerationId":"638052891151821842","connectionDeviceId":"IOTDevice_5_2","contentEncoding":"utf-8","contentType":"application/json","enqueuedTime":"2022-10-02 01:00:00"}}
{"Body":{"Status":true,"Timestamp":"2022-10-02 01:00:00","pressure":"84.1117596251337"},"EnqueuedTimeUtc":"2022-10-02 01:00:00","Properties":{"messagetype":"Demo"},"SystemProperties":{"connectionAuthMethod":"{\"scope\":\"device\",\"type\":\"sas\",\"issuer\":\"iothub\",\"acceptingIpFilterRule\":null}","connectionDeviceGenerationId":"638052891151821842","connectionDeviceId":"IOTDevice_5_3","contentEncoding":"utf-8","contentType":"application/json","enqueuedTime":"2022-10-02 01:00:00"}}
{"Body":{"Status":true,"Timestamp":"2022-10-02 01:00:00","vibration":"37.9334024002843"},"EnqueuedTimeUtc":"2022-10-02 01:00:00","Properties":{"messagetype":"Demo"},"SystemProperties":{"connectionAuthMethod":"{\"scope\":\"device\",\"type\":\"sas\",\"issuer\":\"iothub\",\"acceptingIpFilterRule\":null}","connectionDeviceGenerationId":"638052891151821842","connectionDeviceId":"IOTDevice_5_4","contentEncoding":"utf-8","contentType":"application/json","enqueuedTime":"2022-10-02 01:00:00"}}
{"Body":{"Status":true,"Timestamp":"2022-10-02 02:00:00","volt":"176.588099959997"},"EnqueuedTimeUtc":"2022-10-02 02:00:00","Properties":{"messagetype":"Demo"},"SystemProperties":{"connectionAuthMethod":"{\"scope\":\"device\",\"type\":\"sas\",\"issuer\":\"iothub\",\"acceptingIpFilterRule\":null}","connectionDeviceGenerationId":"638052891151821842","connectionDeviceId":"IOTDevice_5_1","contentEncoding":"utf-8","contentType":"application/json","enqueuedTime":"2022-10-02 02:00:00"}}
{"Body":{"Status":true,"Timestamp":"2022-10-02 02:00:00","rotate":"432.290737687558"},"EnqueuedTimeUtc":"2022-10-02 02:00:00","Properties":{"messagetype":"Demo"},"SystemProperties":{"connectionAuthMethod":"{\"scope\":\"device\",\"type\":\"sas\",\"issuer\":\"iothub\",\"acceptingIpFilterRule\":null}","connectionDeviceGenerationId":"638052891151821842","connectionDeviceId":"IOTDevice_5_2","contentEncoding":"utf-8","contentType":"application/json","enqueuedTime":"2022-10-02 02:00:00"}}
{"Body":{"Status":true,"Timestamp":"2022-10-02 02:00:00","pressure":"107.475407347465"},"EnqueuedTimeUtc":"2022-10-02 02:00:00","Properties":{"messagetype":"Demo"},"SystemProperties":{"connectionAuthMethod":"{\"scope\":\"device\",\"type\":\"sas\",\"issuer\":\"iothub\",\"acceptingIpFilterRule\":null}","connectionDeviceGenerationId":"638052891151821842","connectionDeviceId":"IOTDevice_5_3","contentEncoding":"utf-8","contentType":"application/json","enqueuedTime":"2022-10-02 02:00:00"}}
{"Body":{"Status":true,"Timestamp":"2022-10-02 02:00:00","vibration":"29.6521521053731"},"EnqueuedTimeUtc":"2022-10-02 02:00:00","Properties":{"messagetype":"Demo"},"SystemProperties":{"connectionAuthMethod":"{\"scope\":\"device\",\"type\":\"sas\",\"issuer\":\"iothub\",\"acceptingIpFilterRule\":null}","connectionDeviceGenerationId":"638052891151821842","connectionDeviceId":"IOTDevice_5_4","contentEncoding":"utf-8","contentType":"application/json","enqueuedTime":"2022-10-02 02:00:00"}}
{"Body":{"Status":true,"Timestamp":"2022-10-02 03:00:00","volt":"178.507050155723"},"EnqueuedTimeUtc":"2022-10-02 03:00:00","Properties":{"messagetype":"Demo"},"SystemProperties":{"connectionAuthMethod":"{\"scope\":\"device\",\"type\":\"sas\",\"issuer\":\"iothub\",\"acceptingIpFilterRule\":null}","connectionDeviceGenerationId":"638052891151821842","connectionDeviceId":"IOTDevice_5_1","contentEncoding":"utf-8","contentType":"application/json","enqueuedTime":"2022-10-02 03:00:00"}}
{"Body":{"Status":true,"Timestamp":"2022-10-02 03:00:00","rotate":"465.289083803398"},"EnqueuedTimeUtc":"2022-10-02 03:00:00","Properties":{"messagetype":"Demo"},"SystemProperties":{"connectionAuthMethod":"{\"scope\":\"device\",\"type\":\"sas\",\"issuer\":\"iothub\",\"acceptingIpFilterRule\":null}","connectionDeviceGenerationId":"638052891151821842","connectionDeviceId":"IOTDevice_5_2","contentEncoding":"utf-8","contentType":"application/json","enqueuedTime":"2022-10-02 03:00:00"}}
{"Body":{"Status":true,"Timestamp":"2022-10-02 03:00:00","pressure":"100.906150345549"},"EnqueuedTimeUtc":"2022-10-02 03:00:00","Properties":{"messagetype":"Demo"},"SystemProperties":{"connectionAuthMethod":"{\"scope\":\"device\",\"type\":\"sas\",\"issuer\":\"iothub\",\"acceptingIpFilterRule\":null}","connectionDeviceGenerationId":"638052891151821842","connectionDeviceId":"IOTDevice_5_3","contentEncoding":"utf-8","contentType":"application/json","enqueuedTime":"2022-10-02 03:00:00"}}
{"Body":{"Status":true,"Timestamp":"2022-10-02 03:00:00","vibration":"37.9361870501444"},"EnqueuedTimeUtc":"2022-10-02 03:00:00","Properties":{"messagetype":"Demo"},"SystemProperties":{"connectionAuthMethod":"{\"scope\":\"device\",\"type\":\"sas\",\"issuer\":\"iothub\",\"acceptingIpFilterRule\":null}","connectionDeviceGenerationId":"638052891151821842","connectionDeviceId":"IOTDevice_5_4","contentEncoding":"utf-8","contentType":"application/json","enqueuedTime":"2022-10-02 03:00:00"}}
{"Body":{"Status":true,"Timestamp":"2022-10-02 04:00:00","volt":"144.488137080446"},"EnqueuedTimeUtc":"2022-10-02 04:00:00","Properties":{"messagetype":"Demo"},"SystemProperties":{"connectionAuthMethod":"{\"scope\":\"device\",\"type\":\"sas\",\"issuer\":\"iothub\",\"acceptingIpFilterRule\":null}","connectionDeviceGenerationId":"638052891151821842","connectionDeviceId":"IOTDevice_5_1","contentEncoding":"utf-8","contentType":"application/json","enqueuedTime":"2022-10-02 04:00:00"}}
{"Body":{"Status":true,"Timestamp":"2022-10-02 04:00:00","rotate":"499.028757161081"},"EnqueuedTimeUtc":"2022-10-02 04:00:00","Properties":{"messagetype":"Demo"},"SystemProperties":{"connectionAuthMethod":"{\"scope\":\"device\",\"type\":\"sas\",\"issuer\":\"iothub\",\"acceptingIpFilterRule\":null}","connectionDeviceGenerationId":"638052891151821842","connectionDeviceId":"IOTDevice_5_2","contentEncoding":"utf-8","contentType":"application/json","enqueuedTime":"2022-10-02 04:00:00"}}
{"Body":{"Status":true,"Timestamp":"2022-10-02 04:00:00","pressure":"101.666142295862"},"EnqueuedTimeUtc":"2022-10-02 04:00:00","Properties":{"messagetype":"Demo"},"SystemProperties":{"connectionAuthMethod":"{\"scope\":\"device\",\"type\":\"sas\",\"issuer\":\"iothub\",\"acceptingIpFilterRule\":null}","connectionDeviceGenerationId":"638052891151821842","connectionDeviceId":"IOTDevice_5_3","contentEncoding":"utf-8","contentType":"application/json","enqueuedTime":"2022-10-02 04:00:00"}}
{"Body":{"Status":true,"Timestamp":"2022-10-02 04:00:00","vibration":"32.7992545552761"},"EnqueuedTimeUtc":"2022-10-02 04:00:00","Properties":{"messagetype":"Demo"},"SystemProperties":{"connectionAuthMethod":"{\"scope\":\"device\",\"type\":\"sas\",\"issuer\":\"iothub\",\"acceptingIpFilterRule\":null}","connectionDeviceGenerationId":"638052891151821842","connectionDeviceId":"IOTDevice_5_4","contentEncoding":"utf-8","contentType":"application/json","enqueuedTime":"2022-10-02 04:00:00"}}
{"Body":{"Status":true,"Timestamp":"2022-10-02 05:00:00","volt":"167.413315221696"},"EnqueuedTimeUtc":"2022-10-02 05:00:00","Properties":{"messagetype":"Demo"},"SystemProperties":{"connectionAuthMethod":"{\"scope\":\"device\",\"type\":\"sas\",\"issuer\":\"iothub\",\"acceptingIpFilterRule\":null}","connectionDeviceGenerationId":"638052891151821842","connectionDeviceId":"IOTDevice_5_1","contentEncoding":"utf-8","contentType":"application/json","enqueuedTime":"2022-10-02 05:00:00"}}
{"Body":{"Status":true,"Timestamp":"2022-10-02 05:00:00","rotate":"428.383849211565"},"EnqueuedTimeUtc":"2022-10-02 05:00:00","Properties":{"messagetype":"Demo"},"SystemProperties":{"connectionAuthMethod":"{\"scope\":\"device\",\"type\":\"sas\",\"issuer\":\"iothub\",\"acceptingIpFilterRule\":null}","connectionDeviceGenerationId":"638052891151821842","connectionDeviceId":"IOTDevice_5_2","contentEncoding":"utf-8","contentType":"application/json","enqueuedTime":"2022-10-02 05:00:00"}}
{"Body":{"Status":true,"Timestamp":"2022-10-02 05:00:00","pressure":"79.6950266142975"},"EnqueuedTimeUtc":"2022-10-02 05:00:00","Properties":{"messagetype":"Demo"},"SystemProperties":{"connectionAuthMethod":"{\"scope\":\"device\",\"type\":\"sas\",\"issuer\":\"iothub\",\"acceptingIpFilterRule\":null}","connectionDeviceGenerationId":"638052891151821842","connectionDeviceId":"IOTDevice_5_3","contentEncoding":"utf-8","contentType":"application/json","enqueuedTime":"2022-10-02 05:00:00"}}
{"Body":{"Status":true,"Timestamp":"2022-10-02 05:00:00","vibration":"37.1912156064827"},"EnqueuedTimeUtc":"2022-10-02 05:00:00","Properties":{"messagetype":"Demo"},"SystemProperties":{"connectionAuthMethod":"{\"scope\":\"device\",\"type\":\"sas\",\"issuer\":\"iothub\",\"acceptingIpFilterRule\":null}","connectionDeviceGenerationId":"638052891151821842","connectionDeviceId":"IOTDevice_5_4","contentEncoding":"utf-8","contentType":"application/json","enqueuedTime":"2022-10-02 05:00:00"}}
{"Body":{"Status":true,"Timestamp":"2022-10-02 06:00:00","volt":"160.140621241605"},"EnqueuedTimeUtc":"2022-10-02 06:00:00","Properties":{"messagetype":"Demo"},"SystemProperties":{"connectionAuthMethod":"{\"scope\":\"device\",\"type\":\"sas\",\"issuer\":\"iothub\",\"acceptingIpFilterRule\":null}","connectionDeviceGenerationId":"638052891151821842","connectionDeviceId":"IOTDevice_5_1","contentEncoding":"utf-8","contentType":"application/json","enqueuedTime":"2022-10-02 06:00:00"}}
{"Body":{"Status":true,"Timestamp":"2022-10-02 06:00:00","rotate":"394.728372301005"},"EnqueuedTimeUtc":"2022-10-02 06:00:00","Properties":{"messagetype":"Demo"},"SystemProperties":{"connectionAuthMethod":"{\"scope\":\"device\",\"type\":\"sas\",\"issuer\":\"iothub\",\"acceptingIpFilterRule\":null}","connectionDeviceGenerationId":"638052891151821842","connectionDeviceId":"IOTDevice_5_2","contentEncoding":"utf-8","contentType":"application/json","enqueuedTime":"2022-10-02 06:00:00"}}
{"Body":{"Status":true,"Timestamp":"2022-10-02 06:00:00","pressure":"98.5144360748426"},"EnqueuedTimeUtc":"2022-10-02 06:00:00","Properties":{"messagetype":"Demo"},"SystemProperties":{"connectionAuthMethod":"{\"scope\":\"device\",\"type\":\"sas\",\"issuer\":\"iothub\",\"acceptingIpFilterRule\":null}","connectionDeviceGenerationId":"638052891151821842","connectionDeviceId":"IOTDevice_5_3","contentEncoding":"utf-8","contentType":"application/json","enqueuedTime":"2022-10-02 06:00:00"}}
{"Body":{"Status":true,"Timestamp":"2022-10-02 06:00:00","vibration":"41.1383383025851"},"EnqueuedTimeUtc":"2022-10-02 06:00:00","Properties":{"messagetype":"Demo"},"SystemProperties":{"connectionAuthMethod":"{\"scope\":\"device\",\"type\":\"sas\",\"issuer\":\"iothub\",\"acceptingIpFilterRule\":null}","connectionDeviceGenerationId":"638052891151821842","connectionDeviceId":"IOTDevice_5_4","contentEncoding":"utf-8","contentType":"application/json","enqueuedTime":"2022-10-02 06:00:00"}}
{"Body":{"Status":true,"Timestamp":"2022-10-02 07:00:00","volt":"178.026624210296"},"EnqueuedTimeUtc":"2022-10-02 07:00:00","Properties":{"messagetype":"Demo"},"SystemProperties":{"connectionAuthMethod":"{\"scope\":\"device\",\"type\":\"sas\",\"issuer\":\"iothub\",\"acceptingIpFilterRule\":null}","connectionDeviceGenerationId":"638052891151821842","connectionDeviceId":"IOTDevice_5_1","contentEncoding":"utf-8","contentType":"application/json","enqueuedTime":"2022-10-02 07:00:00"}}
{"Body":{"Status":true,"Timestamp":"2022-10-02 07:00:00","rotate":"463.727832984303"},"EnqueuedTimeUtc":"2022-10-02 07:00:00","Properties":{"messagetype":"Demo"},"SystemProperties":{"connectionAuthMethod":"{\"scope\":\"device\",\"type\":\"sas\",\"issuer\":\"iothub\",\"acceptingIpFilterRule\":null}","connectionDeviceGenerationId":"638052891151821842","connectionDeviceId":"IOTDevice_5_2","contentEncoding":"utf-8","contentType":"application/json","enqueuedTime":"2022-10-02 07:00:00"}}
{"Body":{"Status":true,"Timestamp":"2022-10-02 07:00:00","pressure":"106.630630891738"},"EnqueuedTimeUtc":"2022-10-02 07:00:00","Properties":{"messagetype":"Demo"},"SystemProperties":{"connectionAuthMethod":"{\"scope\":\"device\",\"type\":\"sas\",\"issuer\":\"iothub\",\"acceptingIpFilterRule\":null}","connectionDeviceGenerationId":"638052891151821842","connectionDeviceId":"IOTDevice_5_3","contentEncoding":"utf-8","contentType":"application/json","enqueuedTime":"2022-10-02 07:00:00"}}
{"Body":{"Status":true,"Timestamp":"2022-10-02 07:00:00","vibration":"40.5297718882487"},"EnqueuedTimeUtc":"2022-10-02 07:00:00","Properties":{"messagetype":"Demo"},"SystemProperties":{"connectionAuthMethod":"{\"scope\":\"device\",\"type\":\"sas\",\"issuer\":\"iothub\",\"acceptingIpFilterRule\":null}","connectionDeviceGenerationId":"638052891151821842","connectionDeviceId":"IOTDevice_5_4","contentEncoding":"utf-8","contentType":"application/json","enqueuedTime":"2022-10-02 07:00:00"}}
{"Body":{"Status":true,"Timestamp":"2022-10-02 08:00:00","volt":"163.706510424076"},"EnqueuedTimeUtc":"2022-10-02 08:00:00","Properties":{"messagetype":"Demo"},"SystemProperties":{"connectionAuthMethod":"{\"scope\":\"device\",\"type\":\"sas\",\"issuer\":\"iothub\",\"acceptingIpFilterRule\":null}","connectionDeviceGenerationId":"638052891151821842","connectionDeviceId":"IOTDevice_5_1","contentEncoding":"utf-8","contentType":"application/json","enqueuedTime":"2022-10-02 08:00:00"}}
{"Body":{"Status":true,"Timestamp":"2022-10-02 08:00:00","rotate":"444.715586655463"},"EnqueuedTimeUtc":"2022-10-02 08:00:00","Properties":{"messagetype":"Demo"},"SystemProperties":{"connectionAuthMethod":"{\"scope\":\"device\",\"type\":\"sas\",\"issuer\":\"iothub\",\"acceptingIpFilterRule\":null}","connectionDeviceGenerationId":"638052891151821842","connectionDeviceId":"IOTDevice_5_2","contentEncoding":"utf-8","contentType":"application/json","enqueuedTime":"2022-10-02 08:00:00"}}
{"Body":{"Status":true,"Timestamp":"2022-10-02 08:00:00","pressure":"90.9512705793888"},"EnqueuedTimeUtc":"2022-10-02 08:00:00","Properties":{"messagetype":"Demo"},"SystemProperties":{"connectionAuthMethod":"{\"scope\":\"device\",\"type\":\"sas\",\"issuer\":\"iothub\",\"acceptingIpFilterRule\":null}","connectionDeviceGenerationId":"638052891151821842","connectionDeviceId":"IOTDevice_5_3","contentEncoding":"utf-8","contentType":"application/json","enqueuedTime":"2022-10-02 08:00:00"}}
{"Body":{"Status":true,"Timestamp":"2022-10-02 08:00:00","vibration":"27.8254386129002"},"EnqueuedTimeUtc":"2022-10-02 08:00:00","Properties":{"messagetype":"Demo"},"SystemProperties":{"connectionAuthMethod":"{\"scope\":\"device\",\"type\":\"sas\",\"issuer\":\"iothub\",\"acceptingIpFilterRule\":null}","connectionDeviceGenerationId":"638052891151821842","connectionDeviceId":"IOTDevice_5_4","contentEncoding":"utf-8","contentType":"application/json","enqueuedTime":"2022-10-02 08:00:00"}}
