{"Body":{"Status":true,"Timestamp":"2022-10-11 21:00:00","volt":"182.848154183664"},"EnqueuedTimeUtc":"2022-10-11 21:00:00","Properties":{"messagetype":"Demo"},"SystemProperties":{"connectionAuthMethod":"{\"scope\":\"device\",\"type\":\"sas\",\"issuer\":\"iothub\",\"acceptingIpFilterRule\":null}","connectionDeviceGenerationId":"638052891151821842","connectionDeviceId":"IOTDevice_2_1","contentEncoding":"utf-8","contentType":"application/json","enqueuedTime":"2022-10-11 21:00:00"}}
{"Body":{"Status":true,"Timestamp":"2022-10-11 21:00:00","rotate":"411.910843369913"},"EnqueuedTimeUtc":"2022-10-11 21:00:00","Properties":{"messagetype":"Demo"},"SystemProperties":{"connectionAuthMethod":"{\"scope\":\"device\",\"type\":\"sas\",\"issuer\":\"iothub\",\"acceptingIpFilterRule\":null}","connectionDeviceGenerationId":"638052891151821842","connectionDeviceId":"IOTDevice_2_2","contentEncoding":"utf-8","contentType":"application/json","enqueuedTime":"2022-10-11 21:00:00"}}
{"Body":{"Status":true,"Timestamp":"2022-10-11 21:00:00","pressure":"105.55998643535"},"EnqueuedTimeUtc":"2022-10-11 21:00:00","Properties":{"messagetype":"Demo"},"SystemProperties":{"connectionAuthMethod":"{\"scope\":\"device\",\"type\":\"sas\",\"issuer\":\"iothub\",\"acceptingIpFilterRule\":null}","connectionDeviceGenerationId":"638052891151821842","connectionDeviceId":"IOTDevice_2_3","contentEncoding":"utf-8","contentType":"application/json","enqueuedTime":"2022-10-11 21:00:00"}}
{"Body":{"Status":true,"Timestamp":"2022-10-11 21:00:00","vibration":"43.1562289469112"},"EnqueuedTimeUtc":"2022-10-11 21:00:00","Properties":{"messagetype":"Demo"},"SystemProperties":{"connectionAuthMethod":"{\"scope\":\"device\",\"type\":\"sas\",\"issuer\":\"iothub\",\"acceptingIpFilterRule\":null}","connectionDeviceGenerationId":"638052891151821842","connectionDeviceId":"IOTDevice_2_4","contentEncoding":"utf-8","contentType":"application/json","enqueuedTime":"2022-10-11 21:00:00"}}
{"Body":{"Status":true,"Timestamp":"2022-10-11 22:00:00","volt":"181.937953343342"},"EnqueuedTimeUtc":"2022-10-11 22:00:00","Properties":{"messagetype":"Demo"},"SystemProperties":{"connectionAuthMethod":"{\"scope\":\"device\",\"type\":\"sas\",\"issuer\":\"iothub\",\"acceptingIpFilterRule\":null}","connectionDeviceGenerationId":"638052891151821842","connectionDeviceId":"IOTDevice_2_1","contentEncoding":"utf-8","contentType":"application/json","enqueuedTime":"2022-10-11 22:00:00"}}
{"Body":{"Status":true,"Timestamp":"2022-10-11 22:00:00","rotate":"508.820074338654"},"EnqueuedTimeUtc":"2022-10-11 22:00:00","Properties":{"messagetype":"Demo"},"SystemProperties":{"connectionAuthMethod":"{\"scope\":\"device\",\"type\":\"sas\",\"issuer\":\"iothub\",\"acceptingIpFilterRule\":null}","connectionDeviceGenerationId":"638052891151821842","connectionDeviceId":"IOTDevice_2_2","contentEncoding":"utf-8","contentType":"application/json","enqueuedTime":"2022-10-11 22:00:00"}}
{"Body":{"Status":true,"Timestamp":"2022-10-11 22:00:00","pressure":"89.5787414972868"},"EnqueuedTimeUtc":"2022-10-11 22:00:00","Properties":{"messagetype":"Demo"},"SystemProperties":{"connectionAuthMethod":"{\"scope\":\"device\",\"type\":\"sas\",\"issuer\":\"iothub\",\"acceptingIpFilterRule\":null}","connectionDeviceGenerationId":"638052891151821842","connectionDeviceId":"IOTDevice_2_3","contentEncoding":"utf-8","contentType":"application/json","enqueuedTime":"2022-10-11 22:00:00"}}
{"Body":{"Status":true,"Timestamp":"2022-10-11 22:00:00","vibration":"38.1299005579807"},"EnqueuedTimeUtc":"2022-10-11 22:00:00","Properties":{"messagetype":"Demo"},"SystemProperties":{"connectionAuthMethod":"{\"scope\":\"device\",\"type\":\"sas\",\"issuer\":\"iothub\",\"acceptingIpFilterRule\":null}","connectionDeviceGenerationId":"638052891151821842","connectionDeviceId":"IOTDevice_2_4","contentEncoding":"utf-8","contentType":"application/json","enqueuedTime":"2022-10-11 22:00:00"}}
{"Body":{"Status":true,"Timestamp":"2022-10-11 23:00:00","volt":"180.354796674024"},"EnqueuedTimeUtc":"2022-10-11 23:00:00","Properties":{"messagetype":"Demo"},"SystemProperties":{"connectionAuthMethod":"{\"scope\":\"device\",\"type\":\"sas\",\"issuer\":\"iothub\",\"acceptingIpFilterRule\":null}","connectionDeviceGenerationId":"638052891151821842","connectionDeviceId":"IOTDevice_2_1","contentEncoding":"utf-8","contentType":"application/json","enqueuedTime":"2022-10-11 23:00:00"}}
{"Body":{"Status":true,"Timestamp":"2022-10-11 23:00:00","rotate":"402.687818925197"},"EnqueuedTimeUtc":"2022-10-11 23:00:00","Properties":{"messagetype":"Demo"},"SystemProperties":{"connectionAuthMethod":"{\"scope\":\"device\",\"type\":\"sas\",\"issuer\":\"iothub\",\"acceptingIpFilterRule\":null}","connectionDeviceGenerationId":"638052891151821842","connectionDeviceId":"IOTDevice_2_2","contentEncoding":"utf-8","contentType":"application/json","enqueuedTime":"2022-10-11 23:00:00"}}
{"Body":{"Status":true,"Timestamp":"2022-10-11 23:00:00","pressure":"100.660038627526"},"EnqueuedTimeUtc":"2022-10-11 23:00:00","Properties":{"messagetype":"Demo"},"SystemProperties":{"connectionAuthMethod":"{\"scope\":\"device\",\"type\":\"sas\",\"issuer\":\"iothub\",\"acceptingIpFilterRule\":null}","connectionDeviceGenerationId":"638052891151821842","connectionDeviceId":"IOTDevice_2_3","contentEncoding":"utf-8","contentType":"application/json","enqueuedTime":"2022-10-11 23:00:00"}}
{"Body":{"Status":true,"Timestamp":"2022-10-11 23:00:00","vibration":"36.762390586812"},"EnqueuedTimeUtc":"2022-10-11 23:00:00","Properties":{"messagetype":"Demo"},"SystemProperties":{"connectionAuthMethod":"{\"scope\":\"device\",\"type\":\"sas\",\"issuer\":\"iothub\",\"acceptingIpFilterRule\":null}","connectionDeviceGenerationId":"638052891151821842","connectionDeviceId":"IOTDevice_2_4","contentEncoding":"utf-8","contentType":"application/json","enqueuedTime":"2022-10-11 23:00:00"}}
{"Body":{"Status":true,"Timestamp":"2022-10-11 00:00:00","volt":"175.98492716046"},"EnqueuedTimeUtc":"2022-10-11 00:00:00","Properties":{"messagetype":"Demo"},"SystemProperties":{"connectionAuthMethod":"{\"scope\":\"device\",\"type\":\"sas\",\"issuer\":\"iothub\",\"acceptingIpFilterRule\":null}","connectionDeviceGenerationId":"638052891151821842","connectionDeviceId":"IOTDevice_3_1","contentEncoding":"utf-8","contentType":"application/json","enqueuedTime":"2022-10-11 00:00:00"}}
{"Body":{"Status":true,"Timestamp":"2022-10-11 00:00:00","rotate":"476.594834225844"},"EnqueuedTimeUtc":"2022-10-11 00:00:00","Properties":{"messagetype":"Demo"},"SystemProperties":{"connectionAuthMethod":"{\"scope\":\"device\",\"type\":\"sas\",\"issuer\":\"iothub\",\"acceptingIpFilterRule\":null}","connectionDeviceGenerationId":"638052891151821842","connectionDeviceId":"IOTDevice_3_2","contentEncoding":"utf-8","contentType":"application/json","enqueuedTime":"2022-10-11 00:00:00"}}
{"Body":{"Status":true,"Timestamp":"2022-10-11 00:00:00","pressure":"100.247085902365"},"EnqueuedTimeUtc":"2022-10-11 00:00:00","Properties":{"messagetype":"Demo"},"SystemProperties":{"connectionAuthMethod":"{\"scope\":\"device\",\"type\":\"sas\",\"issuer\":\"iothub\",\"acceptingIpFilterRule\":null}","connectionDeviceGenerationId":"638052891151821842","connectionDeviceId":"IOTDevice_3_3","contentEncoding":"utf-8","contentType":"application/json","enqueuedTime":"2022-10-11 00:00:00"}}
{"Body":{"Status":true,"Timestamp":"2022-10-11 00:00:00","vibration":"39.838155632976"},"EnqueuedTimeUtc":"2022-10-11 00:00:00","Properties":{"messagetype":"Demo"},"SystemProperties":{"connectionAuthMethod":"{\"scope\":\"device\",\"type\":\"sas\",\"issuer\":\"iothub\",\"acceptingIpFilterRule\":null}","connectionDeviceGenerationId":"638052891151821842","connectionDeviceId":"IOTDevice_3_4","contentEncoding":"utf-8","contentType":"application/json","enqueuedTime":"2022-10-11 00:00:00"}}
{"Body":{"Status":true,"Timestamp":"2022-10-11 01:00:00","volt":"201.791705294895"},"EnqueuedTimeUtc":"2022-10-11 01:00:00","Properties":{"messagetype":"Demo"},"SystemProperties":{"connectionAuthMethod":"{\"scope\":\"device\",\"type\":\"sas\",\"issuer\":\"iothub\",\"acceptingIpFilterRule\":null}","connectionDeviceGenerationId":"638052891151821842","connectionDeviceId":"IOTDevice_3_1","contentEncoding":"utf-8","contentType":"application/json","enqueuedTime":"2022-10-11 01:00:00"}}
{"Body":{"Status":true,"Timestamp":"2022-10-11 01:00:00","rotate":"338.032308066339"},"EnqueuedTimeUtc":"2022-10-11 01:00:00","Properties":{"messagetype":"Demo"},"SystemProperties":{"connectionAuthMethod":"{\"scope\":\"device\",\"type\":\"sas\",\"issuer\":\"iothub\",\"acceptingIpFilterRule\":null}","connectionDeviceGenerationId":"638052891151821842","connectionDeviceId":"IOTDevice_3_2","contentEncoding":"utf-8","contentType":"application/json","enqueuedTime":"2022-10-11 01:00:00"}}
{"Body":{"Status":true,"Timestamp":"2022-10-11 01:00:00","pressure":"104.755231627521"},"EnqueuedTimeUtc":"2022-10-11 01:00:00","Properties":{"messagetype":"Demo"},"SystemProperties":{"connectionAuthMethod":"{\"scope\":\"device\",\"type\":\"sas\",\"issuer\":\"iothub\",\"acceptingIpFilterRule\":null}","connectionDeviceGenerationId":"638052891151821842","connectionDeviceId":"IOTDevice_3_3","contentEncoding":"utf-8","contentType":"application/json","enqueuedTime":"2022-10-11 01:00:00"}}
{"Body":{"Status":true,"Timestamp":"2022-10-11 01:00:00","vibration":"37.2135649026568"},"EnqueuedTimeUtc":"2022-10-11 01:00:00","Properties":{"messagetype":"Demo"},"SystemProperties":{"connectionAuthMethod":"{\"scope\":\"device\",\"type\":\"sas\",\"issuer\":\"iothub\",\"acceptingIpFilterRule\":null}","connectionDeviceGenerationId":"638052891151821842","connectionDeviceId":"IOTDevice_3_4","contentEncoding":"utf-8","contentType":"application/json","enqueuedTime":"2022-10-11 01:00:00"}}
{"Body":{"Status":true,"Timestamp":"2022-10-11 02:00:00","volt":"172.298656696334"},"EnqueuedTimeUtc":"2022-10-11 02:00:00","Properties":{"messagetype":"Demo"},"SystemProperties":{"connectionAuthMethod":"{\"scope\":\"device\",\"type\":\"sas\",\"issuer\":\"iothub\",\"acceptingIpFilterRule\":null}","connectionDeviceGenerationId":"638052891151821842","connectionDeviceId":"IOTDevice_3_1","contentEncoding":"utf-8","contentType":"application/json","enqueuedTime":"2022-10-11 02:00:00"}}
{"Body":{"Status":true,"Timestamp":"2022-10-11 02:00:00","rotate":"365.555110713637"},"EnqueuedTimeUtc":"2022-10-11 02:00:00","Properties":{"messagetype":"Demo"},"SystemProperties":{"connectionAuthMethod":"{\"scope\":\"device\",\"type\":\"sas\",\"issuer\":\"iothub\",\"acceptingIpFilterRule\":null}","connectionDeviceGenerationId":"638052891151821842","connectionDeviceId":"IOTDevice_3_2","contentEncoding":"utf-8","contentType":"application/json","enqueuedTime":"2022-10-11 02:00:00"}}
{"Body":{"Status":true,"Timestamp":"2022-10-11 02:00:00","pressure":"94.9266301806539"},"EnqueuedTimeUtc":"2022-10-11 02:00:00","Properties":{"messagetype":"Demo"},"SystemProperties":{"connectionAuthMethod":"{\"scope\":\"device\",\"type\":\"sas\",\"issuer\":\"iothub\",\"acceptingIpFilterRule\":null}","connectionDeviceGenerationId":"638052891151821842","connectionDeviceId":"IOTDevice_3_3","contentEncoding":"utf-8","contentType":"application/json","enqueuedTime":"2022-10-11 02:00:00"}}
{"Body":{"Status":true,"Timestamp":"2022-10-11 02:00:00","vibration":"41.9118548414168"},"EnqueuedTimeUtc":"2022-10-11 02:00:00","Properties":{"messagetype":"Demo"},"SystemProperties":{"connectionAuthMethod":"{\"scope\":\"device\",\"type\":\"sas\",\"issuer\":\"iothub\",\"acceptingIpFilterRule\":null}","connectionDeviceGenerationId":"638052891151821842","connectionDeviceId":"IOTDevice_3_4","contentEncoding":"utf-8","contentType":"application/json","enqueuedTime":"2022-10-11 02:00:00"}}
{"Body":{"Status":true,"Timestamp":"2022-10-11 03:00:00","volt":"185.586157552586"},"EnqueuedTimeUtc":"2022-10-11 03:00:00","Properties":{"messagetype":"Demo"},"SystemProperties":{"connectionAuthMethod":"{\"scope\":\"device\",\"type\":\"sas\",\"issuer\":\"iothub\",\"acceptingIpFilterRule\":null}","connectionDeviceGenerationId":"638052891151821842","connectionDeviceId":"IOTDevice_3_1","contentEncoding":"utf-8","contentType":"application/json","enqueuedTime":"2022-10-11 03:00:00"}}
{"Body":{"Status":true,"Timestamp":"2022-10-11 03:00:00","rotate":"441.072765386089"},"EnqueuedTimeUtc":"2022-10-11 03:00:00","Properties":{"messagetype":"Demo"},"SystemProperties":{"connectionAuthMethod":"{\"scope\":\"device\",\"type\":\"sas\",\"issuer\":\"iothub\",\"acceptingIpFilterRule\":null}","connectionDeviceGenerationId":"638052891151821842","connectionDeviceId":"IOTDevice_3_2","contentEncoding":"utf-8","contentType":"application/json","enqueuedTime":"2022-10-11 03:00:00"}}
{"Body":{"Status":true,"Timestamp":"2022-10-11 03:00:00","pressure":"101.716691617183"},"EnqueuedTimeUtc":"2022-10-11 03:00:00","Properties":{"messagetype":"Demo"},"SystemProperties":{"connectionAuthMethod":"{\"scope\":\"device\",\"type\":\"sas\",\"issuer\":\"iothub\",\"acceptingIpFilterRule\":null}","connectionDeviceGenerationId":"638052891151821842","connectionDeviceId":"IOTDevice_3_3","contentEncoding":"utf-8","contentType":"application/json","enqueuedTime":"2022-10-11 03:00:00"}}
{"Body":{"Status":true,"Timestamp":"2022-10-11 03:00:00","vibration":"40.5937761316993"},"EnqueuedTimeUtc":"2022-10-11 03:00:00","Properties":{"messagetype":"Demo"},"SystemProperties":{"connectionAuthMethod":"{\"scope\":\"device\",\"type\":\"sas\",\"issuer\":\"iothub\",\"acceptingIpFilterRule\":null}","connectionDeviceGenerationId":"638052891151821842","connectionDeviceId":"IOTDevice_3_4","contentEncoding":"utf-8","contentType":"application/json","enqueuedTime":"2022-10-11 03:00:00"}}
{"Body":{"Status":true,"Timestamp":"2022-10-11 04:00:00","volt":"162.150485996264"},"EnqueuedTimeUtc":"2022-10-11 04:00:00","Properties":{"messagetype":"Demo"},"SystemProperties":{"connectionAuthMethod":"{\"scope\":\"device\",\"type\":\"sas\",\"issuer\":\"iothub\",\"acceptingIpFilterRule\":null}","connectionDeviceGenerationId":"638052891151821842","connectionDeviceId":"IOTDevice_3_1","contentEncoding":"utf-8","contentType":"application/json","enqueuedTime":"2022-10-11 04:00:00"}}
{"Body":{"Status":true,"Timestamp":"2022-10-11 04:00:00","rotate":"508.295086440019"},"EnqueuedTimeUtc":"2022-10-11 04:00:00","Properties":{"messagetype":"Demo"},"SystemProperties":{"connectionAuthMethod":"{\"scope\":\"device\",\"type\":\"sas\",\"issuer\":\"iothub\",\"acceptingIpFilterRule\":null}","connectionDeviceGenerationId":"638052891151821842","connectionDeviceId":"IOTDevice_3_2","contentEncoding":"utf-8","contentType":"application/json","enqueuedTime":"2022-10-11 04:00:00"}}
{"Body":{"Status":true,"Timestamp":"2022-10-11 04:00:00","pressure":"112.197738467275"},"EnqueuedTimeUtc":"2022-10-11 04:00:00","Properties":{"messagetype":"Demo"},"SystemProperties":{"connectionAuthMethod":"{\"scope\":\"device\",\"type\":\"sas\",\"issuer\":\"iothub\",\"acceptingIpFilterRule\":null}","connectionDeviceGenerationId":"638052891151821842","connectionDeviceId":"IOTDevice_3_3","contentEncoding":"utf-8","contentType":"application/json","enqueuedTime":"2022-10-11 04:00:00"}}
{"Body":{"Status":true,"Timestamp":"2022-10-11 04:00:00","vibration":"39.4370960059601"},"EnqueuedTimeUtc":"2022-10-11 04:00:00","Properties":{"messagetype":"Demo"},"SystemProperties":{"connectionAuthMethod":"{\"scope\":\"device\",\"type\":\"sas\",\"issuer\":\"iothub\",\"acceptingIpFilterRule\":null}","connectionDeviceGenerationId":"638052891151821842","connectionDeviceId":"IOTDevice_3_4","contentEncoding":"utf-8","contentType":"application/json","enqueuedTime":"2022-10-11 04:00:00"}}
{"Body":{"Status":true,"Timestamp":"2022-10-11 05:00:00","volt":"164.920119631278"},"EnqueuedTimeUtc":"2022-10-11 05:00:00","Properties":{"messagetype":"Demo"},"SystemProperties":{"connectionAuthMethod":"{\"scope\":\"device\",\"type\":\"sas\",\"issuer\":\"iothub\",\"acceptingIpFilterRule\":null}","connectionDeviceGenerationId":"638052891151821842","connectionDeviceId":"IOTDevice_3_1","contentEncoding":"utf-8","contentType":"application/json","enqueuedTime":"2022-10-11 05:00:00"}}
{"Body":{"Status":true,"Timestamp":"2022-10-11 05:00:00","rotate":"476.070934717165"},"EnqueuedTimeUtc":"2022-10-11 05:00:00","Properties":{"messagetype":"Demo"},"SystemProperties":{"connectionAuthMethod":"{\"scope\":\"device\",\"type\":\"sas\",\"issuer\":\"iothub\",\"acceptingIpFilterRule\":null}","connectionDeviceGenerationId":"638052891151821842","connectionDeviceId":"IOTDevice_3_2","contentEncoding":"utf-8","contentType":"application/json","enqueuedTime":"2022-10-11 05:00:00"}}
{"Body":{"Status":true,"Timestamp":"2022-10-11 05:00:00","pressure":"111.438576987976"},"EnqueuedTimeUtc":"2022-10-11 05:00:00","Properties":{"messagetype":"Demo"},"SystemProperties":{"connectionAuthMethod":"{\"scope\":\"device\",\"type\":\"sas\",\"issuer\":\"iothub\",\"acceptingIpFilterRule\":null}","connectionDeviceGenerationId":"638052891151821842","connectionDeviceId":"IOTDevice_3_3","contentEncoding":"utf-8","contentType":"application/json","enqueuedTime":"2022-10-11 05:00:00"}}
{"Body":{"Status":true,"Timestamp":"2022-10-11 05:00:00","vibration":"40.1392489821802"},"EnqueuedTimeUtc":"2022-10-11 05:00:00","Properties":{"messagetype":"Demo"},"SystemProperties":{"connectionAuthMethod":"{\"scope\":\"device\",\"type\":\"sas\",\"issuer\":\"iothub\",\"acceptingIpFilterRule\":null}","connectionDeviceGenerationId":"638052891151821842","connectionDeviceId":"IOTDevice_3_4","contentEncoding":"utf-8","contentType":"application/json","enqueuedTime":"2022-10-11 05:00:00"}}
{"Body":{"Status":true,"Timestamp":"2022-10-11 06:00:00","volt":"184.370288964356"},"EnqueuedTimeUtc":"2022-10-11 06:00:00","Properties":{"messagetype":"Demo"},"SystemProperties":{"connectionAuthMethod":"{\"scope\":\"device\",\"type\":\"sas\",\"issuer\":\"iothub\",\"acceptingIpFilterRule\":null}","connectionDeviceGenerationId":"638052891151821842","connectionDeviceId":"IOTDevice_3_1","contentEncoding":"utf-8","contentType":"application/json","enqueuedTime":"2022-10-11 06:00:00"}}
{"Body":{"Status":true,"Timestamp":"2022-10-11 06:00:00","rotate":"470.784183540607"},"EnqueuedTimeUtc":"2022-10-11 06:00:00","Properties":{"messagetype":"Demo"},"SystemProperties":{"connectionAuthMethod":"{\"scope\":\"device\",\"type\":\"sas\",\"issuer\":\"iothub\",\"acceptingIpFilterRule\":null}","connectionDeviceGenerationId":"638052891151821842","connectionDeviceId":"IOTDevice_3_2","contentEncoding":"utf-8","contentType":"application/json","enqueuedTime":"2022-10-11 06:00:00"}}
{"Body":{"Status":true,"Timestamp":"2022-10-11 06:00:00","pressure":"89.8005902647578"},"EnqueuedTimeUtc":"2022-10-11 06:00:00","Properties":{"messagetype":"Demo"},"SystemProperties":{"connectionAuthMethod":"{\"scope\":\"device\",\"type\":\"sas\",\"issuer\":\"iothub\",\"acceptingIpFilterRule\":null}","connectionDeviceGenerationId":"638052891151821842","connectionDeviceId":"IOTDevice_3_3","contentEncoding":"utf-8","contentType":"application/json","enqueuedTime":"2022-10-11 06:00:00"}}
{"Body":{"Status":true,"Timestamp":"2022-10-11 06:00:00","vibration":"36.5533849406858"},"EnqueuedTimeUtc":"2022-10-11 06:00:00","Properties":{"messagetype":"Demo"},"SystemProperties":{"connectionAuthMethod":"{\"scope\":\"device\",\"type\":\"sas\",\"issuer\":\"iothub\",\"acceptingIpFilterRule\":null}","connectionDeviceGenerationId":"638052891151821842","connectionDeviceId":"IOTDevice_3_4","contentEncoding":"utf-8","contentType":"application/json","enqueuedTime":"2022-10-11 06:00:00"}}
{"Body":{"Status":true,"Timestamp":"2022-10-11 07:00:00","volt":"129.334171031283"},"EnqueuedTimeUtc":"2022-10-11 07:00:00","Properties":{"messagetype":"Demo"},"SystemProperties":{"connectionAuthMethod":"{\"scope\":\"device\",\"type\":\"sas\",\"issuer\":\"iothub\",\"acceptingIpFilterRule\":null}","connectionDeviceGenerationId":"638052891151821842","connectionDeviceId":"IOTDevice_3_1","contentEncoding":"utf-8","contentType":"application/json","enqueuedTime":"2022-10-11 07:00:00"}}
{"Body":{"Status":true,"Timestamp":"2022-10-11 07:00:00","rotate":"347.417026256163"},"EnqueuedTimeUtc":"2022-10-11 07:00:00","Properties":{"messagetype":"Demo"},"SystemProperties":{"connectionAuthMethod":"{\"scope\":\"device\",\"type\":\"sas\",\"issuer\":\"iothub\",\"acceptingIpFilterRule\":null}","connectionDeviceGenerationId":"638052891151821842","connectionDeviceId":"IOTDevice_3_2","contentEncoding":"utf-8","contentType":"application/json","enqueuedTime":"2022-10-11 07:00:00"}}
{"Body":{"Status":true,"Timestamp":"2022-10-11 07:00:00","pressure":"115.38480235638"},"EnqueuedTimeUtc":"2022-10-11 07:00:00","Properties":{"messagetype":"Demo"},"SystemProperties":{"connectionAuthMethod":"{\"scope\":\"device\",\"type\":\"sas\",\"issuer\":\"iothub\",\"acceptingIpFilterRule\":null}","connectionDeviceGenerationId":"638052891151821842","connectionDeviceId":"IOTDevice_3_3","contentEncoding":"utf-8","contentType":"application/json","enqueuedTime":"2022-10-11 07:00:00"}}
{"Body":{"Status":true,"Timestamp":"2022-10-11 07:00:00","vibration":"43.6858482003263"},"EnqueuedTimeUtc":"2022-10-11 07:00:00","Properties":{"messagetype":"Demo"},"SystemProperties":{"connectionAuthMethod":"{\"scope\":\"device\",\"type\":\"sas\",\"issuer\":\"iothub\",\"acceptingIpFilterRule\":null}","connectionDeviceGenerationId":"638052891151821842","connectionDeviceId":"IOTDevice_3_4","contentEncoding":"utf-8","contentType":"application/json","enqueuedTime":"2022-10-11 07:00:00"}}
{"Body":{"Status":true,"Timestamp":"2022-10-11 08:00:00","volt":"175.172584358096"},"EnqueuedTimeUtc":"2022-10-11 08:00:00","Properties":{"messagetype":"Demo"},"SystemProperties":{"connectionAuthMethod":"{\"scope\":\"device\",\"type\":\"sas\",\"issuer\":\"iothub\",\"acceptingIpFilterRule\":null}","connectionDeviceGenerationId":"638052891151821842","connectionDeviceId":"IOTDevice_3_1","contentEncoding":"utf-8","contentType":"application/json","enqueuedTime":"2022-10-11 08:00:00"}}
{"Body":{"Status":true,"Timestamp":"2022-10-11 08:00:00","rotate":"412.550567472559"},"EnqueuedTimeUtc":"2022-10-11 08:00:00","Properties":{"messagetype":"Demo"},"SystemProperties":{"connectionAuthMethod":"{\"scope\":\"device\",\"type\":\"sas\",\"issuer\":\"iothub\",\"acceptingIpFilterRule\":null}","connectionDeviceGenerationId":"638052891151821842","connectionDeviceId":"IOTDevice_3_2","contentEncoding":"utf-8","contentType":"application/json","enqueuedTime":"2022-10-11 08:00:00"}}
{"Body":{"Status":true,"Timestamp":"2022-10-11 08:00:00","pressure":"92.4869568610251"},"EnqueuedTimeUtc":"2022-10-11 08:00:00","Properties":{"messagetype":"Demo"},"SystemProperties":{"connectionAuthMethod":"{\"scope\":\"device\",\"type\":\"sas\",\"issuer\":\"iothub\",\"acceptingIpFilterRule\":null}","connectionDeviceGenerationId":"638052891151821842","connectionDeviceId":"IOTDevice_3_3","contentEncoding":"utf-8","contentType":"application/json","enqueuedTime":"2022-10-11 08:00:00"}}
{"Body":{"Status":true,"Timestamp":"2022-10-11 08:00:00","vibration":"41.8452008631046"},"EnqueuedTimeUtc":"2022-10-11 08:00:00","Properties":{"messagetype":"Demo"},"SystemProperties":{"connectionAuthMethod":"{\"scope\":\"device\",\"type\":\"sas\",\"issuer\":\"iothub\",\"acceptingIpFilterRule\":null}","connectionDeviceGenerationId":"638052891151821842","connectionDeviceId":"IOTDevice_3_4","contentEncoding":"utf-8","contentType":"application/json","enqueuedTime":"2022-10-11 08:00:00"}}
{"Body":{"Status":true,"Timestamp":"2022-10-11 09:00:00","volt":"168.175416839482"},"EnqueuedTimeUtc":"2022-10-11 09:00:00","Properties":{"messagetype":"Demo"},"SystemProperties":{"connectionAuthMethod":"{\"scope\":\"device\",\"type\":\"sas\",\"issuer\":\"iothub\",\"acceptingIpFilterRule\":null}","connectionDeviceGenerationId":"638052891151821842","connectionDeviceId":"IOTDevice_3_1","contentEncoding":"utf-8","contentType":"application/json","enqueuedTime":"2022-10-11 09:00:00"}}
{"Body":{"Status":true,"Timestamp":"2022-10-11 09:00:00","rotate":"414.841690471828"},"EnqueuedTimeUtc":"2022-10-11 09:00:00","Properties":{"messagetype":"Demo"},"SystemProperties":{"connectionAuthMethod":"{\"scope\":\"device\",\"type\":\"sas\",\"issuer\":\"iothub\",\"acceptingIpFilterRule\":null}","connectionDeviceGenerationId":"638052891151821842","connectionDeviceId":"IOTDevice_3_2","contentEncoding":"utf-8","contentType":"application/json","enqueuedTime":"2022-10-11 09:00:00"}}
{"Body":{"Status":true,"Timestamp":"2022-10-11 09:00:00","pressure":"112.974550500214"},"EnqueuedTimeUtc":"2022-10-11 09:00:00","Properties":{"messagetype":"Demo"},"SystemProperties":{"connectionAuthMethod":"{\"scope\":\"device\",\"type\":\"sas\",\"issuer\":\"iothub\",\"acceptingIpFilterRule\":null}","connectionDeviceGenerationId":"638052891151821842","connectionDeviceId":"IOTDevice_3_3","contentEncoding":"utf-8","contentType":"application/json","enqueuedTime":"2022-10-11 09:00:00"}}
{"Body":{"Status":true,"Timestamp":"2022-10-11 09:00:00","vibration":"39.0015839253344"},"EnqueuedTimeUtc":"2022-10-11 09:00:00","Properties":{"messagetype":"Demo"},"SystemProperties":{"connectionAuthMethod":"{\"scope\":\"device\",\"type\":\"sas\",\"issuer\":\"iothub\",\"acceptingIpFilterRule\":null}","connectionDeviceGenerationId":"638052891151821842","connectionDeviceId":"IOTDevice_3_4","contentEncoding":"utf-8","contentType":"application/json","enqueuedTime":"2022-10-11 09:00:00"}}
{"Body":{"Status":true,"Timestamp":"2022-10-11 10:00:00","volt":"180.500713173106"},"EnqueuedTimeUtc":"2022-10-11 10:00:00","Properties":{"messagetype":"Demo"},"SystemProperties":{"connectionAuthMethod":"{\"scope\":\"device\",\"type\":\"sas\",\"issuer\":\"iothub\",\"acceptingIpFilterRule\":null}","connectionDeviceGenerationId":"638052891151821842","connectionDeviceId":"IOTDevice_3_1","contentEncoding":"utf-8","contentType":"application/json","enqueuedTime":"2022-10-11 10:00:00"}}
{"Body":{"Status":true,"Timestamp":"2022-10-11 10:00:00","rotate":"417.650363712806"},"EnqueuedTimeUtc":"2022-10-11 10:00:00","Properties":{"messagetype":"Demo"},"SystemProperties":{"connectionAuthMethod":"{\"scope\":\"device\",\"type\":\"sas\",\"issuer\":\"iothub\",\"acceptingIpFilterRule\":null}","connectionDeviceGenerationId":"638052891151821842","connectionDeviceId":"IOTDevice_3_2","contentEncoding":"utf-8","contentType":"application/json","enqueuedTime":"2022-10-11 10:00:00"}}
{"Body":{"Status":true,"Timestamp":"2022-10-11 10:00:00","pressure":"89.557592614724"},"EnqueuedTimeUtc":"2022-10-11 10:00:00","Properties":{"messagetype":"Demo"},"SystemProperties":{"connectionAuthMethod":"{\"scope\":\"device\",\"type\":\"sas\",\"issuer\":\"iothub\",\"acceptingIpFilterRule\":null}","connectionDeviceGenerationId":"638052891151821842","connectionDeviceId":"IOTDevice_3_3","contentEncoding":"utf-8","contentType":"application/json","enqueuedTime":"2022-10-11 10:00:00"}}
{"Body":{"Status":true,"Timestamp":"2022-10-11 10:00:00","vibration":"39.9937516683097"},"EnqueuedTimeUtc":"2022-10-11 10:00:00","Properties":{"messagetype":"Demo"},"SystemProperties":{"connectionAuthMethod":"{\"scope\":\"device\",\"type\":\"sas\",\"issuer\":\"iothub\",\"acceptingIpFilterRule\":null}","connectionDeviceGenerationId":"638052891151821842","connectionDeviceId":"IOTDevice_3_4","contentEncoding":"utf-8","contentType":"application/json","enqueuedTime":"2022-10-11 10:00:00"}}
{"Body":{"Status":true,"Timestamp":"2022-10-11 11:00:00","volt":"187.845772384044"},"EnqueuedTimeUtc":"2022-10-11 11:00:00","Properties":{"messagetype":"Demo"},"SystemProperties":{"connectionAuthMethod":"{\"scope\":\"device\",\"type\":\"sas\",\"issuer\":\"iothub\",\"acceptingIpFilterRule\":null}","connectionDeviceGenerationId":"638052891151821842","connectionDeviceId":"IOTDevice_3_1","contentEncoding":"utf-8","contentType":"application/json","enqueuedTime":"2022-10-11 11:00:00"}}
{"Body":{"Status":true,"Timestamp":"2022-10-11 11:00:00","rotate":"492.744584728029"},"EnqueuedTimeUtc":"2022-10-11 11:00:00","Properties":{"messagetype":"Demo"},"SystemProperties":{"connectionAuthMethod":"{\"scope\":\"device\",\"type\":\"sas\",\"issuer\":\"iothub\",\"acceptingIpFilterRule\":null}","connectionDeviceGenerationId":"638052891151821842","connectionDeviceId":"IOTDevice_3_2","contentEncoding":"utf-8","contentType":"application/json","enqueuedTime":"2022-10-11 11:00:00"}}
{"Body":{"Status":true,"Timestamp":"2022-10-11 11:00:00","pressure":"95.4837758706839"},"EnqueuedTimeUtc":"2022-10-11 11:00:00","Properties":{"messagetype":"Demo"},"SystemProperties":{"connectionAuthMethod":"{\"scope\":\"device\",\"type\":\"sas\",\"issuer\":\"iothub\",\"acceptingIpFilterRule\":null}","connectionDeviceGenerationId":"638052891151821842","connectionDeviceId":"IOTDevice_3_3","contentEncoding":"utf-8","contentType":"application/json","enqueuedTime":"2022-10-11 11:00:00"}}
{"Body":{"Status":true,"Timestamp":"2022-10-11 11:00:00","vibration":"37.4138608328209"},"EnqueuedTimeUtc":"2022-10-11 11:00:00","Properties":{"messagetype":"Demo"},"SystemProperties":{"connectionAuthMethod":"{\"scope\":\"device\",\"type\":\"sas\",\"issuer\":\"iothub\",\"acceptingIpFilterRule\":null}","connectionDeviceGenerationId":"638052891151821842","connectionDeviceId":"IOTDevice_3_4","contentEncoding":"utf-8","contentType":"application/json","enqueuedTime":"2022-10-11 11:00:00"}}
