{"Body":{"Status":true,"Timestamp":"2022-10-11 21:00:00","volt":"180.520578438601"},"EnqueuedTimeUtc":"2022-10-11 21:00:00","Properties":{"messagetype":"Demo"},"SystemProperties":{"connectionAuthMethod":"{\"scope\":\"device\",\"type\":\"sas\",\"issuer\":\"iothub\",\"acceptingIpFilterRule\":null}","connectionDeviceGenerationId":"638052891151821842","connectionDeviceId":"IOTDevice_7_1","contentEncoding":"utf-8","contentType":"application/json","enqueuedTime":"2022-10-11 21:00:00"}}
{"Body":{"Status":true,"Timestamp":"2022-10-11 21:00:00","rotate":"393.535446830297"},"EnqueuedTimeUtc":"2022-10-11 21:00:00","Properties":{"messagetype":"Demo"},"SystemProperties":{"connectionAuthMethod":"{\"scope\":\"device\",\"type\":\"sas\",\"issuer\":\"iothub\",\"acceptingIpFilterRule\":null}","connectionDeviceGenerationId":"638052891151821842","connectionDeviceId":"IOTDevice_7_2","contentEncoding":"utf-8","contentType":"application/json","enqueuedTime":"2022-10-11 21:00:00"}}
{"Body":{"Status":true,"Timestamp":"2022-10-11 21:00:00","pressure":"102.575488446133"},"EnqueuedTimeUtc":"2022-10-11 21:00:00","Properties":{"messagetype":"Demo"},"SystemProperties":{"connectionAuthMethod":"{\"scope\":\"device\",\"type\":\"sas\",\"issuer\":\"iothub\",\"acceptingIpFilterRule\":null}","connectionDeviceGenerationId":"638052891151821842","connectionDeviceId":"IOTDevice_7_3","contentEncoding":"utf-8","contentType":"application/json","enqueuedTime":"2022-10-11 21:00:00"}}
{"Body":{"Status":true,"Timestamp":"2022-10-11 21:00:00","vibration":"40.4649845887553"},"EnqueuedTimeUtc":"2022-10-11 21:00:00","Properties":{"messagetype":"Demo"},"SystemProperties":{"connectionAuthMethod":"{\"scope\":\"device\",\"type\":\"sas\",\"issuer\":\"iothub\",\"acceptingIpFilterRule\":null}","connectionDeviceGenerationId":"638052891151821842","connectionDeviceId":"IOTDevice_7_4","contentEncoding":"utf-8","contentType":"application/json","enqueuedTime":"2022-10-11 21:00:00"}}
{"Body":{"Status":true,"Timestamp":"2022-10-11 22:00:00","volt":"173.156865066136"},"EnqueuedTimeUtc":"2022-10-11 22:00:00","Properties":{"messagetype":"Demo"},"SystemProperties":{"connectionAuthMethod":"{\"scope\":\"device\",\"type\":\"sas\",\"issuer\":\"iothub\",\"acceptingIpFilterRule\":null}","connectionDeviceGenerationId":"638052891151821842","connectionDeviceId":"IOTDevice_7_1","contentEncoding":"utf-8","contentType":"application/json","enqueuedTime":"2022-10-11 22:00:00"}}
{"Body":{"Status":true,"Timestamp":"2022-10-11 22:00:00","rotate":"390.360488766165"},"EnqueuedTimeUtc":"2022-10-11 22:00:00","Properties":{"messagetype":"Demo"},"SystemProperties":{"connectionAuthMethod":"{\"scope\":\"device\",\"type\":\"sas\",\"issuer\":\"iothub\",\"acceptingIpFilterRule\":null}","connectionDeviceGenerationId":"638052891151821842","connectionDeviceId":"IOTDevice_7_2","contentEncoding":"utf-8","contentType":"application/json","enqueuedTime":"2022-10-11 22:00:00"}}
{"Body":{"Status":true,"Timestamp":"2022-10-11 22:00:00","pressure":"95.8388967908266"},"EnqueuedTimeUtc":"2022-10-11 22:00:00","Properties":{"messagetype":"Demo"},"SystemProperties":{"connectionAuthMethod":"{\"scope\":\"device\",\"type\":\"sas\",\"issuer\":\"iothub\",\"acceptingIpFilterRule\":null}","connectionDeviceGenerationId":"638052891151821842","connectionDeviceId":"IOTDevice_7_3","contentEncoding":"utf-8","contentType":"application/json","enqueuedTime":"2022-10-11 22:00:00"}}
{"Body":{"Status":true,"Timestamp":"2022-10-11 22:00:00","vibration":"45.4731530606658"},"EnqueuedTimeUtc":"2022-10-11 22:00:00","Properties":{"messagetype":"Demo"},"SystemProperties":{"connectionAuthMethod":"{\"scope\":\"device\",\"type\":\"sas\",\"issuer\":\"iothub\",\"acceptingIpFilterRule\":null}","connectionDeviceGenerationId":"638052891151821842","connectionDeviceId":"IOTDevice_7_4","contentEncoding":"utf-8","contentType":"application/json","enqueuedTime":"2022-10-11 22:00:00"}}
{"Body":{"Status":true,"Timestamp":"2022-10-11 23:00:00","volt":"149.281510770645"},"EnqueuedTimeUtc":"2022-10-11 23:00:00","Properties":{"messagetype":"Demo"},"SystemProperties":{"connectionAuthMethod":"{\"scope\":\"device\",\"type\":\"sas\",\"issuer\":\"iothub\",\"acceptingIpFilterRule\":null}","connectionDeviceGenerationId":"638052891151821842","connectionDeviceId":"IOTDevice_7_1","contentEncoding":"utf-8","contentType":"application/json","enqueuedTime":"2022-10-11 23:00:00"}}
{"Body":{"Status":true,"Timestamp":"2022-10-11 23:00:00","rotate":"476.195482152346"},"EnqueuedTimeUtc":"2022-10-11 23:00:00","Properties":{"messagetype":"Demo"},"SystemProperties":{"connectionAuthMethod":"{\"scope\":\"device\",\"type\":\"sas\",\"issuer\":\"iothub\",\"acceptingIpFilterRule\":null}","connectionDeviceGenerationId":"638052891151821842","connectionDeviceId":"IOTDevice_7_2","contentEncoding":"utf-8","contentType":"application/json","enqueuedTime":"2022-10-11 23:00:00"}}
{"Body":{"Status":true,"Timestamp":"2022-10-11 23:00:00","pressure":"95.1403686180884"},"EnqueuedTimeUtc":"2022-10-11 23:00:00","Properties":{"messagetype":"Demo"},"SystemProperties":{"connectionAuthMethod":"{\"scope\":\"device\",\"type\":\"sas\",\"issuer\":\"iothub\",\"acceptingIpFilterRule\":null}","connectionDeviceGenerationId":"638052891151821842","connectionDeviceId":"IOTDevice_7_3","contentEncoding":"utf-8","contentType":"application/json","enqueuedTime":"2022-10-11 23:00:00"}}
{"Body":{"Status":true,"Timestamp":"2022-10-11 23:00:00","vibration":"43.5686621372285"},"EnqueuedTimeUtc":"2022-10-11 23:00:00","Properties":{"messagetype":"Demo"},"SystemProperties":{"connectionAuthMethod":"{\"scope\":\"device\",\"type\":\"sas\",\"issuer\":\"iothub\",\"acceptingIpFilterRule\":null}","connectionDeviceGenerationId":"638052891151821842","connectionDeviceId":"IOTDevice_7_4","contentEncoding":"utf-8","contentType":"application/json","enqueuedTime":"2022-10-11 23:00:00"}}
{"Body":{"Status":true,"Timestamp":"2022-10-11 00:00:00","volt":"156.930968910084"},"EnqueuedTimeUtc":"2022-10-11 00:00:00","Properties":{"messagetype":"Demo"},"SystemProperties":{"connectionAuthMethod":"{\"scope\":\"device\",\"type\":\"sas\",\"issuer\":\"iothub\",\"acceptingIpFilterRule\":null}","connectionDeviceGenerationId":"638052891151821842","connectionDeviceId":"IOTDevice_8_1","contentEncoding":"utf-8","contentType":"application/json","enqueuedTime":"2022-10-11 00:00:00"}}
{"Body":{"Status":true,"Timestamp":"2022-10-11 00:00:00","rotate":"393.047585994122"},"EnqueuedTimeUtc":"2022-10-11 00:00:00","Properties":{"messagetype":"Demo"},"SystemProperties":{"connectionAuthMethod":"{\"scope\":\"device\",\"type\":\"sas\",\"issuer\":\"iothub\",\"acceptingIpFilterRule\":null}","connectionDeviceGenerationId":"638052891151821842","connectionDeviceId":"IOTDevice_8_2","contentEncoding":"utf-8","contentType":"application/json","enqueuedTime":"2022-10-11 00:00:00"}}
{"Body":{"Status":true,"Timestamp":"2022-10-11 00:00:00","pressure":"100.911591878031"},"EnqueuedTimeUtc":"2022-10-11 00:00:00","Properties":{"messagetype":"Demo"},"SystemProperties":{"connectionAuthMethod":"{\"scope\":\"device\",\"type\":\"sas\",\"issuer\":\"iothub\",\"acceptingIpFilterRule\":null}","connectionDeviceGenerationId":"638052891151821842","connectionDeviceId":"IOTDevice_8_3","contentEncoding":"utf-8","contentType":"application/json","enqueuedTime":"2022-10-11 00:00:00"}}
{"Body":{"Status":true,"Timestamp":"2022-10-11 00:00:00","vibration":"42.2660862327523"},"EnqueuedTimeUtc":"2022-10-11 00:00:00","Properties":{"messagetype":"Demo"},"SystemProperties":{"connectionAuthMethod":"{\"scope\":\"device\",\"type\":\"sas\",\"issuer\":\"iothub\",\"acceptingIpFilterRule\":null}","connectionDeviceGenerationId":"638052891151821842","connectionDeviceId":"IOTDevice_8_4","contentEncoding":"utf-8","contentType":"application/json","enqueuedTime":"2022-10-11 00:00:00"}}
{"Body":{"Status":true,"Timestamp":"2022-10-11 01:00:00","volt":"173.005455096379"},"EnqueuedTimeUtc":"2022-10-11 01:00:00","Properties":{"messagetype":"Demo"},"SystemProperties":{"connectionAuthMethod":"{\"scope\":\"device\",\"type\":\"sas\",\"issuer\":\"iothub\",\"acceptingIpFilterRule\":null}","connectionDeviceGenerationId":"638052891151821842","connectionDeviceId":"IOTDevice_8_1","contentEncoding":"utf-8","contentType":"application/json","enqueuedTime":"2022-10-11 01:00:00"}}
{"Body":{"Status":true,"Timestamp":"2022-10-11 01:00:00","rotate":"388.930947139829"},"EnqueuedTimeUtc":"2022-10-11 01:00:00","Properties":{"messagetype":"Demo"},"SystemProperties":{"connectionAuthMethod":"{\"scope\":\"device\",\"type\":\"sas\",\"issuer\":\"iothub\",\"acceptingIpFilterRule\":null}","connectionDeviceGenerationId":"638052891151821842","connectionDeviceId":"IOTDevice_8_2","contentEncoding":"utf-8","contentType":"application/json","enqueuedTime":"2022-10-11 01:00:00"}}
{"Body":{"Status":true,"Timestamp":"2022-10-11 01:00:00","pressure":"97.5241331226455"},"EnqueuedTimeUtc":"2022-10-11 01:00:00","Properties":{"messagetype":"Demo"},"SystemProperties":{"connectionAuthMethod":"{\"scope\":\"device\",\"type\":\"sas\",\"issuer\":\"iothub\",\"acceptingIpFilterRule\":null}","connectionDeviceGenerationId":"638052891151821842","connectionDeviceId":"IOTDevice_8_3","contentEncoding":"utf-8","contentType":"application/json","enqueuedTime":"2022-10-11 01:00:00"}}
{"Body":{"Status":true,"Timestamp":"2022-10-11 01:00:00","vibration":"42.9042819522133"},"EnqueuedTimeUtc":"2022-10-11 01:00:00","Properties":{"messagetype":"Demo"},"SystemProperties":{"connectionAuthMethod":"{\"scope\":\"device\",\"type\":\"sas\",\"issuer\":\"iothub\",\"acceptingIpFilterRule\":null}","connectionDeviceGenerationId":"638052891151821842","connectionDeviceId":"IOTDevice_8_4","contentEncoding":"utf-8","contentType":"application/json","enqueuedTime":"2022-10-11 01:00:00"}}
{"Body":{"Status":true,"Timestamp":"2022-10-11 02:00:00","volt":"167.813319621879"},"EnqueuedTimeUtc":"2022-10-11 02:00:00","Properties":{"messagetype":"Demo"},"SystemProperties":{"connectionAuthMethod":"{\"scope\":\"device\",\"type\":\"sas\",\"issuer\":\"iothub\",\"acceptingIpFilterRule\":null}","connectionDeviceGenerationId":"638052891151821842","connectionDeviceId":"IOTDevice_8_1","contentEncoding":"utf-8","contentType":"application/json","enqueuedTime":"2022-10-11 02:00:00"}}
{"Body":{"Status":true,"Timestamp":"2022-10-11 02:00:00","rotate":"528.008071776793"},"EnqueuedTimeUtc":"2022-10-11 02:00:00","Properties":{"messagetype":"Demo"},"SystemProperties":{"connectionAuthMethod":"{\"scope\":\"device\",\"type\":\"sas\",\"issuer\":\"iothub\",\"acceptingIpFilterRule\":null}","connectionDeviceGenerationId":"638052891151821842","connectionDeviceId":"IOTDevice_8_2","contentEncoding":"utf-8","contentType":"application/json","enqueuedTime":"2022-10-11 02:00:00"}}
{"Body":{"Status":true,"Timestamp":"2022-10-11 02:00:00","pressure":"99.3444318365434"},"EnqueuedTimeUtc":"2022-10-11 02:00:00","Properties":{"messagetype":"Demo"},"SystemProperties":{"connectionAuthMethod":"{\"scope\":\"device\",\"type\":\"sas\",\"issuer\":\"iothub\",\"acceptingIpFilterRule\":null}","connectionDeviceGenerationId":"638052891151821842","connectionDeviceId":"IOTDevice_8_3","contentEncoding":"utf-8","contentType":"application/json","enqueuedTime":"2022-10-11 02:00:00"}}
{"Body":{"Status":true,"Timestamp":"2022-10-11 02:00:00","vibration":"36.4699014048926"},"EnqueuedTimeUtc":"2022-10-11 02:00:00","Properties":{"messagetype":"Demo"},"SystemProperties":{"connectionAuthMethod":"{\"scope\":\"device\",\"type\":\"sas\",\"issuer\":\"iothub\",\"acceptingIpFilterRule\":null}","connectionDeviceGenerationId":"638052891151821842","connectionDeviceId":"IOTDevice_8_4","contentEncoding":"utf-8","contentType":"application/json","enqueuedTime":"2022-10-11 02:00:00"}}
{"Body":{"Status":true,"Timestamp":"2022-10-11 03:00:00","volt":"146.130506144732"},"EnqueuedTimeUtc":"2022-10-11 03:00:00","Properties":{"messagetype":"Demo"},"SystemProperties":{"connectionAuthMethod":"{\"scope\":\"device\",\"type\":\"sas\",\"issuer\":\"iothub\",\"acceptingIpFilterRule\":null}","connectionDeviceGenerationId":"638052891151821842","connectionDeviceId":"IOTDevice_8_1","contentEncoding":"utf-8","contentType":"application/json","enqueuedTime":"2022-10-11 03:00:00"}}
{"Body":{"Status":true,"Timestamp":"2022-10-11 03:00:00","rotate":"409.845354319785"},"EnqueuedTimeUtc":"2022-10-11 03:00:00","Properties":{"messagetype":"Demo"},"SystemProperties":{"connectionAuthMethod":"{\"scope\":\"device\",\"type\":\"sas\",\"issuer\":\"iothub\",\"acceptingIpFilterRule\":null}","connectionDeviceGenerationId":"638052891151821842","connectionDeviceId":"IOTDevice_8_2","contentEncoding":"utf-8","contentType":"application/json","enqueuedTime":"2022-10-11 03:00:00"}}
{"Body":{"Status":true,"Timestamp":"2022-10-11 03:00:00","pressure":"90.2672000350899"},"EnqueuedTimeUtc":"2022-10-11 03:00:00","Properties":{"messagetype":"Demo"},"SystemProperties":{"connectionAuthMethod":"{\"scope\":\"device\",\"type\":\"sas\",\"issuer\":\"iothub\",\"acceptingIpFilterRule\":null}","connectionDeviceGenerationId":"638052891151821842","connectionDeviceId":"IOTDevice_8_3","contentEncoding":"utf-8","contentType":"application/json","enqueuedTime":"2022-10-11 03:00:00"}}
{"Body":{"Status":true,"Timestamp":"2022-10-11 03:00:00","vibration":"40.2517109239064"},"EnqueuedTimeUtc":"2022-10-11 03:00:00","Properties":{"messagetype":"Demo"},"SystemProperties":{"connectionAuthMethod":"{\"scope\":\"device\",\"type\":\"sas\",\"issuer\":\"iothub\",\"acceptingIpFilterRule\":null}","connectionDeviceGenerationId":"638052891151821842","connectionDeviceId":"IOTDevice_8_4","contentEncoding":"utf-8","contentType":"application/json","enqueuedTime":"2022-10-11 03:00:00"}}
{"Body":{"Status":true,"Timestamp":"2022-10-11 04:00:00","volt":"182.326691941405"},"EnqueuedTimeUtc":"2022-10-11 04:00:00","Properties":{"messagetype":"Demo"},"SystemProperties":{"connectionAuthMethod":"{\"scope\":\"device\",\"type\":\"sas\",\"issuer\":\"iothub\",\"acceptingIpFilterRule\":null}","connectionDeviceGenerationId":"638052891151821842","connectionDeviceId":"IOTDevice_8_1","contentEncoding":"utf-8","contentType":"application/json","enqueuedTime":"2022-10-11 04:00:00"}}
{"Body":{"Status":true,"Timestamp":"2022-10-11 04:00:00","rotate":"493.15260322912"},"EnqueuedTimeUtc":"2022-10-11 04:00:00","Properties":{"messagetype":"Demo"},"SystemProperties":{"connectionAuthMethod":"{\"scope\":\"device\",\"type\":\"sas\",\"issuer\":\"iothub\",\"acceptingIpFilterRule\":null}","connectionDeviceGenerationId":"638052891151821842","connectionDeviceId":"IOTDevice_8_2","contentEncoding":"utf-8","contentType":"application/json","enqueuedTime":"2022-10-11 04:00:00"}}
{"Body":{"Status":true,"Timestamp":"2022-10-11 04:00:00","pressure":"118.48060238412"},"EnqueuedTimeUtc":"2022-10-11 04:00:00","Properties":{"messagetype":"Demo"},"SystemProperties":{"connectionAuthMethod":"{\"scope\":\"device\",\"type\":\"sas\",\"issuer\":\"iothub\",\"acceptingIpFilterRule\":null}","connectionDeviceGenerationId":"638052891151821842","connectionDeviceId":"IOTDevice_8_3","contentEncoding":"utf-8","contentType":"application/json","enqueuedTime":"2022-10-11 04:00:00"}}
{"Body":{"Status":true,"Timestamp":"2022-10-11 04:00:00","vibration":"37.081492093638"},"EnqueuedTimeUtc":"2022-10-11 04:00:00","Properties":{"messagetype":"Demo"},"SystemProperties":{"connectionAuthMethod":"{\"scope\":\"device\",\"type\":\"sas\",\"issuer\":\"iothub\",\"acceptingIpFilterRule\":null}","connectionDeviceGenerationId":"638052891151821842","connectionDeviceId":"IOTDevice_8_4","contentEncoding":"utf-8","contentType":"application/json","enqueuedTime":"2022-10-11 04:00:00"}}
{"Body":{"Status":true,"Timestamp":"2022-10-11 05:00:00","volt":"177.386212030303"},"EnqueuedTimeUtc":"2022-10-11 05:00:00","Properties":{"messagetype":"Demo"},"SystemProperties":{"connectionAuthMethod":"{\"scope\":\"device\",\"type\":\"sas\",\"issuer\":\"iothub\",\"acceptingIpFilterRule\":null}","connectionDeviceGenerationId":"638052891151821842","connectionDeviceId":"IOTDevice_8_1","contentEncoding":"utf-8","contentType":"application/json","enqueuedTime":"2022-10-11 05:00:00"}}
{"Body":{"Status":true,"Timestamp":"2022-10-11 05:00:00","rotate":"465.078610220399"},"EnqueuedTimeUtc":"2022-10-11 05:00:00","Properties":{"messagetype":"Demo"},"SystemProperties":{"connectionAuthMethod":"{\"scope\":\"device\",\"type\":\"sas\",\"issuer\":\"iothub\",\"acceptingIpFilterRule\":null}","connectionDeviceGenerationId":"638052891151821842","connectionDeviceId":"IOTDevice_8_2","contentEncoding":"utf-8","contentType":"application/json","enqueuedTime":"2022-10-11 05:00:00"}}
{"Body":{"Status":true,"Timestamp":"2022-10-11 05:00:00","pressure":"97.8633284234459"},"EnqueuedTimeUtc":"2022-10-11 05:00:00","Properties":{"messagetype":"Demo"},"SystemProperties":{"connectionAuthMethod":"{\"scope\":\"device\",\"type\":\"sas\",\"issuer\":\"iothub\",\"acceptingIpFilterRule\":null}","connectionDeviceGenerationId":"638052891151821842","connectionDeviceId":"IOTDevice_8_3","contentEncoding":"utf-8","contentType":"application/json","enqueuedTime":"2022-10-11 05:00:00"}}
{"Body":{"Status":true,"Timestamp":"2022-10-11 05:00:00","vibration":"38.326317148371"},"EnqueuedTimeUtc":"2022-10-11 05:00:00","Properties":{"messagetype":"Demo"},"SystemProperties":{"connectionAuthMethod":"{\"scope\":\"device\",\"type\":\"sas\",\"issuer\":\"iothub\",\"acceptingIpFilterRule\":null}","connectionDeviceGenerationId":"638052891151821842","connectionDeviceId":"IOTDevice_8_4","contentEncoding":"utf-8","contentType":"application/json","enqueuedTime":"2022-10-11 05:00:00"}}
{"Body":{"Status":true,"Timestamp":"2022-10-11 06:00:00","volt":"149.097373940996"},"EnqueuedTimeUtc":"2022-10-11 06:00:00","Properties":{"messagetype":"Demo"},"SystemProperties":{"connectionAuthMethod":"{\"scope\":\"device\",\"type\":\"sas\",\"issuer\":\"iothub\",\"acceptingIpFilterRule\":null}","connectionDeviceGenerationId":"638052891151821842","connectionDeviceId":"IOTDevice_8_1","contentEncoding":"utf-8","contentType":"application/json","enqueuedTime":"2022-10-11 06:00:00"}}
{"Body":{"Status":true,"Timestamp":"2022-10-11 06:00:00","rotate":"461.956906571795"},"EnqueuedTimeUtc":"2022-10-11 06:00:00","Properties":{"messagetype":"Demo"},"SystemProperties":{"connectionAuthMethod":"{\"scope\":\"device\",\"type\":\"sas\",\"issuer\":\"iothub\",\"acceptingIpFilterRule\":null}","connectionDeviceGenerationId":"638052891151821842","connectionDeviceId":"IOTDevice_8_2","contentEncoding":"utf-8","contentType":"application/json","enqueuedTime":"2022-10-11 06:00:00"}}
{"Body":{"Status":true,"Timestamp":"2022-10-11 06:00:00","pressure":"115.992783182049"},"EnqueuedTimeUtc":"2022-10-11 06:00:00","Properties":{"messagetype":"Demo"},"SystemProperties":{"connectionAuthMethod":"{\"scope\":\"device\",\"type\":\"sas\",\"issuer\":\"iothub\",\"acceptingIpFilterRule\":null}","connectionDeviceGenerationId":"638052891151821842","connectionDeviceId":"IOTDevice_8_3","contentEncoding":"utf-8","contentType":"application/json","enqueuedTime":"2022-10-11 06:00:00"}}
{"Body":{"Status":true,"Timestamp":"2022-10-11 06:00:00","vibration":"37.0549155923134"},"EnqueuedTimeUtc":"2022-10-11 06:00:00","Properties":{"messagetype":"Demo"},"SystemProperties":{"connectionAuthMethod":"{\"scope\":\"device\",\"type\":\"sas\",\"issuer\":\"iothub\",\"acceptingIpFilterRule\":null}","connectionDeviceGenerationId":"638052891151821842","connectionDeviceId":"IOTDevice_8_4","contentEncoding":"utf-8","contentType":"application/json","enqueuedTime":"2022-10-11 06:00:00"}}
{"Body":{"Status":true,"Timestamp":"2022-10-11 07:00:00","volt":"150.995825166282"},"EnqueuedTimeUtc":"2022-10-11 07:00:00","Properties":{"messagetype":"Demo"},"SystemProperties":{"connectionAuthMethod":"{\"scope\":\"device\",\"type\":\"sas\",\"issuer\":\"iothub\",\"acceptingIpFilterRule\":null}","connectionDeviceGenerationId":"638052891151821842","connectionDeviceId":"IOTDevice_8_1","contentEncoding":"utf-8","contentType":"application/json","enqueuedTime":"2022-10-11 07:00:00"}}
{"Body":{"Status":true,"Timestamp":"2022-10-11 07:00:00","rotate":"435.907439306663"},"EnqueuedTimeUtc":"2022-10-11 07:00:00","Properties":{"messagetype":"Demo"},"SystemProperties":{"connectionAuthMethod":"{\"scope\":\"device\",\"type\":\"sas\",\"issuer\":\"iothub\",\"acceptingIpFilterRule\":null}","connectionDeviceGenerationId":"638052891151821842","connectionDeviceId":"IOTDevice_8_2","contentEncoding":"utf-8","contentType":"application/json","enqueuedTime":"2022-10-11 07:00:00"}}
{"Body":{"Status":true,"Timestamp":"2022-10-11 07:00:00","pressure":"103.799545435459"},"EnqueuedTimeUtc":"2022-10-11 07:00:00","Properties":{"messagetype":"Demo"},"SystemProperties":{"connectionAuthMethod":"{\"scope\":\"device\",\"type\":\"sas\",\"issuer\":\"iothub\",\"acceptingIpFilterRule\":null}","connectionDeviceGenerationId":"638052891151821842","connectionDeviceId":"IOTDevice_8_3","contentEncoding":"utf-8","contentType":"application/json","enqueuedTime":"2022-10-11 07:00:00"}}
{"Body":{"Status":true,"Timestamp":"2022-10-11 07:00:00","vibration":"45.2715365622686"},"EnqueuedTimeUtc":"2022-10-11 07:00:00","Properties":{"messagetype":"Demo"},"SystemProperties":{"connectionAuthMethod":"{\"scope\":\"device\",\"type\":\"sas\",\"issuer\":\"iothub\",\"acceptingIpFilterRule\":null}","connectionDeviceGenerationId":"638052891151821842","connectionDeviceId":"IOTDevice_8_4","contentEncoding":"utf-8","contentType":"application/json","enqueuedTime":"2022-10-11 07:00:00"}}
{"Body":{"Status":true,"Timestamp":"2022-10-11 08:00:00","volt":"154.451773988177"},"EnqueuedTimeUtc":"2022-10-11 08:00:00","Properties":{"messagetype":"Demo"},"SystemProperties":{"connectionAuthMethod":"{\"scope\":\"device\",\"type\":\"sas\",\"issuer\":\"iothub\",\"acceptingIpFilterRule\":null}","connectionDeviceGenerationId":"638052891151821842","connectionDeviceId":"IOTDevice_8_1","contentEncoding":"utf-8","contentType":"application/json","enqueuedTime":"2022-10-11 08:00:00"}}
{"Body":{"Status":true,"Timestamp":"2022-10-11 08:00:00","rotate":"443.549101329403"},"EnqueuedTimeUtc":"2022-10-11 08:00:00","Properties":{"messagetype":"Demo"},"SystemProperties":{"connectionAuthMethod":"{\"scope\":\"device\",\"type\":\"sas\",\"issuer\":\"iothub\",\"acceptingIpFilterRule\":null}","connectionDeviceGenerationId":"638052891151821842","connectionDeviceId":"IOTDevice_8_2","contentEncoding":"utf-8","contentType":"application/json","enqueuedTime":"2022-10-11 08:00:00"}}
{"Body":{"Status":true,"Timestamp":"2022-10-11 08:00:00","pressure":"108.27855138518"},"EnqueuedTimeUtc":"2022-10-11 08:00:00","Properties":{"messagetype":"Demo"},"SystemProperties":{"connectionAuthMethod":"{\"scope\":\"device\",\"type\":\"sas\",\"issuer\":\"iothub\",\"acceptingIpFilterRule\":null}","connectionDeviceGenerationId":"638052891151821842","connectionDeviceId":"IOTDevice_8_3","contentEncoding":"utf-8","contentType":"application/json","enqueuedTime":"2022-10-11 08:00:00"}}
{"Body":{"Status":true,"Timestamp":"2022-10-11 08:00:00","vibration":"41.6139446292389"},"EnqueuedTimeUtc":"2022-10-11 08:00:00","Properties":{"messagetype":"Demo"},"SystemProperties":{"connectionAuthMethod":"{\"scope\":\"device\",\"type\":\"sas\",\"issuer\":\"iothub\",\"acceptingIpFilterRule\":null}","connectionDeviceGenerationId":"638052891151821842","connectionDeviceId":"IOTDevice_8_4","contentEncoding":"utf-8","contentType":"application/json","enqueuedTime":"2022-10-11 08:00:00"}}
{"Body":{"Status":true,"Timestamp":"2022-10-11 09:00:00","volt":"148.324003879474"},"EnqueuedTimeUtc":"2022-10-11 09:00:00","Properties":{"messagetype":"Demo"},"SystemProperties":{"connectionAuthMethod":"{\"scope\":\"device\",\"type\":\"sas\",\"issuer\":\"iothub\",\"acceptingIpFilterRule\":null}","connectionDeviceGenerationId":"638052891151821842","connectionDeviceId":"IOTDevice_8_1","contentEncoding":"utf-8","contentType":"application/json","enqueuedTime":"2022-10-11 09:00:00"}}
{"Body":{"Status":true,"Timestamp":"2022-10-11 09:00:00","rotate":"499.690585972518"},"EnqueuedTimeUtc":"2022-10-11 09:00:00","Properties":{"messagetype":"Demo"},"SystemProperties":{"connectionAuthMethod":"{\"scope\":\"device\",\"type\":\"sas\",\"issuer\":\"iothub\",\"acceptingIpFilterRule\":null}","connectionDeviceGenerationId":"638052891151821842","connectionDeviceId":"IOTDevice_8_2","contentEncoding":"utf-8","contentType":"application/json","enqueuedTime":"2022-10-11 09:00:00"}}
{"Body":{"Status":true,"Timestamp":"2022-10-11 09:00:00","pressure":"89.416101205902"},"EnqueuedTimeUtc":"2022-10-11 09:00:00","Properties":{"messagetype":"Demo"},"SystemProperties":{"connectionAuthMethod":"{\"scope\":\"device\",\"type\":\"sas\",\"issuer\":\"iothub\",\"acceptingIpFilterRule\":null}","connectionDeviceGenerationId":"638052891151821842","connectionDeviceId":"IOTDevice_8_3","contentEncoding":"utf-8","contentType":"application/json","enqueuedTime":"2022-10-11 09:00:00"}}
{"Body":{"Status":true,"Timestamp":"2022-10-11 09:00:00","vibration":"41.0127347410669"},"EnqueuedTimeUtc":"2022-10-11 09:00:00","Properties":{"messagetype":"Demo"},"SystemProperties":{"connectionAuthMethod":"{\"scope\":\"device\",\"type\":\"sas\",\"issuer\":\"iothub\",\"acceptingIpFilterRule\":null}","connectionDeviceGenerationId":"638052891151821842","connectionDeviceId":"IOTDevice_8_4","contentEncoding":"utf-8","contentType":"application/json","enqueuedTime":"2022-10-11 09:00:00"}}
{"Body":{"Status":true,"Timestamp":"2022-10-11 10:00:00","volt":"141.683046057162"},"EnqueuedTimeUtc":"2022-10-11 10:00:00","Properties":{"messagetype":"Demo"},"SystemProperties":{"connectionAuthMethod":"{\"scope\":\"device\",\"type\":\"sas\",\"issuer\":\"iothub\",\"acceptingIpFilterRule\":null}","connectionDeviceGenerationId":"638052891151821842","connectionDeviceId":"IOTDevice_8_1","contentEncoding":"utf-8","contentType":"application/json","enqueuedTime":"2022-10-11 10:00:00"}}
{"Body":{"Status":true,"Timestamp":"2022-10-11 10:00:00","rotate":"453.707061969579"},"EnqueuedTimeUtc":"2022-10-11 10:00:00","Properties":{"messagetype":"Demo"},"SystemProperties":{"connectionAuthMethod":"{\"scope\":\"device\",\"type\":\"sas\",\"issuer\":\"iothub\",\"acceptingIpFilterRule\":null}","connectionDeviceGenerationId":"638052891151821842","connectionDeviceId":"IOTDevice_8_2","contentEncoding":"utf-8","contentType":"application/json","enqueuedTime":"2022-10-11 10:00:00"}}
{"Body":{"Status":true,"Timestamp":"2022-10-11 10:00:00","pressure":"114.927393903667"},"EnqueuedTimeUtc":"2022-10-11 10:00:00","Properties":{"messagetype":"Demo"},"SystemProperties":{"connectionAuthMethod":"{\"scope\":\"device\",\"type\":\"sas\",\"issuer\":\"iothub\",\"acceptingIpFilterRule\":null}","connectionDeviceGenerationId":"638052891151821842","connectionDeviceId":"IOTDevice_8_3","contentEncoding":"utf-8","contentType":"application/json","enqueuedTime":"2022-10-11 10:00:00"}}
{"Body":{"Status":true,"Timestamp":"2022-10-11 10:00:00","vibration":"36.6059772952988"},"EnqueuedTimeUtc":"2022-10-11 10:00:00","Properties":{"messagetype":"Demo"},"SystemProperties":{"connectionAuthMethod":"{\"scope\":\"device\",\"type\":\"sas\",\"issuer\":\"iothub\",\"acceptingIpFilterRule\":null}","connectionDeviceGenerationId":"638052891151821842","connectionDeviceId":"IOTDevice_8_4","contentEncoding":"utf-8","contentType":"application/json","enqueuedTime":"2022-10-11 10:00:00"}}
{"Body":{"Status":true,"Timestamp":"2022-10-11 11:00:00","volt":"156.903665558076"},"EnqueuedTimeUtc":"2022-10-11 11:00:00","Properties":{"messagetype":"Demo"},"SystemProperties":{"connectionAuthMethod":"{\"scope\":\"device\",\"type\":\"sas\",\"issuer\":\"iothub\",\"acceptingIpFilterRule\":null}","connectionDeviceGenerationId":"638052891151821842","connectionDeviceId":"IOTDevice_8_1","contentEncoding":"utf-8","contentType":"application/json","enqueuedTime":"2022-10-11 11:00:00"}}
{"Body":{"Status":true,"Timestamp":"2022-10-11 11:00:00","rotate":"464.969178138121"},"EnqueuedTimeUtc":"2022-10-11 11:00:00","Properties":{"messagetype":"Demo"},"SystemProperties":{"connectionAuthMethod":"{\"scope\":\"device\",\"type\":\"sas\",\"issuer\":\"iothub\",\"acceptingIpFilterRule\":null}","connectionDeviceGenerationId":"638052891151821842","connectionDeviceId":"IOTDevice_8_2","contentEncoding":"utf-8","contentType":"application/json","enqueuedTime":"2022-10-11 11:00:00"}}
{"Body":{"Status":true,"Timestamp":"2022-10-11 11:00:00","pressure":"93.7331485999332"},"EnqueuedTimeUtc":"2022-10-11 11:00:00","Properties":{"messagetype":"Demo"},"SystemProperties":{"connectionAuthMethod":"{\"scope\":\"device\",\"type\":\"sas\",\"issuer\":\"iothub\",\"acceptingIpFilterRule\":null}","connectionDeviceGenerationId":"638052891151821842","connectionDeviceId":"IOTDevice_8_3","contentEncoding":"utf-8","contentType":"application/json","enqueuedTime":"2022-10-11 11:00:00"}}
{"Body":{"Status":true,"Timestamp":"2022-10-11 11:00:00","vibration":"45.6911535165763"},"EnqueuedTimeUtc":"2022-10-11 11:00:00","Properties":{"messagetype":"Demo"},"SystemProperties":{"connectionAuthMethod":"{\"scope\":\"device\",\"type\":\"sas\",\"issuer\":\"iothub\",\"acceptingIpFilterRule\":null}","connectionDeviceGenerationId":"638052891151821842","connectionDeviceId":"IOTDevice_8_4","contentEncoding":"utf-8","contentType":"application/json","enqueuedTime":"2022-10-11 11:00:00"}}
