{"Body":{"Status":true,"Timestamp":"2022-10-11 09:00:00","volt":"165.310529505912"},"EnqueuedTimeUtc":"2022-10-11 09:00:00","Properties":{"messagetype":"Demo"},"SystemProperties":{"connectionAuthMethod":"{\"scope\":\"device\",\"type\":\"sas\",\"issuer\":\"iothub\",\"acceptingIpFilterRule\":null}","connectionDeviceGenerationId":"638052891151821842","connectionDeviceId":"IOTDevice_5_1","contentEncoding":"utf-8","contentType":"application/json","enqueuedTime":"2022-10-11 09:00:00"}}
{"Body":{"Status":true,"Timestamp":"2022-10-11 09:00:00","rotate":"444.435077686274"},"EnqueuedTimeUtc":"2022-10-11 09:00:00","Properties":{"messagetype":"Demo"},"SystemProperties":{"connectionAuthMethod":"{\"scope\":\"device\",\"type\":\"sas\",\"issuer\":\"iothub\",\"acceptingIpFilterRule\":null}","connectionDeviceGenerationId":"638052891151821842","connectionDeviceId":"IOTDevice_5_2","contentEncoding":"utf-8","contentType":"application/json","enqueuedTime":"2022-10-11 09:00:00"}}
{"Body":{"Status":true,"Timestamp":"2022-10-11 09:00:00","pressure":"95.2765669674825"},"EnqueuedTimeUtc":"2022-10-11 09:00:00","Properties":{"messagetype":"Demo"},"SystemProperties":{"connectionAuthMethod":"{\"scope\":\"device\",\"type\":\"sas\",\"issuer\":\"iothub\",\"acceptingIpFilterRule\":null}","connectionDeviceGenerationId":"638052891151821842","connectionDeviceId":"IOTDevice_5_3","contentEncoding":"utf-8","contentType":"application/json","enqueuedTime":"2022-10-11 09:00:00"}}
{"Body":{"Status":true,"Timestamp":"2022-10-11 09:00:00","vibration":"40.7833315588026"},"EnqueuedTimeUtc":"2022-10-11 09:00:00","Properties":{"messagetype":"Demo"},"SystemProperties":{"connectionAuthMethod":"{\"scope\":\"device\",\"type\":\"sas\",\"issuer\":\"iothub\",\"acceptingIpFilterRule\":null}","connectionDeviceGenerationId":"638052891151821842","connectionDeviceId":"IOTDevice_5_4","contentEncoding":"utf-8","contentType":"application/json","enqueuedTime":"2022-10-11 09:00:00"}}
{"Body":{"Status":true,"Timestamp":"2022-10-11 10:00:00","volt":"177.801261528541"},"EnqueuedTimeUtc":"2022-10-11 10:00:00","Properties":{"messagetype":"Demo"},"SystemProperties":{"connectionAuthMethod":"{\"scope\":\"device\",\"type\":\"sas\",\"issuer\":\"iothub\",\"acceptingIpFilterRule\":null}","connectionDeviceGenerationId":"638052891151821842","connectionDeviceId":"IOTDevice_5_1","contentEncoding":"utf-8","contentType":"application/json","enqueuedTime":"2022-10-11 10:00:00"}}
{"Body":{"Status":true,"Timestamp":"2022-10-11 10:00:00","rotate":"504.352339115605"},"EnqueuedTimeUtc":"2022-10-11 10:00:00","Properties":{"messagetype":"Demo"},"SystemProperties":{"connectionAuthMethod":"{\"scope\":\"device\",\"type\":\"sas\",\"issuer\":\"iothub\",\"acceptingIpFilterRule\":null}","connectionDeviceGenerationId":"638052891151821842","connectionDeviceId":"IOTDevice_5_2","contentEncoding":"utf-8","contentType":"application/json","enqueuedTime":"2022-10-11 10:00:00"}}
{"Body":{"Status":true,"Timestamp":"2022-10-11 10:00:00","pressure":"94.9001003380459"},"EnqueuedTimeUtc":"2022-10-11 10:00:00","Properties":{"messagetype":"Demo"},"SystemProperties":{"connectionAuthMethod":"{\"scope\":\"device\",\"type\":\"sas\",\"issuer\":\"iothub\",\"acceptingIpFilterRule\":null}","connectionDeviceGenerationId":"638052891151821842","connectionDeviceId":"IOTDevice_5_3","contentEncoding":"utf-8","contentType":"application/json","enqueuedTime":"2022-10-11 10:00:00"}}
{"Body":{"Status":true,"Timestamp":"2022-10-11 10:00:00","vibration":"37.4183443953475"},"EnqueuedTimeUtc":"2022-10-11 10:00:00","Properties":{"messagetype":"Demo"},"SystemProperties":{"connectionAuthMethod":"{\"scope\":\"device\",\"type\":\"sas\",\"issuer\":\"iothub\",\"acceptingIpFilterRule\":null}","connectionDeviceGenerationId":"638052891151821842","connectionDeviceId":"IOTDevice_5_4","contentEncoding":"utf-8","contentType":"application/json","enqueuedTime":"2022-10-11 10:00:00"}}
{"Body":{"Status":true,"Timestamp":"2022-10-11 11:00:00","volt":"157.005576236554"},"EnqueuedTimeUtc":"2022-10-11 11:00:00","Properties":{"messagetype":"Demo"},"SystemProperties":{"connectionAuthMethod":"{\"scope\":\"device\",\"type\":\"sas\",\"issuer\":\"iothub\",\"acceptingIpFilterRule\":null}","connectionDeviceGenerationId":"638052891151821842","connectionDeviceId":"IOTDevice_5_1","contentEncoding":"utf-8","contentType":"application/json","enqueuedTime":"2022-10-11 11:00:00"}}
{"Body":{"Status":true,"Timestamp":"2022-10-11 11:00:00","rotate":"483.901133893592"},"EnqueuedTimeUtc":"2022-10-11 11:00:00","Properties":{"messagetype":"Demo"},"SystemProperties":{"connectionAuthMethod":"{\"scope\":\"device\",\"type\":\"sas\",\"issuer\":\"iothub\",\"acceptingIpFilterRule\":null}","connectionDeviceGenerationId":"638052891151821842","connectionDeviceId":"IOTDevice_5_2","contentEncoding":"utf-8","contentType":"application/json","enqueuedTime":"2022-10-11 11:00:00"}}
{"Body":{"Status":true,"Timestamp":"2022-10-11 11:00:00","pressure":"85.1598036596378"},"EnqueuedTimeUtc":"2022-10-11 11:00:00","Properties":{"messagetype":"Demo"},"SystemProperties":{"connectionAuthMethod":"{\"scope\":\"device\",\"type\":\"sas\",\"issuer\":\"iothub\",\"acceptingIpFilterRule\":null}","connectionDeviceGenerationId":"638052891151821842","connectionDeviceId":"IOTDevice_5_3","contentEncoding":"utf-8","contentType":"application/json","enqueuedTime":"2022-10-11 11:00:00"}}
{"Body":{"Status":true,"Timestamp":"2022-10-11 11:00:00","vibration":"39.7671315163203"},"EnqueuedTimeUtc":"2022-10-11 11:00:00","Properties":{"messagetype":"Demo"},"SystemProperties":{"connectionAuthMethod":"{\"scope\":\"device\",\"type\":\"sas\",\"issuer\":\"iothub\",\"acceptingIpFilterRule\":null}","connectionDeviceGenerationId":"638052891151821842","connectionDeviceId":"IOTDevice_5_4","contentEncoding":"utf-8","contentType":"application/json","enqueuedTime":"2022-10-11 11:00:00"}}
{"Body":{"Status":true,"Timestamp":"2022-10-11 12:00:00","volt":"176.612623891945"},"EnqueuedTimeUtc":"2022-10-11 12:00:00","Properties":{"messagetype":"Demo"},"SystemProperties":{"connectionAuthMethod":"{\"scope\":\"device\",\"type\":\"sas\",\"issuer\":\"iothub\",\"acceptingIpFilterRule\":null}","connectionDeviceGenerationId":"638052891151821842","connectionDeviceId":"IOTDevice_5_1","contentEncoding":"utf-8","contentType":"application/json","enqueuedTime":"2022-10-11 12:00:00"}}
{"Body":{"Status":true,"Timestamp":"2022-10-11 12:00:00","rotate":"472.164501975326"},"EnqueuedTimeUtc":"2022-10-11 12:00:00","Properties":{"messagetype":"Demo"},"SystemProperties":{"connectionAuthMethod":"{\"scope\":\"device\",\"type\":\"sas\",\"issuer\":\"iothub\",\"acceptingIpFilterRule\":null}","connectionDeviceGenerationId":"638052891151821842","connectionDeviceId":"IOTDevice_5_2","contentEncoding":"utf-8","contentType":"application/json","enqueuedTime":"2022-10-11 12:00:00"}}
{"Body":{"Status":true,"Timestamp":"2022-10-11 12:00:00","pressure":"86.4277857492076"},"EnqueuedTimeUtc":"2022-10-11 12:00:00","Properties":{"messagetype":"Demo"},"SystemProperties":{"connectionAuthMethod":"{\"scope\":\"device\",\"type\":\"sas\",\"issuer\":\"iothub\",\"acceptingIpFilterRule\":null}","connectionDeviceGenerationId":"638052891151821842","connectionDeviceId":"IOTDevice_5_3","contentEncoding":"utf-8","contentType":"application/json","enqueuedTime":"2022-10-11 12:00:00"}}
{"Body":{"Status":true,"Timestamp":"2022-10-11 12:00:00","vibration":"36.9818771660905"},"EnqueuedTimeUtc":"2022-10-11 12:00:00","Properties":{"messagetype":"Demo"},"SystemProperties":{"connectionAuthMethod":"{\"scope\":\"device\",\"type\":\"sas\",\"issuer\":\"iothub\",\"acceptingIpFilterRule\":null}","connectionDeviceGenerationId":"638052891151821842","connectionDeviceId":"IOTDevice_5_4","contentEncoding":"utf-8","contentType":"application/json","enqueuedTime":"2022-10-11 12:00:00"}}
{"Body":{"Status":true,"Timestamp":"2022-10-11 13:00:00","volt":"177.528983868764"},"EnqueuedTimeUtc":"2022-10-11 13:00:00","Properties":{"messagetype":"Demo"},"SystemProperties":{"connectionAuthMethod":"{\"scope\":\"device\",\"type\":\"sas\",\"issuer\":\"iothub\",\"acceptingIpFilterRule\":null}","connectionDeviceGenerationId":"638052891151821842","connectionDeviceId":"IOTDevice_5_1","contentEncoding":"utf-8","contentType":"application/json","enqueuedTime":"2022-10-11 13:00:00"}}
{"Body":{"Status":true,"Timestamp":"2022-10-11 13:00:00","rotate":"387.621131241184"},"EnqueuedTimeUtc":"2022-10-11 13:00:00","Properties":{"messagetype":"Demo"},"SystemProperties":{"connectionAuthMethod":"{\"scope\":\"device\",\"type\":\"sas\",\"issuer\":\"iothub\",\"acceptingIpFilterRule\":null}","connectionDeviceGenerationId":"638052891151821842","connectionDeviceId":"IOTDevice_5_2","contentEncoding":"utf-8","contentType":"application/json","enqueuedTime":"2022-10-11 13:00:00"}}
{"Body":{"Status":true,"Timestamp":"2022-10-11 13:00:00","pressure":"93.971835624793"},"EnqueuedTimeUtc":"2022-10-11 13:00:00","Properties":{"messagetype":"Demo"},"SystemProperties":{"connectionAuthMethod":"{\"scope\":\"device\",\"type\":\"sas\",\"issuer\":\"iothub\",\"acceptingIpFilterRule\":null}","connectionDeviceGenerationId":"638052891151821842","connectionDeviceId":"IOTDevice_5_3","contentEncoding":"utf-8","contentType":"application/json","enqueuedTime":"2022-10-11 13:00:00"}}
{"Body":{"Status":true,"Timestamp":"2022-10-11 13:00:00","vibration":"33.4461620472452"},"EnqueuedTimeUtc":"2022-10-11 13:00:00","Properties":{"messagetype":"Demo"},"SystemProperties":{"connectionAuthMethod":"{\"scope\":\"device\",\"type\":\"sas\",\"issuer\":\"iothub\",\"acceptingIpFilterRule\":null}","connectionDeviceGenerationId":"638052891151821842","connectionDeviceId":"IOTDevice_5_4","contentEncoding":"utf-8","contentType":"application/json","enqueuedTime":"2022-10-11 13:00:00"}}
{"Body":{"Status":true,"Timestamp":"2022-10-11 14:00:00","volt":"163.357624487439"},"EnqueuedTimeUtc":"2022-10-11 14:00:00","Properties":{"messagetype":"Demo"},"SystemProperties":{"connectionAuthMethod":"{\"scope\":\"device\",\"type\":\"sas\",\"issuer\":\"iothub\",\"acceptingIpFilterRule\":null}","connectionDeviceGenerationId":"638052891151821842","connectionDeviceId":"IOTDevice_5_1","contentEncoding":"utf-8","contentType":"application/json","enqueuedTime":"2022-10-11 14:00:00"}}
{"Body":{"Status":true,"Timestamp":"2022-10-11 14:00:00","rotate":"402.404863538254"},"EnqueuedTimeUtc":"2022-10-11 14:00:00","Properties":{"messagetype":"Demo"},"SystemProperties":{"connectionAuthMethod":"{\"scope\":\"device\",\"type\":\"sas\",\"issuer\":\"iothub\",\"acceptingIpFilterRule\":null}","connectionDeviceGenerationId":"638052891151821842","connectionDeviceId":"IOTDevice_5_2","contentEncoding":"utf-8","contentType":"application/json","enqueuedTime":"2022-10-11 14:00:00"}}
{"Body":{"Status":true,"Timestamp":"2022-10-11 14:00:00","pressure":"109.80103668382"},"EnqueuedTimeUtc":"2022-10-11 14:00:00","Properties":{"messagetype":"Demo"},"SystemProperties":{"connectionAuthMethod":"{\"scope\":\"device\",\"type\":\"sas\",\"issuer\":\"iothub\",\"acceptingIpFilterRule\":null}","connectionDeviceGenerationId":"638052891151821842","connectionDeviceId":"IOTDevice_5_3","contentEncoding":"utf-8","contentType":"application/json","enqueuedTime":"2022-10-11 14:00:00"}}
{"Body":{"Status":true,"Timestamp":"2022-10-11 14:00:00","vibration":"46.5150547494816"},"EnqueuedTimeUtc":"2022-10-11 14:00:00","Properties":{"messagetype":"Demo"},"SystemProperties":{"connectionAuthMethod":"{\"scope\":\"device\",\"type\":\"sas\",\"issuer\":\"iothub\",\"acceptingIpFilterRule\":null}","connectionDeviceGenerationId":"638052891151821842","connectionDeviceId":"IOTDevice_5_4","contentEncoding":"utf-8","contentType":"application/json","enqueuedTime":"2022-10-11 14:00:00"}}
{"Body":{"Status":true,"Timestamp":"2022-10-11 15:00:00","volt":"152.888591834345"},"EnqueuedTimeUtc":"2022-10-11 15:00:00","Properties":{"messagetype":"Demo"},"SystemProperties":{"connectionAuthMethod":"{\"scope\":\"device\",\"type\":\"sas\",\"issuer\":\"iothub\",\"acceptingIpFilterRule\":null}","connectionDeviceGenerationId":"638052891151821842","connectionDeviceId":"IOTDevice_5_1","contentEncoding":"utf-8","contentType":"application/json","enqueuedTime":"2022-10-11 15:00:00"}}
{"Body":{"Status":true,"Timestamp":"2022-10-11 15:00:00","rotate":"374.831815360449"},"EnqueuedTimeUtc":"2022-10-11 15:00:00","Properties":{"messagetype":"Demo"},"SystemProperties":{"connectionAuthMethod":"{\"scope\":\"device\",\"type\":\"sas\",\"issuer\":\"iothub\",\"acceptingIpFilterRule\":null}","connectionDeviceGenerationId":"638052891151821842","connectionDeviceId":"IOTDevice_5_2","contentEncoding":"utf-8","contentType":"application/json","enqueuedTime":"2022-10-11 15:00:00"}}
{"Body":{"Status":true,"Timestamp":"2022-10-11 15:00:00","pressure":"108.049399369522"},"EnqueuedTimeUtc":"2022-10-11 15:00:00","Properties":{"messagetype":"Demo"},"SystemProperties":{"connectionAuthMethod":"{\"scope\":\"device\",\"type\":\"sas\",\"issuer\":\"iothub\",\"acceptingIpFilterRule\":null}","connectionDeviceGenerationId":"638052891151821842","connectionDeviceId":"IOTDevice_5_3","contentEncoding":"utf-8","contentType":"application/json","enqueuedTime":"2022-10-11 15:00:00"}}
{"Body":{"Status":true,"Timestamp":"2022-10-11 15:00:00","vibration":"42.6683213717462"},"EnqueuedTimeUtc":"2022-10-11 15:00:00","Properties":{"messagetype":"Demo"},"SystemProperties":{"connectionAuthMethod":"{\"scope\":\"device\",\"type\":\"sas\",\"issuer\":\"iothub\",\"acceptingIpFilterRule\":null}","connectionDeviceGenerationId":"638052891151821842","connectionDeviceId":"IOTDevice_5_4","contentEncoding":"utf-8","contentType":"application/json","enqueuedTime":"2022-10-11 15:00:00"}}
{"Body":{"Status":true,"Timestamp":"2022-10-11 16:00:00","volt":"171.468766612558"},"EnqueuedTimeUtc":"2022-10-11 16:00:00","Properties":{"messagetype":"Demo"},"SystemProperties":{"connectionAuthMethod":"{\"scope\":\"device\",\"type\":\"sas\",\"issuer\":\"iothub\",\"acceptingIpFilterRule\":null}","connectionDeviceGenerationId":"638052891151821842","connectionDeviceId":"IOTDevice_5_1","contentEncoding":"utf-8","contentType":"application/json","enqueuedTime":"2022-10-11 16:00:00"}}
{"Body":{"Status":true,"Timestamp":"2022-10-11 16:00:00","rotate":"471.954248168449"},"EnqueuedTimeUtc":"2022-10-11 16:00:00","Properties":{"messagetype":"Demo"},"SystemProperties":{"connectionAuthMethod":"{\"scope\":\"device\",\"type\":\"sas\",\"issuer\":\"iothub\",\"acceptingIpFilterRule\":null}","connectionDeviceGenerationId":"638052891151821842","connectionDeviceId":"IOTDevice_5_2","contentEncoding":"utf-8","contentType":"application/json","enqueuedTime":"2022-10-11 16:00:00"}}
{"Body":{"Status":true,"Timestamp":"2022-10-11 16:00:00","pressure":"96.4486386421828"},"EnqueuedTimeUtc":"2022-10-11 16:00:00","Properties":{"messagetype":"Demo"},"SystemProperties":{"connectionAuthMethod":"{\"scope\":\"device\",\"type\":\"sas\",\"issuer\":\"iothub\",\"acceptingIpFilterRule\":null}","connectionDeviceGenerationId":"638052891151821842","connectionDeviceId":"IOTDevice_5_3","contentEncoding":"utf-8","contentType":"application/json","enqueuedTime":"2022-10-11 16:00:00"}}
{"Body":{"Status":true,"Timestamp":"2022-10-11 16:00:00","vibration":"41.1868413610448"},"EnqueuedTimeUtc":"2022-10-11 16:00:00","Properties":{"messagetype":"Demo"},"SystemProperties":{"connectionAuthMethod":"{\"scope\":\"device\",\"type\":\"sas\",\"issuer\":\"iothub\",\"acceptingIpFilterRule\":null}","connectionDeviceGenerationId":"638052891151821842","connectionDeviceId":"IOTDevice_5_4","contentEncoding":"utf-8","contentType":"application/json","enqueuedTime":"2022-10-11 16:00:00"}}
{"Body":{"Status":true,"Timestamp":"2022-10-11 17:00:00","volt":"151.887278645491"},"EnqueuedTimeUtc":"2022-10-11 17:00:00","Properties":{"messagetype":"Demo"},"SystemProperties":{"connectionAuthMethod":"{\"scope\":\"device\",\"type\":\"sas\",\"issuer\":\"iothub\",\"acceptingIpFilterRule\":null}","connectionDeviceGenerationId":"638052891151821842","connectionDeviceId":"IOTDevice_5_1","contentEncoding":"utf-8","contentType":"application/json","enqueuedTime":"2022-10-11 17:00:00"}}
{"Body":{"Status":true,"Timestamp":"2022-10-11 17:00:00","rotate":"476.948056326055"},"EnqueuedTimeUtc":"2022-10-11 17:00:00","Properties":{"messagetype":"Demo"},"SystemProperties":{"connectionAuthMethod":"{\"scope\":\"device\",\"type\":\"sas\",\"issuer\":\"iothub\",\"acceptingIpFilterRule\":null}","connectionDeviceGenerationId":"638052891151821842","connectionDeviceId":"IOTDevice_5_2","contentEncoding":"utf-8","contentType":"application/json","enqueuedTime":"2022-10-11 17:00:00"}}
{"Body":{"Status":true,"Timestamp":"2022-10-11 17:00:00","pressure":"105.255125376148"},"EnqueuedTimeUtc":"2022-10-11 17:00:00","Properties":{"messagetype":"Demo"},"SystemProperties":{"connectionAuthMethod":"{\"scope\":\"device\",\"type\":\"sas\",\"issuer\":\"iothub\",\"acceptingIpFilterRule\":null}","connectionDeviceGenerationId":"638052891151821842","connectionDeviceId":"IOTDevice_5_3","contentEncoding":"utf-8","contentType":"application/json","enqueuedTime":"2022-10-11 17:00:00"}}
{"Body":{"Status":true,"Timestamp":"2022-10-11 17:00:00","vibration":"39.6009635156532"},"EnqueuedTimeUtc":"2022-10-11 17:00:00","Properties":{"messagetype":"Demo"},"SystemProperties":{"connectionAuthMethod":"{\"scope\":\"device\",\"type\":\"sas\",\"issuer\":\"iothub\",\"acceptingIpFilterRule\":null}","connectionDeviceGenerationId":"638052891151821842","connectionDeviceId":"IOTDevice_5_4","contentEncoding":"utf-8","contentType":"application/json","enqueuedTime":"2022-10-11 17:00:00"}}
{"Body":{"Status":true,"Timestamp":"2022-10-11 18:00:00","volt":"151.519067632545"},"EnqueuedTimeUtc":"2022-10-11 18:00:00","Properties":{"messagetype":"Demo"},"SystemProperties":{"connectionAuthMethod":"{\"scope\":\"device\",\"type\":\"sas\",\"issuer\":\"iothub\",\"acceptingIpFilterRule\":null}","connectionDeviceGenerationId":"638052891151821842","connectionDeviceId":"IOTDevice_5_1","contentEncoding":"utf-8","contentType":"application/json","enqueuedTime":"2022-10-11 18:00:00"}}
{"Body":{"Status":true,"Timestamp":"2022-10-11 18:00:00","rotate":"477.430733563029"},"EnqueuedTimeUtc":"2022-10-11 18:00:00","Properties":{"messagetype":"Demo"},"SystemProperties":{"connectionAuthMethod":"{\"scope\":\"device\",\"type\":\"sas\",\"issuer\":\"iothub\",\"acceptingIpFilterRule\":null}","connectionDeviceGenerationId":"638052891151821842","connectionDeviceId":"IOTDevice_5_2","contentEncoding":"utf-8","contentType":"application/json","enqueuedTime":"2022-10-11 18:00:00"}}
{"Body":{"Status":true,"Timestamp":"2022-10-11 18:00:00","pressure":"103.917624196584"},"EnqueuedTimeUtc":"2022-10-11 18:00:00","Properties":{"messagetype":"Demo"},"SystemProperties":{"connectionAuthMethod":"{\"scope\":\"device\",\"type\":\"sas\",\"issuer\":\"iothub\",\"acceptingIpFilterRule\":null}","connectionDeviceGenerationId":"638052891151821842","connectionDeviceId":"IOTDevice_5_3","contentEncoding":"utf-8","contentType":"application/json","enqueuedTime":"2022-10-11 18:00:00"}}
{"Body":{"Status":true,"Timestamp":"2022-10-11 18:00:00","vibration":"43.9984310758692"},"EnqueuedTimeUtc":"2022-10-11 18:00:00","Properties":{"messagetype":"Demo"},"SystemProperties":{"connectionAuthMethod":"{\"scope\":\"device\",\"type\":\"sas\",\"issuer\":\"iothub\",\"acceptingIpFilterRule\":null}","connectionDeviceGenerationId":"638052891151821842","connectionDeviceId":"IOTDevice_5_4","contentEncoding":"utf-8","contentType":"application/json","enqueuedTime":"2022-10-11 18:00:00"}}
{"Body":{"Status":true,"Timestamp":"2022-10-11 19:00:00","volt":"167.367516071028"},"EnqueuedTimeUtc":"2022-10-11 19:00:00","Properties":{"messagetype":"Demo"},"SystemProperties":{"connectionAuthMethod":"{\"scope\":\"device\",\"type\":\"sas\",\"issuer\":\"iothub\",\"acceptingIpFilterRule\":null}","connectionDeviceGenerationId":"638052891151821842","connectionDeviceId":"IOTDevice_5_1","contentEncoding":"utf-8","contentType":"application/json","enqueuedTime":"2022-10-11 19:00:00"}}
{"Body":{"Status":true,"Timestamp":"2022-10-11 19:00:00","rotate":"461.654271828647"},"EnqueuedTimeUtc":"2022-10-11 19:00:00","Properties":{"messagetype":"Demo"},"SystemProperties":{"connectionAuthMethod":"{\"scope\":\"device\",\"type\":\"sas\",\"issuer\":\"iothub\",\"acceptingIpFilterRule\":null}","connectionDeviceGenerationId":"638052891151821842","connectionDeviceId":"IOTDevice_5_2","contentEncoding":"utf-8","contentType":"application/json","enqueuedTime":"2022-10-11 19:00:00"}}
{"Body":{"Status":true,"Timestamp":"2022-10-11 19:00:00","pressure":"97.2547745236641"},"EnqueuedTimeUtc":"2022-10-11 19:00:00","Properties":{"messagetype":"Demo"},"SystemProperties":{"connectionAuthMethod":"{\"scope\":\"device\",\"type\":\"sas\",\"issuer\":\"iothub\",\"acceptingIpFilterRule\":null}","connectionDeviceGenerationId":"638052891151821842","connectionDeviceId":"IOTDevice_5_3","contentEncoding":"utf-8","contentType":"application/json","enqueuedTime":"2022-10-11 19:00:00"}}
{"Body":{"Status":true,"Timestamp":"2022-10-11 19:00:00","vibration":"51.8512351488045"},"EnqueuedTimeUtc":"2022-10-11 19:00:00","Properties":{"messagetype":"Demo"},"SystemProperties":{"connectionAuthMethod":"{\"scope\":\"device\",\"type\":\"sas\",\"issuer\":\"iothub\",\"acceptingIpFilterRule\":null}","connectionDeviceGenerationId":"638052891151821842","connectionDeviceId":"IOTDevice_5_4","contentEncoding":"utf-8","contentType":"application/json","enqueuedTime":"2022-10-11 19:00:00"}}
{"Body":{"Status":true,"Timestamp":"2022-10-11 20:00:00","volt":"191.103347241848"},"EnqueuedTimeUtc":"2022-10-11 20:00:00","Properties":{"messagetype":"Demo"},"SystemProperties":{"connectionAuthMethod":"{\"scope\":\"device\",\"type\":\"sas\",\"issuer\":\"iothub\",\"acceptingIpFilterRule\":null}","connectionDeviceGenerationId":"638052891151821842","connectionDeviceId":"IOTDevice_5_1","contentEncoding":"utf-8","contentType":"application/json","enqueuedTime":"2022-10-11 20:00:00"}}
{"Body":{"Status":true,"Timestamp":"2022-10-11 20:00:00","rotate":"506.046127821947"},"EnqueuedTimeUtc":"2022-10-11 20:00:00","Properties":{"messagetype":"Demo"},"SystemProperties":{"connectionAuthMethod":"{\"scope\":\"device\",\"type\":\"sas\",\"issuer\":\"iothub\",\"acceptingIpFilterRule\":null}","connectionDeviceGenerationId":"638052891151821842","connectionDeviceId":"IOTDevice_5_2","contentEncoding":"utf-8","contentType":"application/json","enqueuedTime":"2022-10-11 20:00:00"}}
{"Body":{"Status":true,"Timestamp":"2022-10-11 20:00:00","pressure":"103.024532311467"},"EnqueuedTimeUtc":"2022-10-11 20:00:00","Properties":{"messagetype":"Demo"},"SystemProperties":{"connectionAuthMethod":"{\"scope\":\"device\",\"type\":\"sas\",\"issuer\":\"iothub\",\"acceptingIpFilterRule\":null}","connectionDeviceGenerationId":"638052891151821842","connectionDeviceId":"IOTDevice_5_3","contentEncoding":"utf-8","contentType":"application/json","enqueuedTime":"2022-10-11 20:00:00"}}
{"Body":{"Status":true,"Timestamp":"2022-10-11 20:00:00","vibration":"34.744749100359"},"EnqueuedTimeUtc":"2022-10-11 20:00:00","Properties":{"messagetype":"Demo"},"SystemProperties":{"connectionAuthMethod":"{\"scope\":\"device\",\"type\":\"sas\",\"issuer\":\"iothub\",\"acceptingIpFilterRule\":null}","connectionDeviceGenerationId":"638052891151821842","connectionDeviceId":"IOTDevice_5_4","contentEncoding":"utf-8","contentType":"application/json","enqueuedTime":"2022-10-11 20:00:00"}}
{"Body":{"Status":true,"Timestamp":"2022-10-11 21:00:00","volt":"160.101958699682"},"EnqueuedTimeUtc":"2022-10-11 21:00:00","Properties":{"messagetype":"Demo"},"SystemProperties":{"connectionAuthMethod":"{\"scope\":\"device\",\"type\":\"sas\",\"issuer\":\"iothub\",\"acceptingIpFilterRule\":null}","connectionDeviceGenerationId":"638052891151821842","connectionDeviceId":"IOTDevice_5_1","contentEncoding":"utf-8","contentType":"application/json","enqueuedTime":"2022-10-11 21:00:00"}}
{"Body":{"Status":true,"Timestamp":"2022-10-11 21:00:00","rotate":"455.643695509868"},"EnqueuedTimeUtc":"2022-10-11 21:00:00","Properties":{"messagetype":"Demo"},"SystemProperties":{"connectionAuthMethod":"{\"scope\":\"device\",\"type\":\"sas\",\"issuer\":\"iothub\",\"acceptingIpFilterRule\":null}","connectionDeviceGenerationId":"638052891151821842","connectionDeviceId":"IOTDevice_5_2","contentEncoding":"utf-8","contentType":"application/json","enqueuedTime":"2022-10-11 21:00:00"}}
{"Body":{"Status":true,"Timestamp":"2022-10-11 21:00:00","pressure":"90.6763832713038"},"EnqueuedTimeUtc":"2022-10-11 21:00:00","Properties":{"messagetype":"Demo"},"SystemProperties":{"connectionAuthMethod":"{\"scope\":\"device\",\"type\":\"sas\",\"issuer\":\"iothub\",\"acceptingIpFilterRule\":null}","connectionDeviceGenerationId":"638052891151821842","connectionDeviceId":"IOTDevice_5_3","contentEncoding":"utf-8","contentType":"application/json","enqueuedTime":"2022-10-11 21:00:00"}}
{"Body":{"Status":true,"Timestamp":"2022-10-11 21:00:00","vibration":"43.3677469830805"},"EnqueuedTimeUtc":"2022-10-11 21:00:00","Properties":{"messagetype":"Demo"},"SystemProperties":{"connectionAuthMethod":"{\"scope\":\"device\",\"type\":\"sas\",\"issuer\":\"iothub\",\"acceptingIpFilterRule\":null}","connectionDeviceGenerationId":"638052891151821842","connectionDeviceId":"IOTDevice_5_4","contentEncoding":"utf-8","contentType":"application/json","enqueuedTime":"2022-10-11 21:00:00"}}
{"Body":{"Status":true,"Timestamp":"2022-10-11 22:00:00","volt":"156.226317996415"},"EnqueuedTimeUtc":"2022-10-11 22:00:00","Properties":{"messagetype":"Demo"},"SystemProperties":{"connectionAuthMethod":"{\"scope\":\"device\",\"type\":\"sas\",\"issuer\":\"iothub\",\"acceptingIpFilterRule\":null}","connectionDeviceGenerationId":"638052891151821842","connectionDeviceId":"IOTDevice_5_1","contentEncoding":"utf-8","contentType":"application/json","enqueuedTime":"2022-10-11 22:00:00"}}
{"Body":{"Status":true,"Timestamp":"2022-10-11 22:00:00","rotate":"403.563222581339"},"EnqueuedTimeUtc":"2022-10-11 22:00:00","Properties":{"messagetype":"Demo"},"SystemProperties":{"connectionAuthMethod":"{\"scope\":\"device\",\"type\":\"sas\",\"issuer\":\"iothub\",\"acceptingIpFilterRule\":null}","connectionDeviceGenerationId":"638052891151821842","connectionDeviceId":"IOTDevice_5_2","contentEncoding":"utf-8","contentType":"application/json","enqueuedTime":"2022-10-11 22:00:00"}}
{"Body":{"Status":true,"Timestamp":"2022-10-11 22:00:00","pressure":"96.1065958893316"},"EnqueuedTimeUtc":"2022-10-11 22:00:00","Properties":{"messagetype":"Demo"},"SystemProperties":{"connectionAuthMethod":"{\"scope\":\"device\",\"type\":\"sas\",\"issuer\":\"iothub\",\"acceptingIpFilterRule\":null}","connectionDeviceGenerationId":"638052891151821842","connectionDeviceId":"IOTDevice_5_3","contentEncoding":"utf-8","contentType":"application/json","enqueuedTime":"2022-10-11 22:00:00"}}
{"Body":{"Status":true,"Timestamp":"2022-10-11 22:00:00","vibration":"30.8275922487559"},"EnqueuedTimeUtc":"2022-10-11 22:00:00","Properties":{"messagetype":"Demo"},"SystemProperties":{"connectionAuthMethod":"{\"scope\":\"device\",\"type\":\"sas\",\"issuer\":\"iothub\",\"acceptingIpFilterRule\":null}","connectionDeviceGenerationId":"638052891151821842","connectionDeviceId":"IOTDevice_5_4","contentEncoding":"utf-8","contentType":"application/json","enqueuedTime":"2022-10-11 22:00:00"}}
{"Body":{"Status":true,"Timestamp":"2022-10-11 23:00:00","volt":"189.871056861872"},"EnqueuedTimeUtc":"2022-10-11 23:00:00","Properties":{"messagetype":"Demo"},"SystemProperties":{"connectionAuthMethod":"{\"scope\":\"device\",\"type\":\"sas\",\"issuer\":\"iothub\",\"acceptingIpFilterRule\":null}","connectionDeviceGenerationId":"638052891151821842","connectionDeviceId":"IOTDevice_5_1","contentEncoding":"utf-8","contentType":"application/json","enqueuedTime":"2022-10-11 23:00:00"}}
{"Body":{"Status":true,"Timestamp":"2022-10-11 23:00:00","rotate":"408.081980947734"},"EnqueuedTimeUtc":"2022-10-11 23:00:00","Properties":{"messagetype":"Demo"},"SystemProperties":{"connectionAuthMethod":"{\"scope\":\"device\",\"type\":\"sas\",\"issuer\":\"iothub\",\"acceptingIpFilterRule\":null}","connectionDeviceGenerationId":"638052891151821842","connectionDeviceId":"IOTDevice_5_2","contentEncoding":"utf-8","contentType":"application/json","enqueuedTime":"2022-10-11 23:00:00"}}
{"Body":{"Status":true,"Timestamp":"2022-10-11 23:00:00","pressure":"98.6605838023116"},"EnqueuedTimeUtc":"2022-10-11 23:00:00","Properties":{"messagetype":"Demo"},"SystemProperties":{"connectionAuthMethod":"{\"scope\":\"device\",\"type\":\"sas\",\"issuer\":\"iothub\",\"acceptingIpFilterRule\":null}","connectionDeviceGenerationId":"638052891151821842","connectionDeviceId":"IOTDevice_5_3","contentEncoding":"utf-8","contentType":"application/json","enqueuedTime":"2022-10-11 23:00:00"}}
{"Body":{"Status":true,"Timestamp":"2022-10-11 23:00:00","vibration":"34.6554814903008"},"EnqueuedTimeUtc":"2022-10-11 23:00:00","Properties":{"messagetype":"Demo"},"SystemProperties":{"connectionAuthMethod":"{\"scope\":\"device\",\"type\":\"sas\",\"issuer\":\"iothub\",\"acceptingIpFilterRule\":null}","connectionDeviceGenerationId":"638052891151821842","connectionDeviceId":"IOTDevice_5_4","contentEncoding":"utf-8","contentType":"application/json","enqueuedTime":"2022-10-11 23:00:00"}}
