{"Body":{"Status":true,"Timestamp":"2022-10-12 18:00:00","volt":"187.19392759696"},"EnqueuedTimeUtc":"2022-10-12 18:00:00","Properties":{"messagetype":"Demo"},"SystemProperties":{"connectionAuthMethod":"{\"scope\":\"device\",\"type\":\"sas\",\"issuer\":\"iothub\",\"acceptingIpFilterRule\":null}","connectionDeviceGenerationId":"638052891151821842","connectionDeviceId":"IOTDevice_4_1","contentEncoding":"utf-8","contentType":"application/json","enqueuedTime":"2022-10-12 18:00:00"}}
{"Body":{"Status":true,"Timestamp":"2022-10-12 18:00:00","rotate":"437.613090586905"},"EnqueuedTimeUtc":"2022-10-12 18:00:00","Properties":{"messagetype":"Demo"},"SystemProperties":{"connectionAuthMethod":"{\"scope\":\"device\",\"type\":\"sas\",\"issuer\":\"iothub\",\"acceptingIpFilterRule\":null}","connectionDeviceGenerationId":"638052891151821842","connectionDeviceId":"IOTDevice_4_2","contentEncoding":"utf-8","contentType":"application/json","enqueuedTime":"2022-10-12 18:00:00"}}
{"Body":{"Status":true,"Timestamp":"2022-10-12 18:00:00","pressure":"108.302036382645"},"EnqueuedTimeUtc":"2022-10-12 18:00:00","Properties":{"messagetype":"Demo"},"SystemProperties":{"connectionAuthMethod":"{\"scope\":\"device\",\"type\":\"sas\",\"issuer\":\"iothub\",\"acceptingIpFilterRule\":null}","connectionDeviceGenerationId":"638052891151821842","connectionDeviceId":"IOTDevice_4_3","contentEncoding":"utf-8","contentType":"application/json","enqueuedTime":"2022-10-12 18:00:00"}}
{"Body":{"Status":true,"Timestamp":"2022-10-12 18:00:00","vibration":"39.3057417943035"},"EnqueuedTimeUtc":"2022-10-12 18:00:00","Properties":{"messagetype":"Demo"},"SystemProperties":{"connectionAuthMethod":"{\"scope\":\"device\",\"type\":\"sas\",\"issuer\":\"iothub\",\"acceptingIpFilterRule\":null}","connectionDeviceGenerationId":"638052891151821842","connectionDeviceId":"IOTDevice_4_4","contentEncoding":"utf-8","contentType":"application/json","enqueuedTime":"2022-10-12 18:00:00"}}
{"Body":{"Status":true,"Timestamp":"2022-10-12 19:00:00","volt":"143.537779848362"},"EnqueuedTimeUtc":"2022-10-12 19:00:00","Properties":{"messagetype":"Demo"},"SystemProperties":{"connectionAuthMethod":"{\"scope\":\"device\",\"type\":\"sas\",\"issuer\":\"iothub\",\"acceptingIpFilterRule\":null}","connectionDeviceGenerationId":"638052891151821842","connectionDeviceId":"IOTDevice_4_1","contentEncoding":"utf-8","contentType":"application/json","enqueuedTime":"2022-10-12 19:00:00"}}
{"Body":{"Status":true,"Timestamp":"2022-10-12 19:00:00","rotate":"405.674337039155"},"EnqueuedTimeUtc":"2022-10-12 19:00:00","Properties":{"messagetype":"Demo"},"SystemProperties":{"connectionAuthMethod":"{\"scope\":\"device\",\"type\":\"sas\",\"issuer\":\"iothub\",\"acceptingIpFilterRule\":null}","connectionDeviceGenerationId":"638052891151821842","connectionDeviceId":"IOTDevice_4_2","contentEncoding":"utf-8","contentType":"application/json","enqueuedTime":"2022-10-12 19:00:00"}}
{"Body":{"Status":true,"Timestamp":"2022-10-12 19:00:00","pressure":"110.147615614406"},"EnqueuedTimeUtc":"2022-10-12 19:00:00","Properties":{"messagetype":"Demo"},"SystemProperties":{"connectionAuthMethod":"{\"scope\":\"device\",\"type\":\"sas\",\"issuer\":\"iothub\",\"acceptingIpFilterRule\":null}","connectionDeviceGenerationId":"638052891151821842","connectionDeviceId":"IOTDevice_4_3","contentEncoding":"utf-8","contentType":"application/json","enqueuedTime":"2022-10-12 19:00:00"}}
{"Body":{"Status":true,"Timestamp":"2022-10-12 19:00:00","vibration":"37.9772217686848"},"EnqueuedTimeUtc":"2022-10-12 19:00:00","Properties":{"messagetype":"Demo"},"SystemProperties":{"connectionAuthMethod":"{\"scope\":\"device\",\"type\":\"sas\",\"issuer\":\"iothub\",\"acceptingIpFilterRule\":null}","connectionDeviceGenerationId":"638052891151821842","connectionDeviceId":"IOTDevice_4_4","contentEncoding":"utf-8","contentType":"application/json","enqueuedTime":"2022-10-12 19:00:00"}}
{"Body":{"Status":true,"Timestamp":"2022-10-12 20:00:00","volt":"178.272947608158"},"EnqueuedTimeUtc":"2022-10-12 20:00:00","Properties":{"messagetype":"Demo"},"SystemProperties":{"connectionAuthMethod":"{\"scope\":\"device\",\"type\":\"sas\",\"issuer\":\"iothub\",\"acceptingIpFilterRule\":null}","connectionDeviceGenerationId":"638052891151821842","connectionDeviceId":"IOTDevice_4_1","contentEncoding":"utf-8","contentType":"application/json","enqueuedTime":"2022-10-12 20:00:00"}}
{"Body":{"Status":true,"Timestamp":"2022-10-12 20:00:00","rotate":"432.239448795392"},"EnqueuedTimeUtc":"2022-10-12 20:00:00","Properties":{"messagetype":"Demo"},"SystemProperties":{"connectionAuthMethod":"{\"scope\":\"device\",\"type\":\"sas\",\"issuer\":\"iothub\",\"acceptingIpFilterRule\":null}","connectionDeviceGenerationId":"638052891151821842","connectionDeviceId":"IOTDevice_4_2","contentEncoding":"utf-8","contentType":"application/json","enqueuedTime":"2022-10-12 20:00:00"}}
{"Body":{"Status":true,"Timestamp":"2022-10-12 20:00:00","pressure":"94.3113418456138"},"EnqueuedTimeUtc":"2022-10-12 20:00:00","Properties":{"messagetype":"Demo"},"SystemProperties":{"connectionAuthMethod":"{\"scope\":\"device\",\"type\":\"sas\",\"issuer\":\"iothub\",\"acceptingIpFilterRule\":null}","connectionDeviceGenerationId":"638052891151821842","connectionDeviceId":"IOTDevice_4_3","contentEncoding":"utf-8","contentType":"application/json","enqueuedTime":"2022-10-12 20:00:00"}}
{"Body":{"Status":true,"Timestamp":"2022-10-12 20:00:00","vibration":"38.0960864309505"},"EnqueuedTimeUtc":"2022-10-12 20:00:00","Properties":{"messagetype":"Demo"},"SystemProperties":{"connectionAuthMethod":"{\"scope\":\"device\",\"type\":\"sas\",\"issuer\":\"iothub\",\"acceptingIpFilterRule\":null}","connectionDeviceGenerationId":"638052891151821842","connectionDeviceId":"IOTDevice_4_4","contentEncoding":"utf-8","contentType":"application/json","enqueuedTime":"2022-10-12 20:00:00"}}
{"Body":{"Status":true,"Timestamp":"2022-10-12 21:00:00","volt":"143.148598287434"},"EnqueuedTimeUtc":"2022-10-12 21:00:00","Properties":{"messagetype":"Demo"},"SystemProperties":{"connectionAuthMethod":"{\"scope\":\"device\",\"type\":\"sas\",\"issuer\":\"iothub\",\"acceptingIpFilterRule\":null}","connectionDeviceGenerationId":"638052891151821842","connectionDeviceId":"IOTDevice_4_1","contentEncoding":"utf-8","contentType":"application/json","enqueuedTime":"2022-10-12 21:00:00"}}
{"Body":{"Status":true,"Timestamp":"2022-10-12 21:00:00","rotate":"480.828569973117"},"EnqueuedTimeUtc":"2022-10-12 21:00:00","Properties":{"messagetype":"Demo"},"SystemProperties":{"connectionAuthMethod":"{\"scope\":\"device\",\"type\":\"sas\",\"issuer\":\"iothub\",\"acceptingIpFilterRule\":null}","connectionDeviceGenerationId":"638052891151821842","connectionDeviceId":"IOTDevice_4_2","contentEncoding":"utf-8","contentType":"application/json","enqueuedTime":"2022-10-12 21:00:00"}}
{"Body":{"Status":true,"Timestamp":"2022-10-12 21:00:00","pressure":"86.8689087657253"},"EnqueuedTimeUtc":"2022-10-12 21:00:00","Properties":{"messagetype":"Demo"},"SystemProperties":{"connectionAuthMethod":"{\"scope\":\"device\",\"type\":\"sas\",\"issuer\":\"iothub\",\"acceptingIpFilterRule\":null}","connectionDeviceGenerationId":"638052891151821842","connectionDeviceId":"IOTDevice_4_3","contentEncoding":"utf-8","contentType":"application/json","enqueuedTime":"2022-10-12 21:00:00"}}
{"Body":{"Status":true,"Timestamp":"2022-10-12 21:00:00","vibration":"43.7539998294111"},"EnqueuedTimeUtc":"2022-10-12 21:00:00","Properties":{"messagetype":"Demo"},"SystemProperties":{"connectionAuthMethod":"{\"scope\":\"device\",\"type\":\"sas\",\"issuer\":\"iothub\",\"acceptingIpFilterRule\":null}","connectionDeviceGenerationId":"638052891151821842","connectionDeviceId":"IOTDevice_4_4","contentEncoding":"utf-8","contentType":"application/json","enqueuedTime":"2022-10-12 21:00:00"}}
{"Body":{"Status":true,"Timestamp":"2022-10-12 22:00:00","volt":"156.044211805264"},"EnqueuedTimeUtc":"2022-10-12 22:00:00","Properties":{"messagetype":"Demo"},"SystemProperties":{"connectionAuthMethod":"{\"scope\":\"device\",\"type\":\"sas\",\"issuer\":\"iothub\",\"acceptingIpFilterRule\":null}","connectionDeviceGenerationId":"638052891151821842","connectionDeviceId":"IOTDevice_4_1","contentEncoding":"utf-8","contentType":"application/json","enqueuedTime":"2022-10-12 22:00:00"}}
{"Body":{"Status":true,"Timestamp":"2022-10-12 22:00:00","rotate":"516.980117224317"},"EnqueuedTimeUtc":"2022-10-12 22:00:00","Properties":{"messagetype":"Demo"},"SystemProperties":{"connectionAuthMethod":"{\"scope\":\"device\",\"type\":\"sas\",\"issuer\":\"iothub\",\"acceptingIpFilterRule\":null}","connectionDeviceGenerationId":"638052891151821842","connectionDeviceId":"IOTDevice_4_2","contentEncoding":"utf-8","contentType":"application/json","enqueuedTime":"2022-10-12 22:00:00"}}
{"Body":{"Status":true,"Timestamp":"2022-10-12 22:00:00","pressure":"91.7149118141071"},"EnqueuedTimeUtc":"2022-10-12 22:00:00","Properties":{"messagetype":"Demo"},"SystemProperties":{"connectionAuthMethod":"{\"scope\":\"device\",\"type\":\"sas\",\"issuer\":\"iothub\",\"acceptingIpFilterRule\":null}","connectionDeviceGenerationId":"638052891151821842","connectionDeviceId":"IOTDevice_4_3","contentEncoding":"utf-8","contentType":"application/json","enqueuedTime":"2022-10-12 22:00:00"}}
{"Body":{"Status":true,"Timestamp":"2022-10-12 22:00:00","vibration":"43.6908896843579"},"EnqueuedTimeUtc":"2022-10-12 22:00:00","Properties":{"messagetype":"Demo"},"SystemProperties":{"connectionAuthMethod":"{\"scope\":\"device\",\"type\":\"sas\",\"issuer\":\"iothub\",\"acceptingIpFilterRule\":null}","connectionDeviceGenerationId":"638052891151821842","connectionDeviceId":"IOTDevice_4_4","contentEncoding":"utf-8","contentType":"application/json","enqueuedTime":"2022-10-12 22:00:00"}}
{"Body":{"Status":true,"Timestamp":"2022-10-12 23:00:00","volt":"169.61013280751"},"EnqueuedTimeUtc":"2022-10-12 23:00:00","Properties":{"messagetype":"Demo"},"SystemProperties":{"connectionAuthMethod":"{\"scope\":\"device\",\"type\":\"sas\",\"issuer\":\"iothub\",\"acceptingIpFilterRule\":null}","connectionDeviceGenerationId":"638052891151821842","connectionDeviceId":"IOTDevice_4_1","contentEncoding":"utf-8","contentType":"application/json","enqueuedTime":"2022-10-12 23:00:00"}}
{"Body":{"Status":true,"Timestamp":"2022-10-12 23:00:00","rotate":"476.984247146833"},"EnqueuedTimeUtc":"2022-10-12 23:00:00","Properties":{"messagetype":"Demo"},"SystemProperties":{"connectionAuthMethod":"{\"scope\":\"device\",\"type\":\"sas\",\"issuer\":\"iothub\",\"acceptingIpFilterRule\":null}","connectionDeviceGenerationId":"638052891151821842","connectionDeviceId":"IOTDevice_4_2","contentEncoding":"utf-8","contentType":"application/json","enqueuedTime":"2022-10-12 23:00:00"}}
{"Body":{"Status":true,"Timestamp":"2022-10-12 23:00:00","pressure":"108.53980724735"},"EnqueuedTimeUtc":"2022-10-12 23:00:00","Properties":{"messagetype":"Demo"},"SystemProperties":{"connectionAuthMethod":"{\"scope\":\"device\",\"type\":\"sas\",\"issuer\":\"iothub\",\"acceptingIpFilterRule\":null}","connectionDeviceGenerationId":"638052891151821842","connectionDeviceId":"IOTDevice_4_3","contentEncoding":"utf-8","contentType":"application/json","enqueuedTime":"2022-10-12 23:00:00"}}
{"Body":{"Status":true,"Timestamp":"2022-10-12 23:00:00","vibration":"45.7015587109461"},"EnqueuedTimeUtc":"2022-10-12 23:00:00","Properties":{"messagetype":"Demo"},"SystemProperties":{"connectionAuthMethod":"{\"scope\":\"device\",\"type\":\"sas\",\"issuer\":\"iothub\",\"acceptingIpFilterRule\":null}","connectionDeviceGenerationId":"638052891151821842","connectionDeviceId":"IOTDevice_4_4","contentEncoding":"utf-8","contentType":"application/json","enqueuedTime":"2022-10-12 23:00:00"}}
{"Body":{"Status":true,"Timestamp":"2022-10-12 00:00:00","volt":"174.060480597254"},"EnqueuedTimeUtc":"2022-10-12 00:00:00","Properties":{"messagetype":"Demo"},"SystemProperties":{"connectionAuthMethod":"{\"scope\":\"device\",\"type\":\"sas\",\"issuer\":\"iothub\",\"acceptingIpFilterRule\":null}","connectionDeviceGenerationId":"638052891151821842","connectionDeviceId":"IOTDevice_5_1","contentEncoding":"utf-8","contentType":"application/json","enqueuedTime":"2022-10-12 00:00:00"}}
{"Body":{"Status":true,"Timestamp":"2022-10-12 00:00:00","rotate":"484.488990979469"},"EnqueuedTimeUtc":"2022-10-12 00:00:00","Properties":{"messagetype":"Demo"},"SystemProperties":{"connectionAuthMethod":"{\"scope\":\"device\",\"type\":\"sas\",\"issuer\":\"iothub\",\"acceptingIpFilterRule\":null}","connectionDeviceGenerationId":"638052891151821842","connectionDeviceId":"IOTDevice_5_2","contentEncoding":"utf-8","contentType":"application/json","enqueuedTime":"2022-10-12 00:00:00"}}
{"Body":{"Status":true,"Timestamp":"2022-10-12 00:00:00","pressure":"96.674588350263"},"EnqueuedTimeUtc":"2022-10-12 00:00:00","Properties":{"messagetype":"Demo"},"SystemProperties":{"connectionAuthMethod":"{\"scope\":\"device\",\"type\":\"sas\",\"issuer\":\"iothub\",\"acceptingIpFilterRule\":null}","connectionDeviceGenerationId":"638052891151821842","connectionDeviceId":"IOTDevice_5_3","contentEncoding":"utf-8","contentType":"application/json","enqueuedTime":"2022-10-12 00:00:00"}}
{"Body":{"Status":true,"Timestamp":"2022-10-12 00:00:00","vibration":"38.7269154223632"},"EnqueuedTimeUtc":"2022-10-12 00:00:00","Properties":{"messagetype":"Demo"},"SystemProperties":{"connectionAuthMethod":"{\"scope\":\"device\",\"type\":\"sas\",\"issuer\":\"iothub\",\"acceptingIpFilterRule\":null}","connectionDeviceGenerationId":"638052891151821842","connectionDeviceId":"IOTDevice_5_4","contentEncoding":"utf-8","contentType":"application/json","enqueuedTime":"2022-10-12 00:00:00"}}
{"Body":{"Status":true,"Timestamp":"2022-10-12 01:00:00","volt":"162.911228268784"},"EnqueuedTimeUtc":"2022-10-12 01:00:00","Properties":{"messagetype":"Demo"},"SystemProperties":{"connectionAuthMethod":"{\"scope\":\"device\",\"type\":\"sas\",\"issuer\":\"iothub\",\"acceptingIpFilterRule\":null}","connectionDeviceGenerationId":"638052891151821842","connectionDeviceId":"IOTDevice_5_1","contentEncoding":"utf-8","contentType":"application/json","enqueuedTime":"2022-10-12 01:00:00"}}
{"Body":{"Status":true,"Timestamp":"2022-10-12 01:00:00","rotate":"426.81621749676"},"EnqueuedTimeUtc":"2022-10-12 01:00:00","Properties":{"messagetype":"Demo"},"SystemProperties":{"connectionAuthMethod":"{\"scope\":\"device\",\"type\":\"sas\",\"issuer\":\"iothub\",\"acceptingIpFilterRule\":null}","connectionDeviceGenerationId":"638052891151821842","connectionDeviceId":"IOTDevice_5_2","contentEncoding":"utf-8","contentType":"application/json","enqueuedTime":"2022-10-12 01:00:00"}}
{"Body":{"Status":true,"Timestamp":"2022-10-12 01:00:00","pressure":"101.75701385257"},"EnqueuedTimeUtc":"2022-10-12 01:00:00","Properties":{"messagetype":"Demo"},"SystemProperties":{"connectionAuthMethod":"{\"scope\":\"device\",\"type\":\"sas\",\"issuer\":\"iothub\",\"acceptingIpFilterRule\":null}","connectionDeviceGenerationId":"638052891151821842","connectionDeviceId":"IOTDevice_5_3","contentEncoding":"utf-8","contentType":"application/json","enqueuedTime":"2022-10-12 01:00:00"}}
{"Body":{"Status":true,"Timestamp":"2022-10-12 01:00:00","vibration":"34.8430550124913"},"EnqueuedTimeUtc":"2022-10-12 01:00:00","Properties":{"messagetype":"Demo"},"SystemProperties":{"connectionAuthMethod":"{\"scope\":\"device\",\"type\":\"sas\",\"issuer\":\"iothub\",\"acceptingIpFilterRule\":null}","connectionDeviceGenerationId":"638052891151821842","connectionDeviceId":"IOTDevice_5_4","contentEncoding":"utf-8","contentType":"application/json","enqueuedTime":"2022-10-12 01:00:00"}}
{"Body":{"Status":true,"Timestamp":"2022-10-12 02:00:00","volt":"160.989418196895"},"EnqueuedTimeUtc":"2022-10-12 02:00:00","Properties":{"messagetype":"Demo"},"SystemProperties":{"connectionAuthMethod":"{\"scope\":\"device\",\"type\":\"sas\",\"issuer\":\"iothub\",\"acceptingIpFilterRule\":null}","connectionDeviceGenerationId":"638052891151821842","connectionDeviceId":"IOTDevice_5_1","contentEncoding":"utf-8","contentType":"application/json","enqueuedTime":"2022-10-12 02:00:00"}}
{"Body":{"Status":true,"Timestamp":"2022-10-12 02:00:00","rotate":"394.926079151636"},"EnqueuedTimeUtc":"2022-10-12 02:00:00","Properties":{"messagetype":"Demo"},"SystemProperties":{"connectionAuthMethod":"{\"scope\":\"device\",\"type\":\"sas\",\"issuer\":\"iothub\",\"acceptingIpFilterRule\":null}","connectionDeviceGenerationId":"638052891151821842","connectionDeviceId":"IOTDevice_5_2","contentEncoding":"utf-8","contentType":"application/json","enqueuedTime":"2022-10-12 02:00:00"}}
{"Body":{"Status":true,"Timestamp":"2022-10-12 02:00:00","pressure":"91.6500856475387"},"EnqueuedTimeUtc":"2022-10-12 02:00:00","Properties":{"messagetype":"Demo"},"SystemProperties":{"connectionAuthMethod":"{\"scope\":\"device\",\"type\":\"sas\",\"issuer\":\"iothub\",\"acceptingIpFilterRule\":null}","connectionDeviceGenerationId":"638052891151821842","connectionDeviceId":"IOTDevice_5_3","contentEncoding":"utf-8","contentType":"application/json","enqueuedTime":"2022-10-12 02:00:00"}}
{"Body":{"Status":true,"Timestamp":"2022-10-12 02:00:00","vibration":"37.0893737377458"},"EnqueuedTimeUtc":"2022-10-12 02:00:00","Properties":{"messagetype":"Demo"},"SystemProperties":{"connectionAuthMethod":"{\"scope\":\"device\",\"type\":\"sas\",\"issuer\":\"iothub\",\"acceptingIpFilterRule\":null}","connectionDeviceGenerationId":"638052891151821842","connectionDeviceId":"IOTDevice_5_4","contentEncoding":"utf-8","contentType":"application/json","enqueuedTime":"2022-10-12 02:00:00"}}
{"Body":{"Status":true,"Timestamp":"2022-10-12 03:00:00","volt":"145.853977475802"},"EnqueuedTimeUtc":"2022-10-12 03:00:00","Properties":{"messagetype":"Demo"},"SystemProperties":{"connectionAuthMethod":"{\"scope\":\"device\",\"type\":\"sas\",\"issuer\":\"iothub\",\"acceptingIpFilterRule\":null}","connectionDeviceGenerationId":"638052891151821842","connectionDeviceId":"IOTDevice_5_1","contentEncoding":"utf-8","contentType":"application/json","enqueuedTime":"2022-10-12 03:00:00"}}
{"Body":{"Status":true,"Timestamp":"2022-10-12 03:00:00","rotate":"447.057851148701"},"EnqueuedTimeUtc":"2022-10-12 03:00:00","Properties":{"messagetype":"Demo"},"SystemProperties":{"connectionAuthMethod":"{\"scope\":\"device\",\"type\":\"sas\",\"issuer\":\"iothub\",\"acceptingIpFilterRule\":null}","connectionDeviceGenerationId":"638052891151821842","connectionDeviceId":"IOTDevice_5_2","contentEncoding":"utf-8","contentType":"application/json","enqueuedTime":"2022-10-12 03:00:00"}}
{"Body":{"Status":true,"Timestamp":"2022-10-12 03:00:00","pressure":"103.408959931886"},"EnqueuedTimeUtc":"2022-10-12 03:00:00","Properties":{"messagetype":"Demo"},"SystemProperties":{"connectionAuthMethod":"{\"scope\":\"device\",\"type\":\"sas\",\"issuer\":\"iothub\",\"acceptingIpFilterRule\":null}","connectionDeviceGenerationId":"638052891151821842","connectionDeviceId":"IOTDevice_5_3","contentEncoding":"utf-8","contentType":"application/json","enqueuedTime":"2022-10-12 03:00:00"}}
{"Body":{"Status":true,"Timestamp":"2022-10-12 03:00:00","vibration":"36.8759595540663"},"EnqueuedTimeUtc":"2022-10-12 03:00:00","Properties":{"messagetype":"Demo"},"SystemProperties":{"connectionAuthMethod":"{\"scope\":\"device\",\"type\":\"sas\",\"issuer\":\"iothub\",\"acceptingIpFilterRule\":null}","connectionDeviceGenerationId":"638052891151821842","connectionDeviceId":"IOTDevice_5_4","contentEncoding":"utf-8","contentType":"application/json","enqueuedTime":"2022-10-12 03:00:00"}}
{"Body":{"Status":true,"Timestamp":"2022-10-12 04:00:00","volt":"171.184678363506"},"EnqueuedTimeUtc":"2022-10-12 04:00:00","Properties":{"messagetype":"Demo"},"SystemProperties":{"connectionAuthMethod":"{\"scope\":\"device\",\"type\":\"sas\",\"issuer\":\"iothub\",\"acceptingIpFilterRule\":null}","connectionDeviceGenerationId":"638052891151821842","connectionDeviceId":"IOTDevice_5_1","contentEncoding":"utf-8","contentType":"application/json","enqueuedTime":"2022-10-12 04:00:00"}}
{"Body":{"Status":true,"Timestamp":"2022-10-12 04:00:00","rotate":"511.237862531688"},"EnqueuedTimeUtc":"2022-10-12 04:00:00","Properties":{"messagetype":"Demo"},"SystemProperties":{"connectionAuthMethod":"{\"scope\":\"device\",\"type\":\"sas\",\"issuer\":\"iothub\",\"acceptingIpFilterRule\":null}","connectionDeviceGenerationId":"638052891151821842","connectionDeviceId":"IOTDevice_5_2","contentEncoding":"utf-8","contentType":"application/json","enqueuedTime":"2022-10-12 04:00:00"}}
{"Body":{"Status":true,"Timestamp":"2022-10-12 04:00:00","pressure":"94.0776834788186"},"EnqueuedTimeUtc":"2022-10-12 04:00:00","Properties":{"messagetype":"Demo"},"SystemProperties":{"connectionAuthMethod":"{\"scope\":\"device\",\"type\":\"sas\",\"issuer\":\"iothub\",\"acceptingIpFilterRule\":null}","connectionDeviceGenerationId":"638052891151821842","connectionDeviceId":"IOTDevice_5_3","contentEncoding":"utf-8","contentType":"application/json","enqueuedTime":"2022-10-12 04:00:00"}}
{"Body":{"Status":true,"Timestamp":"2022-10-12 04:00:00","vibration":"32.8200026148968"},"EnqueuedTimeUtc":"2022-10-12 04:00:00","Properties":{"messagetype":"Demo"},"SystemProperties":{"connectionAuthMethod":"{\"scope\":\"device\",\"type\":\"sas\",\"issuer\":\"iothub\",\"acceptingIpFilterRule\":null}","connectionDeviceGenerationId":"638052891151821842","connectionDeviceId":"IOTDevice_5_4","contentEncoding":"utf-8","contentType":"application/json","enqueuedTime":"2022-10-12 04:00:00"}}
{"Body":{"Status":true,"Timestamp":"2022-10-12 05:00:00","volt":"162.87090963184"},"EnqueuedTimeUtc":"2022-10-12 05:00:00","Properties":{"messagetype":"Demo"},"SystemProperties":{"connectionAuthMethod":"{\"scope\":\"device\",\"type\":\"sas\",\"issuer\":\"iothub\",\"acceptingIpFilterRule\":null}","connectionDeviceGenerationId":"638052891151821842","connectionDeviceId":"IOTDevice_5_1","contentEncoding":"utf-8","contentType":"application/json","enqueuedTime":"2022-10-12 05:00:00"}}
{"Body":{"Status":true,"Timestamp":"2022-10-12 05:00:00","rotate":"440.693810966895"},"EnqueuedTimeUtc":"2022-10-12 05:00:00","Properties":{"messagetype":"Demo"},"SystemProperties":{"connectionAuthMethod":"{\"scope\":\"device\",\"type\":\"sas\",\"issuer\":\"iothub\",\"acceptingIpFilterRule\":null}","connectionDeviceGenerationId":"638052891151821842","connectionDeviceId":"IOTDevice_5_2","contentEncoding":"utf-8","contentType":"application/json","enqueuedTime":"2022-10-12 05:00:00"}}
{"Body":{"Status":true,"Timestamp":"2022-10-12 05:00:00","pressure":"90.712531151553"},"EnqueuedTimeUtc":"2022-10-12 05:00:00","Properties":{"messagetype":"Demo"},"SystemProperties":{"connectionAuthMethod":"{\"scope\":\"device\",\"type\":\"sas\",\"issuer\":\"iothub\",\"acceptingIpFilterRule\":null}","connectionDeviceGenerationId":"638052891151821842","connectionDeviceId":"IOTDevice_5_3","contentEncoding":"utf-8","contentType":"application/json","enqueuedTime":"2022-10-12 05:00:00"}}
{"Body":{"Status":true,"Timestamp":"2022-10-12 05:00:00","vibration":"37.5953197236057"},"EnqueuedTimeUtc":"2022-10-12 05:00:00","Properties":{"messagetype":"Demo"},"SystemProperties":{"connectionAuthMethod":"{\"scope\":\"device\",\"type\":\"sas\",\"issuer\":\"iothub\",\"acceptingIpFilterRule\":null}","connectionDeviceGenerationId":"638052891151821842","connectionDeviceId":"IOTDevice_5_4","contentEncoding":"utf-8","contentType":"application/json","enqueuedTime":"2022-10-12 05:00:00"}}
{"Body":{"Status":true,"Timestamp":"2022-10-12 06:00:00","volt":"168.074442824439"},"EnqueuedTimeUtc":"2022-10-12 06:00:00","Properties":{"messagetype":"Demo"},"SystemProperties":{"connectionAuthMethod":"{\"scope\":\"device\",\"type\":\"sas\",\"issuer\":\"iothub\",\"acceptingIpFilterRule\":null}","connectionDeviceGenerationId":"638052891151821842","connectionDeviceId":"IOTDevice_5_1","contentEncoding":"utf-8","contentType":"application/json","enqueuedTime":"2022-10-12 06:00:00"}}
{"Body":{"Status":true,"Timestamp":"2022-10-12 06:00:00","rotate":"461.65612404594"},"EnqueuedTimeUtc":"2022-10-12 06:00:00","Properties":{"messagetype":"Demo"},"SystemProperties":{"connectionAuthMethod":"{\"scope\":\"device\",\"type\":\"sas\",\"issuer\":\"iothub\",\"acceptingIpFilterRule\":null}","connectionDeviceGenerationId":"638052891151821842","connectionDeviceId":"IOTDevice_5_2","contentEncoding":"utf-8","contentType":"application/json","enqueuedTime":"2022-10-12 06:00:00"}}
{"Body":{"Status":true,"Timestamp":"2022-10-12 06:00:00","pressure":"100.83354145899"},"EnqueuedTimeUtc":"2022-10-12 06:00:00","Properties":{"messagetype":"Demo"},"SystemProperties":{"connectionAuthMethod":"{\"scope\":\"device\",\"type\":\"sas\",\"issuer\":\"iothub\",\"acceptingIpFilterRule\":null}","connectionDeviceGenerationId":"638052891151821842","connectionDeviceId":"IOTDevice_5_3","contentEncoding":"utf-8","contentType":"application/json","enqueuedTime":"2022-10-12 06:00:00"}}
{"Body":{"Status":true,"Timestamp":"2022-10-12 06:00:00","vibration":"38.9300454475851"},"EnqueuedTimeUtc":"2022-10-12 06:00:00","Properties":{"messagetype":"Demo"},"SystemProperties":{"connectionAuthMethod":"{\"scope\":\"device\",\"type\":\"sas\",\"issuer\":\"iothub\",\"acceptingIpFilterRule\":null}","connectionDeviceGenerationId":"638052891151821842","connectionDeviceId":"IOTDevice_5_4","contentEncoding":"utf-8","contentType":"application/json","enqueuedTime":"2022-10-12 06:00:00"}}
{"Body":{"Status":true,"Timestamp":"2022-10-12 07:00:00","volt":"187.160514681248"},"EnqueuedTimeUtc":"2022-10-12 07:00:00","Properties":{"messagetype":"Demo"},"SystemProperties":{"connectionAuthMethod":"{\"scope\":\"device\",\"type\":\"sas\",\"issuer\":\"iothub\",\"acceptingIpFilterRule\":null}","connectionDeviceGenerationId":"638052891151821842","connectionDeviceId":"IOTDevice_5_1","contentEncoding":"utf-8","contentType":"application/json","enqueuedTime":"2022-10-12 07:00:00"}}
{"Body":{"Status":true,"Timestamp":"2022-10-12 07:00:00","rotate":"492.953775683052"},"EnqueuedTimeUtc":"2022-10-12 07:00:00","Properties":{"messagetype":"Demo"},"SystemProperties":{"connectionAuthMethod":"{\"scope\":\"device\",\"type\":\"sas\",\"issuer\":\"iothub\",\"acceptingIpFilterRule\":null}","connectionDeviceGenerationId":"638052891151821842","connectionDeviceId":"IOTDevice_5_2","contentEncoding":"utf-8","contentType":"application/json","enqueuedTime":"2022-10-12 07:00:00"}}
{"Body":{"Status":true,"Timestamp":"2022-10-12 07:00:00","pressure":"83.4873148531254"},"EnqueuedTimeUtc":"2022-10-12 07:00:00","Properties":{"messagetype":"Demo"},"SystemProperties":{"connectionAuthMethod":"{\"scope\":\"device\",\"type\":\"sas\",\"issuer\":\"iothub\",\"acceptingIpFilterRule\":null}","connectionDeviceGenerationId":"638052891151821842","connectionDeviceId":"IOTDevice_5_3","contentEncoding":"utf-8","contentType":"application/json","enqueuedTime":"2022-10-12 07:00:00"}}
{"Body":{"Status":true,"Timestamp":"2022-10-12 07:00:00","vibration":"41.3044956287674"},"EnqueuedTimeUtc":"2022-10-12 07:00:00","Properties":{"messagetype":"Demo"},"SystemProperties":{"connectionAuthMethod":"{\"scope\":\"device\",\"type\":\"sas\",\"issuer\":\"iothub\",\"acceptingIpFilterRule\":null}","connectionDeviceGenerationId":"638052891151821842","connectionDeviceId":"IOTDevice_5_4","contentEncoding":"utf-8","contentType":"application/json","enqueuedTime":"2022-10-12 07:00:00"}}
{"Body":{"Status":true,"Timestamp":"2022-10-12 08:00:00","volt":"179.388232800404"},"EnqueuedTimeUtc":"2022-10-12 08:00:00","Properties":{"messagetype":"Demo"},"SystemProperties":{"connectionAuthMethod":"{\"scope\":\"device\",\"type\":\"sas\",\"issuer\":\"iothub\",\"acceptingIpFilterRule\":null}","connectionDeviceGenerationId":"638052891151821842","connectionDeviceId":"IOTDevice_5_1","contentEncoding":"utf-8","contentType":"application/json","enqueuedTime":"2022-10-12 08:00:00"}}
{"Body":{"Status":true,"Timestamp":"2022-10-12 08:00:00","rotate":"311.711817392925"},"EnqueuedTimeUtc":"2022-10-12 08:00:00","Properties":{"messagetype":"Demo"},"SystemProperties":{"connectionAuthMethod":"{\"scope\":\"device\",\"type\":\"sas\",\"issuer\":\"iothub\",\"acceptingIpFilterRule\":null}","connectionDeviceGenerationId":"638052891151821842","connectionDeviceId":"IOTDevice_5_2","contentEncoding":"utf-8","contentType":"application/json","enqueuedTime":"2022-10-12 08:00:00"}}
{"Body":{"Status":true,"Timestamp":"2022-10-12 08:00:00","pressure":"81.9301000104678"},"EnqueuedTimeUtc":"2022-10-12 08:00:00","Properties":{"messagetype":"Demo"},"SystemProperties":{"connectionAuthMethod":"{\"scope\":\"device\",\"type\":\"sas\",\"issuer\":\"iothub\",\"acceptingIpFilterRule\":null}","connectionDeviceGenerationId":"638052891151821842","connectionDeviceId":"IOTDevice_5_3","contentEncoding":"utf-8","contentType":"application/json","enqueuedTime":"2022-10-12 08:00:00"}}
{"Body":{"Status":true,"Timestamp":"2022-10-12 08:00:00","vibration":"45.0848148589731"},"EnqueuedTimeUtc":"2022-10-12 08:00:00","Properties":{"messagetype":"Demo"},"SystemProperties":{"connectionAuthMethod":"{\"scope\":\"device\",\"type\":\"sas\",\"issuer\":\"iothub\",\"acceptingIpFilterRule\":null}","connectionDeviceGenerationId":"638052891151821842","connectionDeviceId":"IOTDevice_5_4","contentEncoding":"utf-8","contentType":"application/json","enqueuedTime":"2022-10-12 08:00:00"}}
