{"Body":{"Status":true,"Timestamp":"2022-10-12 21:00:00","volt":"201.293876217683"},"EnqueuedTimeUtc":"2022-10-12 21:00:00","Properties":{"messagetype":"Demo"},"SystemProperties":{"connectionAuthMethod":"{\"scope\":\"device\",\"type\":\"sas\",\"issuer\":\"iothub\",\"acceptingIpFilterRule\":null}","connectionDeviceGenerationId":"638052891151821842","connectionDeviceId":"IOTDevice_2_1","contentEncoding":"utf-8","contentType":"application/json","enqueuedTime":"2022-10-12 21:00:00"}}
{"Body":{"Status":true,"Timestamp":"2022-10-12 21:00:00","rotate":"459.687202330052"},"EnqueuedTimeUtc":"2022-10-12 21:00:00","Properties":{"messagetype":"Demo"},"SystemProperties":{"connectionAuthMethod":"{\"scope\":\"device\",\"type\":\"sas\",\"issuer\":\"iothub\",\"acceptingIpFilterRule\":null}","connectionDeviceGenerationId":"638052891151821842","connectionDeviceId":"IOTDevice_2_2","contentEncoding":"utf-8","contentType":"application/json","enqueuedTime":"2022-10-12 21:00:00"}}
{"Body":{"Status":true,"Timestamp":"2022-10-12 21:00:00","pressure":"93.4653939743262"},"EnqueuedTimeUtc":"2022-10-12 21:00:00","Properties":{"messagetype":"Demo"},"SystemProperties":{"connectionAuthMethod":"{\"scope\":\"device\",\"type\":\"sas\",\"issuer\":\"iothub\",\"acceptingIpFilterRule\":null}","connectionDeviceGenerationId":"638052891151821842","connectionDeviceId":"IOTDevice_2_3","contentEncoding":"utf-8","contentType":"application/json","enqueuedTime":"2022-10-12 21:00:00"}}
{"Body":{"Status":true,"Timestamp":"2022-10-12 21:00:00","vibration":"35.0808753357325"},"EnqueuedTimeUtc":"2022-10-12 21:00:00","Properties":{"messagetype":"Demo"},"SystemProperties":{"connectionAuthMethod":"{\"scope\":\"device\",\"type\":\"sas\",\"issuer\":\"iothub\",\"acceptingIpFilterRule\":null}","connectionDeviceGenerationId":"638052891151821842","connectionDeviceId":"IOTDevice_2_4","contentEncoding":"utf-8","contentType":"application/json","enqueuedTime":"2022-10-12 21:00:00"}}
{"Body":{"Status":true,"Timestamp":"2022-10-12 22:00:00","volt":"153.8129794231"},"EnqueuedTimeUtc":"2022-10-12 22:00:00","Properties":{"messagetype":"Demo"},"SystemProperties":{"connectionAuthMethod":"{\"scope\":\"device\",\"type\":\"sas\",\"issuer\":\"iothub\",\"acceptingIpFilterRule\":null}","connectionDeviceGenerationId":"638052891151821842","connectionDeviceId":"IOTDevice_2_1","contentEncoding":"utf-8","contentType":"application/json","enqueuedTime":"2022-10-12 22:00:00"}}
{"Body":{"Status":true,"Timestamp":"2022-10-12 22:00:00","rotate":"488.612165706387"},"EnqueuedTimeUtc":"2022-10-12 22:00:00","Properties":{"messagetype":"Demo"},"SystemProperties":{"connectionAuthMethod":"{\"scope\":\"device\",\"type\":\"sas\",\"issuer\":\"iothub\",\"acceptingIpFilterRule\":null}","connectionDeviceGenerationId":"638052891151821842","connectionDeviceId":"IOTDevice_2_2","contentEncoding":"utf-8","contentType":"application/json","enqueuedTime":"2022-10-12 22:00:00"}}
{"Body":{"Status":true,"Timestamp":"2022-10-12 22:00:00","pressure":"108.915815911014"},"EnqueuedTimeUtc":"2022-10-12 22:00:00","Properties":{"messagetype":"Demo"},"SystemProperties":{"connectionAuthMethod":"{\"scope\":\"device\",\"type\":\"sas\",\"issuer\":\"iothub\",\"acceptingIpFilterRule\":null}","connectionDeviceGenerationId":"638052891151821842","connectionDeviceId":"IOTDevice_2_3","contentEncoding":"utf-8","contentType":"application/json","enqueuedTime":"2022-10-12 22:00:00"}}
{"Body":{"Status":true,"Timestamp":"2022-10-12 22:00:00","vibration":"41.112539354085"},"EnqueuedTimeUtc":"2022-10-12 22:00:00","Properties":{"messagetype":"Demo"},"SystemProperties":{"connectionAuthMethod":"{\"scope\":\"device\",\"type\":\"sas\",\"issuer\":\"iothub\",\"acceptingIpFilterRule\":null}","connectionDeviceGenerationId":"638052891151821842","connectionDeviceId":"IOTDevice_2_4","contentEncoding":"utf-8","contentType":"application/json","enqueuedTime":"2022-10-12 22:00:00"}}
{"Body":{"Status":true,"Timestamp":"2022-10-12 23:00:00","volt":"164.044960585436"},"EnqueuedTimeUtc":"2022-10-12 23:00:00","Properties":{"messagetype":"Demo"},"SystemProperties":{"connectionAuthMethod":"{\"scope\":\"device\",\"type\":\"sas\",\"issuer\":\"iothub\",\"acceptingIpFilterRule\":null}","connectionDeviceGenerationId":"638052891151821842","connectionDeviceId":"IOTDevice_2_1","contentEncoding":"utf-8","contentType":"application/json","enqueuedTime":"2022-10-12 23:00:00"}}
{"Body":{"Status":true,"Timestamp":"2022-10-12 23:00:00","rotate":"425.510103366471"},"EnqueuedTimeUtc":"2022-10-12 23:00:00","Properties":{"messagetype":"Demo"},"SystemProperties":{"connectionAuthMethod":"{\"scope\":\"device\",\"type\":\"sas\",\"issuer\":\"iothub\",\"acceptingIpFilterRule\":null}","connectionDeviceGenerationId":"638052891151821842","connectionDeviceId":"IOTDevice_2_2","contentEncoding":"utf-8","contentType":"application/json","enqueuedTime":"2022-10-12 23:00:00"}}
{"Body":{"Status":true,"Timestamp":"2022-10-12 23:00:00","pressure":"104.733165729758"},"EnqueuedTimeUtc":"2022-10-12 23:00:00","Properties":{"messagetype":"Demo"},"SystemProperties":{"connectionAuthMethod":"{\"scope\":\"device\",\"type\":\"sas\",\"issuer\":\"iothub\",\"acceptingIpFilterRule\":null}","connectionDeviceGenerationId":"638052891151821842","connectionDeviceId":"IOTDevice_2_3","contentEncoding":"utf-8","contentType":"application/json","enqueuedTime":"2022-10-12 23:00:00"}}
{"Body":{"Status":true,"Timestamp":"2022-10-12 23:00:00","vibration":"39.3396969817681"},"EnqueuedTimeUtc":"2022-10-12 23:00:00","Properties":{"messagetype":"Demo"},"SystemProperties":{"connectionAuthMethod":"{\"scope\":\"device\",\"type\":\"sas\",\"issuer\":\"iothub\",\"acceptingIpFilterRule\":null}","connectionDeviceGenerationId":"638052891151821842","connectionDeviceId":"IOTDevice_2_4","contentEncoding":"utf-8","contentType":"application/json","enqueuedTime":"2022-10-12 23:00:00"}}
{"Body":{"Status":true,"Timestamp":"2022-10-12 00:00:00","volt":"176.784645889263"},"EnqueuedTimeUtc":"2022-10-12 00:00:00","Properties":{"messagetype":"Demo"},"SystemProperties":{"connectionAuthMethod":"{\"scope\":\"device\",\"type\":\"sas\",\"issuer\":\"iothub\",\"acceptingIpFilterRule\":null}","connectionDeviceGenerationId":"638052891151821842","connectionDeviceId":"IOTDevice_3_1","contentEncoding":"utf-8","contentType":"application/json","enqueuedTime":"2022-10-12 00:00:00"}}
{"Body":{"Status":true,"Timestamp":"2022-10-12 00:00:00","rotate":"481.37512803661"},"EnqueuedTimeUtc":"2022-10-12 00:00:00","Properties":{"messagetype":"Demo"},"SystemProperties":{"connectionAuthMethod":"{\"scope\":\"device\",\"type\":\"sas\",\"issuer\":\"iothub\",\"acceptingIpFilterRule\":null}","connectionDeviceGenerationId":"638052891151821842","connectionDeviceId":"IOTDevice_3_2","contentEncoding":"utf-8","contentType":"application/json","enqueuedTime":"2022-10-12 00:00:00"}}
{"Body":{"Status":true,"Timestamp":"2022-10-12 00:00:00","pressure":"97.9842508903039"},"EnqueuedTimeUtc":"2022-10-12 00:00:00","Properties":{"messagetype":"Demo"},"SystemProperties":{"connectionAuthMethod":"{\"scope\":\"device\",\"type\":\"sas\",\"issuer\":\"iothub\",\"acceptingIpFilterRule\":null}","connectionDeviceGenerationId":"638052891151821842","connectionDeviceId":"IOTDevice_3_3","contentEncoding":"utf-8","contentType":"application/json","enqueuedTime":"2022-10-12 00:00:00"}}
{"Body":{"Status":true,"Timestamp":"2022-10-12 00:00:00","vibration":"29.1712089961956"},"EnqueuedTimeUtc":"2022-10-12 00:00:00","Properties":{"messagetype":"Demo"},"SystemProperties":{"connectionAuthMethod":"{\"scope\":\"device\",\"type\":\"sas\",\"issuer\":\"iothub\",\"acceptingIpFilterRule\":null}","connectionDeviceGenerationId":"638052891151821842","connectionDeviceId":"IOTDevice_3_4","contentEncoding":"utf-8","contentType":"application/json","enqueuedTime":"2022-10-12 00:00:00"}}
{"Body":{"Status":true,"Timestamp":"2022-10-12 01:00:00","volt":"183.177179146399"},"EnqueuedTimeUtc":"2022-10-12 01:00:00","Properties":{"messagetype":"Demo"},"SystemProperties":{"connectionAuthMethod":"{\"scope\":\"device\",\"type\":\"sas\",\"issuer\":\"iothub\",\"acceptingIpFilterRule\":null}","connectionDeviceGenerationId":"638052891151821842","connectionDeviceId":"IOTDevice_3_1","contentEncoding":"utf-8","contentType":"application/json","enqueuedTime":"2022-10-12 01:00:00"}}
{"Body":{"Status":true,"Timestamp":"2022-10-12 01:00:00","rotate":"489.932275947873"},"EnqueuedTimeUtc":"2022-10-12 01:00:00","Properties":{"messagetype":"Demo"},"SystemProperties":{"connectionAuthMethod":"{\"scope\":\"device\",\"type\":\"sas\",\"issuer\":\"iothub\",\"acceptingIpFilterRule\":null}","connectionDeviceGenerationId":"638052891151821842","connectionDeviceId":"IOTDevice_3_2","contentEncoding":"utf-8","contentType":"application/json","enqueuedTime":"2022-10-12 01:00:00"}}
{"Body":{"Status":true,"Timestamp":"2022-10-12 01:00:00","pressure":"117.786131241437"},"EnqueuedTimeUtc":"2022-10-12 01:00:00","Properties":{"messagetype":"Demo"},"SystemProperties":{"connectionAuthMethod":"{\"scope\":\"device\",\"type\":\"sas\",\"issuer\":\"iothub\",\"acceptingIpFilterRule\":null}","connectionDeviceGenerationId":"638052891151821842","connectionDeviceId":"IOTDevice_3_3","contentEncoding":"utf-8","contentType":"application/json","enqueuedTime":"2022-10-12 01:00:00"}}
{"Body":{"Status":true,"Timestamp":"2022-10-12 01:00:00","vibration":"50.2926354551783"},"EnqueuedTimeUtc":"2022-10-12 01:00:00","Properties":{"messagetype":"Demo"},"SystemProperties":{"connectionAuthMethod":"{\"scope\":\"device\",\"type\":\"sas\",\"issuer\":\"iothub\",\"acceptingIpFilterRule\":null}","connectionDeviceGenerationId":"638052891151821842","connectionDeviceId":"IOTDevice_3_4","contentEncoding":"utf-8","contentType":"application/json","enqueuedTime":"2022-10-12 01:00:00"}}
{"Body":{"Status":true,"Timestamp":"2022-10-12 02:00:00","volt":"156.966469194601"},"EnqueuedTimeUtc":"2022-10-12 02:00:00","Properties":{"messagetype":"Demo"},"SystemProperties":{"connectionAuthMethod":"{\"scope\":\"device\",\"type\":\"sas\",\"issuer\":\"iothub\",\"acceptingIpFilterRule\":null}","connectionDeviceGenerationId":"638052891151821842","connectionDeviceId":"IOTDevice_3_1","contentEncoding":"utf-8","contentType":"application/json","enqueuedTime":"2022-10-12 02:00:00"}}
{"Body":{"Status":true,"Timestamp":"2022-10-12 02:00:00","rotate":"478.985200512382"},"EnqueuedTimeUtc":"2022-10-12 02:00:00","Properties":{"messagetype":"Demo"},"SystemProperties":{"connectionAuthMethod":"{\"scope\":\"device\",\"type\":\"sas\",\"issuer\":\"iothub\",\"acceptingIpFilterRule\":null}","connectionDeviceGenerationId":"638052891151821842","connectionDeviceId":"IOTDevice_3_2","contentEncoding":"utf-8","contentType":"application/json","enqueuedTime":"2022-10-12 02:00:00"}}
{"Body":{"Status":true,"Timestamp":"2022-10-12 02:00:00","pressure":"109.308109463498"},"EnqueuedTimeUtc":"2022-10-12 02:00:00","Properties":{"messagetype":"Demo"},"SystemProperties":{"connectionAuthMethod":"{\"scope\":\"device\",\"type\":\"sas\",\"issuer\":\"iothub\",\"acceptingIpFilterRule\":null}","connectionDeviceGenerationId":"638052891151821842","connectionDeviceId":"IOTDevice_3_3","contentEncoding":"utf-8","contentType":"application/json","enqueuedTime":"2022-10-12 02:00:00"}}
{"Body":{"Status":true,"Timestamp":"2022-10-12 02:00:00","vibration":"36.7081314254372"},"EnqueuedTimeUtc":"2022-10-12 02:00:00","Properties":{"messagetype":"Demo"},"SystemProperties":{"connectionAuthMethod":"{\"scope\":\"device\",\"type\":\"sas\",\"issuer\":\"iothub\",\"acceptingIpFilterRule\":null}","connectionDeviceGenerationId":"638052891151821842","connectionDeviceId":"IOTDevice_3_4","contentEncoding":"utf-8","contentType":"application/json","enqueuedTime":"2022-10-12 02:00:00"}}
{"Body":{"Status":true,"Timestamp":"2022-10-12 03:00:00","volt":"170.733760758714"},"EnqueuedTimeUtc":"2022-10-12 03:00:00","Properties":{"messagetype":"Demo"},"SystemProperties":{"connectionAuthMethod":"{\"scope\":\"device\",\"type\":\"sas\",\"issuer\":\"iothub\",\"acceptingIpFilterRule\":null}","connectionDeviceGenerationId":"638052891151821842","connectionDeviceId":"IOTDevice_3_1","contentEncoding":"utf-8","contentType":"application/json","enqueuedTime":"2022-10-12 03:00:00"}}
{"Body":{"Status":true,"Timestamp":"2022-10-12 03:00:00","rotate":"470.14091332718"},"EnqueuedTimeUtc":"2022-10-12 03:00:00","Properties":{"messagetype":"Demo"},"SystemProperties":{"connectionAuthMethod":"{\"scope\":\"device\",\"type\":\"sas\",\"issuer\":\"iothub\",\"acceptingIpFilterRule\":null}","connectionDeviceGenerationId":"638052891151821842","connectionDeviceId":"IOTDevice_3_2","contentEncoding":"utf-8","contentType":"application/json","enqueuedTime":"2022-10-12 03:00:00"}}
{"Body":{"Status":true,"Timestamp":"2022-10-12 03:00:00","pressure":"93.3756794560353"},"EnqueuedTimeUtc":"2022-10-12 03:00:00","Properties":{"messagetype":"Demo"},"SystemProperties":{"connectionAuthMethod":"{\"scope\":\"device\",\"type\":\"sas\",\"issuer\":\"iothub\",\"acceptingIpFilterRule\":null}","connectionDeviceGenerationId":"638052891151821842","connectionDeviceId":"IOTDevice_3_3","contentEncoding":"utf-8","contentType":"application/json","enqueuedTime":"2022-10-12 03:00:00"}}
{"Body":{"Status":true,"Timestamp":"2022-10-12 03:00:00","vibration":"37.4625877069285"},"EnqueuedTimeUtc":"2022-10-12 03:00:00","Properties":{"messagetype":"Demo"},"SystemProperties":{"connectionAuthMethod":"{\"scope\":\"device\",\"type\":\"sas\",\"issuer\":\"iothub\",\"acceptingIpFilterRule\":null}","connectionDeviceGenerationId":"638052891151821842","connectionDeviceId":"IOTDevice_3_4","contentEncoding":"utf-8","contentType":"application/json","enqueuedTime":"2022-10-12 03:00:00"}}
{"Body":{"Status":true,"Timestamp":"2022-10-12 04:00:00","volt":"155.769826962734"},"EnqueuedTimeUtc":"2022-10-12 04:00:00","Properties":{"messagetype":"Demo"},"SystemProperties":{"connectionAuthMethod":"{\"scope\":\"device\",\"type\":\"sas\",\"issuer\":\"iothub\",\"acceptingIpFilterRule\":null}","connectionDeviceGenerationId":"638052891151821842","connectionDeviceId":"IOTDevice_3_1","contentEncoding":"utf-8","contentType":"application/json","enqueuedTime":"2022-10-12 04:00:00"}}
{"Body":{"Status":true,"Timestamp":"2022-10-12 04:00:00","rotate":"485.421535396806"},"EnqueuedTimeUtc":"2022-10-12 04:00:00","Properties":{"messagetype":"Demo"},"SystemProperties":{"connectionAuthMethod":"{\"scope\":\"device\",\"type\":\"sas\",\"issuer\":\"iothub\",\"acceptingIpFilterRule\":null}","connectionDeviceGenerationId":"638052891151821842","connectionDeviceId":"IOTDevice_3_2","contentEncoding":"utf-8","contentType":"application/json","enqueuedTime":"2022-10-12 04:00:00"}}
{"Body":{"Status":true,"Timestamp":"2022-10-12 04:00:00","pressure":"109.636541782231"},"EnqueuedTimeUtc":"2022-10-12 04:00:00","Properties":{"messagetype":"Demo"},"SystemProperties":{"connectionAuthMethod":"{\"scope\":\"device\",\"type\":\"sas\",\"issuer\":\"iothub\",\"acceptingIpFilterRule\":null}","connectionDeviceGenerationId":"638052891151821842","connectionDeviceId":"IOTDevice_3_3","contentEncoding":"utf-8","contentType":"application/json","enqueuedTime":"2022-10-12 04:00:00"}}
{"Body":{"Status":true,"Timestamp":"2022-10-12 04:00:00","vibration":"38.9314340466285"},"EnqueuedTimeUtc":"2022-10-12 04:00:00","Properties":{"messagetype":"Demo"},"SystemProperties":{"connectionAuthMethod":"{\"scope\":\"device\",\"type\":\"sas\",\"issuer\":\"iothub\",\"acceptingIpFilterRule\":null}","connectionDeviceGenerationId":"638052891151821842","connectionDeviceId":"IOTDevice_3_4","contentEncoding":"utf-8","contentType":"application/json","enqueuedTime":"2022-10-12 04:00:00"}}
{"Body":{"Status":true,"Timestamp":"2022-10-12 05:00:00","volt":"164.765052545821"},"EnqueuedTimeUtc":"2022-10-12 05:00:00","Properties":{"messagetype":"Demo"},"SystemProperties":{"connectionAuthMethod":"{\"scope\":\"device\",\"type\":\"sas\",\"issuer\":\"iothub\",\"acceptingIpFilterRule\":null}","connectionDeviceGenerationId":"638052891151821842","connectionDeviceId":"IOTDevice_3_1","contentEncoding":"utf-8","contentType":"application/json","enqueuedTime":"2022-10-12 05:00:00"}}
{"Body":{"Status":true,"Timestamp":"2022-10-12 05:00:00","rotate":"466.619294268648"},"EnqueuedTimeUtc":"2022-10-12 05:00:00","Properties":{"messagetype":"Demo"},"SystemProperties":{"connectionAuthMethod":"{\"scope\":\"device\",\"type\":\"sas\",\"issuer\":\"iothub\",\"acceptingIpFilterRule\":null}","connectionDeviceGenerationId":"638052891151821842","connectionDeviceId":"IOTDevice_3_2","contentEncoding":"utf-8","contentType":"application/json","enqueuedTime":"2022-10-12 05:00:00"}}
{"Body":{"Status":true,"Timestamp":"2022-10-12 05:00:00","pressure":"103.035540488876"},"EnqueuedTimeUtc":"2022-10-12 05:00:00","Properties":{"messagetype":"Demo"},"SystemProperties":{"connectionAuthMethod":"{\"scope\":\"device\",\"type\":\"sas\",\"issuer\":\"iothub\",\"acceptingIpFilterRule\":null}","connectionDeviceGenerationId":"638052891151821842","connectionDeviceId":"IOTDevice_3_3","contentEncoding":"utf-8","contentType":"application/json","enqueuedTime":"2022-10-12 05:00:00"}}
{"Body":{"Status":true,"Timestamp":"2022-10-12 05:00:00","vibration":"41.364009241522"},"EnqueuedTimeUtc":"2022-10-12 05:00:00","Properties":{"messagetype":"Demo"},"SystemProperties":{"connectionAuthMethod":"{\"scope\":\"device\",\"type\":\"sas\",\"issuer\":\"iothub\",\"acceptingIpFilterRule\":null}","connectionDeviceGenerationId":"638052891151821842","connectionDeviceId":"IOTDevice_3_4","contentEncoding":"utf-8","contentType":"application/json","enqueuedTime":"2022-10-12 05:00:00"}}
{"Body":{"Status":true,"Timestamp":"2022-10-12 06:00:00","volt":"162.727642086422"},"EnqueuedTimeUtc":"2022-10-12 06:00:00","Properties":{"messagetype":"Demo"},"SystemProperties":{"connectionAuthMethod":"{\"scope\":\"device\",\"type\":\"sas\",\"issuer\":\"iothub\",\"acceptingIpFilterRule\":null}","connectionDeviceGenerationId":"638052891151821842","connectionDeviceId":"IOTDevice_3_1","contentEncoding":"utf-8","contentType":"application/json","enqueuedTime":"2022-10-12 06:00:00"}}
{"Body":{"Status":true,"Timestamp":"2022-10-12 06:00:00","rotate":"514.064796487566"},"EnqueuedTimeUtc":"2022-10-12 06:00:00","Properties":{"messagetype":"Demo"},"SystemProperties":{"connectionAuthMethod":"{\"scope\":\"device\",\"type\":\"sas\",\"issuer\":\"iothub\",\"acceptingIpFilterRule\":null}","connectionDeviceGenerationId":"638052891151821842","connectionDeviceId":"IOTDevice_3_2","contentEncoding":"utf-8","contentType":"application/json","enqueuedTime":"2022-10-12 06:00:00"}}
{"Body":{"Status":true,"Timestamp":"2022-10-12 06:00:00","pressure":"89.5253797152782"},"EnqueuedTimeUtc":"2022-10-12 06:00:00","Properties":{"messagetype":"Demo"},"SystemProperties":{"connectionAuthMethod":"{\"scope\":\"device\",\"type\":\"sas\",\"issuer\":\"iothub\",\"acceptingIpFilterRule\":null}","connectionDeviceGenerationId":"638052891151821842","connectionDeviceId":"IOTDevice_3_3","contentEncoding":"utf-8","contentType":"application/json","enqueuedTime":"2022-10-12 06:00:00"}}
{"Body":{"Status":true,"Timestamp":"2022-10-12 06:00:00","vibration":"40.6085184298888"},"EnqueuedTimeUtc":"2022-10-12 06:00:00","Properties":{"messagetype":"Demo"},"SystemProperties":{"connectionAuthMethod":"{\"scope\":\"device\",\"type\":\"sas\",\"issuer\":\"iothub\",\"acceptingIpFilterRule\":null}","connectionDeviceGenerationId":"638052891151821842","connectionDeviceId":"IOTDevice_3_4","contentEncoding":"utf-8","contentType":"application/json","enqueuedTime":"2022-10-12 06:00:00"}}
{"Body":{"Status":true,"Timestamp":"2022-10-12 07:00:00","volt":"192.858532619052"},"EnqueuedTimeUtc":"2022-10-12 07:00:00","Properties":{"messagetype":"Demo"},"SystemProperties":{"connectionAuthMethod":"{\"scope\":\"device\",\"type\":\"sas\",\"issuer\":\"iothub\",\"acceptingIpFilterRule\":null}","connectionDeviceGenerationId":"638052891151821842","connectionDeviceId":"IOTDevice_3_1","contentEncoding":"utf-8","contentType":"application/json","enqueuedTime":"2022-10-12 07:00:00"}}
{"Body":{"Status":true,"Timestamp":"2022-10-12 07:00:00","rotate":"482.415829461126"},"EnqueuedTimeUtc":"2022-10-12 07:00:00","Properties":{"messagetype":"Demo"},"SystemProperties":{"connectionAuthMethod":"{\"scope\":\"device\",\"type\":\"sas\",\"issuer\":\"iothub\",\"acceptingIpFilterRule\":null}","connectionDeviceGenerationId":"638052891151821842","connectionDeviceId":"IOTDevice_3_2","contentEncoding":"utf-8","contentType":"application/json","enqueuedTime":"2022-10-12 07:00:00"}}
{"Body":{"Status":true,"Timestamp":"2022-10-12 07:00:00","pressure":"101.741940511664"},"EnqueuedTimeUtc":"2022-10-12 07:00:00","Properties":{"messagetype":"Demo"},"SystemProperties":{"connectionAuthMethod":"{\"scope\":\"device\",\"type\":\"sas\",\"issuer\":\"iothub\",\"acceptingIpFilterRule\":null}","connectionDeviceGenerationId":"638052891151821842","connectionDeviceId":"IOTDevice_3_3","contentEncoding":"utf-8","contentType":"application/json","enqueuedTime":"2022-10-12 07:00:00"}}
{"Body":{"Status":true,"Timestamp":"2022-10-12 07:00:00","vibration":"36.4029683823982"},"EnqueuedTimeUtc":"2022-10-12 07:00:00","Properties":{"messagetype":"Demo"},"SystemProperties":{"connectionAuthMethod":"{\"scope\":\"device\",\"type\":\"sas\",\"issuer\":\"iothub\",\"acceptingIpFilterRule\":null}","connectionDeviceGenerationId":"638052891151821842","connectionDeviceId":"IOTDevice_3_4","contentEncoding":"utf-8","contentType":"application/json","enqueuedTime":"2022-10-12 07:00:00"}}
{"Body":{"Status":true,"Timestamp":"2022-10-12 08:00:00","volt":"163.748358663093"},"EnqueuedTimeUtc":"2022-10-12 08:00:00","Properties":{"messagetype":"Demo"},"SystemProperties":{"connectionAuthMethod":"{\"scope\":\"device\",\"type\":\"sas\",\"issuer\":\"iothub\",\"acceptingIpFilterRule\":null}","connectionDeviceGenerationId":"638052891151821842","connectionDeviceId":"IOTDevice_3_1","contentEncoding":"utf-8","contentType":"application/json","enqueuedTime":"2022-10-12 08:00:00"}}
{"Body":{"Status":true,"Timestamp":"2022-10-12 08:00:00","rotate":"424.33126510382"},"EnqueuedTimeUtc":"2022-10-12 08:00:00","Properties":{"messagetype":"Demo"},"SystemProperties":{"connectionAuthMethod":"{\"scope\":\"device\",\"type\":\"sas\",\"issuer\":\"iothub\",\"acceptingIpFilterRule\":null}","connectionDeviceGenerationId":"638052891151821842","connectionDeviceId":"IOTDevice_3_2","contentEncoding":"utf-8","contentType":"application/json","enqueuedTime":"2022-10-12 08:00:00"}}
{"Body":{"Status":true,"Timestamp":"2022-10-12 08:00:00","pressure":"99.0881195132737"},"EnqueuedTimeUtc":"2022-10-12 08:00:00","Properties":{"messagetype":"Demo"},"SystemProperties":{"connectionAuthMethod":"{\"scope\":\"device\",\"type\":\"sas\",\"issuer\":\"iothub\",\"acceptingIpFilterRule\":null}","connectionDeviceGenerationId":"638052891151821842","connectionDeviceId":"IOTDevice_3_3","contentEncoding":"utf-8","contentType":"application/json","enqueuedTime":"2022-10-12 08:00:00"}}
{"Body":{"Status":true,"Timestamp":"2022-10-12 08:00:00","vibration":"35.5343795416123"},"EnqueuedTimeUtc":"2022-10-12 08:00:00","Properties":{"messagetype":"Demo"},"SystemProperties":{"connectionAuthMethod":"{\"scope\":\"device\",\"type\":\"sas\",\"issuer\":\"iothub\",\"acceptingIpFilterRule\":null}","connectionDeviceGenerationId":"638052891151821842","connectionDeviceId":"IOTDevice_3_4","contentEncoding":"utf-8","contentType":"application/json","enqueuedTime":"2022-10-12 08:00:00"}}
{"Body":{"Status":true,"Timestamp":"2022-10-12 09:00:00","volt":"181.525447269552"},"EnqueuedTimeUtc":"2022-10-12 09:00:00","Properties":{"messagetype":"Demo"},"SystemProperties":{"connectionAuthMethod":"{\"scope\":\"device\",\"type\":\"sas\",\"issuer\":\"iothub\",\"acceptingIpFilterRule\":null}","connectionDeviceGenerationId":"638052891151821842","connectionDeviceId":"IOTDevice_3_1","contentEncoding":"utf-8","contentType":"application/json","enqueuedTime":"2022-10-12 09:00:00"}}
{"Body":{"Status":true,"Timestamp":"2022-10-12 09:00:00","rotate":"382.214727173373"},"EnqueuedTimeUtc":"2022-10-12 09:00:00","Properties":{"messagetype":"Demo"},"SystemProperties":{"connectionAuthMethod":"{\"scope\":\"device\",\"type\":\"sas\",\"issuer\":\"iothub\",\"acceptingIpFilterRule\":null}","connectionDeviceGenerationId":"638052891151821842","connectionDeviceId":"IOTDevice_3_2","contentEncoding":"utf-8","contentType":"application/json","enqueuedTime":"2022-10-12 09:00:00"}}
{"Body":{"Status":true,"Timestamp":"2022-10-12 09:00:00","pressure":"84.492980286888"},"EnqueuedTimeUtc":"2022-10-12 09:00:00","Properties":{"messagetype":"Demo"},"SystemProperties":{"connectionAuthMethod":"{\"scope\":\"device\",\"type\":\"sas\",\"issuer\":\"iothub\",\"acceptingIpFilterRule\":null}","connectionDeviceGenerationId":"638052891151821842","connectionDeviceId":"IOTDevice_3_3","contentEncoding":"utf-8","contentType":"application/json","enqueuedTime":"2022-10-12 09:00:00"}}
{"Body":{"Status":true,"Timestamp":"2022-10-12 09:00:00","vibration":"39.5502705627842"},"EnqueuedTimeUtc":"2022-10-12 09:00:00","Properties":{"messagetype":"Demo"},"SystemProperties":{"connectionAuthMethod":"{\"scope\":\"device\",\"type\":\"sas\",\"issuer\":\"iothub\",\"acceptingIpFilterRule\":null}","connectionDeviceGenerationId":"638052891151821842","connectionDeviceId":"IOTDevice_3_4","contentEncoding":"utf-8","contentType":"application/json","enqueuedTime":"2022-10-12 09:00:00"}}
{"Body":{"Status":true,"Timestamp":"2022-10-12 10:00:00","volt":"183.066270474662"},"EnqueuedTimeUtc":"2022-10-12 10:00:00","Properties":{"messagetype":"Demo"},"SystemProperties":{"connectionAuthMethod":"{\"scope\":\"device\",\"type\":\"sas\",\"issuer\":\"iothub\",\"acceptingIpFilterRule\":null}","connectionDeviceGenerationId":"638052891151821842","connectionDeviceId":"IOTDevice_3_1","contentEncoding":"utf-8","contentType":"application/json","enqueuedTime":"2022-10-12 10:00:00"}}
{"Body":{"Status":true,"Timestamp":"2022-10-12 10:00:00","rotate":"551.461015345643"},"EnqueuedTimeUtc":"2022-10-12 10:00:00","Properties":{"messagetype":"Demo"},"SystemProperties":{"connectionAuthMethod":"{\"scope\":\"device\",\"type\":\"sas\",\"issuer\":\"iothub\",\"acceptingIpFilterRule\":null}","connectionDeviceGenerationId":"638052891151821842","connectionDeviceId":"IOTDevice_3_2","contentEncoding":"utf-8","contentType":"application/json","enqueuedTime":"2022-10-12 10:00:00"}}
{"Body":{"Status":true,"Timestamp":"2022-10-12 10:00:00","pressure":"77.8013576156151"},"EnqueuedTimeUtc":"2022-10-12 10:00:00","Properties":{"messagetype":"Demo"},"SystemProperties":{"connectionAuthMethod":"{\"scope\":\"device\",\"type\":\"sas\",\"issuer\":\"iothub\",\"acceptingIpFilterRule\":null}","connectionDeviceGenerationId":"638052891151821842","connectionDeviceId":"IOTDevice_3_3","contentEncoding":"utf-8","contentType":"application/json","enqueuedTime":"2022-10-12 10:00:00"}}
{"Body":{"Status":true,"Timestamp":"2022-10-12 10:00:00","vibration":"44.9490094762035"},"EnqueuedTimeUtc":"2022-10-12 10:00:00","Properties":{"messagetype":"Demo"},"SystemProperties":{"connectionAuthMethod":"{\"scope\":\"device\",\"type\":\"sas\",\"issuer\":\"iothub\",\"acceptingIpFilterRule\":null}","connectionDeviceGenerationId":"638052891151821842","connectionDeviceId":"IOTDevice_3_4","contentEncoding":"utf-8","contentType":"application/json","enqueuedTime":"2022-10-12 10:00:00"}}
{"Body":{"Status":true,"Timestamp":"2022-10-12 11:00:00","volt":"168.483681893936"},"EnqueuedTimeUtc":"2022-10-12 11:00:00","Properties":{"messagetype":"Demo"},"SystemProperties":{"connectionAuthMethod":"{\"scope\":\"device\",\"type\":\"sas\",\"issuer\":\"iothub\",\"acceptingIpFilterRule\":null}","connectionDeviceGenerationId":"638052891151821842","connectionDeviceId":"IOTDevice_3_1","contentEncoding":"utf-8","contentType":"application/json","enqueuedTime":"2022-10-12 11:00:00"}}
{"Body":{"Status":true,"Timestamp":"2022-10-12 11:00:00","rotate":"451.329076196253"},"EnqueuedTimeUtc":"2022-10-12 11:00:00","Properties":{"messagetype":"Demo"},"SystemProperties":{"connectionAuthMethod":"{\"scope\":\"device\",\"type\":\"sas\",\"issuer\":\"iothub\",\"acceptingIpFilterRule\":null}","connectionDeviceGenerationId":"638052891151821842","connectionDeviceId":"IOTDevice_3_2","contentEncoding":"utf-8","contentType":"application/json","enqueuedTime":"2022-10-12 11:00:00"}}
{"Body":{"Status":true,"Timestamp":"2022-10-12 11:00:00","pressure":"94.7336409046881"},"EnqueuedTimeUtc":"2022-10-12 11:00:00","Properties":{"messagetype":"Demo"},"SystemProperties":{"connectionAuthMethod":"{\"scope\":\"device\",\"type\":\"sas\",\"issuer\":\"iothub\",\"acceptingIpFilterRule\":null}","connectionDeviceGenerationId":"638052891151821842","connectionDeviceId":"IOTDevice_3_3","contentEncoding":"utf-8","contentType":"application/json","enqueuedTime":"2022-10-12 11:00:00"}}
{"Body":{"Status":true,"Timestamp":"2022-10-12 11:00:00","vibration":"43.5472555460022"},"EnqueuedTimeUtc":"2022-10-12 11:00:00","Properties":{"messagetype":"Demo"},"SystemProperties":{"connectionAuthMethod":"{\"scope\":\"device\",\"type\":\"sas\",\"issuer\":\"iothub\",\"acceptingIpFilterRule\":null}","connectionDeviceGenerationId":"638052891151821842","connectionDeviceId":"IOTDevice_3_4","contentEncoding":"utf-8","contentType":"application/json","enqueuedTime":"2022-10-12 11:00:00"}}
