{"Body":{"Status":true,"Timestamp":"2022-10-10 06:00:00","volt":"190.815562201496"},"EnqueuedTimeUtc":"2022-10-10 06:00:00","Properties":{"messagetype":"Demo"},"SystemProperties":{"connectionAuthMethod":"{\"scope\":\"device\",\"type\":\"sas\",\"issuer\":\"iothub\",\"acceptingIpFilterRule\":null}","connectionDeviceGenerationId":"638052891151821842","connectionDeviceId":"IOTDevice_2_1","contentEncoding":"utf-8","contentType":"application/json","enqueuedTime":"2022-10-10 06:00:00"}}
{"Body":{"Status":true,"Timestamp":"2022-10-10 06:00:00","rotate":"301.754892530864"},"EnqueuedTimeUtc":"2022-10-10 06:00:00","Properties":{"messagetype":"Demo"},"SystemProperties":{"connectionAuthMethod":"{\"scope\":\"device\",\"type\":\"sas\",\"issuer\":\"iothub\",\"acceptingIpFilterRule\":null}","connectionDeviceGenerationId":"638052891151821842","connectionDeviceId":"IOTDevice_2_2","contentEncoding":"utf-8","contentType":"application/json","enqueuedTime":"2022-10-10 06:00:00"}}
{"Body":{"Status":true,"Timestamp":"2022-10-10 06:00:00","pressure":"98.0614622612558"},"EnqueuedTimeUtc":"2022-10-10 06:00:00","Properties":{"messagetype":"Demo"},"SystemProperties":{"connectionAuthMethod":"{\"scope\":\"device\",\"type\":\"sas\",\"issuer\":\"iothub\",\"acceptingIpFilterRule\":null}","connectionDeviceGenerationId":"638052891151821842","connectionDeviceId":"IOTDevice_2_3","contentEncoding":"utf-8","contentType":"application/json","enqueuedTime":"2022-10-10 06:00:00"}}
{"Body":{"Status":true,"Timestamp":"2022-10-10 06:00:00","vibration":"42.7680790296006"},"EnqueuedTimeUtc":"2022-10-10 06:00:00","Properties":{"messagetype":"Demo"},"SystemProperties":{"connectionAuthMethod":"{\"scope\":\"device\",\"type\":\"sas\",\"issuer\":\"iothub\",\"acceptingIpFilterRule\":null}","connectionDeviceGenerationId":"638052891151821842","connectionDeviceId":"IOTDevice_2_4","contentEncoding":"utf-8","contentType":"application/json","enqueuedTime":"2022-10-10 06:00:00"}}
{"Body":{"Status":true,"Timestamp":"2022-10-10 07:00:00","volt":"178.855116609421"},"EnqueuedTimeUtc":"2022-10-10 07:00:00","Properties":{"messagetype":"Demo"},"SystemProperties":{"connectionAuthMethod":"{\"scope\":\"device\",\"type\":\"sas\",\"issuer\":\"iothub\",\"acceptingIpFilterRule\":null}","connectionDeviceGenerationId":"638052891151821842","connectionDeviceId":"IOTDevice_2_1","contentEncoding":"utf-8","contentType":"application/json","enqueuedTime":"2022-10-10 07:00:00"}}
{"Body":{"Status":true,"Timestamp":"2022-10-10 07:00:00","rotate":"374.230198183127"},"EnqueuedTimeUtc":"2022-10-10 07:00:00","Properties":{"messagetype":"Demo"},"SystemProperties":{"connectionAuthMethod":"{\"scope\":\"device\",\"type\":\"sas\",\"issuer\":\"iothub\",\"acceptingIpFilterRule\":null}","connectionDeviceGenerationId":"638052891151821842","connectionDeviceId":"IOTDevice_2_2","contentEncoding":"utf-8","contentType":"application/json","enqueuedTime":"2022-10-10 07:00:00"}}
{"Body":{"Status":true,"Timestamp":"2022-10-10 07:00:00","pressure":"110.417174051441"},"EnqueuedTimeUtc":"2022-10-10 07:00:00","Properties":{"messagetype":"Demo"},"SystemProperties":{"connectionAuthMethod":"{\"scope\":\"device\",\"type\":\"sas\",\"issuer\":\"iothub\",\"acceptingIpFilterRule\":null}","connectionDeviceGenerationId":"638052891151821842","connectionDeviceId":"IOTDevice_2_3","contentEncoding":"utf-8","contentType":"application/json","enqueuedTime":"2022-10-10 07:00:00"}}
{"Body":{"Status":true,"Timestamp":"2022-10-10 07:00:00","vibration":"33.1350112600142"},"EnqueuedTimeUtc":"2022-10-10 07:00:00","Properties":{"messagetype":"Demo"},"SystemProperties":{"connectionAuthMethod":"{\"scope\":\"device\",\"type\":\"sas\",\"issuer\":\"iothub\",\"acceptingIpFilterRule\":null}","connectionDeviceGenerationId":"638052891151821842","connectionDeviceId":"IOTDevice_2_4","contentEncoding":"utf-8","contentType":"application/json","enqueuedTime":"2022-10-10 07:00:00"}}
{"Body":{"Status":true,"Timestamp":"2022-10-10 08:00:00","volt":"134.748760911309"},"EnqueuedTimeUtc":"2022-10-10 08:00:00","Properties":{"messagetype":"Demo"},"SystemProperties":{"connectionAuthMethod":"{\"scope\":\"device\",\"type\":\"sas\",\"issuer\":\"iothub\",\"acceptingIpFilterRule\":null}","connectionDeviceGenerationId":"638052891151821842","connectionDeviceId":"IOTDevice_2_1","contentEncoding":"utf-8","contentType":"application/json","enqueuedTime":"2022-10-10 08:00:00"}}
{"Body":{"Status":true,"Timestamp":"2022-10-10 08:00:00","rotate":"302.980651819469"},"EnqueuedTimeUtc":"2022-10-10 08:00:00","Properties":{"messagetype":"Demo"},"SystemProperties":{"connectionAuthMethod":"{\"scope\":\"device\",\"type\":\"sas\",\"issuer\":\"iothub\",\"acceptingIpFilterRule\":null}","connectionDeviceGenerationId":"638052891151821842","connectionDeviceId":"IOTDevice_2_2","contentEncoding":"utf-8","contentType":"application/json","enqueuedTime":"2022-10-10 08:00:00"}}
{"Body":{"Status":true,"Timestamp":"2022-10-10 08:00:00","pressure":"88.3866596526134"},"EnqueuedTimeUtc":"2022-10-10 08:00:00","Properties":{"messagetype":"Demo"},"SystemProperties":{"connectionAuthMethod":"{\"scope\":\"device\",\"type\":\"sas\",\"issuer\":\"iothub\",\"acceptingIpFilterRule\":null}","connectionDeviceGenerationId":"638052891151821842","connectionDeviceId":"IOTDevice_2_3","contentEncoding":"utf-8","contentType":"application/json","enqueuedTime":"2022-10-10 08:00:00"}}
{"Body":{"Status":true,"Timestamp":"2022-10-10 08:00:00","vibration":"38.8066147723043"},"EnqueuedTimeUtc":"2022-10-10 08:00:00","Properties":{"messagetype":"Demo"},"SystemProperties":{"connectionAuthMethod":"{\"scope\":\"device\",\"type\":\"sas\",\"issuer\":\"iothub\",\"acceptingIpFilterRule\":null}","connectionDeviceGenerationId":"638052891151821842","connectionDeviceId":"IOTDevice_2_4","contentEncoding":"utf-8","contentType":"application/json","enqueuedTime":"2022-10-10 08:00:00"}}
{"Body":{"Status":true,"Timestamp":"2022-10-10 09:00:00","volt":"151.599725747176"},"EnqueuedTimeUtc":"2022-10-10 09:00:00","Properties":{"messagetype":"Demo"},"SystemProperties":{"connectionAuthMethod":"{\"scope\":\"device\",\"type\":\"sas\",\"issuer\":\"iothub\",\"acceptingIpFilterRule\":null}","connectionDeviceGenerationId":"638052891151821842","connectionDeviceId":"IOTDevice_2_1","contentEncoding":"utf-8","contentType":"application/json","enqueuedTime":"2022-10-10 09:00:00"}}
{"Body":{"Status":true,"Timestamp":"2022-10-10 09:00:00","rotate":"333.342028477341"},"EnqueuedTimeUtc":"2022-10-10 09:00:00","Properties":{"messagetype":"Demo"},"SystemProperties":{"connectionAuthMethod":"{\"scope\":\"device\",\"type\":\"sas\",\"issuer\":\"iothub\",\"acceptingIpFilterRule\":null}","connectionDeviceGenerationId":"638052891151821842","connectionDeviceId":"IOTDevice_2_2","contentEncoding":"utf-8","contentType":"application/json","enqueuedTime":"2022-10-10 09:00:00"}}
{"Body":{"Status":true,"Timestamp":"2022-10-10 09:00:00","pressure":"84.4863871553916"},"EnqueuedTimeUtc":"2022-10-10 09:00:00","Properties":{"messagetype":"Demo"},"SystemProperties":{"connectionAuthMethod":"{\"scope\":\"device\",\"type\":\"sas\",\"issuer\":\"iothub\",\"acceptingIpFilterRule\":null}","connectionDeviceGenerationId":"638052891151821842","connectionDeviceId":"IOTDevice_2_3","contentEncoding":"utf-8","contentType":"application/json","enqueuedTime":"2022-10-10 09:00:00"}}
{"Body":{"Status":true,"Timestamp":"2022-10-10 09:00:00","vibration":"39.694963138147"},"EnqueuedTimeUtc":"2022-10-10 09:00:00","Properties":{"messagetype":"Demo"},"SystemProperties":{"connectionAuthMethod":"{\"scope\":\"device\",\"type\":\"sas\",\"issuer\":\"iothub\",\"acceptingIpFilterRule\":null}","connectionDeviceGenerationId":"638052891151821842","connectionDeviceId":"IOTDevice_2_4","contentEncoding":"utf-8","contentType":"application/json","enqueuedTime":"2022-10-10 09:00:00"}}
{"Body":{"Status":true,"Timestamp":"2022-10-10 10:00:00","volt":"169.764991945909"},"EnqueuedTimeUtc":"2022-10-10 10:00:00","Properties":{"messagetype":"Demo"},"SystemProperties":{"connectionAuthMethod":"{\"scope\":\"device\",\"type\":\"sas\",\"issuer\":\"iothub\",\"acceptingIpFilterRule\":null}","connectionDeviceGenerationId":"638052891151821842","connectionDeviceId":"IOTDevice_2_1","contentEncoding":"utf-8","contentType":"application/json","enqueuedTime":"2022-10-10 10:00:00"}}
{"Body":{"Status":true,"Timestamp":"2022-10-10 10:00:00","rotate":"312.067380753986"},"EnqueuedTimeUtc":"2022-10-10 10:00:00","Properties":{"messagetype":"Demo"},"SystemProperties":{"connectionAuthMethod":"{\"scope\":\"device\",\"type\":\"sas\",\"issuer\":\"iothub\",\"acceptingIpFilterRule\":null}","connectionDeviceGenerationId":"638052891151821842","connectionDeviceId":"IOTDevice_2_2","contentEncoding":"utf-8","contentType":"application/json","enqueuedTime":"2022-10-10 10:00:00"}}
{"Body":{"Status":true,"Timestamp":"2022-10-10 10:00:00","pressure":"107.054025694752"},"EnqueuedTimeUtc":"2022-10-10 10:00:00","Properties":{"messagetype":"Demo"},"SystemProperties":{"connectionAuthMethod":"{\"scope\":\"device\",\"type\":\"sas\",\"issuer\":\"iothub\",\"acceptingIpFilterRule\":null}","connectionDeviceGenerationId":"638052891151821842","connectionDeviceId":"IOTDevice_2_3","contentEncoding":"utf-8","contentType":"application/json","enqueuedTime":"2022-10-10 10:00:00"}}
{"Body":{"Status":true,"Timestamp":"2022-10-10 10:00:00","vibration":"32.2757247365363"},"EnqueuedTimeUtc":"2022-10-10 10:00:00","Properties":{"messagetype":"Demo"},"SystemProperties":{"connectionAuthMethod":"{\"scope\":\"device\",\"type\":\"sas\",\"issuer\":\"iothub\",\"acceptingIpFilterRule\":null}","connectionDeviceGenerationId":"638052891151821842","connectionDeviceId":"IOTDevice_2_4","contentEncoding":"utf-8","contentType":"application/json","enqueuedTime":"2022-10-10 10:00:00"}}
{"Body":{"Status":true,"Timestamp":"2022-10-10 11:00:00","volt":"157.56051188948"},"EnqueuedTimeUtc":"2022-10-10 11:00:00","Properties":{"messagetype":"Demo"},"SystemProperties":{"connectionAuthMethod":"{\"scope\":\"device\",\"type\":\"sas\",\"issuer\":\"iothub\",\"acceptingIpFilterRule\":null}","connectionDeviceGenerationId":"638052891151821842","connectionDeviceId":"IOTDevice_2_1","contentEncoding":"utf-8","contentType":"application/json","enqueuedTime":"2022-10-10 11:00:00"}}
{"Body":{"Status":true,"Timestamp":"2022-10-10 11:00:00","rotate":"378.607417138363"},"EnqueuedTimeUtc":"2022-10-10 11:00:00","Properties":{"messagetype":"Demo"},"SystemProperties":{"connectionAuthMethod":"{\"scope\":\"device\",\"type\":\"sas\",\"issuer\":\"iothub\",\"acceptingIpFilterRule\":null}","connectionDeviceGenerationId":"638052891151821842","connectionDeviceId":"IOTDevice_2_2","contentEncoding":"utf-8","contentType":"application/json","enqueuedTime":"2022-10-10 11:00:00"}}
{"Body":{"Status":true,"Timestamp":"2022-10-10 11:00:00","pressure":"110.809456428871"},"EnqueuedTimeUtc":"2022-10-10 11:00:00","Properties":{"messagetype":"Demo"},"SystemProperties":{"connectionAuthMethod":"{\"scope\":\"device\",\"type\":\"sas\",\"issuer\":\"iothub\",\"acceptingIpFilterRule\":null}","connectionDeviceGenerationId":"638052891151821842","connectionDeviceId":"IOTDevice_2_3","contentEncoding":"utf-8","contentType":"application/json","enqueuedTime":"2022-10-10 11:00:00"}}
{"Body":{"Status":true,"Timestamp":"2022-10-10 11:00:00","vibration":"42.1156251754813"},"EnqueuedTimeUtc":"2022-10-10 11:00:00","Properties":{"messagetype":"Demo"},"SystemProperties":{"connectionAuthMethod":"{\"scope\":\"device\",\"type\":\"sas\",\"issuer\":\"iothub\",\"acceptingIpFilterRule\":null}","connectionDeviceGenerationId":"638052891151821842","connectionDeviceId":"IOTDevice_2_4","contentEncoding":"utf-8","contentType":"application/json","enqueuedTime":"2022-10-10 11:00:00"}}
{"Body":{"Status":true,"Timestamp":"2022-10-10 12:00:00","volt":"172.846351661171"},"EnqueuedTimeUtc":"2022-10-10 12:00:00","Properties":{"messagetype":"Demo"},"SystemProperties":{"connectionAuthMethod":"{\"scope\":\"device\",\"type\":\"sas\",\"issuer\":\"iothub\",\"acceptingIpFilterRule\":null}","connectionDeviceGenerationId":"638052891151821842","connectionDeviceId":"IOTDevice_2_1","contentEncoding":"utf-8","contentType":"application/json","enqueuedTime":"2022-10-10 12:00:00"}}
{"Body":{"Status":true,"Timestamp":"2022-10-10 12:00:00","rotate":"414.493958569517"},"EnqueuedTimeUtc":"2022-10-10 12:00:00","Properties":{"messagetype":"Demo"},"SystemProperties":{"connectionAuthMethod":"{\"scope\":\"device\",\"type\":\"sas\",\"issuer\":\"iothub\",\"acceptingIpFilterRule\":null}","connectionDeviceGenerationId":"638052891151821842","connectionDeviceId":"IOTDevice_2_2","contentEncoding":"utf-8","contentType":"application/json","enqueuedTime":"2022-10-10 12:00:00"}}
{"Body":{"Status":true,"Timestamp":"2022-10-10 12:00:00","pressure":"87.5630838335318"},"EnqueuedTimeUtc":"2022-10-10 12:00:00","Properties":{"messagetype":"Demo"},"SystemProperties":{"connectionAuthMethod":"{\"scope\":\"device\",\"type\":\"sas\",\"issuer\":\"iothub\",\"acceptingIpFilterRule\":null}","connectionDeviceGenerationId":"638052891151821842","connectionDeviceId":"IOTDevice_2_3","contentEncoding":"utf-8","contentType":"application/json","enqueuedTime":"2022-10-10 12:00:00"}}
{"Body":{"Status":true,"Timestamp":"2022-10-10 12:00:00","vibration":"30.0542565075496"},"EnqueuedTimeUtc":"2022-10-10 12:00:00","Properties":{"messagetype":"Demo"},"SystemProperties":{"connectionAuthMethod":"{\"scope\":\"device\",\"type\":\"sas\",\"issuer\":\"iothub\",\"acceptingIpFilterRule\":null}","connectionDeviceGenerationId":"638052891151821842","connectionDeviceId":"IOTDevice_2_4","contentEncoding":"utf-8","contentType":"application/json","enqueuedTime":"2022-10-10 12:00:00"}}
{"Body":{"Status":true,"Timestamp":"2022-10-10 13:00:00","volt":"182.495739765318"},"EnqueuedTimeUtc":"2022-10-10 13:00:00","Properties":{"messagetype":"Demo"},"SystemProperties":{"connectionAuthMethod":"{\"scope\":\"device\",\"type\":\"sas\",\"issuer\":\"iothub\",\"acceptingIpFilterRule\":null}","connectionDeviceGenerationId":"638052891151821842","connectionDeviceId":"IOTDevice_2_1","contentEncoding":"utf-8","contentType":"application/json","enqueuedTime":"2022-10-10 13:00:00"}}
{"Body":{"Status":true,"Timestamp":"2022-10-10 13:00:00","rotate":"430.565068617162"},"EnqueuedTimeUtc":"2022-10-10 13:00:00","Properties":{"messagetype":"Demo"},"SystemProperties":{"connectionAuthMethod":"{\"scope\":\"device\",\"type\":\"sas\",\"issuer\":\"iothub\",\"acceptingIpFilterRule\":null}","connectionDeviceGenerationId":"638052891151821842","connectionDeviceId":"IOTDevice_2_2","contentEncoding":"utf-8","contentType":"application/json","enqueuedTime":"2022-10-10 13:00:00"}}
{"Body":{"Status":true,"Timestamp":"2022-10-10 13:00:00","pressure":"108.382830527513"},"EnqueuedTimeUtc":"2022-10-10 13:00:00","Properties":{"messagetype":"Demo"},"SystemProperties":{"connectionAuthMethod":"{\"scope\":\"device\",\"type\":\"sas\",\"issuer\":\"iothub\",\"acceptingIpFilterRule\":null}","connectionDeviceGenerationId":"638052891151821842","connectionDeviceId":"IOTDevice_2_3","contentEncoding":"utf-8","contentType":"application/json","enqueuedTime":"2022-10-10 13:00:00"}}
{"Body":{"Status":true,"Timestamp":"2022-10-10 13:00:00","vibration":"48.879759580479"},"EnqueuedTimeUtc":"2022-10-10 13:00:00","Properties":{"messagetype":"Demo"},"SystemProperties":{"connectionAuthMethod":"{\"scope\":\"device\",\"type\":\"sas\",\"issuer\":\"iothub\",\"acceptingIpFilterRule\":null}","connectionDeviceGenerationId":"638052891151821842","connectionDeviceId":"IOTDevice_2_4","contentEncoding":"utf-8","contentType":"application/json","enqueuedTime":"2022-10-10 13:00:00"}}
{"Body":{"Status":true,"Timestamp":"2022-10-10 14:00:00","volt":"165.308238385176"},"EnqueuedTimeUtc":"2022-10-10 14:00:00","Properties":{"messagetype":"Demo"},"SystemProperties":{"connectionAuthMethod":"{\"scope\":\"device\",\"type\":\"sas\",\"issuer\":\"iothub\",\"acceptingIpFilterRule\":null}","connectionDeviceGenerationId":"638052891151821842","connectionDeviceId":"IOTDevice_2_1","contentEncoding":"utf-8","contentType":"application/json","enqueuedTime":"2022-10-10 14:00:00"}}
{"Body":{"Status":true,"Timestamp":"2022-10-10 14:00:00","rotate":"359.001412071151"},"EnqueuedTimeUtc":"2022-10-10 14:00:00","Properties":{"messagetype":"Demo"},"SystemProperties":{"connectionAuthMethod":"{\"scope\":\"device\",\"type\":\"sas\",\"issuer\":\"iothub\",\"acceptingIpFilterRule\":null}","connectionDeviceGenerationId":"638052891151821842","connectionDeviceId":"IOTDevice_2_2","contentEncoding":"utf-8","contentType":"application/json","enqueuedTime":"2022-10-10 14:00:00"}}
{"Body":{"Status":true,"Timestamp":"2022-10-10 14:00:00","pressure":"99.3833031031794"},"EnqueuedTimeUtc":"2022-10-10 14:00:00","Properties":{"messagetype":"Demo"},"SystemProperties":{"connectionAuthMethod":"{\"scope\":\"device\",\"type\":\"sas\",\"issuer\":\"iothub\",\"acceptingIpFilterRule\":null}","connectionDeviceGenerationId":"638052891151821842","connectionDeviceId":"IOTDevice_2_3","contentEncoding":"utf-8","contentType":"application/json","enqueuedTime":"2022-10-10 14:00:00"}}
{"Body":{"Status":true,"Timestamp":"2022-10-10 14:00:00","vibration":"35.3458667401779"},"EnqueuedTimeUtc":"2022-10-10 14:00:00","Properties":{"messagetype":"Demo"},"SystemProperties":{"connectionAuthMethod":"{\"scope\":\"device\",\"type\":\"sas\",\"issuer\":\"iothub\",\"acceptingIpFilterRule\":null}","connectionDeviceGenerationId":"638052891151821842","connectionDeviceId":"IOTDevice_2_4","contentEncoding":"utf-8","contentType":"application/json","enqueuedTime":"2022-10-10 14:00:00"}}
{"Body":{"Status":true,"Timestamp":"2022-10-10 15:00:00","volt":"200.388795956286"},"EnqueuedTimeUtc":"2022-10-10 15:00:00","Properties":{"messagetype":"Demo"},"SystemProperties":{"connectionAuthMethod":"{\"scope\":\"device\",\"type\":\"sas\",\"issuer\":\"iothub\",\"acceptingIpFilterRule\":null}","connectionDeviceGenerationId":"638052891151821842","connectionDeviceId":"IOTDevice_2_1","contentEncoding":"utf-8","contentType":"application/json","enqueuedTime":"2022-10-10 15:00:00"}}
{"Body":{"Status":true,"Timestamp":"2022-10-10 15:00:00","rotate":"328.178074810268"},"EnqueuedTimeUtc":"2022-10-10 15:00:00","Properties":{"messagetype":"Demo"},"SystemProperties":{"connectionAuthMethod":"{\"scope\":\"device\",\"type\":\"sas\",\"issuer\":\"iothub\",\"acceptingIpFilterRule\":null}","connectionDeviceGenerationId":"638052891151821842","connectionDeviceId":"IOTDevice_2_2","contentEncoding":"utf-8","contentType":"application/json","enqueuedTime":"2022-10-10 15:00:00"}}
{"Body":{"Status":true,"Timestamp":"2022-10-10 15:00:00","pressure":"104.069739205402"},"EnqueuedTimeUtc":"2022-10-10 15:00:00","Properties":{"messagetype":"Demo"},"SystemProperties":{"connectionAuthMethod":"{\"scope\":\"device\",\"type\":\"sas\",\"issuer\":\"iothub\",\"acceptingIpFilterRule\":null}","connectionDeviceGenerationId":"638052891151821842","connectionDeviceId":"IOTDevice_2_3","contentEncoding":"utf-8","contentType":"application/json","enqueuedTime":"2022-10-10 15:00:00"}}
{"Body":{"Status":true,"Timestamp":"2022-10-10 15:00:00","vibration":"43.2581335471408"},"EnqueuedTimeUtc":"2022-10-10 15:00:00","Properties":{"messagetype":"Demo"},"SystemProperties":{"connectionAuthMethod":"{\"scope\":\"device\",\"type\":\"sas\",\"issuer\":\"iothub\",\"acceptingIpFilterRule\":null}","connectionDeviceGenerationId":"638052891151821842","connectionDeviceId":"IOTDevice_2_4","contentEncoding":"utf-8","contentType":"application/json","enqueuedTime":"2022-10-10 15:00:00"}}
{"Body":{"Status":true,"Timestamp":"2022-10-10 16:00:00","volt":"191.229847130821"},"EnqueuedTimeUtc":"2022-10-10 16:00:00","Properties":{"messagetype":"Demo"},"SystemProperties":{"connectionAuthMethod":"{\"scope\":\"device\",\"type\":\"sas\",\"issuer\":\"iothub\",\"acceptingIpFilterRule\":null}","connectionDeviceGenerationId":"638052891151821842","connectionDeviceId":"IOTDevice_2_1","contentEncoding":"utf-8","contentType":"application/json","enqueuedTime":"2022-10-10 16:00:00"}}
{"Body":{"Status":true,"Timestamp":"2022-10-10 16:00:00","rotate":"331.488301523626"},"EnqueuedTimeUtc":"2022-10-10 16:00:00","Properties":{"messagetype":"Demo"},"SystemProperties":{"connectionAuthMethod":"{\"scope\":\"device\",\"type\":\"sas\",\"issuer\":\"iothub\",\"acceptingIpFilterRule\":null}","connectionDeviceGenerationId":"638052891151821842","connectionDeviceId":"IOTDevice_2_2","contentEncoding":"utf-8","contentType":"application/json","enqueuedTime":"2022-10-10 16:00:00"}}
{"Body":{"Status":true,"Timestamp":"2022-10-10 16:00:00","pressure":"114.964143549061"},"EnqueuedTimeUtc":"2022-10-10 16:00:00","Properties":{"messagetype":"Demo"},"SystemProperties":{"connectionAuthMethod":"{\"scope\":\"device\",\"type\":\"sas\",\"issuer\":\"iothub\",\"acceptingIpFilterRule\":null}","connectionDeviceGenerationId":"638052891151821842","connectionDeviceId":"IOTDevice_2_3","contentEncoding":"utf-8","contentType":"application/json","enqueuedTime":"2022-10-10 16:00:00"}}
{"Body":{"Status":true,"Timestamp":"2022-10-10 16:00:00","vibration":"39.0019587191392"},"EnqueuedTimeUtc":"2022-10-10 16:00:00","Properties":{"messagetype":"Demo"},"SystemProperties":{"connectionAuthMethod":"{\"scope\":\"device\",\"type\":\"sas\",\"issuer\":\"iothub\",\"acceptingIpFilterRule\":null}","connectionDeviceGenerationId":"638052891151821842","connectionDeviceId":"IOTDevice_2_4","contentEncoding":"utf-8","contentType":"application/json","enqueuedTime":"2022-10-10 16:00:00"}}
{"Body":{"Status":true,"Timestamp":"2022-10-10 17:00:00","volt":"163.45508029662"},"EnqueuedTimeUtc":"2022-10-10 17:00:00","Properties":{"messagetype":"Demo"},"SystemProperties":{"connectionAuthMethod":"{\"scope\":\"device\",\"type\":\"sas\",\"issuer\":\"iothub\",\"acceptingIpFilterRule\":null}","connectionDeviceGenerationId":"638052891151821842","connectionDeviceId":"IOTDevice_2_1","contentEncoding":"utf-8","contentType":"application/json","enqueuedTime":"2022-10-10 17:00:00"}}
{"Body":{"Status":true,"Timestamp":"2022-10-10 17:00:00","rotate":"408.151710743809"},"EnqueuedTimeUtc":"2022-10-10 17:00:00","Properties":{"messagetype":"Demo"},"SystemProperties":{"connectionAuthMethod":"{\"scope\":\"device\",\"type\":\"sas\",\"issuer\":\"iothub\",\"acceptingIpFilterRule\":null}","connectionDeviceGenerationId":"638052891151821842","connectionDeviceId":"IOTDevice_2_2","contentEncoding":"utf-8","contentType":"application/json","enqueuedTime":"2022-10-10 17:00:00"}}
{"Body":{"Status":true,"Timestamp":"2022-10-10 17:00:00","pressure":"98.3691223677868"},"EnqueuedTimeUtc":"2022-10-10 17:00:00","Properties":{"messagetype":"Demo"},"SystemProperties":{"connectionAuthMethod":"{\"scope\":\"device\",\"type\":\"sas\",\"issuer\":\"iothub\",\"acceptingIpFilterRule\":null}","connectionDeviceGenerationId":"638052891151821842","connectionDeviceId":"IOTDevice_2_3","contentEncoding":"utf-8","contentType":"application/json","enqueuedTime":"2022-10-10 17:00:00"}}
{"Body":{"Status":true,"Timestamp":"2022-10-10 17:00:00","vibration":"33.2502721931243"},"EnqueuedTimeUtc":"2022-10-10 17:00:00","Properties":{"messagetype":"Demo"},"SystemProperties":{"connectionAuthMethod":"{\"scope\":\"device\",\"type\":\"sas\",\"issuer\":\"iothub\",\"acceptingIpFilterRule\":null}","connectionDeviceGenerationId":"638052891151821842","connectionDeviceId":"IOTDevice_2_4","contentEncoding":"utf-8","contentType":"application/json","enqueuedTime":"2022-10-10 17:00:00"}}
{"Body":{"Status":true,"Timestamp":"2022-10-10 18:00:00","volt":"177.567768103929"},"EnqueuedTimeUtc":"2022-10-10 18:00:00","Properties":{"messagetype":"Demo"},"SystemProperties":{"connectionAuthMethod":"{\"scope\":\"device\",\"type\":\"sas\",\"issuer\":\"iothub\",\"acceptingIpFilterRule\":null}","connectionDeviceGenerationId":"638052891151821842","connectionDeviceId":"IOTDevice_2_1","contentEncoding":"utf-8","contentType":"application/json","enqueuedTime":"2022-10-10 18:00:00"}}
{"Body":{"Status":true,"Timestamp":"2022-10-10 18:00:00","rotate":"505.734719472631"},"EnqueuedTimeUtc":"2022-10-10 18:00:00","Properties":{"messagetype":"Demo"},"SystemProperties":{"connectionAuthMethod":"{\"scope\":\"device\",\"type\":\"sas\",\"issuer\":\"iothub\",\"acceptingIpFilterRule\":null}","connectionDeviceGenerationId":"638052891151821842","connectionDeviceId":"IOTDevice_2_2","contentEncoding":"utf-8","contentType":"application/json","enqueuedTime":"2022-10-10 18:00:00"}}
{"Body":{"Status":true,"Timestamp":"2022-10-10 18:00:00","pressure":"92.6674691601636"},"EnqueuedTimeUtc":"2022-10-10 18:00:00","Properties":{"messagetype":"Demo"},"SystemProperties":{"connectionAuthMethod":"{\"scope\":\"device\",\"type\":\"sas\",\"issuer\":\"iothub\",\"acceptingIpFilterRule\":null}","connectionDeviceGenerationId":"638052891151821842","connectionDeviceId":"IOTDevice_2_3","contentEncoding":"utf-8","contentType":"application/json","enqueuedTime":"2022-10-10 18:00:00"}}
{"Body":{"Status":true,"Timestamp":"2022-10-10 18:00:00","vibration":"44.9559790991"},"EnqueuedTimeUtc":"2022-10-10 18:00:00","Properties":{"messagetype":"Demo"},"SystemProperties":{"connectionAuthMethod":"{\"scope\":\"device\",\"type\":\"sas\",\"issuer\":\"iothub\",\"acceptingIpFilterRule\":null}","connectionDeviceGenerationId":"638052891151821842","connectionDeviceId":"IOTDevice_2_4","contentEncoding":"utf-8","contentType":"application/json","enqueuedTime":"2022-10-10 18:00:00"}}
{"Body":{"Status":true,"Timestamp":"2022-10-10 19:00:00","volt":"164.71715411946"},"EnqueuedTimeUtc":"2022-10-10 19:00:00","Properties":{"messagetype":"Demo"},"SystemProperties":{"connectionAuthMethod":"{\"scope\":\"device\",\"type\":\"sas\",\"issuer\":\"iothub\",\"acceptingIpFilterRule\":null}","connectionDeviceGenerationId":"638052891151821842","connectionDeviceId":"IOTDevice_2_1","contentEncoding":"utf-8","contentType":"application/json","enqueuedTime":"2022-10-10 19:00:00"}}
{"Body":{"Status":true,"Timestamp":"2022-10-10 19:00:00","rotate":"395.446276285577"},"EnqueuedTimeUtc":"2022-10-10 19:00:00","Properties":{"messagetype":"Demo"},"SystemProperties":{"connectionAuthMethod":"{\"scope\":\"device\",\"type\":\"sas\",\"issuer\":\"iothub\",\"acceptingIpFilterRule\":null}","connectionDeviceGenerationId":"638052891151821842","connectionDeviceId":"IOTDevice_2_2","contentEncoding":"utf-8","contentType":"application/json","enqueuedTime":"2022-10-10 19:00:00"}}
{"Body":{"Status":true,"Timestamp":"2022-10-10 19:00:00","pressure":"80.0624738023777"},"EnqueuedTimeUtc":"2022-10-10 19:00:00","Properties":{"messagetype":"Demo"},"SystemProperties":{"connectionAuthMethod":"{\"scope\":\"device\",\"type\":\"sas\",\"issuer\":\"iothub\",\"acceptingIpFilterRule\":null}","connectionDeviceGenerationId":"638052891151821842","connectionDeviceId":"IOTDevice_2_3","contentEncoding":"utf-8","contentType":"application/json","enqueuedTime":"2022-10-10 19:00:00"}}
{"Body":{"Status":true,"Timestamp":"2022-10-10 19:00:00","vibration":"39.6512630592399"},"EnqueuedTimeUtc":"2022-10-10 19:00:00","Properties":{"messagetype":"Demo"},"SystemProperties":{"connectionAuthMethod":"{\"scope\":\"device\",\"type\":\"sas\",\"issuer\":\"iothub\",\"acceptingIpFilterRule\":null}","connectionDeviceGenerationId":"638052891151821842","connectionDeviceId":"IOTDevice_2_4","contentEncoding":"utf-8","contentType":"application/json","enqueuedTime":"2022-10-10 19:00:00"}}
{"Body":{"Status":true,"Timestamp":"2022-10-10 20:00:00","volt":"163.709725402969"},"EnqueuedTimeUtc":"2022-10-10 20:00:00","Properties":{"messagetype":"Demo"},"SystemProperties":{"connectionAuthMethod":"{\"scope\":\"device\",\"type\":\"sas\",\"issuer\":\"iothub\",\"acceptingIpFilterRule\":null}","connectionDeviceGenerationId":"638052891151821842","connectionDeviceId":"IOTDevice_2_1","contentEncoding":"utf-8","contentType":"application/json","enqueuedTime":"2022-10-10 20:00:00"}}
{"Body":{"Status":true,"Timestamp":"2022-10-10 20:00:00","rotate":"385.565631033406"},"EnqueuedTimeUtc":"2022-10-10 20:00:00","Properties":{"messagetype":"Demo"},"SystemProperties":{"connectionAuthMethod":"{\"scope\":\"device\",\"type\":\"sas\",\"issuer\":\"iothub\",\"acceptingIpFilterRule\":null}","connectionDeviceGenerationId":"638052891151821842","connectionDeviceId":"IOTDevice_2_2","contentEncoding":"utf-8","contentType":"application/json","enqueuedTime":"2022-10-10 20:00:00"}}
{"Body":{"Status":true,"Timestamp":"2022-10-10 20:00:00","pressure":"77.7271774866322"},"EnqueuedTimeUtc":"2022-10-10 20:00:00","Properties":{"messagetype":"Demo"},"SystemProperties":{"connectionAuthMethod":"{\"scope\":\"device\",\"type\":\"sas\",\"issuer\":\"iothub\",\"acceptingIpFilterRule\":null}","connectionDeviceGenerationId":"638052891151821842","connectionDeviceId":"IOTDevice_2_3","contentEncoding":"utf-8","contentType":"application/json","enqueuedTime":"2022-10-10 20:00:00"}}
{"Body":{"Status":true,"Timestamp":"2022-10-10 20:00:00","vibration":"51.5464272274962"},"EnqueuedTimeUtc":"2022-10-10 20:00:00","Properties":{"messagetype":"Demo"},"SystemProperties":{"connectionAuthMethod":"{\"scope\":\"device\",\"type\":\"sas\",\"issuer\":\"iothub\",\"acceptingIpFilterRule\":null}","connectionDeviceGenerationId":"638052891151821842","connectionDeviceId":"IOTDevice_2_4","contentEncoding":"utf-8","contentType":"application/json","enqueuedTime":"2022-10-10 20:00:00"}}
