{"Body":{"Status":true,"Timestamp":"2022-10-15 12:00:00","volt":"138.250106742308"},"EnqueuedTimeUtc":"2022-10-15 12:00:00","Properties":{"messagetype":"Demo"},"SystemProperties":{"connectionAuthMethod":"{\"scope\":\"device\",\"type\":\"sas\",\"issuer\":\"iothub\",\"acceptingIpFilterRule\":null}","connectionDeviceGenerationId":"638052891151821842","connectionDeviceId":"IOTDevice_3_1","contentEncoding":"utf-8","contentType":"application/json","enqueuedTime":"2022-10-15 12:00:00"}}
{"Body":{"Status":true,"Timestamp":"2022-10-15 12:00:00","rotate":"443.287443828428"},"EnqueuedTimeUtc":"2022-10-15 12:00:00","Properties":{"messagetype":"Demo"},"SystemProperties":{"connectionAuthMethod":"{\"scope\":\"device\",\"type\":\"sas\",\"issuer\":\"iothub\",\"acceptingIpFilterRule\":null}","connectionDeviceGenerationId":"638052891151821842","connectionDeviceId":"IOTDevice_3_2","contentEncoding":"utf-8","contentType":"application/json","enqueuedTime":"2022-10-15 12:00:00"}}
{"Body":{"Status":true,"Timestamp":"2022-10-15 12:00:00","pressure":"128.305653416693"},"EnqueuedTimeUtc":"2022-10-15 12:00:00","Properties":{"messagetype":"Demo"},"SystemProperties":{"connectionAuthMethod":"{\"scope\":\"device\",\"type\":\"sas\",\"issuer\":\"iothub\",\"acceptingIpFilterRule\":null}","connectionDeviceGenerationId":"638052891151821842","connectionDeviceId":"IOTDevice_3_3","contentEncoding":"utf-8","contentType":"application/json","enqueuedTime":"2022-10-15 12:00:00"}}
{"Body":{"Status":true,"Timestamp":"2022-10-15 12:00:00","vibration":"37.1667962855581"},"EnqueuedTimeUtc":"2022-10-15 12:00:00","Properties":{"messagetype":"Demo"},"SystemProperties":{"connectionAuthMethod":"{\"scope\":\"device\",\"type\":\"sas\",\"issuer\":\"iothub\",\"acceptingIpFilterRule\":null}","connectionDeviceGenerationId":"638052891151821842","connectionDeviceId":"IOTDevice_3_4","contentEncoding":"utf-8","contentType":"application/json","enqueuedTime":"2022-10-15 12:00:00"}}
{"Body":{"Status":true,"Timestamp":"2022-10-15 13:00:00","volt":"150.898721152343"},"EnqueuedTimeUtc":"2022-10-15 13:00:00","Properties":{"messagetype":"Demo"},"SystemProperties":{"connectionAuthMethod":"{\"scope\":\"device\",\"type\":\"sas\",\"issuer\":\"iothub\",\"acceptingIpFilterRule\":null}","connectionDeviceGenerationId":"638052891151821842","connectionDeviceId":"IOTDevice_3_1","contentEncoding":"utf-8","contentType":"application/json","enqueuedTime":"2022-10-15 13:00:00"}}
{"Body":{"Status":true,"Timestamp":"2022-10-15 13:00:00","rotate":"409.022182047206"},"EnqueuedTimeUtc":"2022-10-15 13:00:00","Properties":{"messagetype":"Demo"},"SystemProperties":{"connectionAuthMethod":"{\"scope\":\"device\",\"type\":\"sas\",\"issuer\":\"iothub\",\"acceptingIpFilterRule\":null}","connectionDeviceGenerationId":"638052891151821842","connectionDeviceId":"IOTDevice_3_2","contentEncoding":"utf-8","contentType":"application/json","enqueuedTime":"2022-10-15 13:00:00"}}
{"Body":{"Status":true,"Timestamp":"2022-10-15 13:00:00","pressure":"104.124496954639"},"EnqueuedTimeUtc":"2022-10-15 13:00:00","Properties":{"messagetype":"Demo"},"SystemProperties":{"connectionAuthMethod":"{\"scope\":\"device\",\"type\":\"sas\",\"issuer\":\"iothub\",\"acceptingIpFilterRule\":null}","connectionDeviceGenerationId":"638052891151821842","connectionDeviceId":"IOTDevice_3_3","contentEncoding":"utf-8","contentType":"application/json","enqueuedTime":"2022-10-15 13:00:00"}}
{"Body":{"Status":true,"Timestamp":"2022-10-15 13:00:00","vibration":"38.0679769788341"},"EnqueuedTimeUtc":"2022-10-15 13:00:00","Properties":{"messagetype":"Demo"},"SystemProperties":{"connectionAuthMethod":"{\"scope\":\"device\",\"type\":\"sas\",\"issuer\":\"iothub\",\"acceptingIpFilterRule\":null}","connectionDeviceGenerationId":"638052891151821842","connectionDeviceId":"IOTDevice_3_4","contentEncoding":"utf-8","contentType":"application/json","enqueuedTime":"2022-10-15 13:00:00"}}
{"Body":{"Status":true,"Timestamp":"2022-10-15 14:00:00","volt":"189.025981850694"},"EnqueuedTimeUtc":"2022-10-15 14:00:00","Properties":{"messagetype":"Demo"},"SystemProperties":{"connectionAuthMethod":"{\"scope\":\"device\",\"type\":\"sas\",\"issuer\":\"iothub\",\"acceptingIpFilterRule\":null}","connectionDeviceGenerationId":"638052891151821842","connectionDeviceId":"IOTDevice_3_1","contentEncoding":"utf-8","contentType":"application/json","enqueuedTime":"2022-10-15 14:00:00"}}
{"Body":{"Status":true,"Timestamp":"2022-10-15 14:00:00","rotate":"394.139984956864"},"EnqueuedTimeUtc":"2022-10-15 14:00:00","Properties":{"messagetype":"Demo"},"SystemProperties":{"connectionAuthMethod":"{\"scope\":\"device\",\"type\":\"sas\",\"issuer\":\"iothub\",\"acceptingIpFilterRule\":null}","connectionDeviceGenerationId":"638052891151821842","connectionDeviceId":"IOTDevice_3_2","contentEncoding":"utf-8","contentType":"application/json","enqueuedTime":"2022-10-15 14:00:00"}}
{"Body":{"Status":true,"Timestamp":"2022-10-15 14:00:00","pressure":"106.584135780315"},"EnqueuedTimeUtc":"2022-10-15 14:00:00","Properties":{"messagetype":"Demo"},"SystemProperties":{"connectionAuthMethod":"{\"scope\":\"device\",\"type\":\"sas\",\"issuer\":\"iothub\",\"acceptingIpFilterRule\":null}","connectionDeviceGenerationId":"638052891151821842","connectionDeviceId":"IOTDevice_3_3","contentEncoding":"utf-8","contentType":"application/json","enqueuedTime":"2022-10-15 14:00:00"}}
{"Body":{"Status":true,"Timestamp":"2022-10-15 14:00:00","vibration":"37.6890195628707"},"EnqueuedTimeUtc":"2022-10-15 14:00:00","Properties":{"messagetype":"Demo"},"SystemProperties":{"connectionAuthMethod":"{\"scope\":\"device\",\"type\":\"sas\",\"issuer\":\"iothub\",\"acceptingIpFilterRule\":null}","connectionDeviceGenerationId":"638052891151821842","connectionDeviceId":"IOTDevice_3_4","contentEncoding":"utf-8","contentType":"application/json","enqueuedTime":"2022-10-15 14:00:00"}}
{"Body":{"Status":true,"Timestamp":"2022-10-15 15:00:00","volt":"163.428018560823"},"EnqueuedTimeUtc":"2022-10-15 15:00:00","Properties":{"messagetype":"Demo"},"SystemProperties":{"connectionAuthMethod":"{\"scope\":\"device\",\"type\":\"sas\",\"issuer\":\"iothub\",\"acceptingIpFilterRule\":null}","connectionDeviceGenerationId":"638052891151821842","connectionDeviceId":"IOTDevice_3_1","contentEncoding":"utf-8","contentType":"application/json","enqueuedTime":"2022-10-15 15:00:00"}}
{"Body":{"Status":true,"Timestamp":"2022-10-15 15:00:00","rotate":"458.46387487098"},"EnqueuedTimeUtc":"2022-10-15 15:00:00","Properties":{"messagetype":"Demo"},"SystemProperties":{"connectionAuthMethod":"{\"scope\":\"device\",\"type\":\"sas\",\"issuer\":\"iothub\",\"acceptingIpFilterRule\":null}","connectionDeviceGenerationId":"638052891151821842","connectionDeviceId":"IOTDevice_3_2","contentEncoding":"utf-8","contentType":"application/json","enqueuedTime":"2022-10-15 15:00:00"}}
{"Body":{"Status":true,"Timestamp":"2022-10-15 15:00:00","pressure":"99.4329045110197"},"EnqueuedTimeUtc":"2022-10-15 15:00:00","Properties":{"messagetype":"Demo"},"SystemProperties":{"connectionAuthMethod":"{\"scope\":\"device\",\"type\":\"sas\",\"issuer\":\"iothub\",\"acceptingIpFilterRule\":null}","connectionDeviceGenerationId":"638052891151821842","connectionDeviceId":"IOTDevice_3_3","contentEncoding":"utf-8","contentType":"application/json","enqueuedTime":"2022-10-15 15:00:00"}}
{"Body":{"Status":true,"Timestamp":"2022-10-15 15:00:00","vibration":"39.6048729503647"},"EnqueuedTimeUtc":"2022-10-15 15:00:00","Properties":{"messagetype":"Demo"},"SystemProperties":{"connectionAuthMethod":"{\"scope\":\"device\",\"type\":\"sas\",\"issuer\":\"iothub\",\"acceptingIpFilterRule\":null}","connectionDeviceGenerationId":"638052891151821842","connectionDeviceId":"IOTDevice_3_4","contentEncoding":"utf-8","contentType":"application/json","enqueuedTime":"2022-10-15 15:00:00"}}
{"Body":{"Status":true,"Timestamp":"2022-10-15 16:00:00","volt":"180.91455030729"},"EnqueuedTimeUtc":"2022-10-15 16:00:00","Properties":{"messagetype":"Demo"},"SystemProperties":{"connectionAuthMethod":"{\"scope\":\"device\",\"type\":\"sas\",\"issuer\":\"iothub\",\"acceptingIpFilterRule\":null}","connectionDeviceGenerationId":"638052891151821842","connectionDeviceId":"IOTDevice_3_1","contentEncoding":"utf-8","contentType":"application/json","enqueuedTime":"2022-10-15 16:00:00"}}
{"Body":{"Status":true,"Timestamp":"2022-10-15 16:00:00","rotate":"404.169042746437"},"EnqueuedTimeUtc":"2022-10-15 16:00:00","Properties":{"messagetype":"Demo"},"SystemProperties":{"connectionAuthMethod":"{\"scope\":\"device\",\"type\":\"sas\",\"issuer\":\"iothub\",\"acceptingIpFilterRule\":null}","connectionDeviceGenerationId":"638052891151821842","connectionDeviceId":"IOTDevice_3_2","contentEncoding":"utf-8","contentType":"application/json","enqueuedTime":"2022-10-15 16:00:00"}}
{"Body":{"Status":true,"Timestamp":"2022-10-15 16:00:00","pressure":"104.499401292378"},"EnqueuedTimeUtc":"2022-10-15 16:00:00","Properties":{"messagetype":"Demo"},"SystemProperties":{"connectionAuthMethod":"{\"scope\":\"device\",\"type\":\"sas\",\"issuer\":\"iothub\",\"acceptingIpFilterRule\":null}","connectionDeviceGenerationId":"638052891151821842","connectionDeviceId":"IOTDevice_3_3","contentEncoding":"utf-8","contentType":"application/json","enqueuedTime":"2022-10-15 16:00:00"}}
{"Body":{"Status":true,"Timestamp":"2022-10-15 16:00:00","vibration":"41.5290771144693"},"EnqueuedTimeUtc":"2022-10-15 16:00:00","Properties":{"messagetype":"Demo"},"SystemProperties":{"connectionAuthMethod":"{\"scope\":\"device\",\"type\":\"sas\",\"issuer\":\"iothub\",\"acceptingIpFilterRule\":null}","connectionDeviceGenerationId":"638052891151821842","connectionDeviceId":"IOTDevice_3_4","contentEncoding":"utf-8","contentType":"application/json","enqueuedTime":"2022-10-15 16:00:00"}}
{"Body":{"Status":true,"Timestamp":"2022-10-15 17:00:00","volt":"182.044886778245"},"EnqueuedTimeUtc":"2022-10-15 17:00:00","Properties":{"messagetype":"Demo"},"SystemProperties":{"connectionAuthMethod":"{\"scope\":\"device\",\"type\":\"sas\",\"issuer\":\"iothub\",\"acceptingIpFilterRule\":null}","connectionDeviceGenerationId":"638052891151821842","connectionDeviceId":"IOTDevice_3_1","contentEncoding":"utf-8","contentType":"application/json","enqueuedTime":"2022-10-15 17:00:00"}}
{"Body":{"Status":true,"Timestamp":"2022-10-15 17:00:00","rotate":"542.165005067369"},"EnqueuedTimeUtc":"2022-10-15 17:00:00","Properties":{"messagetype":"Demo"},"SystemProperties":{"connectionAuthMethod":"{\"scope\":\"device\",\"type\":\"sas\",\"issuer\":\"iothub\",\"acceptingIpFilterRule\":null}","connectionDeviceGenerationId":"638052891151821842","connectionDeviceId":"IOTDevice_3_2","contentEncoding":"utf-8","contentType":"application/json","enqueuedTime":"2022-10-15 17:00:00"}}
{"Body":{"Status":true,"Timestamp":"2022-10-15 17:00:00","pressure":"93.3805928917961"},"EnqueuedTimeUtc":"2022-10-15 17:00:00","Properties":{"messagetype":"Demo"},"SystemProperties":{"connectionAuthMethod":"{\"scope\":\"device\",\"type\":\"sas\",\"issuer\":\"iothub\",\"acceptingIpFilterRule\":null}","connectionDeviceGenerationId":"638052891151821842","connectionDeviceId":"IOTDevice_3_3","contentEncoding":"utf-8","contentType":"application/json","enqueuedTime":"2022-10-15 17:00:00"}}
{"Body":{"Status":true,"Timestamp":"2022-10-15 17:00:00","vibration":"30.54460929841"},"EnqueuedTimeUtc":"2022-10-15 17:00:00","Properties":{"messagetype":"Demo"},"SystemProperties":{"connectionAuthMethod":"{\"scope\":\"device\",\"type\":\"sas\",\"issuer\":\"iothub\",\"acceptingIpFilterRule\":null}","connectionDeviceGenerationId":"638052891151821842","connectionDeviceId":"IOTDevice_3_4","contentEncoding":"utf-8","contentType":"application/json","enqueuedTime":"2022-10-15 17:00:00"}}
{"Body":{"Status":true,"Timestamp":"2022-10-15 18:00:00","volt":"154.197669220121"},"EnqueuedTimeUtc":"2022-10-15 18:00:00","Properties":{"messagetype":"Demo"},"SystemProperties":{"connectionAuthMethod":"{\"scope\":\"device\",\"type\":\"sas\",\"issuer\":\"iothub\",\"acceptingIpFilterRule\":null}","connectionDeviceGenerationId":"638052891151821842","connectionDeviceId":"IOTDevice_3_1","contentEncoding":"utf-8","contentType":"application/json","enqueuedTime":"2022-10-15 18:00:00"}}
{"Body":{"Status":true,"Timestamp":"2022-10-15 18:00:00","rotate":"454.593382803002"},"EnqueuedTimeUtc":"2022-10-15 18:00:00","Properties":{"messagetype":"Demo"},"SystemProperties":{"connectionAuthMethod":"{\"scope\":\"device\",\"type\":\"sas\",\"issuer\":\"iothub\",\"acceptingIpFilterRule\":null}","connectionDeviceGenerationId":"638052891151821842","connectionDeviceId":"IOTDevice_3_2","contentEncoding":"utf-8","contentType":"application/json","enqueuedTime":"2022-10-15 18:00:00"}}
{"Body":{"Status":true,"Timestamp":"2022-10-15 18:00:00","pressure":"98.6065906495397"},"EnqueuedTimeUtc":"2022-10-15 18:00:00","Properties":{"messagetype":"Demo"},"SystemProperties":{"connectionAuthMethod":"{\"scope\":\"device\",\"type\":\"sas\",\"issuer\":\"iothub\",\"acceptingIpFilterRule\":null}","connectionDeviceGenerationId":"638052891151821842","connectionDeviceId":"IOTDevice_3_3","contentEncoding":"utf-8","contentType":"application/json","enqueuedTime":"2022-10-15 18:00:00"}}
{"Body":{"Status":true,"Timestamp":"2022-10-15 18:00:00","vibration":"34.085961075597"},"EnqueuedTimeUtc":"2022-10-15 18:00:00","Properties":{"messagetype":"Demo"},"SystemProperties":{"connectionAuthMethod":"{\"scope\":\"device\",\"type\":\"sas\",\"issuer\":\"iothub\",\"acceptingIpFilterRule\":null}","connectionDeviceGenerationId":"638052891151821842","connectionDeviceId":"IOTDevice_3_4","contentEncoding":"utf-8","contentType":"application/json","enqueuedTime":"2022-10-15 18:00:00"}}
{"Body":{"Status":true,"Timestamp":"2022-10-15 19:00:00","volt":"174.015852144635"},"EnqueuedTimeUtc":"2022-10-15 19:00:00","Properties":{"messagetype":"Demo"},"SystemProperties":{"connectionAuthMethod":"{\"scope\":\"device\",\"type\":\"sas\",\"issuer\":\"iothub\",\"acceptingIpFilterRule\":null}","connectionDeviceGenerationId":"638052891151821842","connectionDeviceId":"IOTDevice_3_1","contentEncoding":"utf-8","contentType":"application/json","enqueuedTime":"2022-10-15 19:00:00"}}
{"Body":{"Status":true,"Timestamp":"2022-10-15 19:00:00","rotate":"466.977017770576"},"EnqueuedTimeUtc":"2022-10-15 19:00:00","Properties":{"messagetype":"Demo"},"SystemProperties":{"connectionAuthMethod":"{\"scope\":\"device\",\"type\":\"sas\",\"issuer\":\"iothub\",\"acceptingIpFilterRule\":null}","connectionDeviceGenerationId":"638052891151821842","connectionDeviceId":"IOTDevice_3_2","contentEncoding":"utf-8","contentType":"application/json","enqueuedTime":"2022-10-15 19:00:00"}}
{"Body":{"Status":true,"Timestamp":"2022-10-15 19:00:00","pressure":"92.2890762027516"},"EnqueuedTimeUtc":"2022-10-15 19:00:00","Properties":{"messagetype":"Demo"},"SystemProperties":{"connectionAuthMethod":"{\"scope\":\"device\",\"type\":\"sas\",\"issuer\":\"iothub\",\"acceptingIpFilterRule\":null}","connectionDeviceGenerationId":"638052891151821842","connectionDeviceId":"IOTDevice_3_3","contentEncoding":"utf-8","contentType":"application/json","enqueuedTime":"2022-10-15 19:00:00"}}
{"Body":{"Status":true,"Timestamp":"2022-10-15 19:00:00","vibration":"38.4651745973731"},"EnqueuedTimeUtc":"2022-10-15 19:00:00","Properties":{"messagetype":"Demo"},"SystemProperties":{"connectionAuthMethod":"{\"scope\":\"device\",\"type\":\"sas\",\"issuer\":\"iothub\",\"acceptingIpFilterRule\":null}","connectionDeviceGenerationId":"638052891151821842","connectionDeviceId":"IOTDevice_3_4","contentEncoding":"utf-8","contentType":"application/json","enqueuedTime":"2022-10-15 19:00:00"}}
{"Body":{"Status":true,"Timestamp":"2022-10-15 20:00:00","volt":"160.999247699321"},"EnqueuedTimeUtc":"2022-10-15 20:00:00","Properties":{"messagetype":"Demo"},"SystemProperties":{"connectionAuthMethod":"{\"scope\":\"device\",\"type\":\"sas\",\"issuer\":\"iothub\",\"acceptingIpFilterRule\":null}","connectionDeviceGenerationId":"638052891151821842","connectionDeviceId":"IOTDevice_3_1","contentEncoding":"utf-8","contentType":"application/json","enqueuedTime":"2022-10-15 20:00:00"}}
{"Body":{"Status":true,"Timestamp":"2022-10-15 20:00:00","rotate":"449.365966726676"},"EnqueuedTimeUtc":"2022-10-15 20:00:00","Properties":{"messagetype":"Demo"},"SystemProperties":{"connectionAuthMethod":"{\"scope\":\"device\",\"type\":\"sas\",\"issuer\":\"iothub\",\"acceptingIpFilterRule\":null}","connectionDeviceGenerationId":"638052891151821842","connectionDeviceId":"IOTDevice_3_2","contentEncoding":"utf-8","contentType":"application/json","enqueuedTime":"2022-10-15 20:00:00"}}
{"Body":{"Status":true,"Timestamp":"2022-10-15 20:00:00","pressure":"86.7774539991813"},"EnqueuedTimeUtc":"2022-10-15 20:00:00","Properties":{"messagetype":"Demo"},"SystemProperties":{"connectionAuthMethod":"{\"scope\":\"device\",\"type\":\"sas\",\"issuer\":\"iothub\",\"acceptingIpFilterRule\":null}","connectionDeviceGenerationId":"638052891151821842","connectionDeviceId":"IOTDevice_3_3","contentEncoding":"utf-8","contentType":"application/json","enqueuedTime":"2022-10-15 20:00:00"}}
{"Body":{"Status":true,"Timestamp":"2022-10-15 20:00:00","vibration":"48.1203461976727"},"EnqueuedTimeUtc":"2022-10-15 20:00:00","Properties":{"messagetype":"Demo"},"SystemProperties":{"connectionAuthMethod":"{\"scope\":\"device\",\"type\":\"sas\",\"issuer\":\"iothub\",\"acceptingIpFilterRule\":null}","connectionDeviceGenerationId":"638052891151821842","connectionDeviceId":"IOTDevice_3_4","contentEncoding":"utf-8","contentType":"application/json","enqueuedTime":"2022-10-15 20:00:00"}}
{"Body":{"Status":true,"Timestamp":"2022-10-15 21:00:00","volt":"153.837855602813"},"EnqueuedTimeUtc":"2022-10-15 21:00:00","Properties":{"messagetype":"Demo"},"SystemProperties":{"connectionAuthMethod":"{\"scope\":\"device\",\"type\":\"sas\",\"issuer\":\"iothub\",\"acceptingIpFilterRule\":null}","connectionDeviceGenerationId":"638052891151821842","connectionDeviceId":"IOTDevice_3_1","contentEncoding":"utf-8","contentType":"application/json","enqueuedTime":"2022-10-15 21:00:00"}}
{"Body":{"Status":true,"Timestamp":"2022-10-15 21:00:00","rotate":"435.31102556167"},"EnqueuedTimeUtc":"2022-10-15 21:00:00","Properties":{"messagetype":"Demo"},"SystemProperties":{"connectionAuthMethod":"{\"scope\":\"device\",\"type\":\"sas\",\"issuer\":\"iothub\",\"acceptingIpFilterRule\":null}","connectionDeviceGenerationId":"638052891151821842","connectionDeviceId":"IOTDevice_3_2","contentEncoding":"utf-8","contentType":"application/json","enqueuedTime":"2022-10-15 21:00:00"}}
{"Body":{"Status":true,"Timestamp":"2022-10-15 21:00:00","pressure":"100.640452635686"},"EnqueuedTimeUtc":"2022-10-15 21:00:00","Properties":{"messagetype":"Demo"},"SystemProperties":{"connectionAuthMethod":"{\"scope\":\"device\",\"type\":\"sas\",\"issuer\":\"iothub\",\"acceptingIpFilterRule\":null}","connectionDeviceGenerationId":"638052891151821842","connectionDeviceId":"IOTDevice_3_3","contentEncoding":"utf-8","contentType":"application/json","enqueuedTime":"2022-10-15 21:00:00"}}
{"Body":{"Status":true,"Timestamp":"2022-10-15 21:00:00","vibration":"44.5169964619909"},"EnqueuedTimeUtc":"2022-10-15 21:00:00","Properties":{"messagetype":"Demo"},"SystemProperties":{"connectionAuthMethod":"{\"scope\":\"device\",\"type\":\"sas\",\"issuer\":\"iothub\",\"acceptingIpFilterRule\":null}","connectionDeviceGenerationId":"638052891151821842","connectionDeviceId":"IOTDevice_3_4","contentEncoding":"utf-8","contentType":"application/json","enqueuedTime":"2022-10-15 21:00:00"}}
{"Body":{"Status":true,"Timestamp":"2022-10-15 22:00:00","volt":"179.51274924123"},"EnqueuedTimeUtc":"2022-10-15 22:00:00","Properties":{"messagetype":"Demo"},"SystemProperties":{"connectionAuthMethod":"{\"scope\":\"device\",\"type\":\"sas\",\"issuer\":\"iothub\",\"acceptingIpFilterRule\":null}","connectionDeviceGenerationId":"638052891151821842","connectionDeviceId":"IOTDevice_3_1","contentEncoding":"utf-8","contentType":"application/json","enqueuedTime":"2022-10-15 22:00:00"}}
{"Body":{"Status":true,"Timestamp":"2022-10-15 22:00:00","rotate":"539.470547712308"},"EnqueuedTimeUtc":"2022-10-15 22:00:00","Properties":{"messagetype":"Demo"},"SystemProperties":{"connectionAuthMethod":"{\"scope\":\"device\",\"type\":\"sas\",\"issuer\":\"iothub\",\"acceptingIpFilterRule\":null}","connectionDeviceGenerationId":"638052891151821842","connectionDeviceId":"IOTDevice_3_2","contentEncoding":"utf-8","contentType":"application/json","enqueuedTime":"2022-10-15 22:00:00"}}
{"Body":{"Status":true,"Timestamp":"2022-10-15 22:00:00","pressure":"99.9275791812945"},"EnqueuedTimeUtc":"2022-10-15 22:00:00","Properties":{"messagetype":"Demo"},"SystemProperties":{"connectionAuthMethod":"{\"scope\":\"device\",\"type\":\"sas\",\"issuer\":\"iothub\",\"acceptingIpFilterRule\":null}","connectionDeviceGenerationId":"638052891151821842","connectionDeviceId":"IOTDevice_3_3","contentEncoding":"utf-8","contentType":"application/json","enqueuedTime":"2022-10-15 22:00:00"}}
{"Body":{"Status":true,"Timestamp":"2022-10-15 22:00:00","vibration":"33.0842993466956"},"EnqueuedTimeUtc":"2022-10-15 22:00:00","Properties":{"messagetype":"Demo"},"SystemProperties":{"connectionAuthMethod":"{\"scope\":\"device\",\"type\":\"sas\",\"issuer\":\"iothub\",\"acceptingIpFilterRule\":null}","connectionDeviceGenerationId":"638052891151821842","connectionDeviceId":"IOTDevice_3_4","contentEncoding":"utf-8","contentType":"application/json","enqueuedTime":"2022-10-15 22:00:00"}}
{"Body":{"Status":true,"Timestamp":"2022-10-15 23:00:00","volt":"167.615376481793"},"EnqueuedTimeUtc":"2022-10-15 23:00:00","Properties":{"messagetype":"Demo"},"SystemProperties":{"connectionAuthMethod":"{\"scope\":\"device\",\"type\":\"sas\",\"issuer\":\"iothub\",\"acceptingIpFilterRule\":null}","connectionDeviceGenerationId":"638052891151821842","connectionDeviceId":"IOTDevice_3_1","contentEncoding":"utf-8","contentType":"application/json","enqueuedTime":"2022-10-15 23:00:00"}}
{"Body":{"Status":true,"Timestamp":"2022-10-15 23:00:00","rotate":"483.638588986054"},"EnqueuedTimeUtc":"2022-10-15 23:00:00","Properties":{"messagetype":"Demo"},"SystemProperties":{"connectionAuthMethod":"{\"scope\":\"device\",\"type\":\"sas\",\"issuer\":\"iothub\",\"acceptingIpFilterRule\":null}","connectionDeviceGenerationId":"638052891151821842","connectionDeviceId":"IOTDevice_3_2","contentEncoding":"utf-8","contentType":"application/json","enqueuedTime":"2022-10-15 23:00:00"}}
{"Body":{"Status":true,"Timestamp":"2022-10-15 23:00:00","pressure":"104.451641592963"},"EnqueuedTimeUtc":"2022-10-15 23:00:00","Properties":{"messagetype":"Demo"},"SystemProperties":{"connectionAuthMethod":"{\"scope\":\"device\",\"type\":\"sas\",\"issuer\":\"iothub\",\"acceptingIpFilterRule\":null}","connectionDeviceGenerationId":"638052891151821842","connectionDeviceId":"IOTDevice_3_3","contentEncoding":"utf-8","contentType":"application/json","enqueuedTime":"2022-10-15 23:00:00"}}
{"Body":{"Status":true,"Timestamp":"2022-10-15 23:00:00","vibration":"42.5646415910396"},"EnqueuedTimeUtc":"2022-10-15 23:00:00","Properties":{"messagetype":"Demo"},"SystemProperties":{"connectionAuthMethod":"{\"scope\":\"device\",\"type\":\"sas\",\"issuer\":\"iothub\",\"acceptingIpFilterRule\":null}","connectionDeviceGenerationId":"638052891151821842","connectionDeviceId":"IOTDevice_3_4","contentEncoding":"utf-8","contentType":"application/json","enqueuedTime":"2022-10-15 23:00:00"}}
{"Body":{"Status":true,"Timestamp":"2022-10-15 00:00:00","volt":"170.954912908985"},"EnqueuedTimeUtc":"2022-10-15 00:00:00","Properties":{"messagetype":"Demo"},"SystemProperties":{"connectionAuthMethod":"{\"scope\":\"device\",\"type\":\"sas\",\"issuer\":\"iothub\",\"acceptingIpFilterRule\":null}","connectionDeviceGenerationId":"638052891151821842","connectionDeviceId":"IOTDevice_4_1","contentEncoding":"utf-8","contentType":"application/json","enqueuedTime":"2022-10-15 00:00:00"}}
{"Body":{"Status":true,"Timestamp":"2022-10-15 00:00:00","rotate":"423.624593532575"},"EnqueuedTimeUtc":"2022-10-15 00:00:00","Properties":{"messagetype":"Demo"},"SystemProperties":{"connectionAuthMethod":"{\"scope\":\"device\",\"type\":\"sas\",\"issuer\":\"iothub\",\"acceptingIpFilterRule\":null}","connectionDeviceGenerationId":"638052891151821842","connectionDeviceId":"IOTDevice_4_2","contentEncoding":"utf-8","contentType":"application/json","enqueuedTime":"2022-10-15 00:00:00"}}
{"Body":{"Status":true,"Timestamp":"2022-10-15 00:00:00","pressure":"90.3312265107138"},"EnqueuedTimeUtc":"2022-10-15 00:00:00","Properties":{"messagetype":"Demo"},"SystemProperties":{"connectionAuthMethod":"{\"scope\":\"device\",\"type\":\"sas\",\"issuer\":\"iothub\",\"acceptingIpFilterRule\":null}","connectionDeviceGenerationId":"638052891151821842","connectionDeviceId":"IOTDevice_4_3","contentEncoding":"utf-8","contentType":"application/json","enqueuedTime":"2022-10-15 00:00:00"}}
{"Body":{"Status":true,"Timestamp":"2022-10-15 00:00:00","vibration":"42.6888978302619"},"EnqueuedTimeUtc":"2022-10-15 00:00:00","Properties":{"messagetype":"Demo"},"SystemProperties":{"connectionAuthMethod":"{\"scope\":\"device\",\"type\":\"sas\",\"issuer\":\"iothub\",\"acceptingIpFilterRule\":null}","connectionDeviceGenerationId":"638052891151821842","connectionDeviceId":"IOTDevice_4_4","contentEncoding":"utf-8","contentType":"application/json","enqueuedTime":"2022-10-15 00:00:00"}}
{"Body":{"Status":true,"Timestamp":"2022-10-15 01:00:00","volt":"192.351127651156"},"EnqueuedTimeUtc":"2022-10-15 01:00:00","Properties":{"messagetype":"Demo"},"SystemProperties":{"connectionAuthMethod":"{\"scope\":\"device\",\"type\":\"sas\",\"issuer\":\"iothub\",\"acceptingIpFilterRule\":null}","connectionDeviceGenerationId":"638052891151821842","connectionDeviceId":"IOTDevice_4_1","contentEncoding":"utf-8","contentType":"application/json","enqueuedTime":"2022-10-15 01:00:00"}}
{"Body":{"Status":true,"Timestamp":"2022-10-15 01:00:00","rotate":"346.498040056797"},"EnqueuedTimeUtc":"2022-10-15 01:00:00","Properties":{"messagetype":"Demo"},"SystemProperties":{"connectionAuthMethod":"{\"scope\":\"device\",\"type\":\"sas\",\"issuer\":\"iothub\",\"acceptingIpFilterRule\":null}","connectionDeviceGenerationId":"638052891151821842","connectionDeviceId":"IOTDevice_4_2","contentEncoding":"utf-8","contentType":"application/json","enqueuedTime":"2022-10-15 01:00:00"}}
{"Body":{"Status":true,"Timestamp":"2022-10-15 01:00:00","pressure":"109.238259269449"},"EnqueuedTimeUtc":"2022-10-15 01:00:00","Properties":{"messagetype":"Demo"},"SystemProperties":{"connectionAuthMethod":"{\"scope\":\"device\",\"type\":\"sas\",\"issuer\":\"iothub\",\"acceptingIpFilterRule\":null}","connectionDeviceGenerationId":"638052891151821842","connectionDeviceId":"IOTDevice_4_3","contentEncoding":"utf-8","contentType":"application/json","enqueuedTime":"2022-10-15 01:00:00"}}
{"Body":{"Status":true,"Timestamp":"2022-10-15 01:00:00","vibration":"39.7786487688237"},"EnqueuedTimeUtc":"2022-10-15 01:00:00","Properties":{"messagetype":"Demo"},"SystemProperties":{"connectionAuthMethod":"{\"scope\":\"device\",\"type\":\"sas\",\"issuer\":\"iothub\",\"acceptingIpFilterRule\":null}","connectionDeviceGenerationId":"638052891151821842","connectionDeviceId":"IOTDevice_4_4","contentEncoding":"utf-8","contentType":"application/json","enqueuedTime":"2022-10-15 01:00:00"}}
{"Body":{"Status":true,"Timestamp":"2022-10-15 02:00:00","volt":"150.361995451869"},"EnqueuedTimeUtc":"2022-10-15 02:00:00","Properties":{"messagetype":"Demo"},"SystemProperties":{"connectionAuthMethod":"{\"scope\":\"device\",\"type\":\"sas\",\"issuer\":\"iothub\",\"acceptingIpFilterRule\":null}","connectionDeviceGenerationId":"638052891151821842","connectionDeviceId":"IOTDevice_4_1","contentEncoding":"utf-8","contentType":"application/json","enqueuedTime":"2022-10-15 02:00:00"}}
{"Body":{"Status":true,"Timestamp":"2022-10-15 02:00:00","rotate":"375.149784987254"},"EnqueuedTimeUtc":"2022-10-15 02:00:00","Properties":{"messagetype":"Demo"},"SystemProperties":{"connectionAuthMethod":"{\"scope\":\"device\",\"type\":\"sas\",\"issuer\":\"iothub\",\"acceptingIpFilterRule\":null}","connectionDeviceGenerationId":"638052891151821842","connectionDeviceId":"IOTDevice_4_2","contentEncoding":"utf-8","contentType":"application/json","enqueuedTime":"2022-10-15 02:00:00"}}
{"Body":{"Status":true,"Timestamp":"2022-10-15 02:00:00","pressure":"86.7269362152539"},"EnqueuedTimeUtc":"2022-10-15 02:00:00","Properties":{"messagetype":"Demo"},"SystemProperties":{"connectionAuthMethod":"{\"scope\":\"device\",\"type\":\"sas\",\"issuer\":\"iothub\",\"acceptingIpFilterRule\":null}","connectionDeviceGenerationId":"638052891151821842","connectionDeviceId":"IOTDevice_4_3","contentEncoding":"utf-8","contentType":"application/json","enqueuedTime":"2022-10-15 02:00:00"}}
{"Body":{"Status":true,"Timestamp":"2022-10-15 02:00:00","vibration":"35.3075297996732"},"EnqueuedTimeUtc":"2022-10-15 02:00:00","Properties":{"messagetype":"Demo"},"SystemProperties":{"connectionAuthMethod":"{\"scope\":\"device\",\"type\":\"sas\",\"issuer\":\"iothub\",\"acceptingIpFilterRule\":null}","connectionDeviceGenerationId":"638052891151821842","connectionDeviceId":"IOTDevice_4_4","contentEncoding":"utf-8","contentType":"application/json","enqueuedTime":"2022-10-15 02:00:00"}}
