{"Body":{"Status":true,"Timestamp":"2022-10-27 18:00:00","volt":"174.334745489762"},"EnqueuedTimeUtc":"2022-10-27 18:00:00","Properties":{"messagetype":"Demo"},"SystemProperties":{"connectionAuthMethod":"{\"scope\":\"device\",\"type\":\"sas\",\"issuer\":\"iothub\",\"acceptingIpFilterRule\":null}","connectionDeviceGenerationId":"638052891151821842","connectionDeviceId":"IOTDevice_4_1","contentEncoding":"utf-8","contentType":"application/json","enqueuedTime":"2022-10-27 18:00:00"}}
{"Body":{"Status":true,"Timestamp":"2022-10-27 18:00:00","rotate":"518.453535418465"},"EnqueuedTimeUtc":"2022-10-27 18:00:00","Properties":{"messagetype":"Demo"},"SystemProperties":{"connectionAuthMethod":"{\"scope\":\"device\",\"type\":\"sas\",\"issuer\":\"iothub\",\"acceptingIpFilterRule\":null}","connectionDeviceGenerationId":"638052891151821842","connectionDeviceId":"IOTDevice_4_2","contentEncoding":"utf-8","contentType":"application/json","enqueuedTime":"2022-10-27 18:00:00"}}
{"Body":{"Status":true,"Timestamp":"2022-10-27 18:00:00","pressure":"95.3085188139222"},"EnqueuedTimeUtc":"2022-10-27 18:00:00","Properties":{"messagetype":"Demo"},"SystemProperties":{"connectionAuthMethod":"{\"scope\":\"device\",\"type\":\"sas\",\"issuer\":\"iothub\",\"acceptingIpFilterRule\":null}","connectionDeviceGenerationId":"638052891151821842","connectionDeviceId":"IOTDevice_4_3","contentEncoding":"utf-8","contentType":"application/json","enqueuedTime":"2022-10-27 18:00:00"}}
{"Body":{"Status":true,"Timestamp":"2022-10-27 18:00:00","vibration":"28.6167643031253"},"EnqueuedTimeUtc":"2022-10-27 18:00:00","Properties":{"messagetype":"Demo"},"SystemProperties":{"connectionAuthMethod":"{\"scope\":\"device\",\"type\":\"sas\",\"issuer\":\"iothub\",\"acceptingIpFilterRule\":null}","connectionDeviceGenerationId":"638052891151821842","connectionDeviceId":"IOTDevice_4_4","contentEncoding":"utf-8","contentType":"application/json","enqueuedTime":"2022-10-27 18:00:00"}}
{"Body":{"Status":true,"Timestamp":"2022-10-27 19:00:00","volt":"180.689884558334"},"EnqueuedTimeUtc":"2022-10-27 19:00:00","Properties":{"messagetype":"Demo"},"SystemProperties":{"connectionAuthMethod":"{\"scope\":\"device\",\"type\":\"sas\",\"issuer\":\"iothub\",\"acceptingIpFilterRule\":null}","connectionDeviceGenerationId":"638052891151821842","connectionDeviceId":"IOTDevice_4_1","contentEncoding":"utf-8","contentType":"application/json","enqueuedTime":"2022-10-27 19:00:00"}}
{"Body":{"Status":true,"Timestamp":"2022-10-27 19:00:00","rotate":"497.487154752099"},"EnqueuedTimeUtc":"2022-10-27 19:00:00","Properties":{"messagetype":"Demo"},"SystemProperties":{"connectionAuthMethod":"{\"scope\":\"device\",\"type\":\"sas\",\"issuer\":\"iothub\",\"acceptingIpFilterRule\":null}","connectionDeviceGenerationId":"638052891151821842","connectionDeviceId":"IOTDevice_4_2","contentEncoding":"utf-8","contentType":"application/json","enqueuedTime":"2022-10-27 19:00:00"}}
{"Body":{"Status":true,"Timestamp":"2022-10-27 19:00:00","pressure":"80.5539654826736"},"EnqueuedTimeUtc":"2022-10-27 19:00:00","Properties":{"messagetype":"Demo"},"SystemProperties":{"connectionAuthMethod":"{\"scope\":\"device\",\"type\":\"sas\",\"issuer\":\"iothub\",\"acceptingIpFilterRule\":null}","connectionDeviceGenerationId":"638052891151821842","connectionDeviceId":"IOTDevice_4_3","contentEncoding":"utf-8","contentType":"application/json","enqueuedTime":"2022-10-27 19:00:00"}}
{"Body":{"Status":true,"Timestamp":"2022-10-27 19:00:00","vibration":"48.1321580271067"},"EnqueuedTimeUtc":"2022-10-27 19:00:00","Properties":{"messagetype":"Demo"},"SystemProperties":{"connectionAuthMethod":"{\"scope\":\"device\",\"type\":\"sas\",\"issuer\":\"iothub\",\"acceptingIpFilterRule\":null}","connectionDeviceGenerationId":"638052891151821842","connectionDeviceId":"IOTDevice_4_4","contentEncoding":"utf-8","contentType":"application/json","enqueuedTime":"2022-10-27 19:00:00"}}
{"Body":{"Status":true,"Timestamp":"2022-10-27 20:00:00","volt":"160.279448072851"},"EnqueuedTimeUtc":"2022-10-27 20:00:00","Properties":{"messagetype":"Demo"},"SystemProperties":{"connectionAuthMethod":"{\"scope\":\"device\",\"type\":\"sas\",\"issuer\":\"iothub\",\"acceptingIpFilterRule\":null}","connectionDeviceGenerationId":"638052891151821842","connectionDeviceId":"IOTDevice_4_1","contentEncoding":"utf-8","contentType":"application/json","enqueuedTime":"2022-10-27 20:00:00"}}
{"Body":{"Status":true,"Timestamp":"2022-10-27 20:00:00","rotate":"415.495542028842"},"EnqueuedTimeUtc":"2022-10-27 20:00:00","Properties":{"messagetype":"Demo"},"SystemProperties":{"connectionAuthMethod":"{\"scope\":\"device\",\"type\":\"sas\",\"issuer\":\"iothub\",\"acceptingIpFilterRule\":null}","connectionDeviceGenerationId":"638052891151821842","connectionDeviceId":"IOTDevice_4_2","contentEncoding":"utf-8","contentType":"application/json","enqueuedTime":"2022-10-27 20:00:00"}}
{"Body":{"Status":true,"Timestamp":"2022-10-27 20:00:00","pressure":"85.2604304845302"},"EnqueuedTimeUtc":"2022-10-27 20:00:00","Properties":{"messagetype":"Demo"},"SystemProperties":{"connectionAuthMethod":"{\"scope\":\"device\",\"type\":\"sas\",\"issuer\":\"iothub\",\"acceptingIpFilterRule\":null}","connectionDeviceGenerationId":"638052891151821842","connectionDeviceId":"IOTDevice_4_3","contentEncoding":"utf-8","contentType":"application/json","enqueuedTime":"2022-10-27 20:00:00"}}
{"Body":{"Status":true,"Timestamp":"2022-10-27 20:00:00","vibration":"38.775734504543"},"EnqueuedTimeUtc":"2022-10-27 20:00:00","Properties":{"messagetype":"Demo"},"SystemProperties":{"connectionAuthMethod":"{\"scope\":\"device\",\"type\":\"sas\",\"issuer\":\"iothub\",\"acceptingIpFilterRule\":null}","connectionDeviceGenerationId":"638052891151821842","connectionDeviceId":"IOTDevice_4_4","contentEncoding":"utf-8","contentType":"application/json","enqueuedTime":"2022-10-27 20:00:00"}}
{"Body":{"Status":true,"Timestamp":"2022-10-27 21:00:00","volt":"168.23096782828"},"EnqueuedTimeUtc":"2022-10-27 21:00:00","Properties":{"messagetype":"Demo"},"SystemProperties":{"connectionAuthMethod":"{\"scope\":\"device\",\"type\":\"sas\",\"issuer\":\"iothub\",\"acceptingIpFilterRule\":null}","connectionDeviceGenerationId":"638052891151821842","connectionDeviceId":"IOTDevice_4_1","contentEncoding":"utf-8","contentType":"application/json","enqueuedTime":"2022-10-27 21:00:00"}}
{"Body":{"Status":true,"Timestamp":"2022-10-27 21:00:00","rotate":"425.977966017117"},"EnqueuedTimeUtc":"2022-10-27 21:00:00","Properties":{"messagetype":"Demo"},"SystemProperties":{"connectionAuthMethod":"{\"scope\":\"device\",\"type\":\"sas\",\"issuer\":\"iothub\",\"acceptingIpFilterRule\":null}","connectionDeviceGenerationId":"638052891151821842","connectionDeviceId":"IOTDevice_4_2","contentEncoding":"utf-8","contentType":"application/json","enqueuedTime":"2022-10-27 21:00:00"}}
{"Body":{"Status":true,"Timestamp":"2022-10-27 21:00:00","pressure":"99.9595182183454"},"EnqueuedTimeUtc":"2022-10-27 21:00:00","Properties":{"messagetype":"Demo"},"SystemProperties":{"connectionAuthMethod":"{\"scope\":\"device\",\"type\":\"sas\",\"issuer\":\"iothub\",\"acceptingIpFilterRule\":null}","connectionDeviceGenerationId":"638052891151821842","connectionDeviceId":"IOTDevice_4_3","contentEncoding":"utf-8","contentType":"application/json","enqueuedTime":"2022-10-27 21:00:00"}}
{"Body":{"Status":true,"Timestamp":"2022-10-27 21:00:00","vibration":"36.6517066698479"},"EnqueuedTimeUtc":"2022-10-27 21:00:00","Properties":{"messagetype":"Demo"},"SystemProperties":{"connectionAuthMethod":"{\"scope\":\"device\",\"type\":\"sas\",\"issuer\":\"iothub\",\"acceptingIpFilterRule\":null}","connectionDeviceGenerationId":"638052891151821842","connectionDeviceId":"IOTDevice_4_4","contentEncoding":"utf-8","contentType":"application/json","enqueuedTime":"2022-10-27 21:00:00"}}
{"Body":{"Status":true,"Timestamp":"2022-10-27 22:00:00","volt":"191.165718030592"},"EnqueuedTimeUtc":"2022-10-27 22:00:00","Properties":{"messagetype":"Demo"},"SystemProperties":{"connectionAuthMethod":"{\"scope\":\"device\",\"type\":\"sas\",\"issuer\":\"iothub\",\"acceptingIpFilterRule\":null}","connectionDeviceGenerationId":"638052891151821842","connectionDeviceId":"IOTDevice_4_1","contentEncoding":"utf-8","contentType":"application/json","enqueuedTime":"2022-10-27 22:00:00"}}
{"Body":{"Status":true,"Timestamp":"2022-10-27 22:00:00","rotate":"453.194731016407"},"EnqueuedTimeUtc":"2022-10-27 22:00:00","Properties":{"messagetype":"Demo"},"SystemProperties":{"connectionAuthMethod":"{\"scope\":\"device\",\"type\":\"sas\",\"issuer\":\"iothub\",\"acceptingIpFilterRule\":null}","connectionDeviceGenerationId":"638052891151821842","connectionDeviceId":"IOTDevice_4_2","contentEncoding":"utf-8","contentType":"application/json","enqueuedTime":"2022-10-27 22:00:00"}}
{"Body":{"Status":true,"Timestamp":"2022-10-27 22:00:00","pressure":"107.760267408051"},"EnqueuedTimeUtc":"2022-10-27 22:00:00","Properties":{"messagetype":"Demo"},"SystemProperties":{"connectionAuthMethod":"{\"scope\":\"device\",\"type\":\"sas\",\"issuer\":\"iothub\",\"acceptingIpFilterRule\":null}","connectionDeviceGenerationId":"638052891151821842","connectionDeviceId":"IOTDevice_4_3","contentEncoding":"utf-8","contentType":"application/json","enqueuedTime":"2022-10-27 22:00:00"}}
{"Body":{"Status":true,"Timestamp":"2022-10-27 22:00:00","vibration":"46.9883768327825"},"EnqueuedTimeUtc":"2022-10-27 22:00:00","Properties":{"messagetype":"Demo"},"SystemProperties":{"connectionAuthMethod":"{\"scope\":\"device\",\"type\":\"sas\",\"issuer\":\"iothub\",\"acceptingIpFilterRule\":null}","connectionDeviceGenerationId":"638052891151821842","connectionDeviceId":"IOTDevice_4_4","contentEncoding":"utf-8","contentType":"application/json","enqueuedTime":"2022-10-27 22:00:00"}}
{"Body":{"Status":true,"Timestamp":"2022-10-27 23:00:00","volt":"159.238396895575"},"EnqueuedTimeUtc":"2022-10-27 23:00:00","Properties":{"messagetype":"Demo"},"SystemProperties":{"connectionAuthMethod":"{\"scope\":\"device\",\"type\":\"sas\",\"issuer\":\"iothub\",\"acceptingIpFilterRule\":null}","connectionDeviceGenerationId":"638052891151821842","connectionDeviceId":"IOTDevice_4_1","contentEncoding":"utf-8","contentType":"application/json","enqueuedTime":"2022-10-27 23:00:00"}}
{"Body":{"Status":true,"Timestamp":"2022-10-27 23:00:00","rotate":"467.399016494684"},"EnqueuedTimeUtc":"2022-10-27 23:00:00","Properties":{"messagetype":"Demo"},"SystemProperties":{"connectionAuthMethod":"{\"scope\":\"device\",\"type\":\"sas\",\"issuer\":\"iothub\",\"acceptingIpFilterRule\":null}","connectionDeviceGenerationId":"638052891151821842","connectionDeviceId":"IOTDevice_4_2","contentEncoding":"utf-8","contentType":"application/json","enqueuedTime":"2022-10-27 23:00:00"}}
{"Body":{"Status":true,"Timestamp":"2022-10-27 23:00:00","pressure":"109.357611298515"},"EnqueuedTimeUtc":"2022-10-27 23:00:00","Properties":{"messagetype":"Demo"},"SystemProperties":{"connectionAuthMethod":"{\"scope\":\"device\",\"type\":\"sas\",\"issuer\":\"iothub\",\"acceptingIpFilterRule\":null}","connectionDeviceGenerationId":"638052891151821842","connectionDeviceId":"IOTDevice_4_3","contentEncoding":"utf-8","contentType":"application/json","enqueuedTime":"2022-10-27 23:00:00"}}
{"Body":{"Status":true,"Timestamp":"2022-10-27 23:00:00","vibration":"47.4963145165755"},"EnqueuedTimeUtc":"2022-10-27 23:00:00","Properties":{"messagetype":"Demo"},"SystemProperties":{"connectionAuthMethod":"{\"scope\":\"device\",\"type\":\"sas\",\"issuer\":\"iothub\",\"acceptingIpFilterRule\":null}","connectionDeviceGenerationId":"638052891151821842","connectionDeviceId":"IOTDevice_4_4","contentEncoding":"utf-8","contentType":"application/json","enqueuedTime":"2022-10-27 23:00:00"}}
{"Body":{"Status":true,"Timestamp":"2022-10-27 00:00:00","volt":"163.275412359317"},"EnqueuedTimeUtc":"2022-10-27 00:00:00","Properties":{"messagetype":"Demo"},"SystemProperties":{"connectionAuthMethod":"{\"scope\":\"device\",\"type\":\"sas\",\"issuer\":\"iothub\",\"acceptingIpFilterRule\":null}","connectionDeviceGenerationId":"638052891151821842","connectionDeviceId":"IOTDevice_5_1","contentEncoding":"utf-8","contentType":"application/json","enqueuedTime":"2022-10-27 00:00:00"}}
{"Body":{"Status":true,"Timestamp":"2022-10-27 00:00:00","rotate":"430.363956042132"},"EnqueuedTimeUtc":"2022-10-27 00:00:00","Properties":{"messagetype":"Demo"},"SystemProperties":{"connectionAuthMethod":"{\"scope\":\"device\",\"type\":\"sas\",\"issuer\":\"iothub\",\"acceptingIpFilterRule\":null}","connectionDeviceGenerationId":"638052891151821842","connectionDeviceId":"IOTDevice_5_2","contentEncoding":"utf-8","contentType":"application/json","enqueuedTime":"2022-10-27 00:00:00"}}
{"Body":{"Status":true,"Timestamp":"2022-10-27 00:00:00","pressure":"107.359261071851"},"EnqueuedTimeUtc":"2022-10-27 00:00:00","Properties":{"messagetype":"Demo"},"SystemProperties":{"connectionAuthMethod":"{\"scope\":\"device\",\"type\":\"sas\",\"issuer\":\"iothub\",\"acceptingIpFilterRule\":null}","connectionDeviceGenerationId":"638052891151821842","connectionDeviceId":"IOTDevice_5_3","contentEncoding":"utf-8","contentType":"application/json","enqueuedTime":"2022-10-27 00:00:00"}}
{"Body":{"Status":true,"Timestamp":"2022-10-27 00:00:00","vibration":"42.4371419238356"},"EnqueuedTimeUtc":"2022-10-27 00:00:00","Properties":{"messagetype":"Demo"},"SystemProperties":{"connectionAuthMethod":"{\"scope\":\"device\",\"type\":\"sas\",\"issuer\":\"iothub\",\"acceptingIpFilterRule\":null}","connectionDeviceGenerationId":"638052891151821842","connectionDeviceId":"IOTDevice_5_4","contentEncoding":"utf-8","contentType":"application/json","enqueuedTime":"2022-10-27 00:00:00"}}
{"Body":{"Status":true,"Timestamp":"2022-10-27 01:00:00","volt":"147.270465168027"},"EnqueuedTimeUtc":"2022-10-27 01:00:00","Properties":{"messagetype":"Demo"},"SystemProperties":{"connectionAuthMethod":"{\"scope\":\"device\",\"type\":\"sas\",\"issuer\":\"iothub\",\"acceptingIpFilterRule\":null}","connectionDeviceGenerationId":"638052891151821842","connectionDeviceId":"IOTDevice_5_1","contentEncoding":"utf-8","contentType":"application/json","enqueuedTime":"2022-10-27 01:00:00"}}
{"Body":{"Status":true,"Timestamp":"2022-10-27 01:00:00","rotate":"450.972557263393"},"EnqueuedTimeUtc":"2022-10-27 01:00:00","Properties":{"messagetype":"Demo"},"SystemProperties":{"connectionAuthMethod":"{\"scope\":\"device\",\"type\":\"sas\",\"issuer\":\"iothub\",\"acceptingIpFilterRule\":null}","connectionDeviceGenerationId":"638052891151821842","connectionDeviceId":"IOTDevice_5_2","contentEncoding":"utf-8","contentType":"application/json","enqueuedTime":"2022-10-27 01:00:00"}}
{"Body":{"Status":true,"Timestamp":"2022-10-27 01:00:00","pressure":"95.015765956595"},"EnqueuedTimeUtc":"2022-10-27 01:00:00","Properties":{"messagetype":"Demo"},"SystemProperties":{"connectionAuthMethod":"{\"scope\":\"device\",\"type\":\"sas\",\"issuer\":\"iothub\",\"acceptingIpFilterRule\":null}","connectionDeviceGenerationId":"638052891151821842","connectionDeviceId":"IOTDevice_5_3","contentEncoding":"utf-8","contentType":"application/json","enqueuedTime":"2022-10-27 01:00:00"}}
{"Body":{"Status":true,"Timestamp":"2022-10-27 01:00:00","vibration":"36.4374993491083"},"EnqueuedTimeUtc":"2022-10-27 01:00:00","Properties":{"messagetype":"Demo"},"SystemProperties":{"connectionAuthMethod":"{\"scope\":\"device\",\"type\":\"sas\",\"issuer\":\"iothub\",\"acceptingIpFilterRule\":null}","connectionDeviceGenerationId":"638052891151821842","connectionDeviceId":"IOTDevice_5_4","contentEncoding":"utf-8","contentType":"application/json","enqueuedTime":"2022-10-27 01:00:00"}}
{"Body":{"Status":true,"Timestamp":"2022-10-27 02:00:00","volt":"137.547044362354"},"EnqueuedTimeUtc":"2022-10-27 02:00:00","Properties":{"messagetype":"Demo"},"SystemProperties":{"connectionAuthMethod":"{\"scope\":\"device\",\"type\":\"sas\",\"issuer\":\"iothub\",\"acceptingIpFilterRule\":null}","connectionDeviceGenerationId":"638052891151821842","connectionDeviceId":"IOTDevice_5_1","contentEncoding":"utf-8","contentType":"application/json","enqueuedTime":"2022-10-27 02:00:00"}}
{"Body":{"Status":true,"Timestamp":"2022-10-27 02:00:00","rotate":"376.051189771013"},"EnqueuedTimeUtc":"2022-10-27 02:00:00","Properties":{"messagetype":"Demo"},"SystemProperties":{"connectionAuthMethod":"{\"scope\":\"device\",\"type\":\"sas\",\"issuer\":\"iothub\",\"acceptingIpFilterRule\":null}","connectionDeviceGenerationId":"638052891151821842","connectionDeviceId":"IOTDevice_5_2","contentEncoding":"utf-8","contentType":"application/json","enqueuedTime":"2022-10-27 02:00:00"}}
{"Body":{"Status":true,"Timestamp":"2022-10-27 02:00:00","pressure":"87.8042923144017"},"EnqueuedTimeUtc":"2022-10-27 02:00:00","Properties":{"messagetype":"Demo"},"SystemProperties":{"connectionAuthMethod":"{\"scope\":\"device\",\"type\":\"sas\",\"issuer\":\"iothub\",\"acceptingIpFilterRule\":null}","connectionDeviceGenerationId":"638052891151821842","connectionDeviceId":"IOTDevice_5_3","contentEncoding":"utf-8","contentType":"application/json","enqueuedTime":"2022-10-27 02:00:00"}}
{"Body":{"Status":true,"Timestamp":"2022-10-27 02:00:00","vibration":"43.6844694439208"},"EnqueuedTimeUtc":"2022-10-27 02:00:00","Properties":{"messagetype":"Demo"},"SystemProperties":{"connectionAuthMethod":"{\"scope\":\"device\",\"type\":\"sas\",\"issuer\":\"iothub\",\"acceptingIpFilterRule\":null}","connectionDeviceGenerationId":"638052891151821842","connectionDeviceId":"IOTDevice_5_4","contentEncoding":"utf-8","contentType":"application/json","enqueuedTime":"2022-10-27 02:00:00"}}
{"Body":{"Status":true,"Timestamp":"2022-10-27 03:00:00","volt":"160.379106808219"},"EnqueuedTimeUtc":"2022-10-27 03:00:00","Properties":{"messagetype":"Demo"},"SystemProperties":{"connectionAuthMethod":"{\"scope\":\"device\",\"type\":\"sas\",\"issuer\":\"iothub\",\"acceptingIpFilterRule\":null}","connectionDeviceGenerationId":"638052891151821842","connectionDeviceId":"IOTDevice_5_1","contentEncoding":"utf-8","contentType":"application/json","enqueuedTime":"2022-10-27 03:00:00"}}
{"Body":{"Status":true,"Timestamp":"2022-10-27 03:00:00","rotate":"564.266457421421"},"EnqueuedTimeUtc":"2022-10-27 03:00:00","Properties":{"messagetype":"Demo"},"SystemProperties":{"connectionAuthMethod":"{\"scope\":\"device\",\"type\":\"sas\",\"issuer\":\"iothub\",\"acceptingIpFilterRule\":null}","connectionDeviceGenerationId":"638052891151821842","connectionDeviceId":"IOTDevice_5_2","contentEncoding":"utf-8","contentType":"application/json","enqueuedTime":"2022-10-27 03:00:00"}}
{"Body":{"Status":true,"Timestamp":"2022-10-27 03:00:00","pressure":"81.5479940075635"},"EnqueuedTimeUtc":"2022-10-27 03:00:00","Properties":{"messagetype":"Demo"},"SystemProperties":{"connectionAuthMethod":"{\"scope\":\"device\",\"type\":\"sas\",\"issuer\":\"iothub\",\"acceptingIpFilterRule\":null}","connectionDeviceGenerationId":"638052891151821842","connectionDeviceId":"IOTDevice_5_3","contentEncoding":"utf-8","contentType":"application/json","enqueuedTime":"2022-10-27 03:00:00"}}
{"Body":{"Status":true,"Timestamp":"2022-10-27 03:00:00","vibration":"36.9138357270779"},"EnqueuedTimeUtc":"2022-10-27 03:00:00","Properties":{"messagetype":"Demo"},"SystemProperties":{"connectionAuthMethod":"{\"scope\":\"device\",\"type\":\"sas\",\"issuer\":\"iothub\",\"acceptingIpFilterRule\":null}","connectionDeviceGenerationId":"638052891151821842","connectionDeviceId":"IOTDevice_5_4","contentEncoding":"utf-8","contentType":"application/json","enqueuedTime":"2022-10-27 03:00:00"}}
{"Body":{"Status":true,"Timestamp":"2022-10-27 04:00:00","volt":"174.967746604804"},"EnqueuedTimeUtc":"2022-10-27 04:00:00","Properties":{"messagetype":"Demo"},"SystemProperties":{"connectionAuthMethod":"{\"scope\":\"device\",\"type\":\"sas\",\"issuer\":\"iothub\",\"acceptingIpFilterRule\":null}","connectionDeviceGenerationId":"638052891151821842","connectionDeviceId":"IOTDevice_5_1","contentEncoding":"utf-8","contentType":"application/json","enqueuedTime":"2022-10-27 04:00:00"}}
{"Body":{"Status":true,"Timestamp":"2022-10-27 04:00:00","rotate":"428.366229148858"},"EnqueuedTimeUtc":"2022-10-27 04:00:00","Properties":{"messagetype":"Demo"},"SystemProperties":{"connectionAuthMethod":"{\"scope\":\"device\",\"type\":\"sas\",\"issuer\":\"iothub\",\"acceptingIpFilterRule\":null}","connectionDeviceGenerationId":"638052891151821842","connectionDeviceId":"IOTDevice_5_2","contentEncoding":"utf-8","contentType":"application/json","enqueuedTime":"2022-10-27 04:00:00"}}
{"Body":{"Status":true,"Timestamp":"2022-10-27 04:00:00","pressure":"89.0391675087785"},"EnqueuedTimeUtc":"2022-10-27 04:00:00","Properties":{"messagetype":"Demo"},"SystemProperties":{"connectionAuthMethod":"{\"scope\":\"device\",\"type\":\"sas\",\"issuer\":\"iothub\",\"acceptingIpFilterRule\":null}","connectionDeviceGenerationId":"638052891151821842","connectionDeviceId":"IOTDevice_5_3","contentEncoding":"utf-8","contentType":"application/json","enqueuedTime":"2022-10-27 04:00:00"}}
{"Body":{"Status":true,"Timestamp":"2022-10-27 04:00:00","vibration":"38.2769033478149"},"EnqueuedTimeUtc":"2022-10-27 04:00:00","Properties":{"messagetype":"Demo"},"SystemProperties":{"connectionAuthMethod":"{\"scope\":\"device\",\"type\":\"sas\",\"issuer\":\"iothub\",\"acceptingIpFilterRule\":null}","connectionDeviceGenerationId":"638052891151821842","connectionDeviceId":"IOTDevice_5_4","contentEncoding":"utf-8","contentType":"application/json","enqueuedTime":"2022-10-27 04:00:00"}}
{"Body":{"Status":true,"Timestamp":"2022-10-27 05:00:00","volt":"161.157470213288"},"EnqueuedTimeUtc":"2022-10-27 05:00:00","Properties":{"messagetype":"Demo"},"SystemProperties":{"connectionAuthMethod":"{\"scope\":\"device\",\"type\":\"sas\",\"issuer\":\"iothub\",\"acceptingIpFilterRule\":null}","connectionDeviceGenerationId":"638052891151821842","connectionDeviceId":"IOTDevice_5_1","contentEncoding":"utf-8","contentType":"application/json","enqueuedTime":"2022-10-27 05:00:00"}}
{"Body":{"Status":true,"Timestamp":"2022-10-27 05:00:00","rotate":"492.216331116512"},"EnqueuedTimeUtc":"2022-10-27 05:00:00","Properties":{"messagetype":"Demo"},"SystemProperties":{"connectionAuthMethod":"{\"scope\":\"device\",\"type\":\"sas\",\"issuer\":\"iothub\",\"acceptingIpFilterRule\":null}","connectionDeviceGenerationId":"638052891151821842","connectionDeviceId":"IOTDevice_5_2","contentEncoding":"utf-8","contentType":"application/json","enqueuedTime":"2022-10-27 05:00:00"}}
{"Body":{"Status":true,"Timestamp":"2022-10-27 05:00:00","pressure":"116.191135775817"},"EnqueuedTimeUtc":"2022-10-27 05:00:00","Properties":{"messagetype":"Demo"},"SystemProperties":{"connectionAuthMethod":"{\"scope\":\"device\",\"type\":\"sas\",\"issuer\":\"iothub\",\"acceptingIpFilterRule\":null}","connectionDeviceGenerationId":"638052891151821842","connectionDeviceId":"IOTDevice_5_3","contentEncoding":"utf-8","contentType":"application/json","enqueuedTime":"2022-10-27 05:00:00"}}
{"Body":{"Status":true,"Timestamp":"2022-10-27 05:00:00","vibration":"41.9154306153932"},"EnqueuedTimeUtc":"2022-10-27 05:00:00","Properties":{"messagetype":"Demo"},"SystemProperties":{"connectionAuthMethod":"{\"scope\":\"device\",\"type\":\"sas\",\"issuer\":\"iothub\",\"acceptingIpFilterRule\":null}","connectionDeviceGenerationId":"638052891151821842","connectionDeviceId":"IOTDevice_5_4","contentEncoding":"utf-8","contentType":"application/json","enqueuedTime":"2022-10-27 05:00:00"}}
{"Body":{"Status":true,"Timestamp":"2022-10-27 06:00:00","volt":"172.557360559276"},"EnqueuedTimeUtc":"2022-10-27 06:00:00","Properties":{"messagetype":"Demo"},"SystemProperties":{"connectionAuthMethod":"{\"scope\":\"device\",\"type\":\"sas\",\"issuer\":\"iothub\",\"acceptingIpFilterRule\":null}","connectionDeviceGenerationId":"638052891151821842","connectionDeviceId":"IOTDevice_5_1","contentEncoding":"utf-8","contentType":"application/json","enqueuedTime":"2022-10-27 06:00:00"}}
{"Body":{"Status":true,"Timestamp":"2022-10-27 06:00:00","rotate":"463.897230537033"},"EnqueuedTimeUtc":"2022-10-27 06:00:00","Properties":{"messagetype":"Demo"},"SystemProperties":{"connectionAuthMethod":"{\"scope\":\"device\",\"type\":\"sas\",\"issuer\":\"iothub\",\"acceptingIpFilterRule\":null}","connectionDeviceGenerationId":"638052891151821842","connectionDeviceId":"IOTDevice_5_2","contentEncoding":"utf-8","contentType":"application/json","enqueuedTime":"2022-10-27 06:00:00"}}
{"Body":{"Status":true,"Timestamp":"2022-10-27 06:00:00","pressure":"94.0748124252794"},"EnqueuedTimeUtc":"2022-10-27 06:00:00","Properties":{"messagetype":"Demo"},"SystemProperties":{"connectionAuthMethod":"{\"scope\":\"device\",\"type\":\"sas\",\"issuer\":\"iothub\",\"acceptingIpFilterRule\":null}","connectionDeviceGenerationId":"638052891151821842","connectionDeviceId":"IOTDevice_5_3","contentEncoding":"utf-8","contentType":"application/json","enqueuedTime":"2022-10-27 06:00:00"}}
{"Body":{"Status":true,"Timestamp":"2022-10-27 06:00:00","vibration":"44.1600087716046"},"EnqueuedTimeUtc":"2022-10-27 06:00:00","Properties":{"messagetype":"Demo"},"SystemProperties":{"connectionAuthMethod":"{\"scope\":\"device\",\"type\":\"sas\",\"issuer\":\"iothub\",\"acceptingIpFilterRule\":null}","connectionDeviceGenerationId":"638052891151821842","connectionDeviceId":"IOTDevice_5_4","contentEncoding":"utf-8","contentType":"application/json","enqueuedTime":"2022-10-27 06:00:00"}}
{"Body":{"Status":true,"Timestamp":"2022-10-27 07:00:00","volt":"177.3439342463"},"EnqueuedTimeUtc":"2022-10-27 07:00:00","Properties":{"messagetype":"Demo"},"SystemProperties":{"connectionAuthMethod":"{\"scope\":\"device\",\"type\":\"sas\",\"issuer\":\"iothub\",\"acceptingIpFilterRule\":null}","connectionDeviceGenerationId":"638052891151821842","connectionDeviceId":"IOTDevice_5_1","contentEncoding":"utf-8","contentType":"application/json","enqueuedTime":"2022-10-27 07:00:00"}}
{"Body":{"Status":true,"Timestamp":"2022-10-27 07:00:00","rotate":"384.815178675147"},"EnqueuedTimeUtc":"2022-10-27 07:00:00","Properties":{"messagetype":"Demo"},"SystemProperties":{"connectionAuthMethod":"{\"scope\":\"device\",\"type\":\"sas\",\"issuer\":\"iothub\",\"acceptingIpFilterRule\":null}","connectionDeviceGenerationId":"638052891151821842","connectionDeviceId":"IOTDevice_5_2","contentEncoding":"utf-8","contentType":"application/json","enqueuedTime":"2022-10-27 07:00:00"}}
{"Body":{"Status":true,"Timestamp":"2022-10-27 07:00:00","pressure":"90.74269045361"},"EnqueuedTimeUtc":"2022-10-27 07:00:00","Properties":{"messagetype":"Demo"},"SystemProperties":{"connectionAuthMethod":"{\"scope\":\"device\",\"type\":\"sas\",\"issuer\":\"iothub\",\"acceptingIpFilterRule\":null}","connectionDeviceGenerationId":"638052891151821842","connectionDeviceId":"IOTDevice_5_3","contentEncoding":"utf-8","contentType":"application/json","enqueuedTime":"2022-10-27 07:00:00"}}
{"Body":{"Status":true,"Timestamp":"2022-10-27 07:00:00","vibration":"46.3608350640073"},"EnqueuedTimeUtc":"2022-10-27 07:00:00","Properties":{"messagetype":"Demo"},"SystemProperties":{"connectionAuthMethod":"{\"scope\":\"device\",\"type\":\"sas\",\"issuer\":\"iothub\",\"acceptingIpFilterRule\":null}","connectionDeviceGenerationId":"638052891151821842","connectionDeviceId":"IOTDevice_5_4","contentEncoding":"utf-8","contentType":"application/json","enqueuedTime":"2022-10-27 07:00:00"}}
{"Body":{"Status":true,"Timestamp":"2022-10-27 08:00:00","volt":"185.734390628673"},"EnqueuedTimeUtc":"2022-10-27 08:00:00","Properties":{"messagetype":"Demo"},"SystemProperties":{"connectionAuthMethod":"{\"scope\":\"device\",\"type\":\"sas\",\"issuer\":\"iothub\",\"acceptingIpFilterRule\":null}","connectionDeviceGenerationId":"638052891151821842","connectionDeviceId":"IOTDevice_5_1","contentEncoding":"utf-8","contentType":"application/json","enqueuedTime":"2022-10-27 08:00:00"}}
{"Body":{"Status":true,"Timestamp":"2022-10-27 08:00:00","rotate":"501.884890230656"},"EnqueuedTimeUtc":"2022-10-27 08:00:00","Properties":{"messagetype":"Demo"},"SystemProperties":{"connectionAuthMethod":"{\"scope\":\"device\",\"type\":\"sas\",\"issuer\":\"iothub\",\"acceptingIpFilterRule\":null}","connectionDeviceGenerationId":"638052891151821842","connectionDeviceId":"IOTDevice_5_2","contentEncoding":"utf-8","contentType":"application/json","enqueuedTime":"2022-10-27 08:00:00"}}
{"Body":{"Status":true,"Timestamp":"2022-10-27 08:00:00","pressure":"122.32840033414"},"EnqueuedTimeUtc":"2022-10-27 08:00:00","Properties":{"messagetype":"Demo"},"SystemProperties":{"connectionAuthMethod":"{\"scope\":\"device\",\"type\":\"sas\",\"issuer\":\"iothub\",\"acceptingIpFilterRule\":null}","connectionDeviceGenerationId":"638052891151821842","connectionDeviceId":"IOTDevice_5_3","contentEncoding":"utf-8","contentType":"application/json","enqueuedTime":"2022-10-27 08:00:00"}}
{"Body":{"Status":true,"Timestamp":"2022-10-27 08:00:00","vibration":"37.0061397670204"},"EnqueuedTimeUtc":"2022-10-27 08:00:00","Properties":{"messagetype":"Demo"},"SystemProperties":{"connectionAuthMethod":"{\"scope\":\"device\",\"type\":\"sas\",\"issuer\":\"iothub\",\"acceptingIpFilterRule\":null}","connectionDeviceGenerationId":"638052891151821842","connectionDeviceId":"IOTDevice_5_4","contentEncoding":"utf-8","contentType":"application/json","enqueuedTime":"2022-10-27 08:00:00"}}
