{"Body":{"Status":true,"Timestamp":"2022-10-29 12:00:00","volt":"169.549412651404"},"EnqueuedTimeUtc":"2022-10-29 12:00:00","Properties":{"messagetype":"Demo"},"SystemProperties":{"connectionAuthMethod":"{\"scope\":\"device\",\"type\":\"sas\",\"issuer\":\"iothub\",\"acceptingIpFilterRule\":null}","connectionDeviceGenerationId":"638052891151821842","connectionDeviceId":"IOTDevice_8_1","contentEncoding":"utf-8","contentType":"application/json","enqueuedTime":"2022-10-29 12:00:00"}}
{"Body":{"Status":true,"Timestamp":"2022-10-29 12:00:00","rotate":"521.877372128966"},"EnqueuedTimeUtc":"2022-10-29 12:00:00","Properties":{"messagetype":"Demo"},"SystemProperties":{"connectionAuthMethod":"{\"scope\":\"device\",\"type\":\"sas\",\"issuer\":\"iothub\",\"acceptingIpFilterRule\":null}","connectionDeviceGenerationId":"638052891151821842","connectionDeviceId":"IOTDevice_8_2","contentEncoding":"utf-8","contentType":"application/json","enqueuedTime":"2022-10-29 12:00:00"}}
{"Body":{"Status":true,"Timestamp":"2022-10-29 12:00:00","pressure":"102.480461715108"},"EnqueuedTimeUtc":"2022-10-29 12:00:00","Properties":{"messagetype":"Demo"},"SystemProperties":{"connectionAuthMethod":"{\"scope\":\"device\",\"type\":\"sas\",\"issuer\":\"iothub\",\"acceptingIpFilterRule\":null}","connectionDeviceGenerationId":"638052891151821842","connectionDeviceId":"IOTDevice_8_3","contentEncoding":"utf-8","contentType":"application/json","enqueuedTime":"2022-10-29 12:00:00"}}
{"Body":{"Status":true,"Timestamp":"2022-10-29 12:00:00","vibration":"26.7423761748955"},"EnqueuedTimeUtc":"2022-10-29 12:00:00","Properties":{"messagetype":"Demo"},"SystemProperties":{"connectionAuthMethod":"{\"scope\":\"device\",\"type\":\"sas\",\"issuer\":\"iothub\",\"acceptingIpFilterRule\":null}","connectionDeviceGenerationId":"638052891151821842","connectionDeviceId":"IOTDevice_8_4","contentEncoding":"utf-8","contentType":"application/json","enqueuedTime":"2022-10-29 12:00:00"}}
{"Body":{"Status":true,"Timestamp":"2022-10-29 13:00:00","volt":"144.256073288758"},"EnqueuedTimeUtc":"2022-10-29 13:00:00","Properties":{"messagetype":"Demo"},"SystemProperties":{"connectionAuthMethod":"{\"scope\":\"device\",\"type\":\"sas\",\"issuer\":\"iothub\",\"acceptingIpFilterRule\":null}","connectionDeviceGenerationId":"638052891151821842","connectionDeviceId":"IOTDevice_8_1","contentEncoding":"utf-8","contentType":"application/json","enqueuedTime":"2022-10-29 13:00:00"}}
{"Body":{"Status":true,"Timestamp":"2022-10-29 13:00:00","rotate":"391.585674768323"},"EnqueuedTimeUtc":"2022-10-29 13:00:00","Properties":{"messagetype":"Demo"},"SystemProperties":{"connectionAuthMethod":"{\"scope\":\"device\",\"type\":\"sas\",\"issuer\":\"iothub\",\"acceptingIpFilterRule\":null}","connectionDeviceGenerationId":"638052891151821842","connectionDeviceId":"IOTDevice_8_2","contentEncoding":"utf-8","contentType":"application/json","enqueuedTime":"2022-10-29 13:00:00"}}
{"Body":{"Status":true,"Timestamp":"2022-10-29 13:00:00","pressure":"94.0961203285904"},"EnqueuedTimeUtc":"2022-10-29 13:00:00","Properties":{"messagetype":"Demo"},"SystemProperties":{"connectionAuthMethod":"{\"scope\":\"device\",\"type\":\"sas\",\"issuer\":\"iothub\",\"acceptingIpFilterRule\":null}","connectionDeviceGenerationId":"638052891151821842","connectionDeviceId":"IOTDevice_8_3","contentEncoding":"utf-8","contentType":"application/json","enqueuedTime":"2022-10-29 13:00:00"}}
{"Body":{"Status":true,"Timestamp":"2022-10-29 13:00:00","vibration":"36.2587833950045"},"EnqueuedTimeUtc":"2022-10-29 13:00:00","Properties":{"messagetype":"Demo"},"SystemProperties":{"connectionAuthMethod":"{\"scope\":\"device\",\"type\":\"sas\",\"issuer\":\"iothub\",\"acceptingIpFilterRule\":null}","connectionDeviceGenerationId":"638052891151821842","connectionDeviceId":"IOTDevice_8_4","contentEncoding":"utf-8","contentType":"application/json","enqueuedTime":"2022-10-29 13:00:00"}}
{"Body":{"Status":true,"Timestamp":"2022-10-29 14:00:00","volt":"172.60167407378"},"EnqueuedTimeUtc":"2022-10-29 14:00:00","Properties":{"messagetype":"Demo"},"SystemProperties":{"connectionAuthMethod":"{\"scope\":\"device\",\"type\":\"sas\",\"issuer\":\"iothub\",\"acceptingIpFilterRule\":null}","connectionDeviceGenerationId":"638052891151821842","connectionDeviceId":"IOTDevice_8_1","contentEncoding":"utf-8","contentType":"application/json","enqueuedTime":"2022-10-29 14:00:00"}}
{"Body":{"Status":true,"Timestamp":"2022-10-29 14:00:00","rotate":"490.803552669048"},"EnqueuedTimeUtc":"2022-10-29 14:00:00","Properties":{"messagetype":"Demo"},"SystemProperties":{"connectionAuthMethod":"{\"scope\":\"device\",\"type\":\"sas\",\"issuer\":\"iothub\",\"acceptingIpFilterRule\":null}","connectionDeviceGenerationId":"638052891151821842","connectionDeviceId":"IOTDevice_8_2","contentEncoding":"utf-8","contentType":"application/json","enqueuedTime":"2022-10-29 14:00:00"}}
{"Body":{"Status":true,"Timestamp":"2022-10-29 14:00:00","pressure":"114.136596225103"},"EnqueuedTimeUtc":"2022-10-29 14:00:00","Properties":{"messagetype":"Demo"},"SystemProperties":{"connectionAuthMethod":"{\"scope\":\"device\",\"type\":\"sas\",\"issuer\":\"iothub\",\"acceptingIpFilterRule\":null}","connectionDeviceGenerationId":"638052891151821842","connectionDeviceId":"IOTDevice_8_3","contentEncoding":"utf-8","contentType":"application/json","enqueuedTime":"2022-10-29 14:00:00"}}
{"Body":{"Status":true,"Timestamp":"2022-10-29 14:00:00","vibration":"32.6167795749428"},"EnqueuedTimeUtc":"2022-10-29 14:00:00","Properties":{"messagetype":"Demo"},"SystemProperties":{"connectionAuthMethod":"{\"scope\":\"device\",\"type\":\"sas\",\"issuer\":\"iothub\",\"acceptingIpFilterRule\":null}","connectionDeviceGenerationId":"638052891151821842","connectionDeviceId":"IOTDevice_8_4","contentEncoding":"utf-8","contentType":"application/json","enqueuedTime":"2022-10-29 14:00:00"}}
{"Body":{"Status":true,"Timestamp":"2022-10-29 15:00:00","volt":"152.667356373362"},"EnqueuedTimeUtc":"2022-10-29 15:00:00","Properties":{"messagetype":"Demo"},"SystemProperties":{"connectionAuthMethod":"{\"scope\":\"device\",\"type\":\"sas\",\"issuer\":\"iothub\",\"acceptingIpFilterRule\":null}","connectionDeviceGenerationId":"638052891151821842","connectionDeviceId":"IOTDevice_8_1","contentEncoding":"utf-8","contentType":"application/json","enqueuedTime":"2022-10-29 15:00:00"}}
{"Body":{"Status":true,"Timestamp":"2022-10-29 15:00:00","rotate":"370.095358907865"},"EnqueuedTimeUtc":"2022-10-29 15:00:00","Properties":{"messagetype":"Demo"},"SystemProperties":{"connectionAuthMethod":"{\"scope\":\"device\",\"type\":\"sas\",\"issuer\":\"iothub\",\"acceptingIpFilterRule\":null}","connectionDeviceGenerationId":"638052891151821842","connectionDeviceId":"IOTDevice_8_2","contentEncoding":"utf-8","contentType":"application/json","enqueuedTime":"2022-10-29 15:00:00"}}
{"Body":{"Status":true,"Timestamp":"2022-10-29 15:00:00","pressure":"93.083267829467"},"EnqueuedTimeUtc":"2022-10-29 15:00:00","Properties":{"messagetype":"Demo"},"SystemProperties":{"connectionAuthMethod":"{\"scope\":\"device\",\"type\":\"sas\",\"issuer\":\"iothub\",\"acceptingIpFilterRule\":null}","connectionDeviceGenerationId":"638052891151821842","connectionDeviceId":"IOTDevice_8_3","contentEncoding":"utf-8","contentType":"application/json","enqueuedTime":"2022-10-29 15:00:00"}}
{"Body":{"Status":true,"Timestamp":"2022-10-29 15:00:00","vibration":"38.879765200868"},"EnqueuedTimeUtc":"2022-10-29 15:00:00","Properties":{"messagetype":"Demo"},"SystemProperties":{"connectionAuthMethod":"{\"scope\":\"device\",\"type\":\"sas\",\"issuer\":\"iothub\",\"acceptingIpFilterRule\":null}","connectionDeviceGenerationId":"638052891151821842","connectionDeviceId":"IOTDevice_8_4","contentEncoding":"utf-8","contentType":"application/json","enqueuedTime":"2022-10-29 15:00:00"}}
{"Body":{"Status":true,"Timestamp":"2022-10-29 16:00:00","volt":"160.518376034149"},"EnqueuedTimeUtc":"2022-10-29 16:00:00","Properties":{"messagetype":"Demo"},"SystemProperties":{"connectionAuthMethod":"{\"scope\":\"device\",\"type\":\"sas\",\"issuer\":\"iothub\",\"acceptingIpFilterRule\":null}","connectionDeviceGenerationId":"638052891151821842","connectionDeviceId":"IOTDevice_8_1","contentEncoding":"utf-8","contentType":"application/json","enqueuedTime":"2022-10-29 16:00:00"}}
{"Body":{"Status":true,"Timestamp":"2022-10-29 16:00:00","rotate":"368.179135886056"},"EnqueuedTimeUtc":"2022-10-29 16:00:00","Properties":{"messagetype":"Demo"},"SystemProperties":{"connectionAuthMethod":"{\"scope\":\"device\",\"type\":\"sas\",\"issuer\":\"iothub\",\"acceptingIpFilterRule\":null}","connectionDeviceGenerationId":"638052891151821842","connectionDeviceId":"IOTDevice_8_2","contentEncoding":"utf-8","contentType":"application/json","enqueuedTime":"2022-10-29 16:00:00"}}
{"Body":{"Status":true,"Timestamp":"2022-10-29 16:00:00","pressure":"110.256629248068"},"EnqueuedTimeUtc":"2022-10-29 16:00:00","Properties":{"messagetype":"Demo"},"SystemProperties":{"connectionAuthMethod":"{\"scope\":\"device\",\"type\":\"sas\",\"issuer\":\"iothub\",\"acceptingIpFilterRule\":null}","connectionDeviceGenerationId":"638052891151821842","connectionDeviceId":"IOTDevice_8_3","contentEncoding":"utf-8","contentType":"application/json","enqueuedTime":"2022-10-29 16:00:00"}}
{"Body":{"Status":true,"Timestamp":"2022-10-29 16:00:00","vibration":"46.8315598869692"},"EnqueuedTimeUtc":"2022-10-29 16:00:00","Properties":{"messagetype":"Demo"},"SystemProperties":{"connectionAuthMethod":"{\"scope\":\"device\",\"type\":\"sas\",\"issuer\":\"iothub\",\"acceptingIpFilterRule\":null}","connectionDeviceGenerationId":"638052891151821842","connectionDeviceId":"IOTDevice_8_4","contentEncoding":"utf-8","contentType":"application/json","enqueuedTime":"2022-10-29 16:00:00"}}
{"Body":{"Status":true,"Timestamp":"2022-10-29 17:00:00","volt":"190.951842148268"},"EnqueuedTimeUtc":"2022-10-29 17:00:00","Properties":{"messagetype":"Demo"},"SystemProperties":{"connectionAuthMethod":"{\"scope\":\"device\",\"type\":\"sas\",\"issuer\":\"iothub\",\"acceptingIpFilterRule\":null}","connectionDeviceGenerationId":"638052891151821842","connectionDeviceId":"IOTDevice_8_1","contentEncoding":"utf-8","contentType":"application/json","enqueuedTime":"2022-10-29 17:00:00"}}
{"Body":{"Status":true,"Timestamp":"2022-10-29 17:00:00","rotate":"421.428771553495"},"EnqueuedTimeUtc":"2022-10-29 17:00:00","Properties":{"messagetype":"Demo"},"SystemProperties":{"connectionAuthMethod":"{\"scope\":\"device\",\"type\":\"sas\",\"issuer\":\"iothub\",\"acceptingIpFilterRule\":null}","connectionDeviceGenerationId":"638052891151821842","connectionDeviceId":"IOTDevice_8_2","contentEncoding":"utf-8","contentType":"application/json","enqueuedTime":"2022-10-29 17:00:00"}}
{"Body":{"Status":true,"Timestamp":"2022-10-29 17:00:00","pressure":"103.971949452223"},"EnqueuedTimeUtc":"2022-10-29 17:00:00","Properties":{"messagetype":"Demo"},"SystemProperties":{"connectionAuthMethod":"{\"scope\":\"device\",\"type\":\"sas\",\"issuer\":\"iothub\",\"acceptingIpFilterRule\":null}","connectionDeviceGenerationId":"638052891151821842","connectionDeviceId":"IOTDevice_8_3","contentEncoding":"utf-8","contentType":"application/json","enqueuedTime":"2022-10-29 17:00:00"}}
{"Body":{"Status":true,"Timestamp":"2022-10-29 17:00:00","vibration":"44.611134759057"},"EnqueuedTimeUtc":"2022-10-29 17:00:00","Properties":{"messagetype":"Demo"},"SystemProperties":{"connectionAuthMethod":"{\"scope\":\"device\",\"type\":\"sas\",\"issuer\":\"iothub\",\"acceptingIpFilterRule\":null}","connectionDeviceGenerationId":"638052891151821842","connectionDeviceId":"IOTDevice_8_4","contentEncoding":"utf-8","contentType":"application/json","enqueuedTime":"2022-10-29 17:00:00"}}
{"Body":{"Status":true,"Timestamp":"2022-10-29 18:00:00","volt":"157.020977761735"},"EnqueuedTimeUtc":"2022-10-29 18:00:00","Properties":{"messagetype":"Demo"},"SystemProperties":{"connectionAuthMethod":"{\"scope\":\"device\",\"type\":\"sas\",\"issuer\":\"iothub\",\"acceptingIpFilterRule\":null}","connectionDeviceGenerationId":"638052891151821842","connectionDeviceId":"IOTDevice_8_1","contentEncoding":"utf-8","contentType":"application/json","enqueuedTime":"2022-10-29 18:00:00"}}
{"Body":{"Status":true,"Timestamp":"2022-10-29 18:00:00","rotate":"366.748600482374"},"EnqueuedTimeUtc":"2022-10-29 18:00:00","Properties":{"messagetype":"Demo"},"SystemProperties":{"connectionAuthMethod":"{\"scope\":\"device\",\"type\":\"sas\",\"issuer\":\"iothub\",\"acceptingIpFilterRule\":null}","connectionDeviceGenerationId":"638052891151821842","connectionDeviceId":"IOTDevice_8_2","contentEncoding":"utf-8","contentType":"application/json","enqueuedTime":"2022-10-29 18:00:00"}}
{"Body":{"Status":true,"Timestamp":"2022-10-29 18:00:00","pressure":"105.236102252861"},"EnqueuedTimeUtc":"2022-10-29 18:00:00","Properties":{"messagetype":"Demo"},"SystemProperties":{"connectionAuthMethod":"{\"scope\":\"device\",\"type\":\"sas\",\"issuer\":\"iothub\",\"acceptingIpFilterRule\":null}","connectionDeviceGenerationId":"638052891151821842","connectionDeviceId":"IOTDevice_8_3","contentEncoding":"utf-8","contentType":"application/json","enqueuedTime":"2022-10-29 18:00:00"}}
{"Body":{"Status":true,"Timestamp":"2022-10-29 18:00:00","vibration":"43.410346986245"},"EnqueuedTimeUtc":"2022-10-29 18:00:00","Properties":{"messagetype":"Demo"},"SystemProperties":{"connectionAuthMethod":"{\"scope\":\"device\",\"type\":\"sas\",\"issuer\":\"iothub\",\"acceptingIpFilterRule\":null}","connectionDeviceGenerationId":"638052891151821842","connectionDeviceId":"IOTDevice_8_4","contentEncoding":"utf-8","contentType":"application/json","enqueuedTime":"2022-10-29 18:00:00"}}
{"Body":{"Status":true,"Timestamp":"2022-10-29 19:00:00","volt":"161.544612641636"},"EnqueuedTimeUtc":"2022-10-29 19:00:00","Properties":{"messagetype":"Demo"},"SystemProperties":{"connectionAuthMethod":"{\"scope\":\"device\",\"type\":\"sas\",\"issuer\":\"iothub\",\"acceptingIpFilterRule\":null}","connectionDeviceGenerationId":"638052891151821842","connectionDeviceId":"IOTDevice_8_1","contentEncoding":"utf-8","contentType":"application/json","enqueuedTime":"2022-10-29 19:00:00"}}
{"Body":{"Status":true,"Timestamp":"2022-10-29 19:00:00","rotate":"523.02568464955"},"EnqueuedTimeUtc":"2022-10-29 19:00:00","Properties":{"messagetype":"Demo"},"SystemProperties":{"connectionAuthMethod":"{\"scope\":\"device\",\"type\":\"sas\",\"issuer\":\"iothub\",\"acceptingIpFilterRule\":null}","connectionDeviceGenerationId":"638052891151821842","connectionDeviceId":"IOTDevice_8_2","contentEncoding":"utf-8","contentType":"application/json","enqueuedTime":"2022-10-29 19:00:00"}}
{"Body":{"Status":true,"Timestamp":"2022-10-29 19:00:00","pressure":"99.5007499424698"},"EnqueuedTimeUtc":"2022-10-29 19:00:00","Properties":{"messagetype":"Demo"},"SystemProperties":{"connectionAuthMethod":"{\"scope\":\"device\",\"type\":\"sas\",\"issuer\":\"iothub\",\"acceptingIpFilterRule\":null}","connectionDeviceGenerationId":"638052891151821842","connectionDeviceId":"IOTDevice_8_3","contentEncoding":"utf-8","contentType":"application/json","enqueuedTime":"2022-10-29 19:00:00"}}
{"Body":{"Status":true,"Timestamp":"2022-10-29 19:00:00","vibration":"43.9596337597333"},"EnqueuedTimeUtc":"2022-10-29 19:00:00","Properties":{"messagetype":"Demo"},"SystemProperties":{"connectionAuthMethod":"{\"scope\":\"device\",\"type\":\"sas\",\"issuer\":\"iothub\",\"acceptingIpFilterRule\":null}","connectionDeviceGenerationId":"638052891151821842","connectionDeviceId":"IOTDevice_8_4","contentEncoding":"utf-8","contentType":"application/json","enqueuedTime":"2022-10-29 19:00:00"}}
{"Body":{"Status":true,"Timestamp":"2022-10-29 20:00:00","volt":"167.065968826244"},"EnqueuedTimeUtc":"2022-10-29 20:00:00","Properties":{"messagetype":"Demo"},"SystemProperties":{"connectionAuthMethod":"{\"scope\":\"device\",\"type\":\"sas\",\"issuer\":\"iothub\",\"acceptingIpFilterRule\":null}","connectionDeviceGenerationId":"638052891151821842","connectionDeviceId":"IOTDevice_8_1","contentEncoding":"utf-8","contentType":"application/json","enqueuedTime":"2022-10-29 20:00:00"}}
{"Body":{"Status":true,"Timestamp":"2022-10-29 20:00:00","rotate":"536.029837646123"},"EnqueuedTimeUtc":"2022-10-29 20:00:00","Properties":{"messagetype":"Demo"},"SystemProperties":{"connectionAuthMethod":"{\"scope\":\"device\",\"type\":\"sas\",\"issuer\":\"iothub\",\"acceptingIpFilterRule\":null}","connectionDeviceGenerationId":"638052891151821842","connectionDeviceId":"IOTDevice_8_2","contentEncoding":"utf-8","contentType":"application/json","enqueuedTime":"2022-10-29 20:00:00"}}
{"Body":{"Status":true,"Timestamp":"2022-10-29 20:00:00","pressure":"129.158888416341"},"EnqueuedTimeUtc":"2022-10-29 20:00:00","Properties":{"messagetype":"Demo"},"SystemProperties":{"connectionAuthMethod":"{\"scope\":\"device\",\"type\":\"sas\",\"issuer\":\"iothub\",\"acceptingIpFilterRule\":null}","connectionDeviceGenerationId":"638052891151821842","connectionDeviceId":"IOTDevice_8_3","contentEncoding":"utf-8","contentType":"application/json","enqueuedTime":"2022-10-29 20:00:00"}}
{"Body":{"Status":true,"Timestamp":"2022-10-29 20:00:00","vibration":"33.2310839670966"},"EnqueuedTimeUtc":"2022-10-29 20:00:00","Properties":{"messagetype":"Demo"},"SystemProperties":{"connectionAuthMethod":"{\"scope\":\"device\",\"type\":\"sas\",\"issuer\":\"iothub\",\"acceptingIpFilterRule\":null}","connectionDeviceGenerationId":"638052891151821842","connectionDeviceId":"IOTDevice_8_4","contentEncoding":"utf-8","contentType":"application/json","enqueuedTime":"2022-10-29 20:00:00"}}
{"Body":{"Status":true,"Timestamp":"2022-10-29 21:00:00","volt":"162.744729288595"},"EnqueuedTimeUtc":"2022-10-29 21:00:00","Properties":{"messagetype":"Demo"},"SystemProperties":{"connectionAuthMethod":"{\"scope\":\"device\",\"type\":\"sas\",\"issuer\":\"iothub\",\"acceptingIpFilterRule\":null}","connectionDeviceGenerationId":"638052891151821842","connectionDeviceId":"IOTDevice_8_1","contentEncoding":"utf-8","contentType":"application/json","enqueuedTime":"2022-10-29 21:00:00"}}
{"Body":{"Status":true,"Timestamp":"2022-10-29 21:00:00","rotate":"417.656810636533"},"EnqueuedTimeUtc":"2022-10-29 21:00:00","Properties":{"messagetype":"Demo"},"SystemProperties":{"connectionAuthMethod":"{\"scope\":\"device\",\"type\":\"sas\",\"issuer\":\"iothub\",\"acceptingIpFilterRule\":null}","connectionDeviceGenerationId":"638052891151821842","connectionDeviceId":"IOTDevice_8_2","contentEncoding":"utf-8","contentType":"application/json","enqueuedTime":"2022-10-29 21:00:00"}}
{"Body":{"Status":true,"Timestamp":"2022-10-29 21:00:00","pressure":"112.304675772828"},"EnqueuedTimeUtc":"2022-10-29 21:00:00","Properties":{"messagetype":"Demo"},"SystemProperties":{"connectionAuthMethod":"{\"scope\":\"device\",\"type\":\"sas\",\"issuer\":\"iothub\",\"acceptingIpFilterRule\":null}","connectionDeviceGenerationId":"638052891151821842","connectionDeviceId":"IOTDevice_8_3","contentEncoding":"utf-8","contentType":"application/json","enqueuedTime":"2022-10-29 21:00:00"}}
{"Body":{"Status":true,"Timestamp":"2022-10-29 21:00:00","vibration":"36.7954609341802"},"EnqueuedTimeUtc":"2022-10-29 21:00:00","Properties":{"messagetype":"Demo"},"SystemProperties":{"connectionAuthMethod":"{\"scope\":\"device\",\"type\":\"sas\",\"issuer\":\"iothub\",\"acceptingIpFilterRule\":null}","connectionDeviceGenerationId":"638052891151821842","connectionDeviceId":"IOTDevice_8_4","contentEncoding":"utf-8","contentType":"application/json","enqueuedTime":"2022-10-29 21:00:00"}}
{"Body":{"Status":true,"Timestamp":"2022-10-29 22:00:00","volt":"173.235951621826"},"EnqueuedTimeUtc":"2022-10-29 22:00:00","Properties":{"messagetype":"Demo"},"SystemProperties":{"connectionAuthMethod":"{\"scope\":\"device\",\"type\":\"sas\",\"issuer\":\"iothub\",\"acceptingIpFilterRule\":null}","connectionDeviceGenerationId":"638052891151821842","connectionDeviceId":"IOTDevice_8_1","contentEncoding":"utf-8","contentType":"application/json","enqueuedTime":"2022-10-29 22:00:00"}}
{"Body":{"Status":true,"Timestamp":"2022-10-29 22:00:00","rotate":"484.264378002759"},"EnqueuedTimeUtc":"2022-10-29 22:00:00","Properties":{"messagetype":"Demo"},"SystemProperties":{"connectionAuthMethod":"{\"scope\":\"device\",\"type\":\"sas\",\"issuer\":\"iothub\",\"acceptingIpFilterRule\":null}","connectionDeviceGenerationId":"638052891151821842","connectionDeviceId":"IOTDevice_8_2","contentEncoding":"utf-8","contentType":"application/json","enqueuedTime":"2022-10-29 22:00:00"}}
{"Body":{"Status":true,"Timestamp":"2022-10-29 22:00:00","pressure":"132.626221370057"},"EnqueuedTimeUtc":"2022-10-29 22:00:00","Properties":{"messagetype":"Demo"},"SystemProperties":{"connectionAuthMethod":"{\"scope\":\"device\",\"type\":\"sas\",\"issuer\":\"iothub\",\"acceptingIpFilterRule\":null}","connectionDeviceGenerationId":"638052891151821842","connectionDeviceId":"IOTDevice_8_3","contentEncoding":"utf-8","contentType":"application/json","enqueuedTime":"2022-10-29 22:00:00"}}
{"Body":{"Status":true,"Timestamp":"2022-10-29 22:00:00","vibration":"35.7702596837508"},"EnqueuedTimeUtc":"2022-10-29 22:00:00","Properties":{"messagetype":"Demo"},"SystemProperties":{"connectionAuthMethod":"{\"scope\":\"device\",\"type\":\"sas\",\"issuer\":\"iothub\",\"acceptingIpFilterRule\":null}","connectionDeviceGenerationId":"638052891151821842","connectionDeviceId":"IOTDevice_8_4","contentEncoding":"utf-8","contentType":"application/json","enqueuedTime":"2022-10-29 22:00:00"}}
{"Body":{"Status":true,"Timestamp":"2022-10-29 23:00:00","volt":"158.372880506579"},"EnqueuedTimeUtc":"2022-10-29 23:00:00","Properties":{"messagetype":"Demo"},"SystemProperties":{"connectionAuthMethod":"{\"scope\":\"device\",\"type\":\"sas\",\"issuer\":\"iothub\",\"acceptingIpFilterRule\":null}","connectionDeviceGenerationId":"638052891151821842","connectionDeviceId":"IOTDevice_8_1","contentEncoding":"utf-8","contentType":"application/json","enqueuedTime":"2022-10-29 23:00:00"}}
{"Body":{"Status":true,"Timestamp":"2022-10-29 23:00:00","rotate":"403.89282123326"},"EnqueuedTimeUtc":"2022-10-29 23:00:00","Properties":{"messagetype":"Demo"},"SystemProperties":{"connectionAuthMethod":"{\"scope\":\"device\",\"type\":\"sas\",\"issuer\":\"iothub\",\"acceptingIpFilterRule\":null}","connectionDeviceGenerationId":"638052891151821842","connectionDeviceId":"IOTDevice_8_2","contentEncoding":"utf-8","contentType":"application/json","enqueuedTime":"2022-10-29 23:00:00"}}
{"Body":{"Status":true,"Timestamp":"2022-10-29 23:00:00","pressure":"127.620985009953"},"EnqueuedTimeUtc":"2022-10-29 23:00:00","Properties":{"messagetype":"Demo"},"SystemProperties":{"connectionAuthMethod":"{\"scope\":\"device\",\"type\":\"sas\",\"issuer\":\"iothub\",\"acceptingIpFilterRule\":null}","connectionDeviceGenerationId":"638052891151821842","connectionDeviceId":"IOTDevice_8_3","contentEncoding":"utf-8","contentType":"application/json","enqueuedTime":"2022-10-29 23:00:00"}}
{"Body":{"Status":true,"Timestamp":"2022-10-29 23:00:00","vibration":"35.3520530945075"},"EnqueuedTimeUtc":"2022-10-29 23:00:00","Properties":{"messagetype":"Demo"},"SystemProperties":{"connectionAuthMethod":"{\"scope\":\"device\",\"type\":\"sas\",\"issuer\":\"iothub\",\"acceptingIpFilterRule\":null}","connectionDeviceGenerationId":"638052891151821842","connectionDeviceId":"IOTDevice_8_4","contentEncoding":"utf-8","contentType":"application/json","enqueuedTime":"2022-10-29 23:00:00"}}
{"Body":{"Status":true,"Timestamp":"2022-10-29 00:00:00","volt":"177.959384928186"},"EnqueuedTimeUtc":"2022-10-29 00:00:00","Properties":{"messagetype":"Demo"},"SystemProperties":{"connectionAuthMethod":"{\"scope\":\"device\",\"type\":\"sas\",\"issuer\":\"iothub\",\"acceptingIpFilterRule\":null}","connectionDeviceGenerationId":"638052891151821842","connectionDeviceId":"IOTDevice_9_1","contentEncoding":"utf-8","contentType":"application/json","enqueuedTime":"2022-10-29 00:00:00"}}
{"Body":{"Status":true,"Timestamp":"2022-10-29 00:00:00","rotate":"477.322657621149"},"EnqueuedTimeUtc":"2022-10-29 00:00:00","Properties":{"messagetype":"Demo"},"SystemProperties":{"connectionAuthMethod":"{\"scope\":\"device\",\"type\":\"sas\",\"issuer\":\"iothub\",\"acceptingIpFilterRule\":null}","connectionDeviceGenerationId":"638052891151821842","connectionDeviceId":"IOTDevice_9_2","contentEncoding":"utf-8","contentType":"application/json","enqueuedTime":"2022-10-29 00:00:00"}}
{"Body":{"Status":true,"Timestamp":"2022-10-29 00:00:00","pressure":"100.188654409093"},"EnqueuedTimeUtc":"2022-10-29 00:00:00","Properties":{"messagetype":"Demo"},"SystemProperties":{"connectionAuthMethod":"{\"scope\":\"device\",\"type\":\"sas\",\"issuer\":\"iothub\",\"acceptingIpFilterRule\":null}","connectionDeviceGenerationId":"638052891151821842","connectionDeviceId":"IOTDevice_9_3","contentEncoding":"utf-8","contentType":"application/json","enqueuedTime":"2022-10-29 00:00:00"}}
{"Body":{"Status":true,"Timestamp":"2022-10-29 00:00:00","vibration":"35.6918197370432"},"EnqueuedTimeUtc":"2022-10-29 00:00:00","Properties":{"messagetype":"Demo"},"SystemProperties":{"connectionAuthMethod":"{\"scope\":\"device\",\"type\":\"sas\",\"issuer\":\"iothub\",\"acceptingIpFilterRule\":null}","connectionDeviceGenerationId":"638052891151821842","connectionDeviceId":"IOTDevice_9_4","contentEncoding":"utf-8","contentType":"application/json","enqueuedTime":"2022-10-29 00:00:00"}}
{"Body":{"Status":true,"Timestamp":"2022-10-29 01:00:00","volt":"165.212890320728"},"EnqueuedTimeUtc":"2022-10-29 01:00:00","Properties":{"messagetype":"Demo"},"SystemProperties":{"connectionAuthMethod":"{\"scope\":\"device\",\"type\":\"sas\",\"issuer\":\"iothub\",\"acceptingIpFilterRule\":null}","connectionDeviceGenerationId":"638052891151821842","connectionDeviceId":"IOTDevice_9_1","contentEncoding":"utf-8","contentType":"application/json","enqueuedTime":"2022-10-29 01:00:00"}}
{"Body":{"Status":true,"Timestamp":"2022-10-29 01:00:00","rotate":"354.63348124909"},"EnqueuedTimeUtc":"2022-10-29 01:00:00","Properties":{"messagetype":"Demo"},"SystemProperties":{"connectionAuthMethod":"{\"scope\":\"device\",\"type\":\"sas\",\"issuer\":\"iothub\",\"acceptingIpFilterRule\":null}","connectionDeviceGenerationId":"638052891151821842","connectionDeviceId":"IOTDevice_9_2","contentEncoding":"utf-8","contentType":"application/json","enqueuedTime":"2022-10-29 01:00:00"}}
{"Body":{"Status":true,"Timestamp":"2022-10-29 01:00:00","pressure":"96.5231200352213"},"EnqueuedTimeUtc":"2022-10-29 01:00:00","Properties":{"messagetype":"Demo"},"SystemProperties":{"connectionAuthMethod":"{\"scope\":\"device\",\"type\":\"sas\",\"issuer\":\"iothub\",\"acceptingIpFilterRule\":null}","connectionDeviceGenerationId":"638052891151821842","connectionDeviceId":"IOTDevice_9_3","contentEncoding":"utf-8","contentType":"application/json","enqueuedTime":"2022-10-29 01:00:00"}}
{"Body":{"Status":true,"Timestamp":"2022-10-29 01:00:00","vibration":"41.7690133034804"},"EnqueuedTimeUtc":"2022-10-29 01:00:00","Properties":{"messagetype":"Demo"},"SystemProperties":{"connectionAuthMethod":"{\"scope\":\"device\",\"type\":\"sas\",\"issuer\":\"iothub\",\"acceptingIpFilterRule\":null}","connectionDeviceGenerationId":"638052891151821842","connectionDeviceId":"IOTDevice_9_4","contentEncoding":"utf-8","contentType":"application/json","enqueuedTime":"2022-10-29 01:00:00"}}
{"Body":{"Status":true,"Timestamp":"2022-10-29 02:00:00","volt":"186.756402959976"},"EnqueuedTimeUtc":"2022-10-29 02:00:00","Properties":{"messagetype":"Demo"},"SystemProperties":{"connectionAuthMethod":"{\"scope\":\"device\",\"type\":\"sas\",\"issuer\":\"iothub\",\"acceptingIpFilterRule\":null}","connectionDeviceGenerationId":"638052891151821842","connectionDeviceId":"IOTDevice_9_1","contentEncoding":"utf-8","contentType":"application/json","enqueuedTime":"2022-10-29 02:00:00"}}
{"Body":{"Status":true,"Timestamp":"2022-10-29 02:00:00","rotate":"529.991097624294"},"EnqueuedTimeUtc":"2022-10-29 02:00:00","Properties":{"messagetype":"Demo"},"SystemProperties":{"connectionAuthMethod":"{\"scope\":\"device\",\"type\":\"sas\",\"issuer\":\"iothub\",\"acceptingIpFilterRule\":null}","connectionDeviceGenerationId":"638052891151821842","connectionDeviceId":"IOTDevice_9_2","contentEncoding":"utf-8","contentType":"application/json","enqueuedTime":"2022-10-29 02:00:00"}}
{"Body":{"Status":true,"Timestamp":"2022-10-29 02:00:00","pressure":"110.296764982381"},"EnqueuedTimeUtc":"2022-10-29 02:00:00","Properties":{"messagetype":"Demo"},"SystemProperties":{"connectionAuthMethod":"{\"scope\":\"device\",\"type\":\"sas\",\"issuer\":\"iothub\",\"acceptingIpFilterRule\":null}","connectionDeviceGenerationId":"638052891151821842","connectionDeviceId":"IOTDevice_9_3","contentEncoding":"utf-8","contentType":"application/json","enqueuedTime":"2022-10-29 02:00:00"}}
{"Body":{"Status":true,"Timestamp":"2022-10-29 02:00:00","vibration":"33.8699648278792"},"EnqueuedTimeUtc":"2022-10-29 02:00:00","Properties":{"messagetype":"Demo"},"SystemProperties":{"connectionAuthMethod":"{\"scope\":\"device\",\"type\":\"sas\",\"issuer\":\"iothub\",\"acceptingIpFilterRule\":null}","connectionDeviceGenerationId":"638052891151821842","connectionDeviceId":"IOTDevice_9_4","contentEncoding":"utf-8","contentType":"application/json","enqueuedTime":"2022-10-29 02:00:00"}}
