{"Body":{"Status":true,"Timestamp":"2022-10-31 06:00:00","volt":"164.455749282279"},"EnqueuedTimeUtc":"2022-10-31 06:00:00","Properties":{"messagetype":"Demo"},"SystemProperties":{"connectionAuthMethod":"{\"scope\":\"device\",\"type\":\"sas\",\"issuer\":\"iothub\",\"acceptingIpFilterRule\":null}","connectionDeviceGenerationId":"638052891151821842","connectionDeviceId":"IOTDevice_7_1","contentEncoding":"utf-8","contentType":"application/json","enqueuedTime":"2022-10-31 06:00:00"}}
{"Body":{"Status":true,"Timestamp":"2022-10-31 06:00:00","rotate":"448.247912238816"},"EnqueuedTimeUtc":"2022-10-31 06:00:00","Properties":{"messagetype":"Demo"},"SystemProperties":{"connectionAuthMethod":"{\"scope\":\"device\",\"type\":\"sas\",\"issuer\":\"iothub\",\"acceptingIpFilterRule\":null}","connectionDeviceGenerationId":"638052891151821842","connectionDeviceId":"IOTDevice_7_2","contentEncoding":"utf-8","contentType":"application/json","enqueuedTime":"2022-10-31 06:00:00"}}
{"Body":{"Status":true,"Timestamp":"2022-10-31 06:00:00","pressure":"98.3208333368689"},"EnqueuedTimeUtc":"2022-10-31 06:00:00","Properties":{"messagetype":"Demo"},"SystemProperties":{"connectionAuthMethod":"{\"scope\":\"device\",\"type\":\"sas\",\"issuer\":\"iothub\",\"acceptingIpFilterRule\":null}","connectionDeviceGenerationId":"638052891151821842","connectionDeviceId":"IOTDevice_7_3","contentEncoding":"utf-8","contentType":"application/json","enqueuedTime":"2022-10-31 06:00:00"}}
{"Body":{"Status":true,"Timestamp":"2022-10-31 06:00:00","vibration":"42.2783842694311"},"EnqueuedTimeUtc":"2022-10-31 06:00:00","Properties":{"messagetype":"Demo"},"SystemProperties":{"connectionAuthMethod":"{\"scope\":\"device\",\"type\":\"sas\",\"issuer\":\"iothub\",\"acceptingIpFilterRule\":null}","connectionDeviceGenerationId":"638052891151821842","connectionDeviceId":"IOTDevice_7_4","contentEncoding":"utf-8","contentType":"application/json","enqueuedTime":"2022-10-31 06:00:00"}}
{"Body":{"Status":true,"Timestamp":"2022-10-31 07:00:00","volt":"169.180549797736"},"EnqueuedTimeUtc":"2022-10-31 07:00:00","Properties":{"messagetype":"Demo"},"SystemProperties":{"connectionAuthMethod":"{\"scope\":\"device\",\"type\":\"sas\",\"issuer\":\"iothub\",\"acceptingIpFilterRule\":null}","connectionDeviceGenerationId":"638052891151821842","connectionDeviceId":"IOTDevice_7_1","contentEncoding":"utf-8","contentType":"application/json","enqueuedTime":"2022-10-31 07:00:00"}}
{"Body":{"Status":true,"Timestamp":"2022-10-31 07:00:00","rotate":"518.294013721987"},"EnqueuedTimeUtc":"2022-10-31 07:00:00","Properties":{"messagetype":"Demo"},"SystemProperties":{"connectionAuthMethod":"{\"scope\":\"device\",\"type\":\"sas\",\"issuer\":\"iothub\",\"acceptingIpFilterRule\":null}","connectionDeviceGenerationId":"638052891151821842","connectionDeviceId":"IOTDevice_7_2","contentEncoding":"utf-8","contentType":"application/json","enqueuedTime":"2022-10-31 07:00:00"}}
{"Body":{"Status":true,"Timestamp":"2022-10-31 07:00:00","pressure":"114.569769567208"},"EnqueuedTimeUtc":"2022-10-31 07:00:00","Properties":{"messagetype":"Demo"},"SystemProperties":{"connectionAuthMethod":"{\"scope\":\"device\",\"type\":\"sas\",\"issuer\":\"iothub\",\"acceptingIpFilterRule\":null}","connectionDeviceGenerationId":"638052891151821842","connectionDeviceId":"IOTDevice_7_3","contentEncoding":"utf-8","contentType":"application/json","enqueuedTime":"2022-10-31 07:00:00"}}
{"Body":{"Status":true,"Timestamp":"2022-10-31 07:00:00","vibration":"39.3440121778958"},"EnqueuedTimeUtc":"2022-10-31 07:00:00","Properties":{"messagetype":"Demo"},"SystemProperties":{"connectionAuthMethod":"{\"scope\":\"device\",\"type\":\"sas\",\"issuer\":\"iothub\",\"acceptingIpFilterRule\":null}","connectionDeviceGenerationId":"638052891151821842","connectionDeviceId":"IOTDevice_7_4","contentEncoding":"utf-8","contentType":"application/json","enqueuedTime":"2022-10-31 07:00:00"}}
{"Body":{"Status":true,"Timestamp":"2022-10-31 08:00:00","volt":"193.847491593019"},"EnqueuedTimeUtc":"2022-10-31 08:00:00","Properties":{"messagetype":"Demo"},"SystemProperties":{"connectionAuthMethod":"{\"scope\":\"device\",\"type\":\"sas\",\"issuer\":\"iothub\",\"acceptingIpFilterRule\":null}","connectionDeviceGenerationId":"638052891151821842","connectionDeviceId":"IOTDevice_7_1","contentEncoding":"utf-8","contentType":"application/json","enqueuedTime":"2022-10-31 08:00:00"}}
{"Body":{"Status":true,"Timestamp":"2022-10-31 08:00:00","rotate":"489.15403133128"},"EnqueuedTimeUtc":"2022-10-31 08:00:00","Properties":{"messagetype":"Demo"},"SystemProperties":{"connectionAuthMethod":"{\"scope\":\"device\",\"type\":\"sas\",\"issuer\":\"iothub\",\"acceptingIpFilterRule\":null}","connectionDeviceGenerationId":"638052891151821842","connectionDeviceId":"IOTDevice_7_2","contentEncoding":"utf-8","contentType":"application/json","enqueuedTime":"2022-10-31 08:00:00"}}
{"Body":{"Status":true,"Timestamp":"2022-10-31 08:00:00","pressure":"110.268826462433"},"EnqueuedTimeUtc":"2022-10-31 08:00:00","Properties":{"messagetype":"Demo"},"SystemProperties":{"connectionAuthMethod":"{\"scope\":\"device\",\"type\":\"sas\",\"issuer\":\"iothub\",\"acceptingIpFilterRule\":null}","connectionDeviceGenerationId":"638052891151821842","connectionDeviceId":"IOTDevice_7_3","contentEncoding":"utf-8","contentType":"application/json","enqueuedTime":"2022-10-31 08:00:00"}}
{"Body":{"Status":true,"Timestamp":"2022-10-31 08:00:00","vibration":"36.8239581220881"},"EnqueuedTimeUtc":"2022-10-31 08:00:00","Properties":{"messagetype":"Demo"},"SystemProperties":{"connectionAuthMethod":"{\"scope\":\"device\",\"type\":\"sas\",\"issuer\":\"iothub\",\"acceptingIpFilterRule\":null}","connectionDeviceGenerationId":"638052891151821842","connectionDeviceId":"IOTDevice_7_4","contentEncoding":"utf-8","contentType":"application/json","enqueuedTime":"2022-10-31 08:00:00"}}
{"Body":{"Status":true,"Timestamp":"2022-10-31 09:00:00","volt":"180.934242149062"},"EnqueuedTimeUtc":"2022-10-31 09:00:00","Properties":{"messagetype":"Demo"},"SystemProperties":{"connectionAuthMethod":"{\"scope\":\"device\",\"type\":\"sas\",\"issuer\":\"iothub\",\"acceptingIpFilterRule\":null}","connectionDeviceGenerationId":"638052891151821842","connectionDeviceId":"IOTDevice_7_1","contentEncoding":"utf-8","contentType":"application/json","enqueuedTime":"2022-10-31 09:00:00"}}
{"Body":{"Status":true,"Timestamp":"2022-10-31 09:00:00","rotate":"468.837212075299"},"EnqueuedTimeUtc":"2022-10-31 09:00:00","Properties":{"messagetype":"Demo"},"SystemProperties":{"connectionAuthMethod":"{\"scope\":\"device\",\"type\":\"sas\",\"issuer\":\"iothub\",\"acceptingIpFilterRule\":null}","connectionDeviceGenerationId":"638052891151821842","connectionDeviceId":"IOTDevice_7_2","contentEncoding":"utf-8","contentType":"application/json","enqueuedTime":"2022-10-31 09:00:00"}}
{"Body":{"Status":true,"Timestamp":"2022-10-31 09:00:00","pressure":"98.5099622748034"},"EnqueuedTimeUtc":"2022-10-31 09:00:00","Properties":{"messagetype":"Demo"},"SystemProperties":{"connectionAuthMethod":"{\"scope\":\"device\",\"type\":\"sas\",\"issuer\":\"iothub\",\"acceptingIpFilterRule\":null}","connectionDeviceGenerationId":"638052891151821842","connectionDeviceId":"IOTDevice_7_3","contentEncoding":"utf-8","contentType":"application/json","enqueuedTime":"2022-10-31 09:00:00"}}
{"Body":{"Status":true,"Timestamp":"2022-10-31 09:00:00","vibration":"39.0078438582768"},"EnqueuedTimeUtc":"2022-10-31 09:00:00","Properties":{"messagetype":"Demo"},"SystemProperties":{"connectionAuthMethod":"{\"scope\":\"device\",\"type\":\"sas\",\"issuer\":\"iothub\",\"acceptingIpFilterRule\":null}","connectionDeviceGenerationId":"638052891151821842","connectionDeviceId":"IOTDevice_7_4","contentEncoding":"utf-8","contentType":"application/json","enqueuedTime":"2022-10-31 09:00:00"}}
{"Body":{"Status":true,"Timestamp":"2022-10-31 10:00:00","volt":"157.485505946599"},"EnqueuedTimeUtc":"2022-10-31 10:00:00","Properties":{"messagetype":"Demo"},"SystemProperties":{"connectionAuthMethod":"{\"scope\":\"device\",\"type\":\"sas\",\"issuer\":\"iothub\",\"acceptingIpFilterRule\":null}","connectionDeviceGenerationId":"638052891151821842","connectionDeviceId":"IOTDevice_7_1","contentEncoding":"utf-8","contentType":"application/json","enqueuedTime":"2022-10-31 10:00:00"}}
{"Body":{"Status":true,"Timestamp":"2022-10-31 10:00:00","rotate":"470.211103986054"},"EnqueuedTimeUtc":"2022-10-31 10:00:00","Properties":{"messagetype":"Demo"},"SystemProperties":{"connectionAuthMethod":"{\"scope\":\"device\",\"type\":\"sas\",\"issuer\":\"iothub\",\"acceptingIpFilterRule\":null}","connectionDeviceGenerationId":"638052891151821842","connectionDeviceId":"IOTDevice_7_2","contentEncoding":"utf-8","contentType":"application/json","enqueuedTime":"2022-10-31 10:00:00"}}
{"Body":{"Status":true,"Timestamp":"2022-10-31 10:00:00","pressure":"114.255915561418"},"EnqueuedTimeUtc":"2022-10-31 10:00:00","Properties":{"messagetype":"Demo"},"SystemProperties":{"connectionAuthMethod":"{\"scope\":\"device\",\"type\":\"sas\",\"issuer\":\"iothub\",\"acceptingIpFilterRule\":null}","connectionDeviceGenerationId":"638052891151821842","connectionDeviceId":"IOTDevice_7_3","contentEncoding":"utf-8","contentType":"application/json","enqueuedTime":"2022-10-31 10:00:00"}}
{"Body":{"Status":true,"Timestamp":"2022-10-31 10:00:00","vibration":"38.2784158934298"},"EnqueuedTimeUtc":"2022-10-31 10:00:00","Properties":{"messagetype":"Demo"},"SystemProperties":{"connectionAuthMethod":"{\"scope\":\"device\",\"type\":\"sas\",\"issuer\":\"iothub\",\"acceptingIpFilterRule\":null}","connectionDeviceGenerationId":"638052891151821842","connectionDeviceId":"IOTDevice_7_4","contentEncoding":"utf-8","contentType":"application/json","enqueuedTime":"2022-10-31 10:00:00"}}
{"Body":{"Status":true,"Timestamp":"2022-10-31 11:00:00","volt":"186.149058040811"},"EnqueuedTimeUtc":"2022-10-31 11:00:00","Properties":{"messagetype":"Demo"},"SystemProperties":{"connectionAuthMethod":"{\"scope\":\"device\",\"type\":\"sas\",\"issuer\":\"iothub\",\"acceptingIpFilterRule\":null}","connectionDeviceGenerationId":"638052891151821842","connectionDeviceId":"IOTDevice_7_1","contentEncoding":"utf-8","contentType":"application/json","enqueuedTime":"2022-10-31 11:00:00"}}
{"Body":{"Status":true,"Timestamp":"2022-10-31 11:00:00","rotate":"445.97623529394"},"EnqueuedTimeUtc":"2022-10-31 11:00:00","Properties":{"messagetype":"Demo"},"SystemProperties":{"connectionAuthMethod":"{\"scope\":\"device\",\"type\":\"sas\",\"issuer\":\"iothub\",\"acceptingIpFilterRule\":null}","connectionDeviceGenerationId":"638052891151821842","connectionDeviceId":"IOTDevice_7_2","contentEncoding":"utf-8","contentType":"application/json","enqueuedTime":"2022-10-31 11:00:00"}}
{"Body":{"Status":true,"Timestamp":"2022-10-31 11:00:00","pressure":"103.952331284008"},"EnqueuedTimeUtc":"2022-10-31 11:00:00","Properties":{"messagetype":"Demo"},"SystemProperties":{"connectionAuthMethod":"{\"scope\":\"device\",\"type\":\"sas\",\"issuer\":\"iothub\",\"acceptingIpFilterRule\":null}","connectionDeviceGenerationId":"638052891151821842","connectionDeviceId":"IOTDevice_7_3","contentEncoding":"utf-8","contentType":"application/json","enqueuedTime":"2022-10-31 11:00:00"}}
{"Body":{"Status":true,"Timestamp":"2022-10-31 11:00:00","vibration":"43.628736563932"},"EnqueuedTimeUtc":"2022-10-31 11:00:00","Properties":{"messagetype":"Demo"},"SystemProperties":{"connectionAuthMethod":"{\"scope\":\"device\",\"type\":\"sas\",\"issuer\":\"iothub\",\"acceptingIpFilterRule\":null}","connectionDeviceGenerationId":"638052891151821842","connectionDeviceId":"IOTDevice_7_4","contentEncoding":"utf-8","contentType":"application/json","enqueuedTime":"2022-10-31 11:00:00"}}
{"Body":{"Status":true,"Timestamp":"2022-10-31 12:00:00","volt":"143.437500186596"},"EnqueuedTimeUtc":"2022-10-31 12:00:00","Properties":{"messagetype":"Demo"},"SystemProperties":{"connectionAuthMethod":"{\"scope\":\"device\",\"type\":\"sas\",\"issuer\":\"iothub\",\"acceptingIpFilterRule\":null}","connectionDeviceGenerationId":"638052891151821842","connectionDeviceId":"IOTDevice_7_1","contentEncoding":"utf-8","contentType":"application/json","enqueuedTime":"2022-10-31 12:00:00"}}
{"Body":{"Status":true,"Timestamp":"2022-10-31 12:00:00","rotate":"417.830965823296"},"EnqueuedTimeUtc":"2022-10-31 12:00:00","Properties":{"messagetype":"Demo"},"SystemProperties":{"connectionAuthMethod":"{\"scope\":\"device\",\"type\":\"sas\",\"issuer\":\"iothub\",\"acceptingIpFilterRule\":null}","connectionDeviceGenerationId":"638052891151821842","connectionDeviceId":"IOTDevice_7_2","contentEncoding":"utf-8","contentType":"application/json","enqueuedTime":"2022-10-31 12:00:00"}}
{"Body":{"Status":true,"Timestamp":"2022-10-31 12:00:00","pressure":"102.352513044664"},"EnqueuedTimeUtc":"2022-10-31 12:00:00","Properties":{"messagetype":"Demo"},"SystemProperties":{"connectionAuthMethod":"{\"scope\":\"device\",\"type\":\"sas\",\"issuer\":\"iothub\",\"acceptingIpFilterRule\":null}","connectionDeviceGenerationId":"638052891151821842","connectionDeviceId":"IOTDevice_7_3","contentEncoding":"utf-8","contentType":"application/json","enqueuedTime":"2022-10-31 12:00:00"}}
{"Body":{"Status":true,"Timestamp":"2022-10-31 12:00:00","vibration":"32.4273741605679"},"EnqueuedTimeUtc":"2022-10-31 12:00:00","Properties":{"messagetype":"Demo"},"SystemProperties":{"connectionAuthMethod":"{\"scope\":\"device\",\"type\":\"sas\",\"issuer\":\"iothub\",\"acceptingIpFilterRule\":null}","connectionDeviceGenerationId":"638052891151821842","connectionDeviceId":"IOTDevice_7_4","contentEncoding":"utf-8","contentType":"application/json","enqueuedTime":"2022-10-31 12:00:00"}}
{"Body":{"Status":true,"Timestamp":"2022-10-31 13:00:00","volt":"174.139592986621"},"EnqueuedTimeUtc":"2022-10-31 13:00:00","Properties":{"messagetype":"Demo"},"SystemProperties":{"connectionAuthMethod":"{\"scope\":\"device\",\"type\":\"sas\",\"issuer\":\"iothub\",\"acceptingIpFilterRule\":null}","connectionDeviceGenerationId":"638052891151821842","connectionDeviceId":"IOTDevice_7_1","contentEncoding":"utf-8","contentType":"application/json","enqueuedTime":"2022-10-31 13:00:00"}}
{"Body":{"Status":true,"Timestamp":"2022-10-31 13:00:00","rotate":"419.039456865073"},"EnqueuedTimeUtc":"2022-10-31 13:00:00","Properties":{"messagetype":"Demo"},"SystemProperties":{"connectionAuthMethod":"{\"scope\":\"device\",\"type\":\"sas\",\"issuer\":\"iothub\",\"acceptingIpFilterRule\":null}","connectionDeviceGenerationId":"638052891151821842","connectionDeviceId":"IOTDevice_7_2","contentEncoding":"utf-8","contentType":"application/json","enqueuedTime":"2022-10-31 13:00:00"}}
{"Body":{"Status":true,"Timestamp":"2022-10-31 13:00:00","pressure":"90.1076133949803"},"EnqueuedTimeUtc":"2022-10-31 13:00:00","Properties":{"messagetype":"Demo"},"SystemProperties":{"connectionAuthMethod":"{\"scope\":\"device\",\"type\":\"sas\",\"issuer\":\"iothub\",\"acceptingIpFilterRule\":null}","connectionDeviceGenerationId":"638052891151821842","connectionDeviceId":"IOTDevice_7_3","contentEncoding":"utf-8","contentType":"application/json","enqueuedTime":"2022-10-31 13:00:00"}}
{"Body":{"Status":true,"Timestamp":"2022-10-31 13:00:00","vibration":"44.622294555953"},"EnqueuedTimeUtc":"2022-10-31 13:00:00","Properties":{"messagetype":"Demo"},"SystemProperties":{"connectionAuthMethod":"{\"scope\":\"device\",\"type\":\"sas\",\"issuer\":\"iothub\",\"acceptingIpFilterRule\":null}","connectionDeviceGenerationId":"638052891151821842","connectionDeviceId":"IOTDevice_7_4","contentEncoding":"utf-8","contentType":"application/json","enqueuedTime":"2022-10-31 13:00:00"}}
{"Body":{"Status":true,"Timestamp":"2022-10-31 14:00:00","volt":"167.696288851799"},"EnqueuedTimeUtc":"2022-10-31 14:00:00","Properties":{"messagetype":"Demo"},"SystemProperties":{"connectionAuthMethod":"{\"scope\":\"device\",\"type\":\"sas\",\"issuer\":\"iothub\",\"acceptingIpFilterRule\":null}","connectionDeviceGenerationId":"638052891151821842","connectionDeviceId":"IOTDevice_7_1","contentEncoding":"utf-8","contentType":"application/json","enqueuedTime":"2022-10-31 14:00:00"}}
{"Body":{"Status":true,"Timestamp":"2022-10-31 14:00:00","rotate":"421.968622364919"},"EnqueuedTimeUtc":"2022-10-31 14:00:00","Properties":{"messagetype":"Demo"},"SystemProperties":{"connectionAuthMethod":"{\"scope\":\"device\",\"type\":\"sas\",\"issuer\":\"iothub\",\"acceptingIpFilterRule\":null}","connectionDeviceGenerationId":"638052891151821842","connectionDeviceId":"IOTDevice_7_2","contentEncoding":"utf-8","contentType":"application/json","enqueuedTime":"2022-10-31 14:00:00"}}
{"Body":{"Status":true,"Timestamp":"2022-10-31 14:00:00","pressure":"98.944248134644"},"EnqueuedTimeUtc":"2022-10-31 14:00:00","Properties":{"messagetype":"Demo"},"SystemProperties":{"connectionAuthMethod":"{\"scope\":\"device\",\"type\":\"sas\",\"issuer\":\"iothub\",\"acceptingIpFilterRule\":null}","connectionDeviceGenerationId":"638052891151821842","connectionDeviceId":"IOTDevice_7_3","contentEncoding":"utf-8","contentType":"application/json","enqueuedTime":"2022-10-31 14:00:00"}}
{"Body":{"Status":true,"Timestamp":"2022-10-31 14:00:00","vibration":"39.5887563477249"},"EnqueuedTimeUtc":"2022-10-31 14:00:00","Properties":{"messagetype":"Demo"},"SystemProperties":{"connectionAuthMethod":"{\"scope\":\"device\",\"type\":\"sas\",\"issuer\":\"iothub\",\"acceptingIpFilterRule\":null}","connectionDeviceGenerationId":"638052891151821842","connectionDeviceId":"IOTDevice_7_4","contentEncoding":"utf-8","contentType":"application/json","enqueuedTime":"2022-10-31 14:00:00"}}
{"Body":{"Status":true,"Timestamp":"2022-10-31 15:00:00","volt":"151.551887847497"},"EnqueuedTimeUtc":"2022-10-31 15:00:00","Properties":{"messagetype":"Demo"},"SystemProperties":{"connectionAuthMethod":"{\"scope\":\"device\",\"type\":\"sas\",\"issuer\":\"iothub\",\"acceptingIpFilterRule\":null}","connectionDeviceGenerationId":"638052891151821842","connectionDeviceId":"IOTDevice_7_1","contentEncoding":"utf-8","contentType":"application/json","enqueuedTime":"2022-10-31 15:00:00"}}
{"Body":{"Status":true,"Timestamp":"2022-10-31 15:00:00","rotate":"413.640654144489"},"EnqueuedTimeUtc":"2022-10-31 15:00:00","Properties":{"messagetype":"Demo"},"SystemProperties":{"connectionAuthMethod":"{\"scope\":\"device\",\"type\":\"sas\",\"issuer\":\"iothub\",\"acceptingIpFilterRule\":null}","connectionDeviceGenerationId":"638052891151821842","connectionDeviceId":"IOTDevice_7_2","contentEncoding":"utf-8","contentType":"application/json","enqueuedTime":"2022-10-31 15:00:00"}}
{"Body":{"Status":true,"Timestamp":"2022-10-31 15:00:00","pressure":"105.64920272682"},"EnqueuedTimeUtc":"2022-10-31 15:00:00","Properties":{"messagetype":"Demo"},"SystemProperties":{"connectionAuthMethod":"{\"scope\":\"device\",\"type\":\"sas\",\"issuer\":\"iothub\",\"acceptingIpFilterRule\":null}","connectionDeviceGenerationId":"638052891151821842","connectionDeviceId":"IOTDevice_7_3","contentEncoding":"utf-8","contentType":"application/json","enqueuedTime":"2022-10-31 15:00:00"}}
{"Body":{"Status":true,"Timestamp":"2022-10-31 15:00:00","vibration":"40.2492973668846"},"EnqueuedTimeUtc":"2022-10-31 15:00:00","Properties":{"messagetype":"Demo"},"SystemProperties":{"connectionAuthMethod":"{\"scope\":\"device\",\"type\":\"sas\",\"issuer\":\"iothub\",\"acceptingIpFilterRule\":null}","connectionDeviceGenerationId":"638052891151821842","connectionDeviceId":"IOTDevice_7_4","contentEncoding":"utf-8","contentType":"application/json","enqueuedTime":"2022-10-31 15:00:00"}}
{"Body":{"Status":true,"Timestamp":"2022-10-31 16:00:00","volt":"157.854302444776"},"EnqueuedTimeUtc":"2022-10-31 16:00:00","Properties":{"messagetype":"Demo"},"SystemProperties":{"connectionAuthMethod":"{\"scope\":\"device\",\"type\":\"sas\",\"issuer\":\"iothub\",\"acceptingIpFilterRule\":null}","connectionDeviceGenerationId":"638052891151821842","connectionDeviceId":"IOTDevice_7_1","contentEncoding":"utf-8","contentType":"application/json","enqueuedTime":"2022-10-31 16:00:00"}}
{"Body":{"Status":true,"Timestamp":"2022-10-31 16:00:00","rotate":"413.440671848014"},"EnqueuedTimeUtc":"2022-10-31 16:00:00","Properties":{"messagetype":"Demo"},"SystemProperties":{"connectionAuthMethod":"{\"scope\":\"device\",\"type\":\"sas\",\"issuer\":\"iothub\",\"acceptingIpFilterRule\":null}","connectionDeviceGenerationId":"638052891151821842","connectionDeviceId":"IOTDevice_7_2","contentEncoding":"utf-8","contentType":"application/json","enqueuedTime":"2022-10-31 16:00:00"}}
{"Body":{"Status":true,"Timestamp":"2022-10-31 16:00:00","pressure":"88.8773137315727"},"EnqueuedTimeUtc":"2022-10-31 16:00:00","Properties":{"messagetype":"Demo"},"SystemProperties":{"connectionAuthMethod":"{\"scope\":\"device\",\"type\":\"sas\",\"issuer\":\"iothub\",\"acceptingIpFilterRule\":null}","connectionDeviceGenerationId":"638052891151821842","connectionDeviceId":"IOTDevice_7_3","contentEncoding":"utf-8","contentType":"application/json","enqueuedTime":"2022-10-31 16:00:00"}}
{"Body":{"Status":true,"Timestamp":"2022-10-31 16:00:00","vibration":"40.2991174972113"},"EnqueuedTimeUtc":"2022-10-31 16:00:00","Properties":{"messagetype":"Demo"},"SystemProperties":{"connectionAuthMethod":"{\"scope\":\"device\",\"type\":\"sas\",\"issuer\":\"iothub\",\"acceptingIpFilterRule\":null}","connectionDeviceGenerationId":"638052891151821842","connectionDeviceId":"IOTDevice_7_4","contentEncoding":"utf-8","contentType":"application/json","enqueuedTime":"2022-10-31 16:00:00"}}
{"Body":{"Status":true,"Timestamp":"2022-10-31 17:00:00","volt":"143.105092589853"},"EnqueuedTimeUtc":"2022-10-31 17:00:00","Properties":{"messagetype":"Demo"},"SystemProperties":{"connectionAuthMethod":"{\"scope\":\"device\",\"type\":\"sas\",\"issuer\":\"iothub\",\"acceptingIpFilterRule\":null}","connectionDeviceGenerationId":"638052891151821842","connectionDeviceId":"IOTDevice_7_1","contentEncoding":"utf-8","contentType":"application/json","enqueuedTime":"2022-10-31 17:00:00"}}
{"Body":{"Status":true,"Timestamp":"2022-10-31 17:00:00","rotate":"456.07583342208"},"EnqueuedTimeUtc":"2022-10-31 17:00:00","Properties":{"messagetype":"Demo"},"SystemProperties":{"connectionAuthMethod":"{\"scope\":\"device\",\"type\":\"sas\",\"issuer\":\"iothub\",\"acceptingIpFilterRule\":null}","connectionDeviceGenerationId":"638052891151821842","connectionDeviceId":"IOTDevice_7_2","contentEncoding":"utf-8","contentType":"application/json","enqueuedTime":"2022-10-31 17:00:00"}}
{"Body":{"Status":true,"Timestamp":"2022-10-31 17:00:00","pressure":"106.117947392661"},"EnqueuedTimeUtc":"2022-10-31 17:00:00","Properties":{"messagetype":"Demo"},"SystemProperties":{"connectionAuthMethod":"{\"scope\":\"device\",\"type\":\"sas\",\"issuer\":\"iothub\",\"acceptingIpFilterRule\":null}","connectionDeviceGenerationId":"638052891151821842","connectionDeviceId":"IOTDevice_7_3","contentEncoding":"utf-8","contentType":"application/json","enqueuedTime":"2022-10-31 17:00:00"}}
{"Body":{"Status":true,"Timestamp":"2022-10-31 17:00:00","vibration":"31.2247399371525"},"EnqueuedTimeUtc":"2022-10-31 17:00:00","Properties":{"messagetype":"Demo"},"SystemProperties":{"connectionAuthMethod":"{\"scope\":\"device\",\"type\":\"sas\",\"issuer\":\"iothub\",\"acceptingIpFilterRule\":null}","connectionDeviceGenerationId":"638052891151821842","connectionDeviceId":"IOTDevice_7_4","contentEncoding":"utf-8","contentType":"application/json","enqueuedTime":"2022-10-31 17:00:00"}}
{"Body":{"Status":true,"Timestamp":"2022-10-31 18:00:00","volt":"156.536420994063"},"EnqueuedTimeUtc":"2022-10-31 18:00:00","Properties":{"messagetype":"Demo"},"SystemProperties":{"connectionAuthMethod":"{\"scope\":\"device\",\"type\":\"sas\",\"issuer\":\"iothub\",\"acceptingIpFilterRule\":null}","connectionDeviceGenerationId":"638052891151821842","connectionDeviceId":"IOTDevice_7_1","contentEncoding":"utf-8","contentType":"application/json","enqueuedTime":"2022-10-31 18:00:00"}}
{"Body":{"Status":true,"Timestamp":"2022-10-31 18:00:00","rotate":"545.691612425518"},"EnqueuedTimeUtc":"2022-10-31 18:00:00","Properties":{"messagetype":"Demo"},"SystemProperties":{"connectionAuthMethod":"{\"scope\":\"device\",\"type\":\"sas\",\"issuer\":\"iothub\",\"acceptingIpFilterRule\":null}","connectionDeviceGenerationId":"638052891151821842","connectionDeviceId":"IOTDevice_7_2","contentEncoding":"utf-8","contentType":"application/json","enqueuedTime":"2022-10-31 18:00:00"}}
{"Body":{"Status":true,"Timestamp":"2022-10-31 18:00:00","pressure":"112.711877361832"},"EnqueuedTimeUtc":"2022-10-31 18:00:00","Properties":{"messagetype":"Demo"},"SystemProperties":{"connectionAuthMethod":"{\"scope\":\"device\",\"type\":\"sas\",\"issuer\":\"iothub\",\"acceptingIpFilterRule\":null}","connectionDeviceGenerationId":"638052891151821842","connectionDeviceId":"IOTDevice_7_3","contentEncoding":"utf-8","contentType":"application/json","enqueuedTime":"2022-10-31 18:00:00"}}
{"Body":{"Status":true,"Timestamp":"2022-10-31 18:00:00","vibration":"43.8088512455776"},"EnqueuedTimeUtc":"2022-10-31 18:00:00","Properties":{"messagetype":"Demo"},"SystemProperties":{"connectionAuthMethod":"{\"scope\":\"device\",\"type\":\"sas\",\"issuer\":\"iothub\",\"acceptingIpFilterRule\":null}","connectionDeviceGenerationId":"638052891151821842","connectionDeviceId":"IOTDevice_7_4","contentEncoding":"utf-8","contentType":"application/json","enqueuedTime":"2022-10-31 18:00:00"}}
{"Body":{"Status":true,"Timestamp":"2022-10-31 19:00:00","volt":"185.091858220243"},"EnqueuedTimeUtc":"2022-10-31 19:00:00","Properties":{"messagetype":"Demo"},"SystemProperties":{"connectionAuthMethod":"{\"scope\":\"device\",\"type\":\"sas\",\"issuer\":\"iothub\",\"acceptingIpFilterRule\":null}","connectionDeviceGenerationId":"638052891151821842","connectionDeviceId":"IOTDevice_7_1","contentEncoding":"utf-8","contentType":"application/json","enqueuedTime":"2022-10-31 19:00:00"}}
{"Body":{"Status":true,"Timestamp":"2022-10-31 19:00:00","rotate":"395.401157584161"},"EnqueuedTimeUtc":"2022-10-31 19:00:00","Properties":{"messagetype":"Demo"},"SystemProperties":{"connectionAuthMethod":"{\"scope\":\"device\",\"type\":\"sas\",\"issuer\":\"iothub\",\"acceptingIpFilterRule\":null}","connectionDeviceGenerationId":"638052891151821842","connectionDeviceId":"IOTDevice_7_2","contentEncoding":"utf-8","contentType":"application/json","enqueuedTime":"2022-10-31 19:00:00"}}
{"Body":{"Status":true,"Timestamp":"2022-10-31 19:00:00","pressure":"98.4475067908036"},"EnqueuedTimeUtc":"2022-10-31 19:00:00","Properties":{"messagetype":"Demo"},"SystemProperties":{"connectionAuthMethod":"{\"scope\":\"device\",\"type\":\"sas\",\"issuer\":\"iothub\",\"acceptingIpFilterRule\":null}","connectionDeviceGenerationId":"638052891151821842","connectionDeviceId":"IOTDevice_7_3","contentEncoding":"utf-8","contentType":"application/json","enqueuedTime":"2022-10-31 19:00:00"}}
{"Body":{"Status":true,"Timestamp":"2022-10-31 19:00:00","vibration":"39.6546976652853"},"EnqueuedTimeUtc":"2022-10-31 19:00:00","Properties":{"messagetype":"Demo"},"SystemProperties":{"connectionAuthMethod":"{\"scope\":\"device\",\"type\":\"sas\",\"issuer\":\"iothub\",\"acceptingIpFilterRule\":null}","connectionDeviceGenerationId":"638052891151821842","connectionDeviceId":"IOTDevice_7_4","contentEncoding":"utf-8","contentType":"application/json","enqueuedTime":"2022-10-31 19:00:00"}}
{"Body":{"Status":true,"Timestamp":"2022-10-31 20:00:00","volt":"176.584736083017"},"EnqueuedTimeUtc":"2022-10-31 20:00:00","Properties":{"messagetype":"Demo"},"SystemProperties":{"connectionAuthMethod":"{\"scope\":\"device\",\"type\":\"sas\",\"issuer\":\"iothub\",\"acceptingIpFilterRule\":null}","connectionDeviceGenerationId":"638052891151821842","connectionDeviceId":"IOTDevice_7_1","contentEncoding":"utf-8","contentType":"application/json","enqueuedTime":"2022-10-31 20:00:00"}}
{"Body":{"Status":true,"Timestamp":"2022-10-31 20:00:00","rotate":"491.517552684337"},"EnqueuedTimeUtc":"2022-10-31 20:00:00","Properties":{"messagetype":"Demo"},"SystemProperties":{"connectionAuthMethod":"{\"scope\":\"device\",\"type\":\"sas\",\"issuer\":\"iothub\",\"acceptingIpFilterRule\":null}","connectionDeviceGenerationId":"638052891151821842","connectionDeviceId":"IOTDevice_7_2","contentEncoding":"utf-8","contentType":"application/json","enqueuedTime":"2022-10-31 20:00:00"}}
{"Body":{"Status":true,"Timestamp":"2022-10-31 20:00:00","pressure":"99.4626543216198"},"EnqueuedTimeUtc":"2022-10-31 20:00:00","Properties":{"messagetype":"Demo"},"SystemProperties":{"connectionAuthMethod":"{\"scope\":\"device\",\"type\":\"sas\",\"issuer\":\"iothub\",\"acceptingIpFilterRule\":null}","connectionDeviceGenerationId":"638052891151821842","connectionDeviceId":"IOTDevice_7_3","contentEncoding":"utf-8","contentType":"application/json","enqueuedTime":"2022-10-31 20:00:00"}}
{"Body":{"Status":true,"Timestamp":"2022-10-31 20:00:00","vibration":"38.9439763034407"},"EnqueuedTimeUtc":"2022-10-31 20:00:00","Properties":{"messagetype":"Demo"},"SystemProperties":{"connectionAuthMethod":"{\"scope\":\"device\",\"type\":\"sas\",\"issuer\":\"iothub\",\"acceptingIpFilterRule\":null}","connectionDeviceGenerationId":"638052891151821842","connectionDeviceId":"IOTDevice_7_4","contentEncoding":"utf-8","contentType":"application/json","enqueuedTime":"2022-10-31 20:00:00"}}
