{"Body":{"Status":true,"Timestamp":"2022-10-31 00:00:00","volt":"181.398979902115"},"EnqueuedTimeUtc":"2022-10-31 00:00:00","Properties":{"messagetype":"Demo"},"SystemProperties":{"connectionAuthMethod":"{\"scope\":\"device\",\"type\":\"sas\",\"issuer\":\"iothub\",\"acceptingIpFilterRule\":null}","connectionDeviceGenerationId":"638052891151821842","connectionDeviceId":"IOTDevice_6_1","contentEncoding":"utf-8","contentType":"application/json","enqueuedTime":"2022-10-31 00:00:00"}}
{"Body":{"Status":true,"Timestamp":"2022-10-31 00:00:00","rotate":"559.282162775947"},"EnqueuedTimeUtc":"2022-10-31 00:00:00","Properties":{"messagetype":"Demo"},"SystemProperties":{"connectionAuthMethod":"{\"scope\":\"device\",\"type\":\"sas\",\"issuer\":\"iothub\",\"acceptingIpFilterRule\":null}","connectionDeviceGenerationId":"638052891151821842","connectionDeviceId":"IOTDevice_6_2","contentEncoding":"utf-8","contentType":"application/json","enqueuedTime":"2022-10-31 00:00:00"}}
{"Body":{"Status":true,"Timestamp":"2022-10-31 00:00:00","pressure":"107.384759553301"},"EnqueuedTimeUtc":"2022-10-31 00:00:00","Properties":{"messagetype":"Demo"},"SystemProperties":{"connectionAuthMethod":"{\"scope\":\"device\",\"type\":\"sas\",\"issuer\":\"iothub\",\"acceptingIpFilterRule\":null}","connectionDeviceGenerationId":"638052891151821842","connectionDeviceId":"IOTDevice_6_3","contentEncoding":"utf-8","contentType":"application/json","enqueuedTime":"2022-10-31 00:00:00"}}
{"Body":{"Status":true,"Timestamp":"2022-10-31 00:00:00","vibration":"38.6460130062595"},"EnqueuedTimeUtc":"2022-10-31 00:00:00","Properties":{"messagetype":"Demo"},"SystemProperties":{"connectionAuthMethod":"{\"scope\":\"device\",\"type\":\"sas\",\"issuer\":\"iothub\",\"acceptingIpFilterRule\":null}","connectionDeviceGenerationId":"638052891151821842","connectionDeviceId":"IOTDevice_6_4","contentEncoding":"utf-8","contentType":"application/json","enqueuedTime":"2022-10-31 00:00:00"}}
{"Body":{"Status":true,"Timestamp":"2022-10-31 01:00:00","volt":"172.386055268347"},"EnqueuedTimeUtc":"2022-10-31 01:00:00","Properties":{"messagetype":"Demo"},"SystemProperties":{"connectionAuthMethod":"{\"scope\":\"device\",\"type\":\"sas\",\"issuer\":\"iothub\",\"acceptingIpFilterRule\":null}","connectionDeviceGenerationId":"638052891151821842","connectionDeviceId":"IOTDevice_6_1","contentEncoding":"utf-8","contentType":"application/json","enqueuedTime":"2022-10-31 01:00:00"}}
{"Body":{"Status":true,"Timestamp":"2022-10-31 01:00:00","rotate":"507.368691881192"},"EnqueuedTimeUtc":"2022-10-31 01:00:00","Properties":{"messagetype":"Demo"},"SystemProperties":{"connectionAuthMethod":"{\"scope\":\"device\",\"type\":\"sas\",\"issuer\":\"iothub\",\"acceptingIpFilterRule\":null}","connectionDeviceGenerationId":"638052891151821842","connectionDeviceId":"IOTDevice_6_2","contentEncoding":"utf-8","contentType":"application/json","enqueuedTime":"2022-10-31 01:00:00"}}
{"Body":{"Status":true,"Timestamp":"2022-10-31 01:00:00","pressure":"95.0849615840941"},"EnqueuedTimeUtc":"2022-10-31 01:00:00","Properties":{"messagetype":"Demo"},"SystemProperties":{"connectionAuthMethod":"{\"scope\":\"device\",\"type\":\"sas\",\"issuer\":\"iothub\",\"acceptingIpFilterRule\":null}","connectionDeviceGenerationId":"638052891151821842","connectionDeviceId":"IOTDevice_6_3","contentEncoding":"utf-8","contentType":"application/json","enqueuedTime":"2022-10-31 01:00:00"}}
{"Body":{"Status":true,"Timestamp":"2022-10-31 01:00:00","vibration":"42.906902779359"},"EnqueuedTimeUtc":"2022-10-31 01:00:00","Properties":{"messagetype":"Demo"},"SystemProperties":{"connectionAuthMethod":"{\"scope\":\"device\",\"type\":\"sas\",\"issuer\":\"iothub\",\"acceptingIpFilterRule\":null}","connectionDeviceGenerationId":"638052891151821842","connectionDeviceId":"IOTDevice_6_4","contentEncoding":"utf-8","contentType":"application/json","enqueuedTime":"2022-10-31 01:00:00"}}
{"Body":{"Status":true,"Timestamp":"2022-10-31 02:00:00","volt":"192.266533542307"},"EnqueuedTimeUtc":"2022-10-31 02:00:00","Properties":{"messagetype":"Demo"},"SystemProperties":{"connectionAuthMethod":"{\"scope\":\"device\",\"type\":\"sas\",\"issuer\":\"iothub\",\"acceptingIpFilterRule\":null}","connectionDeviceGenerationId":"638052891151821842","connectionDeviceId":"IOTDevice_6_1","contentEncoding":"utf-8","contentType":"application/json","enqueuedTime":"2022-10-31 02:00:00"}}
{"Body":{"Status":true,"Timestamp":"2022-10-31 02:00:00","rotate":"441.792525744183"},"EnqueuedTimeUtc":"2022-10-31 02:00:00","Properties":{"messagetype":"Demo"},"SystemProperties":{"connectionAuthMethod":"{\"scope\":\"device\",\"type\":\"sas\",\"issuer\":\"iothub\",\"acceptingIpFilterRule\":null}","connectionDeviceGenerationId":"638052891151821842","connectionDeviceId":"IOTDevice_6_2","contentEncoding":"utf-8","contentType":"application/json","enqueuedTime":"2022-10-31 02:00:00"}}
{"Body":{"Status":true,"Timestamp":"2022-10-31 02:00:00","pressure":"102.475965796296"},"EnqueuedTimeUtc":"2022-10-31 02:00:00","Properties":{"messagetype":"Demo"},"SystemProperties":{"connectionAuthMethod":"{\"scope\":\"device\",\"type\":\"sas\",\"issuer\":\"iothub\",\"acceptingIpFilterRule\":null}","connectionDeviceGenerationId":"638052891151821842","connectionDeviceId":"IOTDevice_6_3","contentEncoding":"utf-8","contentType":"application/json","enqueuedTime":"2022-10-31 02:00:00"}}
{"Body":{"Status":true,"Timestamp":"2022-10-31 02:00:00","vibration":"36.1291033360959"},"EnqueuedTimeUtc":"2022-10-31 02:00:00","Properties":{"messagetype":"Demo"},"SystemProperties":{"connectionAuthMethod":"{\"scope\":\"device\",\"type\":\"sas\",\"issuer\":\"iothub\",\"acceptingIpFilterRule\":null}","connectionDeviceGenerationId":"638052891151821842","connectionDeviceId":"IOTDevice_6_4","contentEncoding":"utf-8","contentType":"application/json","enqueuedTime":"2022-10-31 02:00:00"}}
{"Body":{"Status":true,"Timestamp":"2022-10-31 03:00:00","volt":"190.215462001351"},"EnqueuedTimeUtc":"2022-10-31 03:00:00","Properties":{"messagetype":"Demo"},"SystemProperties":{"connectionAuthMethod":"{\"scope\":\"device\",\"type\":\"sas\",\"issuer\":\"iothub\",\"acceptingIpFilterRule\":null}","connectionDeviceGenerationId":"638052891151821842","connectionDeviceId":"IOTDevice_6_1","contentEncoding":"utf-8","contentType":"application/json","enqueuedTime":"2022-10-31 03:00:00"}}
{"Body":{"Status":true,"Timestamp":"2022-10-31 03:00:00","rotate":"484.891383978642"},"EnqueuedTimeUtc":"2022-10-31 03:00:00","Properties":{"messagetype":"Demo"},"SystemProperties":{"connectionAuthMethod":"{\"scope\":\"device\",\"type\":\"sas\",\"issuer\":\"iothub\",\"acceptingIpFilterRule\":null}","connectionDeviceGenerationId":"638052891151821842","connectionDeviceId":"IOTDevice_6_2","contentEncoding":"utf-8","contentType":"application/json","enqueuedTime":"2022-10-31 03:00:00"}}
{"Body":{"Status":true,"Timestamp":"2022-10-31 03:00:00","pressure":"103.632859548744"},"EnqueuedTimeUtc":"2022-10-31 03:00:00","Properties":{"messagetype":"Demo"},"SystemProperties":{"connectionAuthMethod":"{\"scope\":\"device\",\"type\":\"sas\",\"issuer\":\"iothub\",\"acceptingIpFilterRule\":null}","connectionDeviceGenerationId":"638052891151821842","connectionDeviceId":"IOTDevice_6_3","contentEncoding":"utf-8","contentType":"application/json","enqueuedTime":"2022-10-31 03:00:00"}}
{"Body":{"Status":true,"Timestamp":"2022-10-31 03:00:00","vibration":"41.6019124574586"},"EnqueuedTimeUtc":"2022-10-31 03:00:00","Properties":{"messagetype":"Demo"},"SystemProperties":{"connectionAuthMethod":"{\"scope\":\"device\",\"type\":\"sas\",\"issuer\":\"iothub\",\"acceptingIpFilterRule\":null}","connectionDeviceGenerationId":"638052891151821842","connectionDeviceId":"IOTDevice_6_4","contentEncoding":"utf-8","contentType":"application/json","enqueuedTime":"2022-10-31 03:00:00"}}
{"Body":{"Status":true,"Timestamp":"2022-10-31 04:00:00","volt":"163.634327715064"},"EnqueuedTimeUtc":"2022-10-31 04:00:00","Properties":{"messagetype":"Demo"},"SystemProperties":{"connectionAuthMethod":"{\"scope\":\"device\",\"type\":\"sas\",\"issuer\":\"iothub\",\"acceptingIpFilterRule\":null}","connectionDeviceGenerationId":"638052891151821842","connectionDeviceId":"IOTDevice_6_1","contentEncoding":"utf-8","contentType":"application/json","enqueuedTime":"2022-10-31 04:00:00"}}
{"Body":{"Status":true,"Timestamp":"2022-10-31 04:00:00","rotate":"404.957055090808"},"EnqueuedTimeUtc":"2022-10-31 04:00:00","Properties":{"messagetype":"Demo"},"SystemProperties":{"connectionAuthMethod":"{\"scope\":\"device\",\"type\":\"sas\",\"issuer\":\"iothub\",\"acceptingIpFilterRule\":null}","connectionDeviceGenerationId":"638052891151821842","connectionDeviceId":"IOTDevice_6_2","contentEncoding":"utf-8","contentType":"application/json","enqueuedTime":"2022-10-31 04:00:00"}}
{"Body":{"Status":true,"Timestamp":"2022-10-31 04:00:00","pressure":"106.435595244444"},"EnqueuedTimeUtc":"2022-10-31 04:00:00","Properties":{"messagetype":"Demo"},"SystemProperties":{"connectionAuthMethod":"{\"scope\":\"device\",\"type\":\"sas\",\"issuer\":\"iothub\",\"acceptingIpFilterRule\":null}","connectionDeviceGenerationId":"638052891151821842","connectionDeviceId":"IOTDevice_6_3","contentEncoding":"utf-8","contentType":"application/json","enqueuedTime":"2022-10-31 04:00:00"}}
{"Body":{"Status":true,"Timestamp":"2022-10-31 04:00:00","vibration":"37.1606005616602"},"EnqueuedTimeUtc":"2022-10-31 04:00:00","Properties":{"messagetype":"Demo"},"SystemProperties":{"connectionAuthMethod":"{\"scope\":\"device\",\"type\":\"sas\",\"issuer\":\"iothub\",\"acceptingIpFilterRule\":null}","connectionDeviceGenerationId":"638052891151821842","connectionDeviceId":"IOTDevice_6_4","contentEncoding":"utf-8","contentType":"application/json","enqueuedTime":"2022-10-31 04:00:00"}}
{"Body":{"Status":true,"Timestamp":"2022-10-31 05:00:00","volt":"181.425508820076"},"EnqueuedTimeUtc":"2022-10-31 05:00:00","Properties":{"messagetype":"Demo"},"SystemProperties":{"connectionAuthMethod":"{\"scope\":\"device\",\"type\":\"sas\",\"issuer\":\"iothub\",\"acceptingIpFilterRule\":null}","connectionDeviceGenerationId":"638052891151821842","connectionDeviceId":"IOTDevice_6_1","contentEncoding":"utf-8","contentType":"application/json","enqueuedTime":"2022-10-31 05:00:00"}}
{"Body":{"Status":true,"Timestamp":"2022-10-31 05:00:00","rotate":"332.861975081858"},"EnqueuedTimeUtc":"2022-10-31 05:00:00","Properties":{"messagetype":"Demo"},"SystemProperties":{"connectionAuthMethod":"{\"scope\":\"device\",\"type\":\"sas\",\"issuer\":\"iothub\",\"acceptingIpFilterRule\":null}","connectionDeviceGenerationId":"638052891151821842","connectionDeviceId":"IOTDevice_6_2","contentEncoding":"utf-8","contentType":"application/json","enqueuedTime":"2022-10-31 05:00:00"}}
{"Body":{"Status":true,"Timestamp":"2022-10-31 05:00:00","pressure":"105.827403849499"},"EnqueuedTimeUtc":"2022-10-31 05:00:00","Properties":{"messagetype":"Demo"},"SystemProperties":{"connectionAuthMethod":"{\"scope\":\"device\",\"type\":\"sas\",\"issuer\":\"iothub\",\"acceptingIpFilterRule\":null}","connectionDeviceGenerationId":"638052891151821842","connectionDeviceId":"IOTDevice_6_3","contentEncoding":"utf-8","contentType":"application/json","enqueuedTime":"2022-10-31 05:00:00"}}
{"Body":{"Status":true,"Timestamp":"2022-10-31 05:00:00","vibration":"48.5907517290937"},"EnqueuedTimeUtc":"2022-10-31 05:00:00","Properties":{"messagetype":"Demo"},"SystemProperties":{"connectionAuthMethod":"{\"scope\":\"device\",\"type\":\"sas\",\"issuer\":\"iothub\",\"acceptingIpFilterRule\":null}","connectionDeviceGenerationId":"638052891151821842","connectionDeviceId":"IOTDevice_6_4","contentEncoding":"utf-8","contentType":"application/json","enqueuedTime":"2022-10-31 05:00:00"}}
{"Body":{"Status":true,"Timestamp":"2022-10-31 06:00:00","volt":"181.740113430059"},"EnqueuedTimeUtc":"2022-10-31 06:00:00","Properties":{"messagetype":"Demo"},"SystemProperties":{"connectionAuthMethod":"{\"scope\":\"device\",\"type\":\"sas\",\"issuer\":\"iothub\",\"acceptingIpFilterRule\":null}","connectionDeviceGenerationId":"638052891151821842","connectionDeviceId":"IOTDevice_6_1","contentEncoding":"utf-8","contentType":"application/json","enqueuedTime":"2022-10-31 06:00:00"}}
{"Body":{"Status":true,"Timestamp":"2022-10-31 06:00:00","rotate":"426.882939467534"},"EnqueuedTimeUtc":"2022-10-31 06:00:00","Properties":{"messagetype":"Demo"},"SystemProperties":{"connectionAuthMethod":"{\"scope\":\"device\",\"type\":\"sas\",\"issuer\":\"iothub\",\"acceptingIpFilterRule\":null}","connectionDeviceGenerationId":"638052891151821842","connectionDeviceId":"IOTDevice_6_2","contentEncoding":"utf-8","contentType":"application/json","enqueuedTime":"2022-10-31 06:00:00"}}
{"Body":{"Status":true,"Timestamp":"2022-10-31 06:00:00","pressure":"106.728741533092"},"EnqueuedTimeUtc":"2022-10-31 06:00:00","Properties":{"messagetype":"Demo"},"SystemProperties":{"connectionAuthMethod":"{\"scope\":\"device\",\"type\":\"sas\",\"issuer\":\"iothub\",\"acceptingIpFilterRule\":null}","connectionDeviceGenerationId":"638052891151821842","connectionDeviceId":"IOTDevice_6_3","contentEncoding":"utf-8","contentType":"application/json","enqueuedTime":"2022-10-31 06:00:00"}}
{"Body":{"Status":true,"Timestamp":"2022-10-31 06:00:00","vibration":"38.2430669618538"},"EnqueuedTimeUtc":"2022-10-31 06:00:00","Properties":{"messagetype":"Demo"},"SystemProperties":{"connectionAuthMethod":"{\"scope\":\"device\",\"type\":\"sas\",\"issuer\":\"iothub\",\"acceptingIpFilterRule\":null}","connectionDeviceGenerationId":"638052891151821842","connectionDeviceId":"IOTDevice_6_4","contentEncoding":"utf-8","contentType":"application/json","enqueuedTime":"2022-10-31 06:00:00"}}
{"Body":{"Status":true,"Timestamp":"2022-10-31 07:00:00","volt":"147.062107981364"},"EnqueuedTimeUtc":"2022-10-31 07:00:00","Properties":{"messagetype":"Demo"},"SystemProperties":{"connectionAuthMethod":"{\"scope\":\"device\",\"type\":\"sas\",\"issuer\":\"iothub\",\"acceptingIpFilterRule\":null}","connectionDeviceGenerationId":"638052891151821842","connectionDeviceId":"IOTDevice_6_1","contentEncoding":"utf-8","contentType":"application/json","enqueuedTime":"2022-10-31 07:00:00"}}
{"Body":{"Status":true,"Timestamp":"2022-10-31 07:00:00","rotate":"472.913241611648"},"EnqueuedTimeUtc":"2022-10-31 07:00:00","Properties":{"messagetype":"Demo"},"SystemProperties":{"connectionAuthMethod":"{\"scope\":\"device\",\"type\":\"sas\",\"issuer\":\"iothub\",\"acceptingIpFilterRule\":null}","connectionDeviceGenerationId":"638052891151821842","connectionDeviceId":"IOTDevice_6_2","contentEncoding":"utf-8","contentType":"application/json","enqueuedTime":"2022-10-31 07:00:00"}}
{"Body":{"Status":true,"Timestamp":"2022-10-31 07:00:00","pressure":"101.156449517285"},"EnqueuedTimeUtc":"2022-10-31 07:00:00","Properties":{"messagetype":"Demo"},"SystemProperties":{"connectionAuthMethod":"{\"scope\":\"device\",\"type\":\"sas\",\"issuer\":\"iothub\",\"acceptingIpFilterRule\":null}","connectionDeviceGenerationId":"638052891151821842","connectionDeviceId":"IOTDevice_6_3","contentEncoding":"utf-8","contentType":"application/json","enqueuedTime":"2022-10-31 07:00:00"}}
{"Body":{"Status":true,"Timestamp":"2022-10-31 07:00:00","vibration":"35.6503458906262"},"EnqueuedTimeUtc":"2022-10-31 07:00:00","Properties":{"messagetype":"Demo"},"SystemProperties":{"connectionAuthMethod":"{\"scope\":\"device\",\"type\":\"sas\",\"issuer\":\"iothub\",\"acceptingIpFilterRule\":null}","connectionDeviceGenerationId":"638052891151821842","connectionDeviceId":"IOTDevice_6_4","contentEncoding":"utf-8","contentType":"application/json","enqueuedTime":"2022-10-31 07:00:00"}}
{"Body":{"Status":true,"Timestamp":"2022-10-31 08:00:00","volt":"165.334757788378"},"EnqueuedTimeUtc":"2022-10-31 08:00:00","Properties":{"messagetype":"Demo"},"SystemProperties":{"connectionAuthMethod":"{\"scope\":\"device\",\"type\":\"sas\",\"issuer\":\"iothub\",\"acceptingIpFilterRule\":null}","connectionDeviceGenerationId":"638052891151821842","connectionDeviceId":"IOTDevice_6_1","contentEncoding":"utf-8","contentType":"application/json","enqueuedTime":"2022-10-31 08:00:00"}}
{"Body":{"Status":true,"Timestamp":"2022-10-31 08:00:00","rotate":"473.56727240649"},"EnqueuedTimeUtc":"2022-10-31 08:00:00","Properties":{"messagetype":"Demo"},"SystemProperties":{"connectionAuthMethod":"{\"scope\":\"device\",\"type\":\"sas\",\"issuer\":\"iothub\",\"acceptingIpFilterRule\":null}","connectionDeviceGenerationId":"638052891151821842","connectionDeviceId":"IOTDevice_6_2","contentEncoding":"utf-8","contentType":"application/json","enqueuedTime":"2022-10-31 08:00:00"}}
{"Body":{"Status":true,"Timestamp":"2022-10-31 08:00:00","pressure":"113.756236743064"},"EnqueuedTimeUtc":"2022-10-31 08:00:00","Properties":{"messagetype":"Demo"},"SystemProperties":{"connectionAuthMethod":"{\"scope\":\"device\",\"type\":\"sas\",\"issuer\":\"iothub\",\"acceptingIpFilterRule\":null}","connectionDeviceGenerationId":"638052891151821842","connectionDeviceId":"IOTDevice_6_3","contentEncoding":"utf-8","contentType":"application/json","enqueuedTime":"2022-10-31 08:00:00"}}
{"Body":{"Status":true,"Timestamp":"2022-10-31 08:00:00","vibration":"40.8655294373127"},"EnqueuedTimeUtc":"2022-10-31 08:00:00","Properties":{"messagetype":"Demo"},"SystemProperties":{"connectionAuthMethod":"{\"scope\":\"device\",\"type\":\"sas\",\"issuer\":\"iothub\",\"acceptingIpFilterRule\":null}","connectionDeviceGenerationId":"638052891151821842","connectionDeviceId":"IOTDevice_6_4","contentEncoding":"utf-8","contentType":"application/json","enqueuedTime":"2022-10-31 08:00:00"}}
{"Body":{"Status":true,"Timestamp":"2022-10-31 09:00:00","volt":"176.657487208987"},"EnqueuedTimeUtc":"2022-10-31 09:00:00","Properties":{"messagetype":"Demo"},"SystemProperties":{"connectionAuthMethod":"{\"scope\":\"device\",\"type\":\"sas\",\"issuer\":\"iothub\",\"acceptingIpFilterRule\":null}","connectionDeviceGenerationId":"638052891151821842","connectionDeviceId":"IOTDevice_6_1","contentEncoding":"utf-8","contentType":"application/json","enqueuedTime":"2022-10-31 09:00:00"}}
{"Body":{"Status":true,"Timestamp":"2022-10-31 09:00:00","rotate":"481.040867925845"},"EnqueuedTimeUtc":"2022-10-31 09:00:00","Properties":{"messagetype":"Demo"},"SystemProperties":{"connectionAuthMethod":"{\"scope\":\"device\",\"type\":\"sas\",\"issuer\":\"iothub\",\"acceptingIpFilterRule\":null}","connectionDeviceGenerationId":"638052891151821842","connectionDeviceId":"IOTDevice_6_2","contentEncoding":"utf-8","contentType":"application/json","enqueuedTime":"2022-10-31 09:00:00"}}
{"Body":{"Status":true,"Timestamp":"2022-10-31 09:00:00","pressure":"108.469075437316"},"EnqueuedTimeUtc":"2022-10-31 09:00:00","Properties":{"messagetype":"Demo"},"SystemProperties":{"connectionAuthMethod":"{\"scope\":\"device\",\"type\":\"sas\",\"issuer\":\"iothub\",\"acceptingIpFilterRule\":null}","connectionDeviceGenerationId":"638052891151821842","connectionDeviceId":"IOTDevice_6_3","contentEncoding":"utf-8","contentType":"application/json","enqueuedTime":"2022-10-31 09:00:00"}}
{"Body":{"Status":true,"Timestamp":"2022-10-31 09:00:00","vibration":"49.0648706568359"},"EnqueuedTimeUtc":"2022-10-31 09:00:00","Properties":{"messagetype":"Demo"},"SystemProperties":{"connectionAuthMethod":"{\"scope\":\"device\",\"type\":\"sas\",\"issuer\":\"iothub\",\"acceptingIpFilterRule\":null}","connectionDeviceGenerationId":"638052891151821842","connectionDeviceId":"IOTDevice_6_4","contentEncoding":"utf-8","contentType":"application/json","enqueuedTime":"2022-10-31 09:00:00"}}
{"Body":{"Status":true,"Timestamp":"2022-10-31 10:00:00","volt":"155.916447170356"},"EnqueuedTimeUtc":"2022-10-31 10:00:00","Properties":{"messagetype":"Demo"},"SystemProperties":{"connectionAuthMethod":"{\"scope\":\"device\",\"type\":\"sas\",\"issuer\":\"iothub\",\"acceptingIpFilterRule\":null}","connectionDeviceGenerationId":"638052891151821842","connectionDeviceId":"IOTDevice_6_1","contentEncoding":"utf-8","contentType":"application/json","enqueuedTime":"2022-10-31 10:00:00"}}
{"Body":{"Status":true,"Timestamp":"2022-10-31 10:00:00","rotate":"489.800043827953"},"EnqueuedTimeUtc":"2022-10-31 10:00:00","Properties":{"messagetype":"Demo"},"SystemProperties":{"connectionAuthMethod":"{\"scope\":\"device\",\"type\":\"sas\",\"issuer\":\"iothub\",\"acceptingIpFilterRule\":null}","connectionDeviceGenerationId":"638052891151821842","connectionDeviceId":"IOTDevice_6_2","contentEncoding":"utf-8","contentType":"application/json","enqueuedTime":"2022-10-31 10:00:00"}}
{"Body":{"Status":true,"Timestamp":"2022-10-31 10:00:00","pressure":"112.894758006328"},"EnqueuedTimeUtc":"2022-10-31 10:00:00","Properties":{"messagetype":"Demo"},"SystemProperties":{"connectionAuthMethod":"{\"scope\":\"device\",\"type\":\"sas\",\"issuer\":\"iothub\",\"acceptingIpFilterRule\":null}","connectionDeviceGenerationId":"638052891151821842","connectionDeviceId":"IOTDevice_6_3","contentEncoding":"utf-8","contentType":"application/json","enqueuedTime":"2022-10-31 10:00:00"}}
{"Body":{"Status":true,"Timestamp":"2022-10-31 10:00:00","vibration":"34.1026983809159"},"EnqueuedTimeUtc":"2022-10-31 10:00:00","Properties":{"messagetype":"Demo"},"SystemProperties":{"connectionAuthMethod":"{\"scope\":\"device\",\"type\":\"sas\",\"issuer\":\"iothub\",\"acceptingIpFilterRule\":null}","connectionDeviceGenerationId":"638052891151821842","connectionDeviceId":"IOTDevice_6_4","contentEncoding":"utf-8","contentType":"application/json","enqueuedTime":"2022-10-31 10:00:00"}}
{"Body":{"Status":true,"Timestamp":"2022-10-31 11:00:00","volt":"157.68787032572"},"EnqueuedTimeUtc":"2022-10-31 11:00:00","Properties":{"messagetype":"Demo"},"SystemProperties":{"connectionAuthMethod":"{\"scope\":\"device\",\"type\":\"sas\",\"issuer\":\"iothub\",\"acceptingIpFilterRule\":null}","connectionDeviceGenerationId":"638052891151821842","connectionDeviceId":"IOTDevice_6_1","contentEncoding":"utf-8","contentType":"application/json","enqueuedTime":"2022-10-31 11:00:00"}}
{"Body":{"Status":true,"Timestamp":"2022-10-31 11:00:00","rotate":"375.826975844964"},"EnqueuedTimeUtc":"2022-10-31 11:00:00","Properties":{"messagetype":"Demo"},"SystemProperties":{"connectionAuthMethod":"{\"scope\":\"device\",\"type\":\"sas\",\"issuer\":\"iothub\",\"acceptingIpFilterRule\":null}","connectionDeviceGenerationId":"638052891151821842","connectionDeviceId":"IOTDevice_6_2","contentEncoding":"utf-8","contentType":"application/json","enqueuedTime":"2022-10-31 11:00:00"}}
{"Body":{"Status":true,"Timestamp":"2022-10-31 11:00:00","pressure":"84.9134321502341"},"EnqueuedTimeUtc":"2022-10-31 11:00:00","Properties":{"messagetype":"Demo"},"SystemProperties":{"connectionAuthMethod":"{\"scope\":\"device\",\"type\":\"sas\",\"issuer\":\"iothub\",\"acceptingIpFilterRule\":null}","connectionDeviceGenerationId":"638052891151821842","connectionDeviceId":"IOTDevice_6_3","contentEncoding":"utf-8","contentType":"application/json","enqueuedTime":"2022-10-31 11:00:00"}}
{"Body":{"Status":true,"Timestamp":"2022-10-31 11:00:00","vibration":"45.5876054569956"},"EnqueuedTimeUtc":"2022-10-31 11:00:00","Properties":{"messagetype":"Demo"},"SystemProperties":{"connectionAuthMethod":"{\"scope\":\"device\",\"type\":\"sas\",\"issuer\":\"iothub\",\"acceptingIpFilterRule\":null}","connectionDeviceGenerationId":"638052891151821842","connectionDeviceId":"IOTDevice_6_4","contentEncoding":"utf-8","contentType":"application/json","enqueuedTime":"2022-10-31 11:00:00"}}
{"Body":{"Status":true,"Timestamp":"2022-10-31 12:00:00","volt":"187.51689199687"},"EnqueuedTimeUtc":"2022-10-31 12:00:00","Properties":{"messagetype":"Demo"},"SystemProperties":{"connectionAuthMethod":"{\"scope\":\"device\",\"type\":\"sas\",\"issuer\":\"iothub\",\"acceptingIpFilterRule\":null}","connectionDeviceGenerationId":"638052891151821842","connectionDeviceId":"IOTDevice_6_1","contentEncoding":"utf-8","contentType":"application/json","enqueuedTime":"2022-10-31 12:00:00"}}
{"Body":{"Status":true,"Timestamp":"2022-10-31 12:00:00","rotate":"458.34466560972"},"EnqueuedTimeUtc":"2022-10-31 12:00:00","Properties":{"messagetype":"Demo"},"SystemProperties":{"connectionAuthMethod":"{\"scope\":\"device\",\"type\":\"sas\",\"issuer\":\"iothub\",\"acceptingIpFilterRule\":null}","connectionDeviceGenerationId":"638052891151821842","connectionDeviceId":"IOTDevice_6_2","contentEncoding":"utf-8","contentType":"application/json","enqueuedTime":"2022-10-31 12:00:00"}}
{"Body":{"Status":true,"Timestamp":"2022-10-31 12:00:00","pressure":"95.5655684519161"},"EnqueuedTimeUtc":"2022-10-31 12:00:00","Properties":{"messagetype":"Demo"},"SystemProperties":{"connectionAuthMethod":"{\"scope\":\"device\",\"type\":\"sas\",\"issuer\":\"iothub\",\"acceptingIpFilterRule\":null}","connectionDeviceGenerationId":"638052891151821842","connectionDeviceId":"IOTDevice_6_3","contentEncoding":"utf-8","contentType":"application/json","enqueuedTime":"2022-10-31 12:00:00"}}
{"Body":{"Status":true,"Timestamp":"2022-10-31 12:00:00","vibration":"45.6075468411574"},"EnqueuedTimeUtc":"2022-10-31 12:00:00","Properties":{"messagetype":"Demo"},"SystemProperties":{"connectionAuthMethod":"{\"scope\":\"device\",\"type\":\"sas\",\"issuer\":\"iothub\",\"acceptingIpFilterRule\":null}","connectionDeviceGenerationId":"638052891151821842","connectionDeviceId":"IOTDevice_6_4","contentEncoding":"utf-8","contentType":"application/json","enqueuedTime":"2022-10-31 12:00:00"}}
{"Body":{"Status":true,"Timestamp":"2022-10-31 13:00:00","volt":"188.660097430183"},"EnqueuedTimeUtc":"2022-10-31 13:00:00","Properties":{"messagetype":"Demo"},"SystemProperties":{"connectionAuthMethod":"{\"scope\":\"device\",\"type\":\"sas\",\"issuer\":\"iothub\",\"acceptingIpFilterRule\":null}","connectionDeviceGenerationId":"638052891151821842","connectionDeviceId":"IOTDevice_6_1","contentEncoding":"utf-8","contentType":"application/json","enqueuedTime":"2022-10-31 13:00:00"}}
{"Body":{"Status":true,"Timestamp":"2022-10-31 13:00:00","rotate":"374.432612248504"},"EnqueuedTimeUtc":"2022-10-31 13:00:00","Properties":{"messagetype":"Demo"},"SystemProperties":{"connectionAuthMethod":"{\"scope\":\"device\",\"type\":\"sas\",\"issuer\":\"iothub\",\"acceptingIpFilterRule\":null}","connectionDeviceGenerationId":"638052891151821842","connectionDeviceId":"IOTDevice_6_2","contentEncoding":"utf-8","contentType":"application/json","enqueuedTime":"2022-10-31 13:00:00"}}
{"Body":{"Status":true,"Timestamp":"2022-10-31 13:00:00","pressure":"101.981952304786"},"EnqueuedTimeUtc":"2022-10-31 13:00:00","Properties":{"messagetype":"Demo"},"SystemProperties":{"connectionAuthMethod":"{\"scope\":\"device\",\"type\":\"sas\",\"issuer\":\"iothub\",\"acceptingIpFilterRule\":null}","connectionDeviceGenerationId":"638052891151821842","connectionDeviceId":"IOTDevice_6_3","contentEncoding":"utf-8","contentType":"application/json","enqueuedTime":"2022-10-31 13:00:00"}}
{"Body":{"Status":true,"Timestamp":"2022-10-31 13:00:00","vibration":"36.0226358074473"},"EnqueuedTimeUtc":"2022-10-31 13:00:00","Properties":{"messagetype":"Demo"},"SystemProperties":{"connectionAuthMethod":"{\"scope\":\"device\",\"type\":\"sas\",\"issuer\":\"iothub\",\"acceptingIpFilterRule\":null}","connectionDeviceGenerationId":"638052891151821842","connectionDeviceId":"IOTDevice_6_4","contentEncoding":"utf-8","contentType":"application/json","enqueuedTime":"2022-10-31 13:00:00"}}
{"Body":{"Status":true,"Timestamp":"2022-10-31 14:00:00","volt":"159.96289021639"},"EnqueuedTimeUtc":"2022-10-31 14:00:00","Properties":{"messagetype":"Demo"},"SystemProperties":{"connectionAuthMethod":"{\"scope\":\"device\",\"type\":\"sas\",\"issuer\":\"iothub\",\"acceptingIpFilterRule\":null}","connectionDeviceGenerationId":"638052891151821842","connectionDeviceId":"IOTDevice_6_1","contentEncoding":"utf-8","contentType":"application/json","enqueuedTime":"2022-10-31 14:00:00"}}
{"Body":{"Status":true,"Timestamp":"2022-10-31 14:00:00","rotate":"430.841425162099"},"EnqueuedTimeUtc":"2022-10-31 14:00:00","Properties":{"messagetype":"Demo"},"SystemProperties":{"connectionAuthMethod":"{\"scope\":\"device\",\"type\":\"sas\",\"issuer\":\"iothub\",\"acceptingIpFilterRule\":null}","connectionDeviceGenerationId":"638052891151821842","connectionDeviceId":"IOTDevice_6_2","contentEncoding":"utf-8","contentType":"application/json","enqueuedTime":"2022-10-31 14:00:00"}}
{"Body":{"Status":true,"Timestamp":"2022-10-31 14:00:00","pressure":"86.995817321947"},"EnqueuedTimeUtc":"2022-10-31 14:00:00","Properties":{"messagetype":"Demo"},"SystemProperties":{"connectionAuthMethod":"{\"scope\":\"device\",\"type\":\"sas\",\"issuer\":\"iothub\",\"acceptingIpFilterRule\":null}","connectionDeviceGenerationId":"638052891151821842","connectionDeviceId":"IOTDevice_6_3","contentEncoding":"utf-8","contentType":"application/json","enqueuedTime":"2022-10-31 14:00:00"}}
{"Body":{"Status":true,"Timestamp":"2022-10-31 14:00:00","vibration":"46.087834821867"},"EnqueuedTimeUtc":"2022-10-31 14:00:00","Properties":{"messagetype":"Demo"},"SystemProperties":{"connectionAuthMethod":"{\"scope\":\"device\",\"type\":\"sas\",\"issuer\":\"iothub\",\"acceptingIpFilterRule\":null}","connectionDeviceGenerationId":"638052891151821842","connectionDeviceId":"IOTDevice_6_4","contentEncoding":"utf-8","contentType":"application/json","enqueuedTime":"2022-10-31 14:00:00"}}
