{"Body":{"Status":true,"Timestamp":"2022-10-09 15:00:00","volt":"202.799245409885"},"EnqueuedTimeUtc":"2022-10-09 15:00:00","Properties":{"messagetype":"Demo"},"SystemProperties":{"connectionAuthMethod":"{\"scope\":\"device\",\"type\":\"sas\",\"issuer\":\"iothub\",\"acceptingIpFilterRule\":null}","connectionDeviceGenerationId":"638052891151821842","connectionDeviceId":"IOTDevice_6_1","contentEncoding":"utf-8","contentType":"application/json","enqueuedTime":"2022-10-09 15:00:00"}}
{"Body":{"Status":true,"Timestamp":"2022-10-09 15:00:00","rotate":"483.608526918992"},"EnqueuedTimeUtc":"2022-10-09 15:00:00","Properties":{"messagetype":"Demo"},"SystemProperties":{"connectionAuthMethod":"{\"scope\":\"device\",\"type\":\"sas\",\"issuer\":\"iothub\",\"acceptingIpFilterRule\":null}","connectionDeviceGenerationId":"638052891151821842","connectionDeviceId":"IOTDevice_6_2","contentEncoding":"utf-8","contentType":"application/json","enqueuedTime":"2022-10-09 15:00:00"}}
{"Body":{"Status":true,"Timestamp":"2022-10-09 15:00:00","pressure":"101.644705801522"},"EnqueuedTimeUtc":"2022-10-09 15:00:00","Properties":{"messagetype":"Demo"},"SystemProperties":{"connectionAuthMethod":"{\"scope\":\"device\",\"type\":\"sas\",\"issuer\":\"iothub\",\"acceptingIpFilterRule\":null}","connectionDeviceGenerationId":"638052891151821842","connectionDeviceId":"IOTDevice_6_3","contentEncoding":"utf-8","contentType":"application/json","enqueuedTime":"2022-10-09 15:00:00"}}
{"Body":{"Status":true,"Timestamp":"2022-10-09 15:00:00","vibration":"40.7450689536513"},"EnqueuedTimeUtc":"2022-10-09 15:00:00","Properties":{"messagetype":"Demo"},"SystemProperties":{"connectionAuthMethod":"{\"scope\":\"device\",\"type\":\"sas\",\"issuer\":\"iothub\",\"acceptingIpFilterRule\":null}","connectionDeviceGenerationId":"638052891151821842","connectionDeviceId":"IOTDevice_6_4","contentEncoding":"utf-8","contentType":"application/json","enqueuedTime":"2022-10-09 15:00:00"}}
{"Body":{"Status":true,"Timestamp":"2022-10-09 16:00:00","volt":"173.800534582123"},"EnqueuedTimeUtc":"2022-10-09 16:00:00","Properties":{"messagetype":"Demo"},"SystemProperties":{"connectionAuthMethod":"{\"scope\":\"device\",\"type\":\"sas\",\"issuer\":\"iothub\",\"acceptingIpFilterRule\":null}","connectionDeviceGenerationId":"638052891151821842","connectionDeviceId":"IOTDevice_6_1","contentEncoding":"utf-8","contentType":"application/json","enqueuedTime":"2022-10-09 16:00:00"}}
{"Body":{"Status":true,"Timestamp":"2022-10-09 16:00:00","rotate":"441.061934913464"},"EnqueuedTimeUtc":"2022-10-09 16:00:00","Properties":{"messagetype":"Demo"},"SystemProperties":{"connectionAuthMethod":"{\"scope\":\"device\",\"type\":\"sas\",\"issuer\":\"iothub\",\"acceptingIpFilterRule\":null}","connectionDeviceGenerationId":"638052891151821842","connectionDeviceId":"IOTDevice_6_2","contentEncoding":"utf-8","contentType":"application/json","enqueuedTime":"2022-10-09 16:00:00"}}
{"Body":{"Status":true,"Timestamp":"2022-10-09 16:00:00","pressure":"100.883673385604"},"EnqueuedTimeUtc":"2022-10-09 16:00:00","Properties":{"messagetype":"Demo"},"SystemProperties":{"connectionAuthMethod":"{\"scope\":\"device\",\"type\":\"sas\",\"issuer\":\"iothub\",\"acceptingIpFilterRule\":null}","connectionDeviceGenerationId":"638052891151821842","connectionDeviceId":"IOTDevice_6_3","contentEncoding":"utf-8","contentType":"application/json","enqueuedTime":"2022-10-09 16:00:00"}}
{"Body":{"Status":true,"Timestamp":"2022-10-09 16:00:00","vibration":"46.0202346437679"},"EnqueuedTimeUtc":"2022-10-09 16:00:00","Properties":{"messagetype":"Demo"},"SystemProperties":{"connectionAuthMethod":"{\"scope\":\"device\",\"type\":\"sas\",\"issuer\":\"iothub\",\"acceptingIpFilterRule\":null}","connectionDeviceGenerationId":"638052891151821842","connectionDeviceId":"IOTDevice_6_4","contentEncoding":"utf-8","contentType":"application/json","enqueuedTime":"2022-10-09 16:00:00"}}
{"Body":{"Status":true,"Timestamp":"2022-10-09 17:00:00","volt":"142.969513754534"},"EnqueuedTimeUtc":"2022-10-09 17:00:00","Properties":{"messagetype":"Demo"},"SystemProperties":{"connectionAuthMethod":"{\"scope\":\"device\",\"type\":\"sas\",\"issuer\":\"iothub\",\"acceptingIpFilterRule\":null}","connectionDeviceGenerationId":"638052891151821842","connectionDeviceId":"IOTDevice_6_1","contentEncoding":"utf-8","contentType":"application/json","enqueuedTime":"2022-10-09 17:00:00"}}
{"Body":{"Status":true,"Timestamp":"2022-10-09 17:00:00","rotate":"416.446403813599"},"EnqueuedTimeUtc":"2022-10-09 17:00:00","Properties":{"messagetype":"Demo"},"SystemProperties":{"connectionAuthMethod":"{\"scope\":\"device\",\"type\":\"sas\",\"issuer\":\"iothub\",\"acceptingIpFilterRule\":null}","connectionDeviceGenerationId":"638052891151821842","connectionDeviceId":"IOTDevice_6_2","contentEncoding":"utf-8","contentType":"application/json","enqueuedTime":"2022-10-09 17:00:00"}}
{"Body":{"Status":true,"Timestamp":"2022-10-09 17:00:00","pressure":"93.5558245959717"},"EnqueuedTimeUtc":"2022-10-09 17:00:00","Properties":{"messagetype":"Demo"},"SystemProperties":{"connectionAuthMethod":"{\"scope\":\"device\",\"type\":\"sas\",\"issuer\":\"iothub\",\"acceptingIpFilterRule\":null}","connectionDeviceGenerationId":"638052891151821842","connectionDeviceId":"IOTDevice_6_3","contentEncoding":"utf-8","contentType":"application/json","enqueuedTime":"2022-10-09 17:00:00"}}
{"Body":{"Status":true,"Timestamp":"2022-10-09 17:00:00","vibration":"44.3268141181879"},"EnqueuedTimeUtc":"2022-10-09 17:00:00","Properties":{"messagetype":"Demo"},"SystemProperties":{"connectionAuthMethod":"{\"scope\":\"device\",\"type\":\"sas\",\"issuer\":\"iothub\",\"acceptingIpFilterRule\":null}","connectionDeviceGenerationId":"638052891151821842","connectionDeviceId":"IOTDevice_6_4","contentEncoding":"utf-8","contentType":"application/json","enqueuedTime":"2022-10-09 17:00:00"}}
{"Body":{"Status":true,"Timestamp":"2022-10-09 18:00:00","volt":"167.484819345875"},"EnqueuedTimeUtc":"2022-10-09 18:00:00","Properties":{"messagetype":"Demo"},"SystemProperties":{"connectionAuthMethod":"{\"scope\":\"device\",\"type\":\"sas\",\"issuer\":\"iothub\",\"acceptingIpFilterRule\":null}","connectionDeviceGenerationId":"638052891151821842","connectionDeviceId":"IOTDevice_6_1","contentEncoding":"utf-8","contentType":"application/json","enqueuedTime":"2022-10-09 18:00:00"}}
{"Body":{"Status":true,"Timestamp":"2022-10-09 18:00:00","rotate":"448.989309915623"},"EnqueuedTimeUtc":"2022-10-09 18:00:00","Properties":{"messagetype":"Demo"},"SystemProperties":{"connectionAuthMethod":"{\"scope\":\"device\",\"type\":\"sas\",\"issuer\":\"iothub\",\"acceptingIpFilterRule\":null}","connectionDeviceGenerationId":"638052891151821842","connectionDeviceId":"IOTDevice_6_2","contentEncoding":"utf-8","contentType":"application/json","enqueuedTime":"2022-10-09 18:00:00"}}
{"Body":{"Status":true,"Timestamp":"2022-10-09 18:00:00","pressure":"104.801416377478"},"EnqueuedTimeUtc":"2022-10-09 18:00:00","Properties":{"messagetype":"Demo"},"SystemProperties":{"connectionAuthMethod":"{\"scope\":\"device\",\"type\":\"sas\",\"issuer\":\"iothub\",\"acceptingIpFilterRule\":null}","connectionDeviceGenerationId":"638052891151821842","connectionDeviceId":"IOTDevice_6_3","contentEncoding":"utf-8","contentType":"application/json","enqueuedTime":"2022-10-09 18:00:00"}}
{"Body":{"Status":true,"Timestamp":"2022-10-09 18:00:00","vibration":"43.360458044928"},"EnqueuedTimeUtc":"2022-10-09 18:00:00","Properties":{"messagetype":"Demo"},"SystemProperties":{"connectionAuthMethod":"{\"scope\":\"device\",\"type\":\"sas\",\"issuer\":\"iothub\",\"acceptingIpFilterRule\":null}","connectionDeviceGenerationId":"638052891151821842","connectionDeviceId":"IOTDevice_6_4","contentEncoding":"utf-8","contentType":"application/json","enqueuedTime":"2022-10-09 18:00:00"}}
{"Body":{"Status":true,"Timestamp":"2022-10-09 19:00:00","volt":"176.94781393989"},"EnqueuedTimeUtc":"2022-10-09 19:00:00","Properties":{"messagetype":"Demo"},"SystemProperties":{"connectionAuthMethod":"{\"scope\":\"device\",\"type\":\"sas\",\"issuer\":\"iothub\",\"acceptingIpFilterRule\":null}","connectionDeviceGenerationId":"638052891151821842","connectionDeviceId":"IOTDevice_6_1","contentEncoding":"utf-8","contentType":"application/json","enqueuedTime":"2022-10-09 19:00:00"}}
{"Body":{"Status":true,"Timestamp":"2022-10-09 19:00:00","rotate":"450.997307487684"},"EnqueuedTimeUtc":"2022-10-09 19:00:00","Properties":{"messagetype":"Demo"},"SystemProperties":{"connectionAuthMethod":"{\"scope\":\"device\",\"type\":\"sas\",\"issuer\":\"iothub\",\"acceptingIpFilterRule\":null}","connectionDeviceGenerationId":"638052891151821842","connectionDeviceId":"IOTDevice_6_2","contentEncoding":"utf-8","contentType":"application/json","enqueuedTime":"2022-10-09 19:00:00"}}
{"Body":{"Status":true,"Timestamp":"2022-10-09 19:00:00","pressure":"85.513319620807"},"EnqueuedTimeUtc":"2022-10-09 19:00:00","Properties":{"messagetype":"Demo"},"SystemProperties":{"connectionAuthMethod":"{\"scope\":\"device\",\"type\":\"sas\",\"issuer\":\"iothub\",\"acceptingIpFilterRule\":null}","connectionDeviceGenerationId":"638052891151821842","connectionDeviceId":"IOTDevice_6_3","contentEncoding":"utf-8","contentType":"application/json","enqueuedTime":"2022-10-09 19:00:00"}}
{"Body":{"Status":true,"Timestamp":"2022-10-09 19:00:00","vibration":"47.9840504963151"},"EnqueuedTimeUtc":"2022-10-09 19:00:00","Properties":{"messagetype":"Demo"},"SystemProperties":{"connectionAuthMethod":"{\"scope\":\"device\",\"type\":\"sas\",\"issuer\":\"iothub\",\"acceptingIpFilterRule\":null}","connectionDeviceGenerationId":"638052891151821842","connectionDeviceId":"IOTDevice_6_4","contentEncoding":"utf-8","contentType":"application/json","enqueuedTime":"2022-10-09 19:00:00"}}
{"Body":{"Status":true,"Timestamp":"2022-10-09 20:00:00","volt":"181.180694268807"},"EnqueuedTimeUtc":"2022-10-09 20:00:00","Properties":{"messagetype":"Demo"},"SystemProperties":{"connectionAuthMethod":"{\"scope\":\"device\",\"type\":\"sas\",\"issuer\":\"iothub\",\"acceptingIpFilterRule\":null}","connectionDeviceGenerationId":"638052891151821842","connectionDeviceId":"IOTDevice_6_1","contentEncoding":"utf-8","contentType":"application/json","enqueuedTime":"2022-10-09 20:00:00"}}
{"Body":{"Status":true,"Timestamp":"2022-10-09 20:00:00","rotate":"512.261436267493"},"EnqueuedTimeUtc":"2022-10-09 20:00:00","Properties":{"messagetype":"Demo"},"SystemProperties":{"connectionAuthMethod":"{\"scope\":\"device\",\"type\":\"sas\",\"issuer\":\"iothub\",\"acceptingIpFilterRule\":null}","connectionDeviceGenerationId":"638052891151821842","connectionDeviceId":"IOTDevice_6_2","contentEncoding":"utf-8","contentType":"application/json","enqueuedTime":"2022-10-09 20:00:00"}}
{"Body":{"Status":true,"Timestamp":"2022-10-09 20:00:00","pressure":"94.7608623908273"},"EnqueuedTimeUtc":"2022-10-09 20:00:00","Properties":{"messagetype":"Demo"},"SystemProperties":{"connectionAuthMethod":"{\"scope\":\"device\",\"type\":\"sas\",\"issuer\":\"iothub\",\"acceptingIpFilterRule\":null}","connectionDeviceGenerationId":"638052891151821842","connectionDeviceId":"IOTDevice_6_3","contentEncoding":"utf-8","contentType":"application/json","enqueuedTime":"2022-10-09 20:00:00"}}
{"Body":{"Status":true,"Timestamp":"2022-10-09 20:00:00","vibration":"41.9301958830496"},"EnqueuedTimeUtc":"2022-10-09 20:00:00","Properties":{"messagetype":"Demo"},"SystemProperties":{"connectionAuthMethod":"{\"scope\":\"device\",\"type\":\"sas\",\"issuer\":\"iothub\",\"acceptingIpFilterRule\":null}","connectionDeviceGenerationId":"638052891151821842","connectionDeviceId":"IOTDevice_6_4","contentEncoding":"utf-8","contentType":"application/json","enqueuedTime":"2022-10-09 20:00:00"}}
{"Body":{"Status":true,"Timestamp":"2022-10-09 21:00:00","volt":"188.916226981428"},"EnqueuedTimeUtc":"2022-10-09 21:00:00","Properties":{"messagetype":"Demo"},"SystemProperties":{"connectionAuthMethod":"{\"scope\":\"device\",\"type\":\"sas\",\"issuer\":\"iothub\",\"acceptingIpFilterRule\":null}","connectionDeviceGenerationId":"638052891151821842","connectionDeviceId":"IOTDevice_6_1","contentEncoding":"utf-8","contentType":"application/json","enqueuedTime":"2022-10-09 21:00:00"}}
{"Body":{"Status":true,"Timestamp":"2022-10-09 21:00:00","rotate":"447.521983556529"},"EnqueuedTimeUtc":"2022-10-09 21:00:00","Properties":{"messagetype":"Demo"},"SystemProperties":{"connectionAuthMethod":"{\"scope\":\"device\",\"type\":\"sas\",\"issuer\":\"iothub\",\"acceptingIpFilterRule\":null}","connectionDeviceGenerationId":"638052891151821842","connectionDeviceId":"IOTDevice_6_2","contentEncoding":"utf-8","contentType":"application/json","enqueuedTime":"2022-10-09 21:00:00"}}
{"Body":{"Status":true,"Timestamp":"2022-10-09 21:00:00","pressure":"110.209689728491"},"EnqueuedTimeUtc":"2022-10-09 21:00:00","Properties":{"messagetype":"Demo"},"SystemProperties":{"connectionAuthMethod":"{\"scope\":\"device\",\"type\":\"sas\",\"issuer\":\"iothub\",\"acceptingIpFilterRule\":null}","connectionDeviceGenerationId":"638052891151821842","connectionDeviceId":"IOTDevice_6_3","contentEncoding":"utf-8","contentType":"application/json","enqueuedTime":"2022-10-09 21:00:00"}}
{"Body":{"Status":true,"Timestamp":"2022-10-09 21:00:00","vibration":"39.317792770369"},"EnqueuedTimeUtc":"2022-10-09 21:00:00","Properties":{"messagetype":"Demo"},"SystemProperties":{"connectionAuthMethod":"{\"scope\":\"device\",\"type\":\"sas\",\"issuer\":\"iothub\",\"acceptingIpFilterRule\":null}","connectionDeviceGenerationId":"638052891151821842","connectionDeviceId":"IOTDevice_6_4","contentEncoding":"utf-8","contentType":"application/json","enqueuedTime":"2022-10-09 21:00:00"}}
{"Body":{"Status":true,"Timestamp":"2022-10-09 22:00:00","volt":"156.349841946937"},"EnqueuedTimeUtc":"2022-10-09 22:00:00","Properties":{"messagetype":"Demo"},"SystemProperties":{"connectionAuthMethod":"{\"scope\":\"device\",\"type\":\"sas\",\"issuer\":\"iothub\",\"acceptingIpFilterRule\":null}","connectionDeviceGenerationId":"638052891151821842","connectionDeviceId":"IOTDevice_6_1","contentEncoding":"utf-8","contentType":"application/json","enqueuedTime":"2022-10-09 22:00:00"}}
{"Body":{"Status":true,"Timestamp":"2022-10-09 22:00:00","rotate":"562.777552496151"},"EnqueuedTimeUtc":"2022-10-09 22:00:00","Properties":{"messagetype":"Demo"},"SystemProperties":{"connectionAuthMethod":"{\"scope\":\"device\",\"type\":\"sas\",\"issuer\":\"iothub\",\"acceptingIpFilterRule\":null}","connectionDeviceGenerationId":"638052891151821842","connectionDeviceId":"IOTDevice_6_2","contentEncoding":"utf-8","contentType":"application/json","enqueuedTime":"2022-10-09 22:00:00"}}
{"Body":{"Status":true,"Timestamp":"2022-10-09 22:00:00","pressure":"108.444184757445"},"EnqueuedTimeUtc":"2022-10-09 22:00:00","Properties":{"messagetype":"Demo"},"SystemProperties":{"connectionAuthMethod":"{\"scope\":\"device\",\"type\":\"sas\",\"issuer\":\"iothub\",\"acceptingIpFilterRule\":null}","connectionDeviceGenerationId":"638052891151821842","connectionDeviceId":"IOTDevice_6_3","contentEncoding":"utf-8","contentType":"application/json","enqueuedTime":"2022-10-09 22:00:00"}}
{"Body":{"Status":true,"Timestamp":"2022-10-09 22:00:00","vibration":"41.7513142977584"},"EnqueuedTimeUtc":"2022-10-09 22:00:00","Properties":{"messagetype":"Demo"},"SystemProperties":{"connectionAuthMethod":"{\"scope\":\"device\",\"type\":\"sas\",\"issuer\":\"iothub\",\"acceptingIpFilterRule\":null}","connectionDeviceGenerationId":"638052891151821842","connectionDeviceId":"IOTDevice_6_4","contentEncoding":"utf-8","contentType":"application/json","enqueuedTime":"2022-10-09 22:00:00"}}
{"Body":{"Status":true,"Timestamp":"2022-10-09 23:00:00","volt":"181.704150623709"},"EnqueuedTimeUtc":"2022-10-09 23:00:00","Properties":{"messagetype":"Demo"},"SystemProperties":{"connectionAuthMethod":"{\"scope\":\"device\",\"type\":\"sas\",\"issuer\":\"iothub\",\"acceptingIpFilterRule\":null}","connectionDeviceGenerationId":"638052891151821842","connectionDeviceId":"IOTDevice_6_1","contentEncoding":"utf-8","contentType":"application/json","enqueuedTime":"2022-10-09 23:00:00"}}
{"Body":{"Status":true,"Timestamp":"2022-10-09 23:00:00","rotate":"386.375920690129"},"EnqueuedTimeUtc":"2022-10-09 23:00:00","Properties":{"messagetype":"Demo"},"SystemProperties":{"connectionAuthMethod":"{\"scope\":\"device\",\"type\":\"sas\",\"issuer\":\"iothub\",\"acceptingIpFilterRule\":null}","connectionDeviceGenerationId":"638052891151821842","connectionDeviceId":"IOTDevice_6_2","contentEncoding":"utf-8","contentType":"application/json","enqueuedTime":"2022-10-09 23:00:00"}}
{"Body":{"Status":true,"Timestamp":"2022-10-09 23:00:00","pressure":"103.579207313619"},"EnqueuedTimeUtc":"2022-10-09 23:00:00","Properties":{"messagetype":"Demo"},"SystemProperties":{"connectionAuthMethod":"{\"scope\":\"device\",\"type\":\"sas\",\"issuer\":\"iothub\",\"acceptingIpFilterRule\":null}","connectionDeviceGenerationId":"638052891151821842","connectionDeviceId":"IOTDevice_6_3","contentEncoding":"utf-8","contentType":"application/json","enqueuedTime":"2022-10-09 23:00:00"}}
{"Body":{"Status":true,"Timestamp":"2022-10-09 23:00:00","vibration":"44.9224170398361"},"EnqueuedTimeUtc":"2022-10-09 23:00:00","Properties":{"messagetype":"Demo"},"SystemProperties":{"connectionAuthMethod":"{\"scope\":\"device\",\"type\":\"sas\",\"issuer\":\"iothub\",\"acceptingIpFilterRule\":null}","connectionDeviceGenerationId":"638052891151821842","connectionDeviceId":"IOTDevice_6_4","contentEncoding":"utf-8","contentType":"application/json","enqueuedTime":"2022-10-09 23:00:00"}}
{"Body":{"Status":true,"Timestamp":"2022-10-09 00:00:00","volt":"159.116722134483"},"EnqueuedTimeUtc":"2022-10-09 00:00:00","Properties":{"messagetype":"Demo"},"SystemProperties":{"connectionAuthMethod":"{\"scope\":\"device\",\"type\":\"sas\",\"issuer\":\"iothub\",\"acceptingIpFilterRule\":null}","connectionDeviceGenerationId":"638052891151821842","connectionDeviceId":"IOTDevice_7_1","contentEncoding":"utf-8","contentType":"application/json","enqueuedTime":"2022-10-09 00:00:00"}}
{"Body":{"Status":true,"Timestamp":"2022-10-09 00:00:00","rotate":"428.630644727838"},"EnqueuedTimeUtc":"2022-10-09 00:00:00","Properties":{"messagetype":"Demo"},"SystemProperties":{"connectionAuthMethod":"{\"scope\":\"device\",\"type\":\"sas\",\"issuer\":\"iothub\",\"acceptingIpFilterRule\":null}","connectionDeviceGenerationId":"638052891151821842","connectionDeviceId":"IOTDevice_7_2","contentEncoding":"utf-8","contentType":"application/json","enqueuedTime":"2022-10-09 00:00:00"}}
{"Body":{"Status":true,"Timestamp":"2022-10-09 00:00:00","pressure":"87.5159312659134"},"EnqueuedTimeUtc":"2022-10-09 00:00:00","Properties":{"messagetype":"Demo"},"SystemProperties":{"connectionAuthMethod":"{\"scope\":\"device\",\"type\":\"sas\",\"issuer\":\"iothub\",\"acceptingIpFilterRule\":null}","connectionDeviceGenerationId":"638052891151821842","connectionDeviceId":"IOTDevice_7_3","contentEncoding":"utf-8","contentType":"application/json","enqueuedTime":"2022-10-09 00:00:00"}}
{"Body":{"Status":true,"Timestamp":"2022-10-09 00:00:00","vibration":"36.6739285043986"},"EnqueuedTimeUtc":"2022-10-09 00:00:00","Properties":{"messagetype":"Demo"},"SystemProperties":{"connectionAuthMethod":"{\"scope\":\"device\",\"type\":\"sas\",\"issuer\":\"iothub\",\"acceptingIpFilterRule\":null}","connectionDeviceGenerationId":"638052891151821842","connectionDeviceId":"IOTDevice_7_4","contentEncoding":"utf-8","contentType":"application/json","enqueuedTime":"2022-10-09 00:00:00"}}
{"Body":{"Status":true,"Timestamp":"2022-10-09 01:00:00","volt":"165.242453826846"},"EnqueuedTimeUtc":"2022-10-09 01:00:00","Properties":{"messagetype":"Demo"},"SystemProperties":{"connectionAuthMethod":"{\"scope\":\"device\",\"type\":\"sas\",\"issuer\":\"iothub\",\"acceptingIpFilterRule\":null}","connectionDeviceGenerationId":"638052891151821842","connectionDeviceId":"IOTDevice_7_1","contentEncoding":"utf-8","contentType":"application/json","enqueuedTime":"2022-10-09 01:00:00"}}
{"Body":{"Status":true,"Timestamp":"2022-10-09 01:00:00","rotate":"418.478193519298"},"EnqueuedTimeUtc":"2022-10-09 01:00:00","Properties":{"messagetype":"Demo"},"SystemProperties":{"connectionAuthMethod":"{\"scope\":\"device\",\"type\":\"sas\",\"issuer\":\"iothub\",\"acceptingIpFilterRule\":null}","connectionDeviceGenerationId":"638052891151821842","connectionDeviceId":"IOTDevice_7_2","contentEncoding":"utf-8","contentType":"application/json","enqueuedTime":"2022-10-09 01:00:00"}}
{"Body":{"Status":true,"Timestamp":"2022-10-09 01:00:00","pressure":"109.268676194793"},"EnqueuedTimeUtc":"2022-10-09 01:00:00","Properties":{"messagetype":"Demo"},"SystemProperties":{"connectionAuthMethod":"{\"scope\":\"device\",\"type\":\"sas\",\"issuer\":\"iothub\",\"acceptingIpFilterRule\":null}","connectionDeviceGenerationId":"638052891151821842","connectionDeviceId":"IOTDevice_7_3","contentEncoding":"utf-8","contentType":"application/json","enqueuedTime":"2022-10-09 01:00:00"}}
{"Body":{"Status":true,"Timestamp":"2022-10-09 01:00:00","vibration":"44.4936174922438"},"EnqueuedTimeUtc":"2022-10-09 01:00:00","Properties":{"messagetype":"Demo"},"SystemProperties":{"connectionAuthMethod":"{\"scope\":\"device\",\"type\":\"sas\",\"issuer\":\"iothub\",\"acceptingIpFilterRule\":null}","connectionDeviceGenerationId":"638052891151821842","connectionDeviceId":"IOTDevice_7_4","contentEncoding":"utf-8","contentType":"application/json","enqueuedTime":"2022-10-09 01:00:00"}}
{"Body":{"Status":true,"Timestamp":"2022-10-09 02:00:00","volt":"172.979454133665"},"EnqueuedTimeUtc":"2022-10-09 02:00:00","Properties":{"messagetype":"Demo"},"SystemProperties":{"connectionAuthMethod":"{\"scope\":\"device\",\"type\":\"sas\",\"issuer\":\"iothub\",\"acceptingIpFilterRule\":null}","connectionDeviceGenerationId":"638052891151821842","connectionDeviceId":"IOTDevice_7_1","contentEncoding":"utf-8","contentType":"application/json","enqueuedTime":"2022-10-09 02:00:00"}}
{"Body":{"Status":true,"Timestamp":"2022-10-09 02:00:00","rotate":"567.994302549438"},"EnqueuedTimeUtc":"2022-10-09 02:00:00","Properties":{"messagetype":"Demo"},"SystemProperties":{"connectionAuthMethod":"{\"scope\":\"device\",\"type\":\"sas\",\"issuer\":\"iothub\",\"acceptingIpFilterRule\":null}","connectionDeviceGenerationId":"638052891151821842","connectionDeviceId":"IOTDevice_7_2","contentEncoding":"utf-8","contentType":"application/json","enqueuedTime":"2022-10-09 02:00:00"}}
{"Body":{"Status":true,"Timestamp":"2022-10-09 02:00:00","pressure":"110.238537770177"},"EnqueuedTimeUtc":"2022-10-09 02:00:00","Properties":{"messagetype":"Demo"},"SystemProperties":{"connectionAuthMethod":"{\"scope\":\"device\",\"type\":\"sas\",\"issuer\":\"iothub\",\"acceptingIpFilterRule\":null}","connectionDeviceGenerationId":"638052891151821842","connectionDeviceId":"IOTDevice_7_3","contentEncoding":"utf-8","contentType":"application/json","enqueuedTime":"2022-10-09 02:00:00"}}
{"Body":{"Status":true,"Timestamp":"2022-10-09 02:00:00","vibration":"32.7179433559678"},"EnqueuedTimeUtc":"2022-10-09 02:00:00","Properties":{"messagetype":"Demo"},"SystemProperties":{"connectionAuthMethod":"{\"scope\":\"device\",\"type\":\"sas\",\"issuer\":\"iothub\",\"acceptingIpFilterRule\":null}","connectionDeviceGenerationId":"638052891151821842","connectionDeviceId":"IOTDevice_7_4","contentEncoding":"utf-8","contentType":"application/json","enqueuedTime":"2022-10-09 02:00:00"}}
{"Body":{"Status":true,"Timestamp":"2022-10-09 03:00:00","volt":"178.390137144416"},"EnqueuedTimeUtc":"2022-10-09 03:00:00","Properties":{"messagetype":"Demo"},"SystemProperties":{"connectionAuthMethod":"{\"scope\":\"device\",\"type\":\"sas\",\"issuer\":\"iothub\",\"acceptingIpFilterRule\":null}","connectionDeviceGenerationId":"638052891151821842","connectionDeviceId":"IOTDevice_7_1","contentEncoding":"utf-8","contentType":"application/json","enqueuedTime":"2022-10-09 03:00:00"}}
{"Body":{"Status":true,"Timestamp":"2022-10-09 03:00:00","rotate":"523.397666235186"},"EnqueuedTimeUtc":"2022-10-09 03:00:00","Properties":{"messagetype":"Demo"},"SystemProperties":{"connectionAuthMethod":"{\"scope\":\"device\",\"type\":\"sas\",\"issuer\":\"iothub\",\"acceptingIpFilterRule\":null}","connectionDeviceGenerationId":"638052891151821842","connectionDeviceId":"IOTDevice_7_2","contentEncoding":"utf-8","contentType":"application/json","enqueuedTime":"2022-10-09 03:00:00"}}
{"Body":{"Status":true,"Timestamp":"2022-10-09 03:00:00","pressure":"99.2479142551909"},"EnqueuedTimeUtc":"2022-10-09 03:00:00","Properties":{"messagetype":"Demo"},"SystemProperties":{"connectionAuthMethod":"{\"scope\":\"device\",\"type\":\"sas\",\"issuer\":\"iothub\",\"acceptingIpFilterRule\":null}","connectionDeviceGenerationId":"638052891151821842","connectionDeviceId":"IOTDevice_7_3","contentEncoding":"utf-8","contentType":"application/json","enqueuedTime":"2022-10-09 03:00:00"}}
{"Body":{"Status":true,"Timestamp":"2022-10-09 03:00:00","vibration":"47.4306861245508"},"EnqueuedTimeUtc":"2022-10-09 03:00:00","Properties":{"messagetype":"Demo"},"SystemProperties":{"connectionAuthMethod":"{\"scope\":\"device\",\"type\":\"sas\",\"issuer\":\"iothub\",\"acceptingIpFilterRule\":null}","connectionDeviceGenerationId":"638052891151821842","connectionDeviceId":"IOTDevice_7_4","contentEncoding":"utf-8","contentType":"application/json","enqueuedTime":"2022-10-09 03:00:00"}}
{"Body":{"Status":true,"Timestamp":"2022-10-09 04:00:00","volt":"164.707125121415"},"EnqueuedTimeUtc":"2022-10-09 04:00:00","Properties":{"messagetype":"Demo"},"SystemProperties":{"connectionAuthMethod":"{\"scope\":\"device\",\"type\":\"sas\",\"issuer\":\"iothub\",\"acceptingIpFilterRule\":null}","connectionDeviceGenerationId":"638052891151821842","connectionDeviceId":"IOTDevice_7_1","contentEncoding":"utf-8","contentType":"application/json","enqueuedTime":"2022-10-09 04:00:00"}}
{"Body":{"Status":true,"Timestamp":"2022-10-09 04:00:00","rotate":"405.936126570195"},"EnqueuedTimeUtc":"2022-10-09 04:00:00","Properties":{"messagetype":"Demo"},"SystemProperties":{"connectionAuthMethod":"{\"scope\":\"device\",\"type\":\"sas\",\"issuer\":\"iothub\",\"acceptingIpFilterRule\":null}","connectionDeviceGenerationId":"638052891151821842","connectionDeviceId":"IOTDevice_7_2","contentEncoding":"utf-8","contentType":"application/json","enqueuedTime":"2022-10-09 04:00:00"}}
{"Body":{"Status":true,"Timestamp":"2022-10-09 04:00:00","pressure":"84.8134568748092"},"EnqueuedTimeUtc":"2022-10-09 04:00:00","Properties":{"messagetype":"Demo"},"SystemProperties":{"connectionAuthMethod":"{\"scope\":\"device\",\"type\":\"sas\",\"issuer\":\"iothub\",\"acceptingIpFilterRule\":null}","connectionDeviceGenerationId":"638052891151821842","connectionDeviceId":"IOTDevice_7_3","contentEncoding":"utf-8","contentType":"application/json","enqueuedTime":"2022-10-09 04:00:00"}}
{"Body":{"Status":true,"Timestamp":"2022-10-09 04:00:00","vibration":"36.4212505576593"},"EnqueuedTimeUtc":"2022-10-09 04:00:00","Properties":{"messagetype":"Demo"},"SystemProperties":{"connectionAuthMethod":"{\"scope\":\"device\",\"type\":\"sas\",\"issuer\":\"iothub\",\"acceptingIpFilterRule\":null}","connectionDeviceGenerationId":"638052891151821842","connectionDeviceId":"IOTDevice_7_4","contentEncoding":"utf-8","contentType":"application/json","enqueuedTime":"2022-10-09 04:00:00"}}
{"Body":{"Status":true,"Timestamp":"2022-10-09 05:00:00","volt":"169.920909213052"},"EnqueuedTimeUtc":"2022-10-09 05:00:00","Properties":{"messagetype":"Demo"},"SystemProperties":{"connectionAuthMethod":"{\"scope\":\"device\",\"type\":\"sas\",\"issuer\":\"iothub\",\"acceptingIpFilterRule\":null}","connectionDeviceGenerationId":"638052891151821842","connectionDeviceId":"IOTDevice_7_1","contentEncoding":"utf-8","contentType":"application/json","enqueuedTime":"2022-10-09 05:00:00"}}
{"Body":{"Status":true,"Timestamp":"2022-10-09 05:00:00","rotate":"415.597542666385"},"EnqueuedTimeUtc":"2022-10-09 05:00:00","Properties":{"messagetype":"Demo"},"SystemProperties":{"connectionAuthMethod":"{\"scope\":\"device\",\"type\":\"sas\",\"issuer\":\"iothub\",\"acceptingIpFilterRule\":null}","connectionDeviceGenerationId":"638052891151821842","connectionDeviceId":"IOTDevice_7_2","contentEncoding":"utf-8","contentType":"application/json","enqueuedTime":"2022-10-09 05:00:00"}}
{"Body":{"Status":true,"Timestamp":"2022-10-09 05:00:00","pressure":"78.3798637498082"},"EnqueuedTimeUtc":"2022-10-09 05:00:00","Properties":{"messagetype":"Demo"},"SystemProperties":{"connectionAuthMethod":"{\"scope\":\"device\",\"type\":\"sas\",\"issuer\":\"iothub\",\"acceptingIpFilterRule\":null}","connectionDeviceGenerationId":"638052891151821842","connectionDeviceId":"IOTDevice_7_3","contentEncoding":"utf-8","contentType":"application/json","enqueuedTime":"2022-10-09 05:00:00"}}
{"Body":{"Status":true,"Timestamp":"2022-10-09 05:00:00","vibration":"43.3378565012301"},"EnqueuedTimeUtc":"2022-10-09 05:00:00","Properties":{"messagetype":"Demo"},"SystemProperties":{"connectionAuthMethod":"{\"scope\":\"device\",\"type\":\"sas\",\"issuer\":\"iothub\",\"acceptingIpFilterRule\":null}","connectionDeviceGenerationId":"638052891151821842","connectionDeviceId":"IOTDevice_7_4","contentEncoding":"utf-8","contentType":"application/json","enqueuedTime":"2022-10-09 05:00:00"}}
