{"Body":{"Status":true,"Timestamp":"2022-10-09 03:00:00","volt":"157.322328673917"},"EnqueuedTimeUtc":"2022-10-09 03:00:00","Properties":{"messagetype":"Demo"},"SystemProperties":{"connectionAuthMethod":"{\"scope\":\"device\",\"type\":\"sas\",\"issuer\":\"iothub\",\"acceptingIpFilterRule\":null}","connectionDeviceGenerationId":"638052891151821842","connectionDeviceId":"IOTDevice_4_1","contentEncoding":"utf-8","contentType":"application/json","enqueuedTime":"2022-10-09 03:00:00"}}
{"Body":{"Status":true,"Timestamp":"2022-10-09 03:00:00","rotate":"469.549599213546"},"EnqueuedTimeUtc":"2022-10-09 03:00:00","Properties":{"messagetype":"Demo"},"SystemProperties":{"connectionAuthMethod":"{\"scope\":\"device\",\"type\":\"sas\",\"issuer\":\"iothub\",\"acceptingIpFilterRule\":null}","connectionDeviceGenerationId":"638052891151821842","connectionDeviceId":"IOTDevice_4_2","contentEncoding":"utf-8","contentType":"application/json","enqueuedTime":"2022-10-09 03:00:00"}}
{"Body":{"Status":true,"Timestamp":"2022-10-09 03:00:00","pressure":"102.149713955463"},"EnqueuedTimeUtc":"2022-10-09 03:00:00","Properties":{"messagetype":"Demo"},"SystemProperties":{"connectionAuthMethod":"{\"scope\":\"device\",\"type\":\"sas\",\"issuer\":\"iothub\",\"acceptingIpFilterRule\":null}","connectionDeviceGenerationId":"638052891151821842","connectionDeviceId":"IOTDevice_4_3","contentEncoding":"utf-8","contentType":"application/json","enqueuedTime":"2022-10-09 03:00:00"}}
{"Body":{"Status":true,"Timestamp":"2022-10-09 03:00:00","vibration":"48.6116274121716"},"EnqueuedTimeUtc":"2022-10-09 03:00:00","Properties":{"messagetype":"Demo"},"SystemProperties":{"connectionAuthMethod":"{\"scope\":\"device\",\"type\":\"sas\",\"issuer\":\"iothub\",\"acceptingIpFilterRule\":null}","connectionDeviceGenerationId":"638052891151821842","connectionDeviceId":"IOTDevice_4_4","contentEncoding":"utf-8","contentType":"application/json","enqueuedTime":"2022-10-09 03:00:00"}}
{"Body":{"Status":true,"Timestamp":"2022-10-09 04:00:00","volt":"174.22805709535"},"EnqueuedTimeUtc":"2022-10-09 04:00:00","Properties":{"messagetype":"Demo"},"SystemProperties":{"connectionAuthMethod":"{\"scope\":\"device\",\"type\":\"sas\",\"issuer\":\"iothub\",\"acceptingIpFilterRule\":null}","connectionDeviceGenerationId":"638052891151821842","connectionDeviceId":"IOTDevice_4_1","contentEncoding":"utf-8","contentType":"application/json","enqueuedTime":"2022-10-09 04:00:00"}}
{"Body":{"Status":true,"Timestamp":"2022-10-09 04:00:00","rotate":"464.090108703162"},"EnqueuedTimeUtc":"2022-10-09 04:00:00","Properties":{"messagetype":"Demo"},"SystemProperties":{"connectionAuthMethod":"{\"scope\":\"device\",\"type\":\"sas\",\"issuer\":\"iothub\",\"acceptingIpFilterRule\":null}","connectionDeviceGenerationId":"638052891151821842","connectionDeviceId":"IOTDevice_4_2","contentEncoding":"utf-8","contentType":"application/json","enqueuedTime":"2022-10-09 04:00:00"}}
{"Body":{"Status":true,"Timestamp":"2022-10-09 04:00:00","pressure":"95.9268870235751"},"EnqueuedTimeUtc":"2022-10-09 04:00:00","Properties":{"messagetype":"Demo"},"SystemProperties":{"connectionAuthMethod":"{\"scope\":\"device\",\"type\":\"sas\",\"issuer\":\"iothub\",\"acceptingIpFilterRule\":null}","connectionDeviceGenerationId":"638052891151821842","connectionDeviceId":"IOTDevice_4_3","contentEncoding":"utf-8","contentType":"application/json","enqueuedTime":"2022-10-09 04:00:00"}}
{"Body":{"Status":true,"Timestamp":"2022-10-09 04:00:00","vibration":"46.4224284249292"},"EnqueuedTimeUtc":"2022-10-09 04:00:00","Properties":{"messagetype":"Demo"},"SystemProperties":{"connectionAuthMethod":"{\"scope\":\"device\",\"type\":\"sas\",\"issuer\":\"iothub\",\"acceptingIpFilterRule\":null}","connectionDeviceGenerationId":"638052891151821842","connectionDeviceId":"IOTDevice_4_4","contentEncoding":"utf-8","contentType":"application/json","enqueuedTime":"2022-10-09 04:00:00"}}
{"Body":{"Status":true,"Timestamp":"2022-10-09 05:00:00","volt":"154.423108620052"},"EnqueuedTimeUtc":"2022-10-09 05:00:00","Properties":{"messagetype":"Demo"},"SystemProperties":{"connectionAuthMethod":"{\"scope\":\"device\",\"type\":\"sas\",\"issuer\":\"iothub\",\"acceptingIpFilterRule\":null}","connectionDeviceGenerationId":"638052891151821842","connectionDeviceId":"IOTDevice_4_1","contentEncoding":"utf-8","contentType":"application/json","enqueuedTime":"2022-10-09 05:00:00"}}
{"Body":{"Status":true,"Timestamp":"2022-10-09 05:00:00","rotate":"379.93514146673"},"EnqueuedTimeUtc":"2022-10-09 05:00:00","Properties":{"messagetype":"Demo"},"SystemProperties":{"connectionAuthMethod":"{\"scope\":\"device\",\"type\":\"sas\",\"issuer\":\"iothub\",\"acceptingIpFilterRule\":null}","connectionDeviceGenerationId":"638052891151821842","connectionDeviceId":"IOTDevice_4_2","contentEncoding":"utf-8","contentType":"application/json","enqueuedTime":"2022-10-09 05:00:00"}}
{"Body":{"Status":true,"Timestamp":"2022-10-09 05:00:00","pressure":"103.076727457218"},"EnqueuedTimeUtc":"2022-10-09 05:00:00","Properties":{"messagetype":"Demo"},"SystemProperties":{"connectionAuthMethod":"{\"scope\":\"device\",\"type\":\"sas\",\"issuer\":\"iothub\",\"acceptingIpFilterRule\":null}","connectionDeviceGenerationId":"638052891151821842","connectionDeviceId":"IOTDevice_4_3","contentEncoding":"utf-8","contentType":"application/json","enqueuedTime":"2022-10-09 05:00:00"}}
{"Body":{"Status":true,"Timestamp":"2022-10-09 05:00:00","vibration":"43.6760095109953"},"EnqueuedTimeUtc":"2022-10-09 05:00:00","Properties":{"messagetype":"Demo"},"SystemProperties":{"connectionAuthMethod":"{\"scope\":\"device\",\"type\":\"sas\",\"issuer\":\"iothub\",\"acceptingIpFilterRule\":null}","connectionDeviceGenerationId":"638052891151821842","connectionDeviceId":"IOTDevice_4_4","contentEncoding":"utf-8","contentType":"application/json","enqueuedTime":"2022-10-09 05:00:00"}}
{"Body":{"Status":true,"Timestamp":"2022-10-09 06:00:00","volt":"172.82362797078"},"EnqueuedTimeUtc":"2022-10-09 06:00:00","Properties":{"messagetype":"Demo"},"SystemProperties":{"connectionAuthMethod":"{\"scope\":\"device\",\"type\":\"sas\",\"issuer\":\"iothub\",\"acceptingIpFilterRule\":null}","connectionDeviceGenerationId":"638052891151821842","connectionDeviceId":"IOTDevice_4_1","contentEncoding":"utf-8","contentType":"application/json","enqueuedTime":"2022-10-09 06:00:00"}}
{"Body":{"Status":true,"Timestamp":"2022-10-09 06:00:00","rotate":"445.081385671969"},"EnqueuedTimeUtc":"2022-10-09 06:00:00","Properties":{"messagetype":"Demo"},"SystemProperties":{"connectionAuthMethod":"{\"scope\":\"device\",\"type\":\"sas\",\"issuer\":\"iothub\",\"acceptingIpFilterRule\":null}","connectionDeviceGenerationId":"638052891151821842","connectionDeviceId":"IOTDevice_4_2","contentEncoding":"utf-8","contentType":"application/json","enqueuedTime":"2022-10-09 06:00:00"}}
{"Body":{"Status":true,"Timestamp":"2022-10-09 06:00:00","pressure":"101.34248921172"},"EnqueuedTimeUtc":"2022-10-09 06:00:00","Properties":{"messagetype":"Demo"},"SystemProperties":{"connectionAuthMethod":"{\"scope\":\"device\",\"type\":\"sas\",\"issuer\":\"iothub\",\"acceptingIpFilterRule\":null}","connectionDeviceGenerationId":"638052891151821842","connectionDeviceId":"IOTDevice_4_3","contentEncoding":"utf-8","contentType":"application/json","enqueuedTime":"2022-10-09 06:00:00"}}
{"Body":{"Status":true,"Timestamp":"2022-10-09 06:00:00","vibration":"44.1708368976883"},"EnqueuedTimeUtc":"2022-10-09 06:00:00","Properties":{"messagetype":"Demo"},"SystemProperties":{"connectionAuthMethod":"{\"scope\":\"device\",\"type\":\"sas\",\"issuer\":\"iothub\",\"acceptingIpFilterRule\":null}","connectionDeviceGenerationId":"638052891151821842","connectionDeviceId":"IOTDevice_4_4","contentEncoding":"utf-8","contentType":"application/json","enqueuedTime":"2022-10-09 06:00:00"}}
{"Body":{"Status":true,"Timestamp":"2022-10-09 07:00:00","volt":"157.147226295701"},"EnqueuedTimeUtc":"2022-10-09 07:00:00","Properties":{"messagetype":"Demo"},"SystemProperties":{"connectionAuthMethod":"{\"scope\":\"device\",\"type\":\"sas\",\"issuer\":\"iothub\",\"acceptingIpFilterRule\":null}","connectionDeviceGenerationId":"638052891151821842","connectionDeviceId":"IOTDevice_4_1","contentEncoding":"utf-8","contentType":"application/json","enqueuedTime":"2022-10-09 07:00:00"}}
{"Body":{"Status":true,"Timestamp":"2022-10-09 07:00:00","rotate":"372.869457306604"},"EnqueuedTimeUtc":"2022-10-09 07:00:00","Properties":{"messagetype":"Demo"},"SystemProperties":{"connectionAuthMethod":"{\"scope\":\"device\",\"type\":\"sas\",\"issuer\":\"iothub\",\"acceptingIpFilterRule\":null}","connectionDeviceGenerationId":"638052891151821842","connectionDeviceId":"IOTDevice_4_2","contentEncoding":"utf-8","contentType":"application/json","enqueuedTime":"2022-10-09 07:00:00"}}
{"Body":{"Status":true,"Timestamp":"2022-10-09 07:00:00","pressure":"115.771469058476"},"EnqueuedTimeUtc":"2022-10-09 07:00:00","Properties":{"messagetype":"Demo"},"SystemProperties":{"connectionAuthMethod":"{\"scope\":\"device\",\"type\":\"sas\",\"issuer\":\"iothub\",\"acceptingIpFilterRule\":null}","connectionDeviceGenerationId":"638052891151821842","connectionDeviceId":"IOTDevice_4_3","contentEncoding":"utf-8","contentType":"application/json","enqueuedTime":"2022-10-09 07:00:00"}}
{"Body":{"Status":true,"Timestamp":"2022-10-09 07:00:00","vibration":"43.5104276113428"},"EnqueuedTimeUtc":"2022-10-09 07:00:00","Properties":{"messagetype":"Demo"},"SystemProperties":{"connectionAuthMethod":"{\"scope\":\"device\",\"type\":\"sas\",\"issuer\":\"iothub\",\"acceptingIpFilterRule\":null}","connectionDeviceGenerationId":"638052891151821842","connectionDeviceId":"IOTDevice_4_4","contentEncoding":"utf-8","contentType":"application/json","enqueuedTime":"2022-10-09 07:00:00"}}
{"Body":{"Status":true,"Timestamp":"2022-10-09 08:00:00","volt":"189.57594116188"},"EnqueuedTimeUtc":"2022-10-09 08:00:00","Properties":{"messagetype":"Demo"},"SystemProperties":{"connectionAuthMethod":"{\"scope\":\"device\",\"type\":\"sas\",\"issuer\":\"iothub\",\"acceptingIpFilterRule\":null}","connectionDeviceGenerationId":"638052891151821842","connectionDeviceId":"IOTDevice_4_1","contentEncoding":"utf-8","contentType":"application/json","enqueuedTime":"2022-10-09 08:00:00"}}
{"Body":{"Status":true,"Timestamp":"2022-10-09 08:00:00","rotate":"415.792843385281"},"EnqueuedTimeUtc":"2022-10-09 08:00:00","Properties":{"messagetype":"Demo"},"SystemProperties":{"connectionAuthMethod":"{\"scope\":\"device\",\"type\":\"sas\",\"issuer\":\"iothub\",\"acceptingIpFilterRule\":null}","connectionDeviceGenerationId":"638052891151821842","connectionDeviceId":"IOTDevice_4_2","contentEncoding":"utf-8","contentType":"application/json","enqueuedTime":"2022-10-09 08:00:00"}}
{"Body":{"Status":true,"Timestamp":"2022-10-09 08:00:00","pressure":"96.9598460719423"},"EnqueuedTimeUtc":"2022-10-09 08:00:00","Properties":{"messagetype":"Demo"},"SystemProperties":{"connectionAuthMethod":"{\"scope\":\"device\",\"type\":\"sas\",\"issuer\":\"iothub\",\"acceptingIpFilterRule\":null}","connectionDeviceGenerationId":"638052891151821842","connectionDeviceId":"IOTDevice_4_3","contentEncoding":"utf-8","contentType":"application/json","enqueuedTime":"2022-10-09 08:00:00"}}
{"Body":{"Status":true,"Timestamp":"2022-10-09 08:00:00","vibration":"42.387473787221"},"EnqueuedTimeUtc":"2022-10-09 08:00:00","Properties":{"messagetype":"Demo"},"SystemProperties":{"connectionAuthMethod":"{\"scope\":\"device\",\"type\":\"sas\",\"issuer\":\"iothub\",\"acceptingIpFilterRule\":null}","connectionDeviceGenerationId":"638052891151821842","connectionDeviceId":"IOTDevice_4_4","contentEncoding":"utf-8","contentType":"application/json","enqueuedTime":"2022-10-09 08:00:00"}}
{"Body":{"Status":true,"Timestamp":"2022-10-09 09:00:00","volt":"181.313867180479"},"EnqueuedTimeUtc":"2022-10-09 09:00:00","Properties":{"messagetype":"Demo"},"SystemProperties":{"connectionAuthMethod":"{\"scope\":\"device\",\"type\":\"sas\",\"issuer\":\"iothub\",\"acceptingIpFilterRule\":null}","connectionDeviceGenerationId":"638052891151821842","connectionDeviceId":"IOTDevice_4_1","contentEncoding":"utf-8","contentType":"application/json","enqueuedTime":"2022-10-09 09:00:00"}}
{"Body":{"Status":true,"Timestamp":"2022-10-09 09:00:00","rotate":"392.841947642714"},"EnqueuedTimeUtc":"2022-10-09 09:00:00","Properties":{"messagetype":"Demo"},"SystemProperties":{"connectionAuthMethod":"{\"scope\":\"device\",\"type\":\"sas\",\"issuer\":\"iothub\",\"acceptingIpFilterRule\":null}","connectionDeviceGenerationId":"638052891151821842","connectionDeviceId":"IOTDevice_4_2","contentEncoding":"utf-8","contentType":"application/json","enqueuedTime":"2022-10-09 09:00:00"}}
{"Body":{"Status":true,"Timestamp":"2022-10-09 09:00:00","pressure":"93.3739100487982"},"EnqueuedTimeUtc":"2022-10-09 09:00:00","Properties":{"messagetype":"Demo"},"SystemProperties":{"connectionAuthMethod":"{\"scope\":\"device\",\"type\":\"sas\",\"issuer\":\"iothub\",\"acceptingIpFilterRule\":null}","connectionDeviceGenerationId":"638052891151821842","connectionDeviceId":"IOTDevice_4_3","contentEncoding":"utf-8","contentType":"application/json","enqueuedTime":"2022-10-09 09:00:00"}}
{"Body":{"Status":true,"Timestamp":"2022-10-09 09:00:00","vibration":"39.0959306094963"},"EnqueuedTimeUtc":"2022-10-09 09:00:00","Properties":{"messagetype":"Demo"},"SystemProperties":{"connectionAuthMethod":"{\"scope\":\"device\",\"type\":\"sas\",\"issuer\":\"iothub\",\"acceptingIpFilterRule\":null}","connectionDeviceGenerationId":"638052891151821842","connectionDeviceId":"IOTDevice_4_4","contentEncoding":"utf-8","contentType":"application/json","enqueuedTime":"2022-10-09 09:00:00"}}
{"Body":{"Status":true,"Timestamp":"2022-10-09 10:00:00","volt":"181.829873002516"},"EnqueuedTimeUtc":"2022-10-09 10:00:00","Properties":{"messagetype":"Demo"},"SystemProperties":{"connectionAuthMethod":"{\"scope\":\"device\",\"type\":\"sas\",\"issuer\":\"iothub\",\"acceptingIpFilterRule\":null}","connectionDeviceGenerationId":"638052891151821842","connectionDeviceId":"IOTDevice_4_1","contentEncoding":"utf-8","contentType":"application/json","enqueuedTime":"2022-10-09 10:00:00"}}
{"Body":{"Status":true,"Timestamp":"2022-10-09 10:00:00","rotate":"524.547666019233"},"EnqueuedTimeUtc":"2022-10-09 10:00:00","Properties":{"messagetype":"Demo"},"SystemProperties":{"connectionAuthMethod":"{\"scope\":\"device\",\"type\":\"sas\",\"issuer\":\"iothub\",\"acceptingIpFilterRule\":null}","connectionDeviceGenerationId":"638052891151821842","connectionDeviceId":"IOTDevice_4_2","contentEncoding":"utf-8","contentType":"application/json","enqueuedTime":"2022-10-09 10:00:00"}}
{"Body":{"Status":true,"Timestamp":"2022-10-09 10:00:00","pressure":"92.0613057155777"},"EnqueuedTimeUtc":"2022-10-09 10:00:00","Properties":{"messagetype":"Demo"},"SystemProperties":{"connectionAuthMethod":"{\"scope\":\"device\",\"type\":\"sas\",\"issuer\":\"iothub\",\"acceptingIpFilterRule\":null}","connectionDeviceGenerationId":"638052891151821842","connectionDeviceId":"IOTDevice_4_3","contentEncoding":"utf-8","contentType":"application/json","enqueuedTime":"2022-10-09 10:00:00"}}
{"Body":{"Status":true,"Timestamp":"2022-10-09 10:00:00","vibration":"38.5371225082146"},"EnqueuedTimeUtc":"2022-10-09 10:00:00","Properties":{"messagetype":"Demo"},"SystemProperties":{"connectionAuthMethod":"{\"scope\":\"device\",\"type\":\"sas\",\"issuer\":\"iothub\",\"acceptingIpFilterRule\":null}","connectionDeviceGenerationId":"638052891151821842","connectionDeviceId":"IOTDevice_4_4","contentEncoding":"utf-8","contentType":"application/json","enqueuedTime":"2022-10-09 10:00:00"}}
{"Body":{"Status":true,"Timestamp":"2022-10-09 11:00:00","volt":"185.577628486862"},"EnqueuedTimeUtc":"2022-10-09 11:00:00","Properties":{"messagetype":"Demo"},"SystemProperties":{"connectionAuthMethod":"{\"scope\":\"device\",\"type\":\"sas\",\"issuer\":\"iothub\",\"acceptingIpFilterRule\":null}","connectionDeviceGenerationId":"638052891151821842","connectionDeviceId":"IOTDevice_4_1","contentEncoding":"utf-8","contentType":"application/json","enqueuedTime":"2022-10-09 11:00:00"}}
{"Body":{"Status":true,"Timestamp":"2022-10-09 11:00:00","rotate":"412.84678936188"},"EnqueuedTimeUtc":"2022-10-09 11:00:00","Properties":{"messagetype":"Demo"},"SystemProperties":{"connectionAuthMethod":"{\"scope\":\"device\",\"type\":\"sas\",\"issuer\":\"iothub\",\"acceptingIpFilterRule\":null}","connectionDeviceGenerationId":"638052891151821842","connectionDeviceId":"IOTDevice_4_2","contentEncoding":"utf-8","contentType":"application/json","enqueuedTime":"2022-10-09 11:00:00"}}
{"Body":{"Status":true,"Timestamp":"2022-10-09 11:00:00","pressure":"107.460184476987"},"EnqueuedTimeUtc":"2022-10-09 11:00:00","Properties":{"messagetype":"Demo"},"SystemProperties":{"connectionAuthMethod":"{\"scope\":\"device\",\"type\":\"sas\",\"issuer\":\"iothub\",\"acceptingIpFilterRule\":null}","connectionDeviceGenerationId":"638052891151821842","connectionDeviceId":"IOTDevice_4_3","contentEncoding":"utf-8","contentType":"application/json","enqueuedTime":"2022-10-09 11:00:00"}}
{"Body":{"Status":true,"Timestamp":"2022-10-09 11:00:00","vibration":"47.6677863362146"},"EnqueuedTimeUtc":"2022-10-09 11:00:00","Properties":{"messagetype":"Demo"},"SystemProperties":{"connectionAuthMethod":"{\"scope\":\"device\",\"type\":\"sas\",\"issuer\":\"iothub\",\"acceptingIpFilterRule\":null}","connectionDeviceGenerationId":"638052891151821842","connectionDeviceId":"IOTDevice_4_4","contentEncoding":"utf-8","contentType":"application/json","enqueuedTime":"2022-10-09 11:00:00"}}
{"Body":{"Status":true,"Timestamp":"2022-10-09 12:00:00","volt":"161.307700770768"},"EnqueuedTimeUtc":"2022-10-09 12:00:00","Properties":{"messagetype":"Demo"},"SystemProperties":{"connectionAuthMethod":"{\"scope\":\"device\",\"type\":\"sas\",\"issuer\":\"iothub\",\"acceptingIpFilterRule\":null}","connectionDeviceGenerationId":"638052891151821842","connectionDeviceId":"IOTDevice_4_1","contentEncoding":"utf-8","contentType":"application/json","enqueuedTime":"2022-10-09 12:00:00"}}
{"Body":{"Status":true,"Timestamp":"2022-10-09 12:00:00","rotate":"427.234322908414"},"EnqueuedTimeUtc":"2022-10-09 12:00:00","Properties":{"messagetype":"Demo"},"SystemProperties":{"connectionAuthMethod":"{\"scope\":\"device\",\"type\":\"sas\",\"issuer\":\"iothub\",\"acceptingIpFilterRule\":null}","connectionDeviceGenerationId":"638052891151821842","connectionDeviceId":"IOTDevice_4_2","contentEncoding":"utf-8","contentType":"application/json","enqueuedTime":"2022-10-09 12:00:00"}}
{"Body":{"Status":true,"Timestamp":"2022-10-09 12:00:00","pressure":"83.5662158775791"},"EnqueuedTimeUtc":"2022-10-09 12:00:00","Properties":{"messagetype":"Demo"},"SystemProperties":{"connectionAuthMethod":"{\"scope\":\"device\",\"type\":\"sas\",\"issuer\":\"iothub\",\"acceptingIpFilterRule\":null}","connectionDeviceGenerationId":"638052891151821842","connectionDeviceId":"IOTDevice_4_3","contentEncoding":"utf-8","contentType":"application/json","enqueuedTime":"2022-10-09 12:00:00"}}
{"Body":{"Status":true,"Timestamp":"2022-10-09 12:00:00","vibration":"55.8880003882298"},"EnqueuedTimeUtc":"2022-10-09 12:00:00","Properties":{"messagetype":"Demo"},"SystemProperties":{"connectionAuthMethod":"{\"scope\":\"device\",\"type\":\"sas\",\"issuer\":\"iothub\",\"acceptingIpFilterRule\":null}","connectionDeviceGenerationId":"638052891151821842","connectionDeviceId":"IOTDevice_4_4","contentEncoding":"utf-8","contentType":"application/json","enqueuedTime":"2022-10-09 12:00:00"}}
{"Body":{"Status":true,"Timestamp":"2022-10-09 13:00:00","volt":"158.345830035871"},"EnqueuedTimeUtc":"2022-10-09 13:00:00","Properties":{"messagetype":"Demo"},"SystemProperties":{"connectionAuthMethod":"{\"scope\":\"device\",\"type\":\"sas\",\"issuer\":\"iothub\",\"acceptingIpFilterRule\":null}","connectionDeviceGenerationId":"638052891151821842","connectionDeviceId":"IOTDevice_4_1","contentEncoding":"utf-8","contentType":"application/json","enqueuedTime":"2022-10-09 13:00:00"}}
{"Body":{"Status":true,"Timestamp":"2022-10-09 13:00:00","rotate":"460.502671973506"},"EnqueuedTimeUtc":"2022-10-09 13:00:00","Properties":{"messagetype":"Demo"},"SystemProperties":{"connectionAuthMethod":"{\"scope\":\"device\",\"type\":\"sas\",\"issuer\":\"iothub\",\"acceptingIpFilterRule\":null}","connectionDeviceGenerationId":"638052891151821842","connectionDeviceId":"IOTDevice_4_2","contentEncoding":"utf-8","contentType":"application/json","enqueuedTime":"2022-10-09 13:00:00"}}
{"Body":{"Status":true,"Timestamp":"2022-10-09 13:00:00","pressure":"91.4172815655257"},"EnqueuedTimeUtc":"2022-10-09 13:00:00","Properties":{"messagetype":"Demo"},"SystemProperties":{"connectionAuthMethod":"{\"scope\":\"device\",\"type\":\"sas\",\"issuer\":\"iothub\",\"acceptingIpFilterRule\":null}","connectionDeviceGenerationId":"638052891151821842","connectionDeviceId":"IOTDevice_4_3","contentEncoding":"utf-8","contentType":"application/json","enqueuedTime":"2022-10-09 13:00:00"}}
{"Body":{"Status":true,"Timestamp":"2022-10-09 13:00:00","vibration":"40.4749871538912"},"EnqueuedTimeUtc":"2022-10-09 13:00:00","Properties":{"messagetype":"Demo"},"SystemProperties":{"connectionAuthMethod":"{\"scope\":\"device\",\"type\":\"sas\",\"issuer\":\"iothub\",\"acceptingIpFilterRule\":null}","connectionDeviceGenerationId":"638052891151821842","connectionDeviceId":"IOTDevice_4_4","contentEncoding":"utf-8","contentType":"application/json","enqueuedTime":"2022-10-09 13:00:00"}}
{"Body":{"Status":true,"Timestamp":"2022-10-09 14:00:00","volt":"205.268008291648"},"EnqueuedTimeUtc":"2022-10-09 14:00:00","Properties":{"messagetype":"Demo"},"SystemProperties":{"connectionAuthMethod":"{\"scope\":\"device\",\"type\":\"sas\",\"issuer\":\"iothub\",\"acceptingIpFilterRule\":null}","connectionDeviceGenerationId":"638052891151821842","connectionDeviceId":"IOTDevice_4_1","contentEncoding":"utf-8","contentType":"application/json","enqueuedTime":"2022-10-09 14:00:00"}}
{"Body":{"Status":true,"Timestamp":"2022-10-09 14:00:00","rotate":"428.720123230837"},"EnqueuedTimeUtc":"2022-10-09 14:00:00","Properties":{"messagetype":"Demo"},"SystemProperties":{"connectionAuthMethod":"{\"scope\":\"device\",\"type\":\"sas\",\"issuer\":\"iothub\",\"acceptingIpFilterRule\":null}","connectionDeviceGenerationId":"638052891151821842","connectionDeviceId":"IOTDevice_4_2","contentEncoding":"utf-8","contentType":"application/json","enqueuedTime":"2022-10-09 14:00:00"}}
{"Body":{"Status":true,"Timestamp":"2022-10-09 14:00:00","pressure":"115.27068381967"},"EnqueuedTimeUtc":"2022-10-09 14:00:00","Properties":{"messagetype":"Demo"},"SystemProperties":{"connectionAuthMethod":"{\"scope\":\"device\",\"type\":\"sas\",\"issuer\":\"iothub\",\"acceptingIpFilterRule\":null}","connectionDeviceGenerationId":"638052891151821842","connectionDeviceId":"IOTDevice_4_3","contentEncoding":"utf-8","contentType":"application/json","enqueuedTime":"2022-10-09 14:00:00"}}
{"Body":{"Status":true,"Timestamp":"2022-10-09 14:00:00","vibration":"39.8682473081706"},"EnqueuedTimeUtc":"2022-10-09 14:00:00","Properties":{"messagetype":"Demo"},"SystemProperties":{"connectionAuthMethod":"{\"scope\":\"device\",\"type\":\"sas\",\"issuer\":\"iothub\",\"acceptingIpFilterRule\":null}","connectionDeviceGenerationId":"638052891151821842","connectionDeviceId":"IOTDevice_4_4","contentEncoding":"utf-8","contentType":"application/json","enqueuedTime":"2022-10-09 14:00:00"}}
{"Body":{"Status":true,"Timestamp":"2022-10-09 15:00:00","volt":"184.020537368387"},"EnqueuedTimeUtc":"2022-10-09 15:00:00","Properties":{"messagetype":"Demo"},"SystemProperties":{"connectionAuthMethod":"{\"scope\":\"device\",\"type\":\"sas\",\"issuer\":\"iothub\",\"acceptingIpFilterRule\":null}","connectionDeviceGenerationId":"638052891151821842","connectionDeviceId":"IOTDevice_4_1","contentEncoding":"utf-8","contentType":"application/json","enqueuedTime":"2022-10-09 15:00:00"}}
{"Body":{"Status":true,"Timestamp":"2022-10-09 15:00:00","rotate":"448.737089844402"},"EnqueuedTimeUtc":"2022-10-09 15:00:00","Properties":{"messagetype":"Demo"},"SystemProperties":{"connectionAuthMethod":"{\"scope\":\"device\",\"type\":\"sas\",\"issuer\":\"iothub\",\"acceptingIpFilterRule\":null}","connectionDeviceGenerationId":"638052891151821842","connectionDeviceId":"IOTDevice_4_2","contentEncoding":"utf-8","contentType":"application/json","enqueuedTime":"2022-10-09 15:00:00"}}
{"Body":{"Status":true,"Timestamp":"2022-10-09 15:00:00","pressure":"98.8677764353352"},"EnqueuedTimeUtc":"2022-10-09 15:00:00","Properties":{"messagetype":"Demo"},"SystemProperties":{"connectionAuthMethod":"{\"scope\":\"device\",\"type\":\"sas\",\"issuer\":\"iothub\",\"acceptingIpFilterRule\":null}","connectionDeviceGenerationId":"638052891151821842","connectionDeviceId":"IOTDevice_4_3","contentEncoding":"utf-8","contentType":"application/json","enqueuedTime":"2022-10-09 15:00:00"}}
{"Body":{"Status":true,"Timestamp":"2022-10-09 15:00:00","vibration":"39.8451261125432"},"EnqueuedTimeUtc":"2022-10-09 15:00:00","Properties":{"messagetype":"Demo"},"SystemProperties":{"connectionAuthMethod":"{\"scope\":\"device\",\"type\":\"sas\",\"issuer\":\"iothub\",\"acceptingIpFilterRule\":null}","connectionDeviceGenerationId":"638052891151821842","connectionDeviceId":"IOTDevice_4_4","contentEncoding":"utf-8","contentType":"application/json","enqueuedTime":"2022-10-09 15:00:00"}}
{"Body":{"Status":true,"Timestamp":"2022-10-09 16:00:00","volt":"180.172439734955"},"EnqueuedTimeUtc":"2022-10-09 16:00:00","Properties":{"messagetype":"Demo"},"SystemProperties":{"connectionAuthMethod":"{\"scope\":\"device\",\"type\":\"sas\",\"issuer\":\"iothub\",\"acceptingIpFilterRule\":null}","connectionDeviceGenerationId":"638052891151821842","connectionDeviceId":"IOTDevice_4_1","contentEncoding":"utf-8","contentType":"application/json","enqueuedTime":"2022-10-09 16:00:00"}}
{"Body":{"Status":true,"Timestamp":"2022-10-09 16:00:00","rotate":"431.813161360881"},"EnqueuedTimeUtc":"2022-10-09 16:00:00","Properties":{"messagetype":"Demo"},"SystemProperties":{"connectionAuthMethod":"{\"scope\":\"device\",\"type\":\"sas\",\"issuer\":\"iothub\",\"acceptingIpFilterRule\":null}","connectionDeviceGenerationId":"638052891151821842","connectionDeviceId":"IOTDevice_4_2","contentEncoding":"utf-8","contentType":"application/json","enqueuedTime":"2022-10-09 16:00:00"}}
{"Body":{"Status":true,"Timestamp":"2022-10-09 16:00:00","pressure":"92.9291204425513"},"EnqueuedTimeUtc":"2022-10-09 16:00:00","Properties":{"messagetype":"Demo"},"SystemProperties":{"connectionAuthMethod":"{\"scope\":\"device\",\"type\":\"sas\",\"issuer\":\"iothub\",\"acceptingIpFilterRule\":null}","connectionDeviceGenerationId":"638052891151821842","connectionDeviceId":"IOTDevice_4_3","contentEncoding":"utf-8","contentType":"application/json","enqueuedTime":"2022-10-09 16:00:00"}}
{"Body":{"Status":true,"Timestamp":"2022-10-09 16:00:00","vibration":"32.3337755531115"},"EnqueuedTimeUtc":"2022-10-09 16:00:00","Properties":{"messagetype":"Demo"},"SystemProperties":{"connectionAuthMethod":"{\"scope\":\"device\",\"type\":\"sas\",\"issuer\":\"iothub\",\"acceptingIpFilterRule\":null}","connectionDeviceGenerationId":"638052891151821842","connectionDeviceId":"IOTDevice_4_4","contentEncoding":"utf-8","contentType":"application/json","enqueuedTime":"2022-10-09 16:00:00"}}
{"Body":{"Status":true,"Timestamp":"2022-10-09 17:00:00","volt":"166.269002610392"},"EnqueuedTimeUtc":"2022-10-09 17:00:00","Properties":{"messagetype":"Demo"},"SystemProperties":{"connectionAuthMethod":"{\"scope\":\"device\",\"type\":\"sas\",\"issuer\":\"iothub\",\"acceptingIpFilterRule\":null}","connectionDeviceGenerationId":"638052891151821842","connectionDeviceId":"IOTDevice_4_1","contentEncoding":"utf-8","contentType":"application/json","enqueuedTime":"2022-10-09 17:00:00"}}
{"Body":{"Status":true,"Timestamp":"2022-10-09 17:00:00","rotate":"362.51385062593"},"EnqueuedTimeUtc":"2022-10-09 17:00:00","Properties":{"messagetype":"Demo"},"SystemProperties":{"connectionAuthMethod":"{\"scope\":\"device\",\"type\":\"sas\",\"issuer\":\"iothub\",\"acceptingIpFilterRule\":null}","connectionDeviceGenerationId":"638052891151821842","connectionDeviceId":"IOTDevice_4_2","contentEncoding":"utf-8","contentType":"application/json","enqueuedTime":"2022-10-09 17:00:00"}}
{"Body":{"Status":true,"Timestamp":"2022-10-09 17:00:00","pressure":"114.75143099271"},"EnqueuedTimeUtc":"2022-10-09 17:00:00","Properties":{"messagetype":"Demo"},"SystemProperties":{"connectionAuthMethod":"{\"scope\":\"device\",\"type\":\"sas\",\"issuer\":\"iothub\",\"acceptingIpFilterRule\":null}","connectionDeviceGenerationId":"638052891151821842","connectionDeviceId":"IOTDevice_4_3","contentEncoding":"utf-8","contentType":"application/json","enqueuedTime":"2022-10-09 17:00:00"}}
{"Body":{"Status":true,"Timestamp":"2022-10-09 17:00:00","vibration":"42.5755942484496"},"EnqueuedTimeUtc":"2022-10-09 17:00:00","Properties":{"messagetype":"Demo"},"SystemProperties":{"connectionAuthMethod":"{\"scope\":\"device\",\"type\":\"sas\",\"issuer\":\"iothub\",\"acceptingIpFilterRule\":null}","connectionDeviceGenerationId":"638052891151821842","connectionDeviceId":"IOTDevice_4_4","contentEncoding":"utf-8","contentType":"application/json","enqueuedTime":"2022-10-09 17:00:00"}}
