{"Body":{"Status":true,"Timestamp":"2022-10-09 18:00:00","volt":"158.388431063886"},"EnqueuedTimeUtc":"2022-10-09 18:00:00","Properties":{"messagetype":"Demo"},"SystemProperties":{"connectionAuthMethod":"{\"scope\":\"device\",\"type\":\"sas\",\"issuer\":\"iothub\",\"acceptingIpFilterRule\":null}","connectionDeviceGenerationId":"638052891151821842","connectionDeviceId":"IOTDevice_9_1","contentEncoding":"utf-8","contentType":"application/json","enqueuedTime":"2022-10-09 18:00:00"}}
{"Body":{"Status":true,"Timestamp":"2022-10-09 18:00:00","rotate":"348.79010697132"},"EnqueuedTimeUtc":"2022-10-09 18:00:00","Properties":{"messagetype":"Demo"},"SystemProperties":{"connectionAuthMethod":"{\"scope\":\"device\",\"type\":\"sas\",\"issuer\":\"iothub\",\"acceptingIpFilterRule\":null}","connectionDeviceGenerationId":"638052891151821842","connectionDeviceId":"IOTDevice_9_2","contentEncoding":"utf-8","contentType":"application/json","enqueuedTime":"2022-10-09 18:00:00"}}
{"Body":{"Status":true,"Timestamp":"2022-10-09 18:00:00","pressure":"95.0974532736725"},"EnqueuedTimeUtc":"2022-10-09 18:00:00","Properties":{"messagetype":"Demo"},"SystemProperties":{"connectionAuthMethod":"{\"scope\":\"device\",\"type\":\"sas\",\"issuer\":\"iothub\",\"acceptingIpFilterRule\":null}","connectionDeviceGenerationId":"638052891151821842","connectionDeviceId":"IOTDevice_9_3","contentEncoding":"utf-8","contentType":"application/json","enqueuedTime":"2022-10-09 18:00:00"}}
{"Body":{"Status":true,"Timestamp":"2022-10-09 18:00:00","vibration":"37.5662734625319"},"EnqueuedTimeUtc":"2022-10-09 18:00:00","Properties":{"messagetype":"Demo"},"SystemProperties":{"connectionAuthMethod":"{\"scope\":\"device\",\"type\":\"sas\",\"issuer\":\"iothub\",\"acceptingIpFilterRule\":null}","connectionDeviceGenerationId":"638052891151821842","connectionDeviceId":"IOTDevice_9_4","contentEncoding":"utf-8","contentType":"application/json","enqueuedTime":"2022-10-09 18:00:00"}}
{"Body":{"Status":true,"Timestamp":"2022-10-09 19:00:00","volt":"151.071203322327"},"EnqueuedTimeUtc":"2022-10-09 19:00:00","Properties":{"messagetype":"Demo"},"SystemProperties":{"connectionAuthMethod":"{\"scope\":\"device\",\"type\":\"sas\",\"issuer\":\"iothub\",\"acceptingIpFilterRule\":null}","connectionDeviceGenerationId":"638052891151821842","connectionDeviceId":"IOTDevice_9_1","contentEncoding":"utf-8","contentType":"application/json","enqueuedTime":"2022-10-09 19:00:00"}}
{"Body":{"Status":true,"Timestamp":"2022-10-09 19:00:00","rotate":"609.873538643967"},"EnqueuedTimeUtc":"2022-10-09 19:00:00","Properties":{"messagetype":"Demo"},"SystemProperties":{"connectionAuthMethod":"{\"scope\":\"device\",\"type\":\"sas\",\"issuer\":\"iothub\",\"acceptingIpFilterRule\":null}","connectionDeviceGenerationId":"638052891151821842","connectionDeviceId":"IOTDevice_9_2","contentEncoding":"utf-8","contentType":"application/json","enqueuedTime":"2022-10-09 19:00:00"}}
{"Body":{"Status":true,"Timestamp":"2022-10-09 19:00:00","pressure":"100.215032000287"},"EnqueuedTimeUtc":"2022-10-09 19:00:00","Properties":{"messagetype":"Demo"},"SystemProperties":{"connectionAuthMethod":"{\"scope\":\"device\",\"type\":\"sas\",\"issuer\":\"iothub\",\"acceptingIpFilterRule\":null}","connectionDeviceGenerationId":"638052891151821842","connectionDeviceId":"IOTDevice_9_3","contentEncoding":"utf-8","contentType":"application/json","enqueuedTime":"2022-10-09 19:00:00"}}
{"Body":{"Status":true,"Timestamp":"2022-10-09 19:00:00","vibration":"41.0917556441133"},"EnqueuedTimeUtc":"2022-10-09 19:00:00","Properties":{"messagetype":"Demo"},"SystemProperties":{"connectionAuthMethod":"{\"scope\":\"device\",\"type\":\"sas\",\"issuer\":\"iothub\",\"acceptingIpFilterRule\":null}","connectionDeviceGenerationId":"638052891151821842","connectionDeviceId":"IOTDevice_9_4","contentEncoding":"utf-8","contentType":"application/json","enqueuedTime":"2022-10-09 19:00:00"}}
{"Body":{"Status":true,"Timestamp":"2022-10-09 20:00:00","volt":"169.42628389407"},"EnqueuedTimeUtc":"2022-10-09 20:00:00","Properties":{"messagetype":"Demo"},"SystemProperties":{"connectionAuthMethod":"{\"scope\":\"device\",\"type\":\"sas\",\"issuer\":\"iothub\",\"acceptingIpFilterRule\":null}","connectionDeviceGenerationId":"638052891151821842","connectionDeviceId":"IOTDevice_9_1","contentEncoding":"utf-8","contentType":"application/json","enqueuedTime":"2022-10-09 20:00:00"}}
{"Body":{"Status":true,"Timestamp":"2022-10-09 20:00:00","rotate":"395.318594321397"},"EnqueuedTimeUtc":"2022-10-09 20:00:00","Properties":{"messagetype":"Demo"},"SystemProperties":{"connectionAuthMethod":"{\"scope\":\"device\",\"type\":\"sas\",\"issuer\":\"iothub\",\"acceptingIpFilterRule\":null}","connectionDeviceGenerationId":"638052891151821842","connectionDeviceId":"IOTDevice_9_2","contentEncoding":"utf-8","contentType":"application/json","enqueuedTime":"2022-10-09 20:00:00"}}
{"Body":{"Status":true,"Timestamp":"2022-10-09 20:00:00","pressure":"82.1647061474578"},"EnqueuedTimeUtc":"2022-10-09 20:00:00","Properties":{"messagetype":"Demo"},"SystemProperties":{"connectionAuthMethod":"{\"scope\":\"device\",\"type\":\"sas\",\"issuer\":\"iothub\",\"acceptingIpFilterRule\":null}","connectionDeviceGenerationId":"638052891151821842","connectionDeviceId":"IOTDevice_9_3","contentEncoding":"utf-8","contentType":"application/json","enqueuedTime":"2022-10-09 20:00:00"}}
{"Body":{"Status":true,"Timestamp":"2022-10-09 20:00:00","vibration":"43.5946996834378"},"EnqueuedTimeUtc":"2022-10-09 20:00:00","Properties":{"messagetype":"Demo"},"SystemProperties":{"connectionAuthMethod":"{\"scope\":\"device\",\"type\":\"sas\",\"issuer\":\"iothub\",\"acceptingIpFilterRule\":null}","connectionDeviceGenerationId":"638052891151821842","connectionDeviceId":"IOTDevice_9_4","contentEncoding":"utf-8","contentType":"application/json","enqueuedTime":"2022-10-09 20:00:00"}}
{"Body":{"Status":true,"Timestamp":"2022-10-09 21:00:00","volt":"188.283914469684"},"EnqueuedTimeUtc":"2022-10-09 21:00:00","Properties":{"messagetype":"Demo"},"SystemProperties":{"connectionAuthMethod":"{\"scope\":\"device\",\"type\":\"sas\",\"issuer\":\"iothub\",\"acceptingIpFilterRule\":null}","connectionDeviceGenerationId":"638052891151821842","connectionDeviceId":"IOTDevice_9_1","contentEncoding":"utf-8","contentType":"application/json","enqueuedTime":"2022-10-09 21:00:00"}}
{"Body":{"Status":true,"Timestamp":"2022-10-09 21:00:00","rotate":"443.486507057512"},"EnqueuedTimeUtc":"2022-10-09 21:00:00","Properties":{"messagetype":"Demo"},"SystemProperties":{"connectionAuthMethod":"{\"scope\":\"device\",\"type\":\"sas\",\"issuer\":\"iothub\",\"acceptingIpFilterRule\":null}","connectionDeviceGenerationId":"638052891151821842","connectionDeviceId":"IOTDevice_9_2","contentEncoding":"utf-8","contentType":"application/json","enqueuedTime":"2022-10-09 21:00:00"}}
{"Body":{"Status":true,"Timestamp":"2022-10-09 21:00:00","pressure":"108.332537465684"},"EnqueuedTimeUtc":"2022-10-09 21:00:00","Properties":{"messagetype":"Demo"},"SystemProperties":{"connectionAuthMethod":"{\"scope\":\"device\",\"type\":\"sas\",\"issuer\":\"iothub\",\"acceptingIpFilterRule\":null}","connectionDeviceGenerationId":"638052891151821842","connectionDeviceId":"IOTDevice_9_3","contentEncoding":"utf-8","contentType":"application/json","enqueuedTime":"2022-10-09 21:00:00"}}
{"Body":{"Status":true,"Timestamp":"2022-10-09 21:00:00","vibration":"46.3246053786031"},"EnqueuedTimeUtc":"2022-10-09 21:00:00","Properties":{"messagetype":"Demo"},"SystemProperties":{"connectionAuthMethod":"{\"scope\":\"device\",\"type\":\"sas\",\"issuer\":\"iothub\",\"acceptingIpFilterRule\":null}","connectionDeviceGenerationId":"638052891151821842","connectionDeviceId":"IOTDevice_9_4","contentEncoding":"utf-8","contentType":"application/json","enqueuedTime":"2022-10-09 21:00:00"}}
{"Body":{"Status":true,"Timestamp":"2022-10-09 22:00:00","volt":"177.928211247571"},"EnqueuedTimeUtc":"2022-10-09 22:00:00","Properties":{"messagetype":"Demo"},"SystemProperties":{"connectionAuthMethod":"{\"scope\":\"device\",\"type\":\"sas\",\"issuer\":\"iothub\",\"acceptingIpFilterRule\":null}","connectionDeviceGenerationId":"638052891151821842","connectionDeviceId":"IOTDevice_9_1","contentEncoding":"utf-8","contentType":"application/json","enqueuedTime":"2022-10-09 22:00:00"}}
{"Body":{"Status":true,"Timestamp":"2022-10-09 22:00:00","rotate":"529.505907349234"},"EnqueuedTimeUtc":"2022-10-09 22:00:00","Properties":{"messagetype":"Demo"},"SystemProperties":{"connectionAuthMethod":"{\"scope\":\"device\",\"type\":\"sas\",\"issuer\":\"iothub\",\"acceptingIpFilterRule\":null}","connectionDeviceGenerationId":"638052891151821842","connectionDeviceId":"IOTDevice_9_2","contentEncoding":"utf-8","contentType":"application/json","enqueuedTime":"2022-10-09 22:00:00"}}
{"Body":{"Status":true,"Timestamp":"2022-10-09 22:00:00","pressure":"94.8066029054594"},"EnqueuedTimeUtc":"2022-10-09 22:00:00","Properties":{"messagetype":"Demo"},"SystemProperties":{"connectionAuthMethod":"{\"scope\":\"device\",\"type\":\"sas\",\"issuer\":\"iothub\",\"acceptingIpFilterRule\":null}","connectionDeviceGenerationId":"638052891151821842","connectionDeviceId":"IOTDevice_9_3","contentEncoding":"utf-8","contentType":"application/json","enqueuedTime":"2022-10-09 22:00:00"}}
{"Body":{"Status":true,"Timestamp":"2022-10-09 22:00:00","vibration":"36.7203530290382"},"EnqueuedTimeUtc":"2022-10-09 22:00:00","Properties":{"messagetype":"Demo"},"SystemProperties":{"connectionAuthMethod":"{\"scope\":\"device\",\"type\":\"sas\",\"issuer\":\"iothub\",\"acceptingIpFilterRule\":null}","connectionDeviceGenerationId":"638052891151821842","connectionDeviceId":"IOTDevice_9_4","contentEncoding":"utf-8","contentType":"application/json","enqueuedTime":"2022-10-09 22:00:00"}}
{"Body":{"Status":true,"Timestamp":"2022-10-09 23:00:00","volt":"166.779487520342"},"EnqueuedTimeUtc":"2022-10-09 23:00:00","Properties":{"messagetype":"Demo"},"SystemProperties":{"connectionAuthMethod":"{\"scope\":\"device\",\"type\":\"sas\",\"issuer\":\"iothub\",\"acceptingIpFilterRule\":null}","connectionDeviceGenerationId":"638052891151821842","connectionDeviceId":"IOTDevice_9_1","contentEncoding":"utf-8","contentType":"application/json","enqueuedTime":"2022-10-09 23:00:00"}}
{"Body":{"Status":true,"Timestamp":"2022-10-09 23:00:00","rotate":"540.061776834791"},"EnqueuedTimeUtc":"2022-10-09 23:00:00","Properties":{"messagetype":"Demo"},"SystemProperties":{"connectionAuthMethod":"{\"scope\":\"device\",\"type\":\"sas\",\"issuer\":\"iothub\",\"acceptingIpFilterRule\":null}","connectionDeviceGenerationId":"638052891151821842","connectionDeviceId":"IOTDevice_9_2","contentEncoding":"utf-8","contentType":"application/json","enqueuedTime":"2022-10-09 23:00:00"}}
{"Body":{"Status":true,"Timestamp":"2022-10-09 23:00:00","pressure":"91.448547731849"},"EnqueuedTimeUtc":"2022-10-09 23:00:00","Properties":{"messagetype":"Demo"},"SystemProperties":{"connectionAuthMethod":"{\"scope\":\"device\",\"type\":\"sas\",\"issuer\":\"iothub\",\"acceptingIpFilterRule\":null}","connectionDeviceGenerationId":"638052891151821842","connectionDeviceId":"IOTDevice_9_3","contentEncoding":"utf-8","contentType":"application/json","enqueuedTime":"2022-10-09 23:00:00"}}
{"Body":{"Status":true,"Timestamp":"2022-10-09 23:00:00","vibration":"29.8300465938917"},"EnqueuedTimeUtc":"2022-10-09 23:00:00","Properties":{"messagetype":"Demo"},"SystemProperties":{"connectionAuthMethod":"{\"scope\":\"device\",\"type\":\"sas\",\"issuer\":\"iothub\",\"acceptingIpFilterRule\":null}","connectionDeviceGenerationId":"638052891151821842","connectionDeviceId":"IOTDevice_9_4","contentEncoding":"utf-8","contentType":"application/json","enqueuedTime":"2022-10-09 23:00:00"}}
{"Body":{"Status":true,"Timestamp":"2022-10-09 00:00:00","volt":"177.964988776279"},"EnqueuedTimeUtc":"2022-10-09 00:00:00","Properties":{"messagetype":"Demo"},"SystemProperties":{"connectionAuthMethod":"{\"scope\":\"device\",\"type\":\"sas\",\"issuer\":\"iothub\",\"acceptingIpFilterRule\":null}","connectionDeviceGenerationId":"638052891151821842","connectionDeviceId":"IOTDevice_10_1","contentEncoding":"utf-8","contentType":"application/json","enqueuedTime":"2022-10-09 00:00:00"}}
{"Body":{"Status":true,"Timestamp":"2022-10-09 00:00:00","rotate":"488.016186214763"},"EnqueuedTimeUtc":"2022-10-09 00:00:00","Properties":{"messagetype":"Demo"},"SystemProperties":{"connectionAuthMethod":"{\"scope\":\"device\",\"type\":\"sas\",\"issuer\":\"iothub\",\"acceptingIpFilterRule\":null}","connectionDeviceGenerationId":"638052891151821842","connectionDeviceId":"IOTDevice_10_2","contentEncoding":"utf-8","contentType":"application/json","enqueuedTime":"2022-10-09 00:00:00"}}
{"Body":{"Status":true,"Timestamp":"2022-10-09 00:00:00","pressure":"110.513299783136"},"EnqueuedTimeUtc":"2022-10-09 00:00:00","Properties":{"messagetype":"Demo"},"SystemProperties":{"connectionAuthMethod":"{\"scope\":\"device\",\"type\":\"sas\",\"issuer\":\"iothub\",\"acceptingIpFilterRule\":null}","connectionDeviceGenerationId":"638052891151821842","connectionDeviceId":"IOTDevice_10_3","contentEncoding":"utf-8","contentType":"application/json","enqueuedTime":"2022-10-09 00:00:00"}}
{"Body":{"Status":true,"Timestamp":"2022-10-09 00:00:00","vibration":"39.2285641797888"},"EnqueuedTimeUtc":"2022-10-09 00:00:00","Properties":{"messagetype":"Demo"},"SystemProperties":{"connectionAuthMethod":"{\"scope\":\"device\",\"type\":\"sas\",\"issuer\":\"iothub\",\"acceptingIpFilterRule\":null}","connectionDeviceGenerationId":"638052891151821842","connectionDeviceId":"IOTDevice_10_4","contentEncoding":"utf-8","contentType":"application/json","enqueuedTime":"2022-10-09 00:00:00"}}
{"Body":{"Status":true,"Timestamp":"2022-10-09 01:00:00","volt":"188.923319857474"},"EnqueuedTimeUtc":"2022-10-09 01:00:00","Properties":{"messagetype":"Demo"},"SystemProperties":{"connectionAuthMethod":"{\"scope\":\"device\",\"type\":\"sas\",\"issuer\":\"iothub\",\"acceptingIpFilterRule\":null}","connectionDeviceGenerationId":"638052891151821842","connectionDeviceId":"IOTDevice_10_1","contentEncoding":"utf-8","contentType":"application/json","enqueuedTime":"2022-10-09 01:00:00"}}
{"Body":{"Status":true,"Timestamp":"2022-10-09 01:00:00","rotate":"476.541295317914"},"EnqueuedTimeUtc":"2022-10-09 01:00:00","Properties":{"messagetype":"Demo"},"SystemProperties":{"connectionAuthMethod":"{\"scope\":\"device\",\"type\":\"sas\",\"issuer\":\"iothub\",\"acceptingIpFilterRule\":null}","connectionDeviceGenerationId":"638052891151821842","connectionDeviceId":"IOTDevice_10_2","contentEncoding":"utf-8","contentType":"application/json","enqueuedTime":"2022-10-09 01:00:00"}}
{"Body":{"Status":true,"Timestamp":"2022-10-09 01:00:00","pressure":"112.434719761046"},"EnqueuedTimeUtc":"2022-10-09 01:00:00","Properties":{"messagetype":"Demo"},"SystemProperties":{"connectionAuthMethod":"{\"scope\":\"device\",\"type\":\"sas\",\"issuer\":\"iothub\",\"acceptingIpFilterRule\":null}","connectionDeviceGenerationId":"638052891151821842","connectionDeviceId":"IOTDevice_10_3","contentEncoding":"utf-8","contentType":"application/json","enqueuedTime":"2022-10-09 01:00:00"}}
{"Body":{"Status":true,"Timestamp":"2022-10-09 01:00:00","vibration":"36.3038570328318"},"EnqueuedTimeUtc":"2022-10-09 01:00:00","Properties":{"messagetype":"Demo"},"SystemProperties":{"connectionAuthMethod":"{\"scope\":\"device\",\"type\":\"sas\",\"issuer\":\"iothub\",\"acceptingIpFilterRule\":null}","connectionDeviceGenerationId":"638052891151821842","connectionDeviceId":"IOTDevice_10_4","contentEncoding":"utf-8","contentType":"application/json","enqueuedTime":"2022-10-09 01:00:00"}}
{"Body":{"Status":true,"Timestamp":"2022-10-09 02:00:00","volt":"197.20065463673"},"EnqueuedTimeUtc":"2022-10-09 02:00:00","Properties":{"messagetype":"Demo"},"SystemProperties":{"connectionAuthMethod":"{\"scope\":\"device\",\"type\":\"sas\",\"issuer\":\"iothub\",\"acceptingIpFilterRule\":null}","connectionDeviceGenerationId":"638052891151821842","connectionDeviceId":"IOTDevice_10_1","contentEncoding":"utf-8","contentType":"application/json","enqueuedTime":"2022-10-09 02:00:00"}}
{"Body":{"Status":true,"Timestamp":"2022-10-09 02:00:00","rotate":"434.078870370426"},"EnqueuedTimeUtc":"2022-10-09 02:00:00","Properties":{"messagetype":"Demo"},"SystemProperties":{"connectionAuthMethod":"{\"scope\":\"device\",\"type\":\"sas\",\"issuer\":\"iothub\",\"acceptingIpFilterRule\":null}","connectionDeviceGenerationId":"638052891151821842","connectionDeviceId":"IOTDevice_10_2","contentEncoding":"utf-8","contentType":"application/json","enqueuedTime":"2022-10-09 02:00:00"}}
{"Body":{"Status":true,"Timestamp":"2022-10-09 02:00:00","pressure":"104.731365810686"},"EnqueuedTimeUtc":"2022-10-09 02:00:00","Properties":{"messagetype":"Demo"},"SystemProperties":{"connectionAuthMethod":"{\"scope\":\"device\",\"type\":\"sas\",\"issuer\":\"iothub\",\"acceptingIpFilterRule\":null}","connectionDeviceGenerationId":"638052891151821842","connectionDeviceId":"IOTDevice_10_3","contentEncoding":"utf-8","contentType":"application/json","enqueuedTime":"2022-10-09 02:00:00"}}
{"Body":{"Status":true,"Timestamp":"2022-10-09 02:00:00","vibration":"35.6833097803267"},"EnqueuedTimeUtc":"2022-10-09 02:00:00","Properties":{"messagetype":"Demo"},"SystemProperties":{"connectionAuthMethod":"{\"scope\":\"device\",\"type\":\"sas\",\"issuer\":\"iothub\",\"acceptingIpFilterRule\":null}","connectionDeviceGenerationId":"638052891151821842","connectionDeviceId":"IOTDevice_10_4","contentEncoding":"utf-8","contentType":"application/json","enqueuedTime":"2022-10-09 02:00:00"}}
{"Body":{"Status":true,"Timestamp":"2022-10-09 03:00:00","volt":"206.685997807659"},"EnqueuedTimeUtc":"2022-10-09 03:00:00","Properties":{"messagetype":"Demo"},"SystemProperties":{"connectionAuthMethod":"{\"scope\":\"device\",\"type\":\"sas\",\"issuer\":\"iothub\",\"acceptingIpFilterRule\":null}","connectionDeviceGenerationId":"638052891151821842","connectionDeviceId":"IOTDevice_10_1","contentEncoding":"utf-8","contentType":"application/json","enqueuedTime":"2022-10-09 03:00:00"}}
{"Body":{"Status":true,"Timestamp":"2022-10-09 03:00:00","rotate":"457.028450909619"},"EnqueuedTimeUtc":"2022-10-09 03:00:00","Properties":{"messagetype":"Demo"},"SystemProperties":{"connectionAuthMethod":"{\"scope\":\"device\",\"type\":\"sas\",\"issuer\":\"iothub\",\"acceptingIpFilterRule\":null}","connectionDeviceGenerationId":"638052891151821842","connectionDeviceId":"IOTDevice_10_2","contentEncoding":"utf-8","contentType":"application/json","enqueuedTime":"2022-10-09 03:00:00"}}
{"Body":{"Status":true,"Timestamp":"2022-10-09 03:00:00","pressure":"94.5045076529443"},"EnqueuedTimeUtc":"2022-10-09 03:00:00","Properties":{"messagetype":"Demo"},"SystemProperties":{"connectionAuthMethod":"{\"scope\":\"device\",\"type\":\"sas\",\"issuer\":\"iothub\",\"acceptingIpFilterRule\":null}","connectionDeviceGenerationId":"638052891151821842","connectionDeviceId":"IOTDevice_10_3","contentEncoding":"utf-8","contentType":"application/json","enqueuedTime":"2022-10-09 03:00:00"}}
{"Body":{"Status":true,"Timestamp":"2022-10-09 03:00:00","vibration":"43.3660565101584"},"EnqueuedTimeUtc":"2022-10-09 03:00:00","Properties":{"messagetype":"Demo"},"SystemProperties":{"connectionAuthMethod":"{\"scope\":\"device\",\"type\":\"sas\",\"issuer\":\"iothub\",\"acceptingIpFilterRule\":null}","connectionDeviceGenerationId":"638052891151821842","connectionDeviceId":"IOTDevice_10_4","contentEncoding":"utf-8","contentType":"application/json","enqueuedTime":"2022-10-09 03:00:00"}}
{"Body":{"Status":true,"Timestamp":"2022-10-09 04:00:00","volt":"170.081132182874"},"EnqueuedTimeUtc":"2022-10-09 04:00:00","Properties":{"messagetype":"Demo"},"SystemProperties":{"connectionAuthMethod":"{\"scope\":\"device\",\"type\":\"sas\",\"issuer\":\"iothub\",\"acceptingIpFilterRule\":null}","connectionDeviceGenerationId":"638052891151821842","connectionDeviceId":"IOTDevice_10_1","contentEncoding":"utf-8","contentType":"application/json","enqueuedTime":"2022-10-09 04:00:00"}}
{"Body":{"Status":true,"Timestamp":"2022-10-09 04:00:00","rotate":"522.38380431233"},"EnqueuedTimeUtc":"2022-10-09 04:00:00","Properties":{"messagetype":"Demo"},"SystemProperties":{"connectionAuthMethod":"{\"scope\":\"device\",\"type\":\"sas\",\"issuer\":\"iothub\",\"acceptingIpFilterRule\":null}","connectionDeviceGenerationId":"638052891151821842","connectionDeviceId":"IOTDevice_10_2","contentEncoding":"utf-8","contentType":"application/json","enqueuedTime":"2022-10-09 04:00:00"}}
{"Body":{"Status":true,"Timestamp":"2022-10-09 04:00:00","pressure":"91.9878941315373"},"EnqueuedTimeUtc":"2022-10-09 04:00:00","Properties":{"messagetype":"Demo"},"SystemProperties":{"connectionAuthMethod":"{\"scope\":\"device\",\"type\":\"sas\",\"issuer\":\"iothub\",\"acceptingIpFilterRule\":null}","connectionDeviceGenerationId":"638052891151821842","connectionDeviceId":"IOTDevice_10_3","contentEncoding":"utf-8","contentType":"application/json","enqueuedTime":"2022-10-09 04:00:00"}}
{"Body":{"Status":true,"Timestamp":"2022-10-09 04:00:00","vibration":"38.0355509143428"},"EnqueuedTimeUtc":"2022-10-09 04:00:00","Properties":{"messagetype":"Demo"},"SystemProperties":{"connectionAuthMethod":"{\"scope\":\"device\",\"type\":\"sas\",\"issuer\":\"iothub\",\"acceptingIpFilterRule\":null}","connectionDeviceGenerationId":"638052891151821842","connectionDeviceId":"IOTDevice_10_4","contentEncoding":"utf-8","contentType":"application/json","enqueuedTime":"2022-10-09 04:00:00"}}
{"Body":{"Status":true,"Timestamp":"2022-10-09 05:00:00","volt":"154.07712958429"},"EnqueuedTimeUtc":"2022-10-09 05:00:00","Properties":{"messagetype":"Demo"},"SystemProperties":{"connectionAuthMethod":"{\"scope\":\"device\",\"type\":\"sas\",\"issuer\":\"iothub\",\"acceptingIpFilterRule\":null}","connectionDeviceGenerationId":"638052891151821842","connectionDeviceId":"IOTDevice_10_1","contentEncoding":"utf-8","contentType":"application/json","enqueuedTime":"2022-10-09 05:00:00"}}
{"Body":{"Status":true,"Timestamp":"2022-10-09 05:00:00","rotate":"332.157713072928"},"EnqueuedTimeUtc":"2022-10-09 05:00:00","Properties":{"messagetype":"Demo"},"SystemProperties":{"connectionAuthMethod":"{\"scope\":\"device\",\"type\":\"sas\",\"issuer\":\"iothub\",\"acceptingIpFilterRule\":null}","connectionDeviceGenerationId":"638052891151821842","connectionDeviceId":"IOTDevice_10_2","contentEncoding":"utf-8","contentType":"application/json","enqueuedTime":"2022-10-09 05:00:00"}}
{"Body":{"Status":true,"Timestamp":"2022-10-09 05:00:00","pressure":"99.799382802357"},"EnqueuedTimeUtc":"2022-10-09 05:00:00","Properties":{"messagetype":"Demo"},"SystemProperties":{"connectionAuthMethod":"{\"scope\":\"device\",\"type\":\"sas\",\"issuer\":\"iothub\",\"acceptingIpFilterRule\":null}","connectionDeviceGenerationId":"638052891151821842","connectionDeviceId":"IOTDevice_10_3","contentEncoding":"utf-8","contentType":"application/json","enqueuedTime":"2022-10-09 05:00:00"}}
{"Body":{"Status":true,"Timestamp":"2022-10-09 05:00:00","vibration":"32.1606137220653"},"EnqueuedTimeUtc":"2022-10-09 05:00:00","Properties":{"messagetype":"Demo"},"SystemProperties":{"connectionAuthMethod":"{\"scope\":\"device\",\"type\":\"sas\",\"issuer\":\"iothub\",\"acceptingIpFilterRule\":null}","connectionDeviceGenerationId":"638052891151821842","connectionDeviceId":"IOTDevice_10_4","contentEncoding":"utf-8","contentType":"application/json","enqueuedTime":"2022-10-09 05:00:00"}}
{"Body":{"Status":true,"Timestamp":"2022-10-09 06:00:00","volt":"171.267596484451"},"EnqueuedTimeUtc":"2022-10-09 06:00:00","Properties":{"messagetype":"Demo"},"SystemProperties":{"connectionAuthMethod":"{\"scope\":\"device\",\"type\":\"sas\",\"issuer\":\"iothub\",\"acceptingIpFilterRule\":null}","connectionDeviceGenerationId":"638052891151821842","connectionDeviceId":"IOTDevice_10_1","contentEncoding":"utf-8","contentType":"application/json","enqueuedTime":"2022-10-09 06:00:00"}}
{"Body":{"Status":true,"Timestamp":"2022-10-09 06:00:00","rotate":"489.551560248581"},"EnqueuedTimeUtc":"2022-10-09 06:00:00","Properties":{"messagetype":"Demo"},"SystemProperties":{"connectionAuthMethod":"{\"scope\":\"device\",\"type\":\"sas\",\"issuer\":\"iothub\",\"acceptingIpFilterRule\":null}","connectionDeviceGenerationId":"638052891151821842","connectionDeviceId":"IOTDevice_10_2","contentEncoding":"utf-8","contentType":"application/json","enqueuedTime":"2022-10-09 06:00:00"}}
{"Body":{"Status":true,"Timestamp":"2022-10-09 06:00:00","pressure":"109.466500438392"},"EnqueuedTimeUtc":"2022-10-09 06:00:00","Properties":{"messagetype":"Demo"},"SystemProperties":{"connectionAuthMethod":"{\"scope\":\"device\",\"type\":\"sas\",\"issuer\":\"iothub\",\"acceptingIpFilterRule\":null}","connectionDeviceGenerationId":"638052891151821842","connectionDeviceId":"IOTDevice_10_3","contentEncoding":"utf-8","contentType":"application/json","enqueuedTime":"2022-10-09 06:00:00"}}
{"Body":{"Status":true,"Timestamp":"2022-10-09 06:00:00","vibration":"30.1117381698972"},"EnqueuedTimeUtc":"2022-10-09 06:00:00","Properties":{"messagetype":"Demo"},"SystemProperties":{"connectionAuthMethod":"{\"scope\":\"device\",\"type\":\"sas\",\"issuer\":\"iothub\",\"acceptingIpFilterRule\":null}","connectionDeviceGenerationId":"638052891151821842","connectionDeviceId":"IOTDevice_10_4","contentEncoding":"utf-8","contentType":"application/json","enqueuedTime":"2022-10-09 06:00:00"}}
{"Body":{"Status":true,"Timestamp":"2022-10-09 07:00:00","volt":"186.352873180705"},"EnqueuedTimeUtc":"2022-10-09 07:00:00","Properties":{"messagetype":"Demo"},"SystemProperties":{"connectionAuthMethod":"{\"scope\":\"device\",\"type\":\"sas\",\"issuer\":\"iothub\",\"acceptingIpFilterRule\":null}","connectionDeviceGenerationId":"638052891151821842","connectionDeviceId":"IOTDevice_10_1","contentEncoding":"utf-8","contentType":"application/json","enqueuedTime":"2022-10-09 07:00:00"}}
{"Body":{"Status":true,"Timestamp":"2022-10-09 07:00:00","rotate":"391.199141694892"},"EnqueuedTimeUtc":"2022-10-09 07:00:00","Properties":{"messagetype":"Demo"},"SystemProperties":{"connectionAuthMethod":"{\"scope\":\"device\",\"type\":\"sas\",\"issuer\":\"iothub\",\"acceptingIpFilterRule\":null}","connectionDeviceGenerationId":"638052891151821842","connectionDeviceId":"IOTDevice_10_2","contentEncoding":"utf-8","contentType":"application/json","enqueuedTime":"2022-10-09 07:00:00"}}
{"Body":{"Status":true,"Timestamp":"2022-10-09 07:00:00","pressure":"94.9329868644402"},"EnqueuedTimeUtc":"2022-10-09 07:00:00","Properties":{"messagetype":"Demo"},"SystemProperties":{"connectionAuthMethod":"{\"scope\":\"device\",\"type\":\"sas\",\"issuer\":\"iothub\",\"acceptingIpFilterRule\":null}","connectionDeviceGenerationId":"638052891151821842","connectionDeviceId":"IOTDevice_10_3","contentEncoding":"utf-8","contentType":"application/json","enqueuedTime":"2022-10-09 07:00:00"}}
{"Body":{"Status":true,"Timestamp":"2022-10-09 07:00:00","vibration":"49.2372892040757"},"EnqueuedTimeUtc":"2022-10-09 07:00:00","Properties":{"messagetype":"Demo"},"SystemProperties":{"connectionAuthMethod":"{\"scope\":\"device\",\"type\":\"sas\",\"issuer\":\"iothub\",\"acceptingIpFilterRule\":null}","connectionDeviceGenerationId":"638052891151821842","connectionDeviceId":"IOTDevice_10_4","contentEncoding":"utf-8","contentType":"application/json","enqueuedTime":"2022-10-09 07:00:00"}}
{"Body":{"Status":true,"Timestamp":"2022-10-09 08:00:00","volt":"186.550228609958"},"EnqueuedTimeUtc":"2022-10-09 08:00:00","Properties":{"messagetype":"Demo"},"SystemProperties":{"connectionAuthMethod":"{\"scope\":\"device\",\"type\":\"sas\",\"issuer\":\"iothub\",\"acceptingIpFilterRule\":null}","connectionDeviceGenerationId":"638052891151821842","connectionDeviceId":"IOTDevice_10_1","contentEncoding":"utf-8","contentType":"application/json","enqueuedTime":"2022-10-09 08:00:00"}}
{"Body":{"Status":true,"Timestamp":"2022-10-09 08:00:00","rotate":"475.793722406352"},"EnqueuedTimeUtc":"2022-10-09 08:00:00","Properties":{"messagetype":"Demo"},"SystemProperties":{"connectionAuthMethod":"{\"scope\":\"device\",\"type\":\"sas\",\"issuer\":\"iothub\",\"acceptingIpFilterRule\":null}","connectionDeviceGenerationId":"638052891151821842","connectionDeviceId":"IOTDevice_10_2","contentEncoding":"utf-8","contentType":"application/json","enqueuedTime":"2022-10-09 08:00:00"}}
{"Body":{"Status":true,"Timestamp":"2022-10-09 08:00:00","pressure":"100.046218439884"},"EnqueuedTimeUtc":"2022-10-09 08:00:00","Properties":{"messagetype":"Demo"},"SystemProperties":{"connectionAuthMethod":"{\"scope\":\"device\",\"type\":\"sas\",\"issuer\":\"iothub\",\"acceptingIpFilterRule\":null}","connectionDeviceGenerationId":"638052891151821842","connectionDeviceId":"IOTDevice_10_3","contentEncoding":"utf-8","contentType":"application/json","enqueuedTime":"2022-10-09 08:00:00"}}
{"Body":{"Status":true,"Timestamp":"2022-10-09 08:00:00","vibration":"41.035359686078"},"EnqueuedTimeUtc":"2022-10-09 08:00:00","Properties":{"messagetype":"Demo"},"SystemProperties":{"connectionAuthMethod":"{\"scope\":\"device\",\"type\":\"sas\",\"issuer\":\"iothub\",\"acceptingIpFilterRule\":null}","connectionDeviceGenerationId":"638052891151821842","connectionDeviceId":"IOTDevice_10_4","contentEncoding":"utf-8","contentType":"application/json","enqueuedTime":"2022-10-09 08:00:00"}}
