{"Body":{"Status":true,"Timestamp":"2022-10-19 12:00:00","volt":"161.047880776485"},"EnqueuedTimeUtc":"2022-10-19 12:00:00","Properties":{"messagetype":"Demo"},"SystemProperties":{"connectionAuthMethod":"{\"scope\":\"device\",\"type\":\"sas\",\"issuer\":\"iothub\",\"acceptingIpFilterRule\":null}","connectionDeviceGenerationId":"638052891151821842","connectionDeviceId":"IOTDevice_8_1","contentEncoding":"utf-8","contentType":"application/json","enqueuedTime":"2022-10-19 12:00:00"}}
{"Body":{"Status":true,"Timestamp":"2022-10-19 12:00:00","rotate":"410.771886253353"},"EnqueuedTimeUtc":"2022-10-19 12:00:00","Properties":{"messagetype":"Demo"},"SystemProperties":{"connectionAuthMethod":"{\"scope\":\"device\",\"type\":\"sas\",\"issuer\":\"iothub\",\"acceptingIpFilterRule\":null}","connectionDeviceGenerationId":"638052891151821842","connectionDeviceId":"IOTDevice_8_2","contentEncoding":"utf-8","contentType":"application/json","enqueuedTime":"2022-10-19 12:00:00"}}
{"Body":{"Status":true,"Timestamp":"2022-10-19 12:00:00","pressure":"94.3565773154491"},"EnqueuedTimeUtc":"2022-10-19 12:00:00","Properties":{"messagetype":"Demo"},"SystemProperties":{"connectionAuthMethod":"{\"scope\":\"device\",\"type\":\"sas\",\"issuer\":\"iothub\",\"acceptingIpFilterRule\":null}","connectionDeviceGenerationId":"638052891151821842","connectionDeviceId":"IOTDevice_8_3","contentEncoding":"utf-8","contentType":"application/json","enqueuedTime":"2022-10-19 12:00:00"}}
{"Body":{"Status":true,"Timestamp":"2022-10-19 12:00:00","vibration":"36.0875763361309"},"EnqueuedTimeUtc":"2022-10-19 12:00:00","Properties":{"messagetype":"Demo"},"SystemProperties":{"connectionAuthMethod":"{\"scope\":\"device\",\"type\":\"sas\",\"issuer\":\"iothub\",\"acceptingIpFilterRule\":null}","connectionDeviceGenerationId":"638052891151821842","connectionDeviceId":"IOTDevice_8_4","contentEncoding":"utf-8","contentType":"application/json","enqueuedTime":"2022-10-19 12:00:00"}}
{"Body":{"Status":true,"Timestamp":"2022-10-19 13:00:00","volt":"196.572307463989"},"EnqueuedTimeUtc":"2022-10-19 13:00:00","Properties":{"messagetype":"Demo"},"SystemProperties":{"connectionAuthMethod":"{\"scope\":\"device\",\"type\":\"sas\",\"issuer\":\"iothub\",\"acceptingIpFilterRule\":null}","connectionDeviceGenerationId":"638052891151821842","connectionDeviceId":"IOTDevice_8_1","contentEncoding":"utf-8","contentType":"application/json","enqueuedTime":"2022-10-19 13:00:00"}}
{"Body":{"Status":true,"Timestamp":"2022-10-19 13:00:00","rotate":"368.924802507347"},"EnqueuedTimeUtc":"2022-10-19 13:00:00","Properties":{"messagetype":"Demo"},"SystemProperties":{"connectionAuthMethod":"{\"scope\":\"device\",\"type\":\"sas\",\"issuer\":\"iothub\",\"acceptingIpFilterRule\":null}","connectionDeviceGenerationId":"638052891151821842","connectionDeviceId":"IOTDevice_8_2","contentEncoding":"utf-8","contentType":"application/json","enqueuedTime":"2022-10-19 13:00:00"}}
{"Body":{"Status":true,"Timestamp":"2022-10-19 13:00:00","pressure":"95.5826413462227"},"EnqueuedTimeUtc":"2022-10-19 13:00:00","Properties":{"messagetype":"Demo"},"SystemProperties":{"connectionAuthMethod":"{\"scope\":\"device\",\"type\":\"sas\",\"issuer\":\"iothub\",\"acceptingIpFilterRule\":null}","connectionDeviceGenerationId":"638052891151821842","connectionDeviceId":"IOTDevice_8_3","contentEncoding":"utf-8","contentType":"application/json","enqueuedTime":"2022-10-19 13:00:00"}}
{"Body":{"Status":true,"Timestamp":"2022-10-19 13:00:00","vibration":"37.2797190985497"},"EnqueuedTimeUtc":"2022-10-19 13:00:00","Properties":{"messagetype":"Demo"},"SystemProperties":{"connectionAuthMethod":"{\"scope\":\"device\",\"type\":\"sas\",\"issuer\":\"iothub\",\"acceptingIpFilterRule\":null}","connectionDeviceGenerationId":"638052891151821842","connectionDeviceId":"IOTDevice_8_4","contentEncoding":"utf-8","contentType":"application/json","enqueuedTime":"2022-10-19 13:00:00"}}
{"Body":{"Status":true,"Timestamp":"2022-10-19 14:00:00","volt":"176.989411344778"},"EnqueuedTimeUtc":"2022-10-19 14:00:00","Properties":{"messagetype":"Demo"},"SystemProperties":{"connectionAuthMethod":"{\"scope\":\"device\",\"type\":\"sas\",\"issuer\":\"iothub\",\"acceptingIpFilterRule\":null}","connectionDeviceGenerationId":"638052891151821842","connectionDeviceId":"IOTDevice_8_1","contentEncoding":"utf-8","contentType":"application/json","enqueuedTime":"2022-10-19 14:00:00"}}
{"Body":{"Status":true,"Timestamp":"2022-10-19 14:00:00","rotate":"431.014334235337"},"EnqueuedTimeUtc":"2022-10-19 14:00:00","Properties":{"messagetype":"Demo"},"SystemProperties":{"connectionAuthMethod":"{\"scope\":\"device\",\"type\":\"sas\",\"issuer\":\"iothub\",\"acceptingIpFilterRule\":null}","connectionDeviceGenerationId":"638052891151821842","connectionDeviceId":"IOTDevice_8_2","contentEncoding":"utf-8","contentType":"application/json","enqueuedTime":"2022-10-19 14:00:00"}}
{"Body":{"Status":true,"Timestamp":"2022-10-19 14:00:00","pressure":"91.8986628999287"},"EnqueuedTimeUtc":"2022-10-19 14:00:00","Properties":{"messagetype":"Demo"},"SystemProperties":{"connectionAuthMethod":"{\"scope\":\"device\",\"type\":\"sas\",\"issuer\":\"iothub\",\"acceptingIpFilterRule\":null}","connectionDeviceGenerationId":"638052891151821842","connectionDeviceId":"IOTDevice_8_3","contentEncoding":"utf-8","contentType":"application/json","enqueuedTime":"2022-10-19 14:00:00"}}
{"Body":{"Status":true,"Timestamp":"2022-10-19 14:00:00","vibration":"45.5615565347391"},"EnqueuedTimeUtc":"2022-10-19 14:00:00","Properties":{"messagetype":"Demo"},"SystemProperties":{"connectionAuthMethod":"{\"scope\":\"device\",\"type\":\"sas\",\"issuer\":\"iothub\",\"acceptingIpFilterRule\":null}","connectionDeviceGenerationId":"638052891151821842","connectionDeviceId":"IOTDevice_8_4","contentEncoding":"utf-8","contentType":"application/json","enqueuedTime":"2022-10-19 14:00:00"}}
{"Body":{"Status":true,"Timestamp":"2022-10-19 15:00:00","volt":"169.723888661417"},"EnqueuedTimeUtc":"2022-10-19 15:00:00","Properties":{"messagetype":"Demo"},"SystemProperties":{"connectionAuthMethod":"{\"scope\":\"device\",\"type\":\"sas\",\"issuer\":\"iothub\",\"acceptingIpFilterRule\":null}","connectionDeviceGenerationId":"638052891151821842","connectionDeviceId":"IOTDevice_8_1","contentEncoding":"utf-8","contentType":"application/json","enqueuedTime":"2022-10-19 15:00:00"}}
{"Body":{"Status":true,"Timestamp":"2022-10-19 15:00:00","rotate":"439.915429880462"},"EnqueuedTimeUtc":"2022-10-19 15:00:00","Properties":{"messagetype":"Demo"},"SystemProperties":{"connectionAuthMethod":"{\"scope\":\"device\",\"type\":\"sas\",\"issuer\":\"iothub\",\"acceptingIpFilterRule\":null}","connectionDeviceGenerationId":"638052891151821842","connectionDeviceId":"IOTDevice_8_2","contentEncoding":"utf-8","contentType":"application/json","enqueuedTime":"2022-10-19 15:00:00"}}
{"Body":{"Status":true,"Timestamp":"2022-10-19 15:00:00","pressure":"96.1541623954527"},"EnqueuedTimeUtc":"2022-10-19 15:00:00","Properties":{"messagetype":"Demo"},"SystemProperties":{"connectionAuthMethod":"{\"scope\":\"device\",\"type\":\"sas\",\"issuer\":\"iothub\",\"acceptingIpFilterRule\":null}","connectionDeviceGenerationId":"638052891151821842","connectionDeviceId":"IOTDevice_8_3","contentEncoding":"utf-8","contentType":"application/json","enqueuedTime":"2022-10-19 15:00:00"}}
{"Body":{"Status":true,"Timestamp":"2022-10-19 15:00:00","vibration":"47.4264791248511"},"EnqueuedTimeUtc":"2022-10-19 15:00:00","Properties":{"messagetype":"Demo"},"SystemProperties":{"connectionAuthMethod":"{\"scope\":\"device\",\"type\":\"sas\",\"issuer\":\"iothub\",\"acceptingIpFilterRule\":null}","connectionDeviceGenerationId":"638052891151821842","connectionDeviceId":"IOTDevice_8_4","contentEncoding":"utf-8","contentType":"application/json","enqueuedTime":"2022-10-19 15:00:00"}}
{"Body":{"Status":true,"Timestamp":"2022-10-19 16:00:00","volt":"186.900437804655"},"EnqueuedTimeUtc":"2022-10-19 16:00:00","Properties":{"messagetype":"Demo"},"SystemProperties":{"connectionAuthMethod":"{\"scope\":\"device\",\"type\":\"sas\",\"issuer\":\"iothub\",\"acceptingIpFilterRule\":null}","connectionDeviceGenerationId":"638052891151821842","connectionDeviceId":"IOTDevice_8_1","contentEncoding":"utf-8","contentType":"application/json","enqueuedTime":"2022-10-19 16:00:00"}}
{"Body":{"Status":true,"Timestamp":"2022-10-19 16:00:00","rotate":"492.407312251042"},"EnqueuedTimeUtc":"2022-10-19 16:00:00","Properties":{"messagetype":"Demo"},"SystemProperties":{"connectionAuthMethod":"{\"scope\":\"device\",\"type\":\"sas\",\"issuer\":\"iothub\",\"acceptingIpFilterRule\":null}","connectionDeviceGenerationId":"638052891151821842","connectionDeviceId":"IOTDevice_8_2","contentEncoding":"utf-8","contentType":"application/json","enqueuedTime":"2022-10-19 16:00:00"}}
{"Body":{"Status":true,"Timestamp":"2022-10-19 16:00:00","pressure":"89.2912376167788"},"EnqueuedTimeUtc":"2022-10-19 16:00:00","Properties":{"messagetype":"Demo"},"SystemProperties":{"connectionAuthMethod":"{\"scope\":\"device\",\"type\":\"sas\",\"issuer\":\"iothub\",\"acceptingIpFilterRule\":null}","connectionDeviceGenerationId":"638052891151821842","connectionDeviceId":"IOTDevice_8_3","contentEncoding":"utf-8","contentType":"application/json","enqueuedTime":"2022-10-19 16:00:00"}}
{"Body":{"Status":true,"Timestamp":"2022-10-19 16:00:00","vibration":"41.6845127538803"},"EnqueuedTimeUtc":"2022-10-19 16:00:00","Properties":{"messagetype":"Demo"},"SystemProperties":{"connectionAuthMethod":"{\"scope\":\"device\",\"type\":\"sas\",\"issuer\":\"iothub\",\"acceptingIpFilterRule\":null}","connectionDeviceGenerationId":"638052891151821842","connectionDeviceId":"IOTDevice_8_4","contentEncoding":"utf-8","contentType":"application/json","enqueuedTime":"2022-10-19 16:00:00"}}
{"Body":{"Status":true,"Timestamp":"2022-10-19 17:00:00","volt":"158.487410983286"},"EnqueuedTimeUtc":"2022-10-19 17:00:00","Properties":{"messagetype":"Demo"},"SystemProperties":{"connectionAuthMethod":"{\"scope\":\"device\",\"type\":\"sas\",\"issuer\":\"iothub\",\"acceptingIpFilterRule\":null}","connectionDeviceGenerationId":"638052891151821842","connectionDeviceId":"IOTDevice_8_1","contentEncoding":"utf-8","contentType":"application/json","enqueuedTime":"2022-10-19 17:00:00"}}
{"Body":{"Status":true,"Timestamp":"2022-10-19 17:00:00","rotate":"446.303108228098"},"EnqueuedTimeUtc":"2022-10-19 17:00:00","Properties":{"messagetype":"Demo"},"SystemProperties":{"connectionAuthMethod":"{\"scope\":\"device\",\"type\":\"sas\",\"issuer\":\"iothub\",\"acceptingIpFilterRule\":null}","connectionDeviceGenerationId":"638052891151821842","connectionDeviceId":"IOTDevice_8_2","contentEncoding":"utf-8","contentType":"application/json","enqueuedTime":"2022-10-19 17:00:00"}}
{"Body":{"Status":true,"Timestamp":"2022-10-19 17:00:00","pressure":"109.16091563813"},"EnqueuedTimeUtc":"2022-10-19 17:00:00","Properties":{"messagetype":"Demo"},"SystemProperties":{"connectionAuthMethod":"{\"scope\":\"device\",\"type\":\"sas\",\"issuer\":\"iothub\",\"acceptingIpFilterRule\":null}","connectionDeviceGenerationId":"638052891151821842","connectionDeviceId":"IOTDevice_8_3","contentEncoding":"utf-8","contentType":"application/json","enqueuedTime":"2022-10-19 17:00:00"}}
{"Body":{"Status":true,"Timestamp":"2022-10-19 17:00:00","vibration":"46.3228795310543"},"EnqueuedTimeUtc":"2022-10-19 17:00:00","Properties":{"messagetype":"Demo"},"SystemProperties":{"connectionAuthMethod":"{\"scope\":\"device\",\"type\":\"sas\",\"issuer\":\"iothub\",\"acceptingIpFilterRule\":null}","connectionDeviceGenerationId":"638052891151821842","connectionDeviceId":"IOTDevice_8_4","contentEncoding":"utf-8","contentType":"application/json","enqueuedTime":"2022-10-19 17:00:00"}}
{"Body":{"Status":true,"Timestamp":"2022-10-19 18:00:00","volt":"152.831642553402"},"EnqueuedTimeUtc":"2022-10-19 18:00:00","Properties":{"messagetype":"Demo"},"SystemProperties":{"connectionAuthMethod":"{\"scope\":\"device\",\"type\":\"sas\",\"issuer\":\"iothub\",\"acceptingIpFilterRule\":null}","connectionDeviceGenerationId":"638052891151821842","connectionDeviceId":"IOTDevice_8_1","contentEncoding":"utf-8","contentType":"application/json","enqueuedTime":"2022-10-19 18:00:00"}}
{"Body":{"Status":true,"Timestamp":"2022-10-19 18:00:00","rotate":"470.392166957673"},"EnqueuedTimeUtc":"2022-10-19 18:00:00","Properties":{"messagetype":"Demo"},"SystemProperties":{"connectionAuthMethod":"{\"scope\":\"device\",\"type\":\"sas\",\"issuer\":\"iothub\",\"acceptingIpFilterRule\":null}","connectionDeviceGenerationId":"638052891151821842","connectionDeviceId":"IOTDevice_8_2","contentEncoding":"utf-8","contentType":"application/json","enqueuedTime":"2022-10-19 18:00:00"}}
{"Body":{"Status":true,"Timestamp":"2022-10-19 18:00:00","pressure":"92.6304406193793"},"EnqueuedTimeUtc":"2022-10-19 18:00:00","Properties":{"messagetype":"Demo"},"SystemProperties":{"connectionAuthMethod":"{\"scope\":\"device\",\"type\":\"sas\",\"issuer\":\"iothub\",\"acceptingIpFilterRule\":null}","connectionDeviceGenerationId":"638052891151821842","connectionDeviceId":"IOTDevice_8_3","contentEncoding":"utf-8","contentType":"application/json","enqueuedTime":"2022-10-19 18:00:00"}}
{"Body":{"Status":true,"Timestamp":"2022-10-19 18:00:00","vibration":"50.8634172757913"},"EnqueuedTimeUtc":"2022-10-19 18:00:00","Properties":{"messagetype":"Demo"},"SystemProperties":{"connectionAuthMethod":"{\"scope\":\"device\",\"type\":\"sas\",\"issuer\":\"iothub\",\"acceptingIpFilterRule\":null}","connectionDeviceGenerationId":"638052891151821842","connectionDeviceId":"IOTDevice_8_4","contentEncoding":"utf-8","contentType":"application/json","enqueuedTime":"2022-10-19 18:00:00"}}
{"Body":{"Status":true,"Timestamp":"2022-10-19 19:00:00","volt":"165.117215902061"},"EnqueuedTimeUtc":"2022-10-19 19:00:00","Properties":{"messagetype":"Demo"},"SystemProperties":{"connectionAuthMethod":"{\"scope\":\"device\",\"type\":\"sas\",\"issuer\":\"iothub\",\"acceptingIpFilterRule\":null}","connectionDeviceGenerationId":"638052891151821842","connectionDeviceId":"IOTDevice_8_1","contentEncoding":"utf-8","contentType":"application/json","enqueuedTime":"2022-10-19 19:00:00"}}
{"Body":{"Status":true,"Timestamp":"2022-10-19 19:00:00","rotate":"410.342638712951"},"EnqueuedTimeUtc":"2022-10-19 19:00:00","Properties":{"messagetype":"Demo"},"SystemProperties":{"connectionAuthMethod":"{\"scope\":\"device\",\"type\":\"sas\",\"issuer\":\"iothub\",\"acceptingIpFilterRule\":null}","connectionDeviceGenerationId":"638052891151821842","connectionDeviceId":"IOTDevice_8_2","contentEncoding":"utf-8","contentType":"application/json","enqueuedTime":"2022-10-19 19:00:00"}}
{"Body":{"Status":true,"Timestamp":"2022-10-19 19:00:00","pressure":"98.4709769662135"},"EnqueuedTimeUtc":"2022-10-19 19:00:00","Properties":{"messagetype":"Demo"},"SystemProperties":{"connectionAuthMethod":"{\"scope\":\"device\",\"type\":\"sas\",\"issuer\":\"iothub\",\"acceptingIpFilterRule\":null}","connectionDeviceGenerationId":"638052891151821842","connectionDeviceId":"IOTDevice_8_3","contentEncoding":"utf-8","contentType":"application/json","enqueuedTime":"2022-10-19 19:00:00"}}
{"Body":{"Status":true,"Timestamp":"2022-10-19 19:00:00","vibration":"41.9993532862038"},"EnqueuedTimeUtc":"2022-10-19 19:00:00","Properties":{"messagetype":"Demo"},"SystemProperties":{"connectionAuthMethod":"{\"scope\":\"device\",\"type\":\"sas\",\"issuer\":\"iothub\",\"acceptingIpFilterRule\":null}","connectionDeviceGenerationId":"638052891151821842","connectionDeviceId":"IOTDevice_8_4","contentEncoding":"utf-8","contentType":"application/json","enqueuedTime":"2022-10-19 19:00:00"}}
{"Body":{"Status":true,"Timestamp":"2022-10-19 20:00:00","volt":"172.946496193402"},"EnqueuedTimeUtc":"2022-10-19 20:00:00","Properties":{"messagetype":"Demo"},"SystemProperties":{"connectionAuthMethod":"{\"scope\":\"device\",\"type\":\"sas\",\"issuer\":\"iothub\",\"acceptingIpFilterRule\":null}","connectionDeviceGenerationId":"638052891151821842","connectionDeviceId":"IOTDevice_8_1","contentEncoding":"utf-8","contentType":"application/json","enqueuedTime":"2022-10-19 20:00:00"}}
{"Body":{"Status":true,"Timestamp":"2022-10-19 20:00:00","rotate":"416.979980543005"},"EnqueuedTimeUtc":"2022-10-19 20:00:00","Properties":{"messagetype":"Demo"},"SystemProperties":{"connectionAuthMethod":"{\"scope\":\"device\",\"type\":\"sas\",\"issuer\":\"iothub\",\"acceptingIpFilterRule\":null}","connectionDeviceGenerationId":"638052891151821842","connectionDeviceId":"IOTDevice_8_2","contentEncoding":"utf-8","contentType":"application/json","enqueuedTime":"2022-10-19 20:00:00"}}
{"Body":{"Status":true,"Timestamp":"2022-10-19 20:00:00","pressure":"89.6707546298795"},"EnqueuedTimeUtc":"2022-10-19 20:00:00","Properties":{"messagetype":"Demo"},"SystemProperties":{"connectionAuthMethod":"{\"scope\":\"device\",\"type\":\"sas\",\"issuer\":\"iothub\",\"acceptingIpFilterRule\":null}","connectionDeviceGenerationId":"638052891151821842","connectionDeviceId":"IOTDevice_8_3","contentEncoding":"utf-8","contentType":"application/json","enqueuedTime":"2022-10-19 20:00:00"}}
{"Body":{"Status":true,"Timestamp":"2022-10-19 20:00:00","vibration":"43.2524334612886"},"EnqueuedTimeUtc":"2022-10-19 20:00:00","Properties":{"messagetype":"Demo"},"SystemProperties":{"connectionAuthMethod":"{\"scope\":\"device\",\"type\":\"sas\",\"issuer\":\"iothub\",\"acceptingIpFilterRule\":null}","connectionDeviceGenerationId":"638052891151821842","connectionDeviceId":"IOTDevice_8_4","contentEncoding":"utf-8","contentType":"application/json","enqueuedTime":"2022-10-19 20:00:00"}}
{"Body":{"Status":true,"Timestamp":"2022-10-19 21:00:00","volt":"181.634251192711"},"EnqueuedTimeUtc":"2022-10-19 21:00:00","Properties":{"messagetype":"Demo"},"SystemProperties":{"connectionAuthMethod":"{\"scope\":\"device\",\"type\":\"sas\",\"issuer\":\"iothub\",\"acceptingIpFilterRule\":null}","connectionDeviceGenerationId":"638052891151821842","connectionDeviceId":"IOTDevice_8_1","contentEncoding":"utf-8","contentType":"application/json","enqueuedTime":"2022-10-19 21:00:00"}}
{"Body":{"Status":true,"Timestamp":"2022-10-19 21:00:00","rotate":"540.415331430034"},"EnqueuedTimeUtc":"2022-10-19 21:00:00","Properties":{"messagetype":"Demo"},"SystemProperties":{"connectionAuthMethod":"{\"scope\":\"device\",\"type\":\"sas\",\"issuer\":\"iothub\",\"acceptingIpFilterRule\":null}","connectionDeviceGenerationId":"638052891151821842","connectionDeviceId":"IOTDevice_8_2","contentEncoding":"utf-8","contentType":"application/json","enqueuedTime":"2022-10-19 21:00:00"}}
{"Body":{"Status":true,"Timestamp":"2022-10-19 21:00:00","pressure":"89.656584625765"},"EnqueuedTimeUtc":"2022-10-19 21:00:00","Properties":{"messagetype":"Demo"},"SystemProperties":{"connectionAuthMethod":"{\"scope\":\"device\",\"type\":\"sas\",\"issuer\":\"iothub\",\"acceptingIpFilterRule\":null}","connectionDeviceGenerationId":"638052891151821842","connectionDeviceId":"IOTDevice_8_3","contentEncoding":"utf-8","contentType":"application/json","enqueuedTime":"2022-10-19 21:00:00"}}
{"Body":{"Status":true,"Timestamp":"2022-10-19 21:00:00","vibration":"46.173464979455"},"EnqueuedTimeUtc":"2022-10-19 21:00:00","Properties":{"messagetype":"Demo"},"SystemProperties":{"connectionAuthMethod":"{\"scope\":\"device\",\"type\":\"sas\",\"issuer\":\"iothub\",\"acceptingIpFilterRule\":null}","connectionDeviceGenerationId":"638052891151821842","connectionDeviceId":"IOTDevice_8_4","contentEncoding":"utf-8","contentType":"application/json","enqueuedTime":"2022-10-19 21:00:00"}}
{"Body":{"Status":true,"Timestamp":"2022-10-19 22:00:00","volt":"150.770486446852"},"EnqueuedTimeUtc":"2022-10-19 22:00:00","Properties":{"messagetype":"Demo"},"SystemProperties":{"connectionAuthMethod":"{\"scope\":\"device\",\"type\":\"sas\",\"issuer\":\"iothub\",\"acceptingIpFilterRule\":null}","connectionDeviceGenerationId":"638052891151821842","connectionDeviceId":"IOTDevice_8_1","contentEncoding":"utf-8","contentType":"application/json","enqueuedTime":"2022-10-19 22:00:00"}}
{"Body":{"Status":true,"Timestamp":"2022-10-19 22:00:00","rotate":"544.056475893087"},"EnqueuedTimeUtc":"2022-10-19 22:00:00","Properties":{"messagetype":"Demo"},"SystemProperties":{"connectionAuthMethod":"{\"scope\":\"device\",\"type\":\"sas\",\"issuer\":\"iothub\",\"acceptingIpFilterRule\":null}","connectionDeviceGenerationId":"638052891151821842","connectionDeviceId":"IOTDevice_8_2","contentEncoding":"utf-8","contentType":"application/json","enqueuedTime":"2022-10-19 22:00:00"}}
{"Body":{"Status":true,"Timestamp":"2022-10-19 22:00:00","pressure":"85.1345912867683"},"EnqueuedTimeUtc":"2022-10-19 22:00:00","Properties":{"messagetype":"Demo"},"SystemProperties":{"connectionAuthMethod":"{\"scope\":\"device\",\"type\":\"sas\",\"issuer\":\"iothub\",\"acceptingIpFilterRule\":null}","connectionDeviceGenerationId":"638052891151821842","connectionDeviceId":"IOTDevice_8_3","contentEncoding":"utf-8","contentType":"application/json","enqueuedTime":"2022-10-19 22:00:00"}}
{"Body":{"Status":true,"Timestamp":"2022-10-19 22:00:00","vibration":"42.7299366900289"},"EnqueuedTimeUtc":"2022-10-19 22:00:00","Properties":{"messagetype":"Demo"},"SystemProperties":{"connectionAuthMethod":"{\"scope\":\"device\",\"type\":\"sas\",\"issuer\":\"iothub\",\"acceptingIpFilterRule\":null}","connectionDeviceGenerationId":"638052891151821842","connectionDeviceId":"IOTDevice_8_4","contentEncoding":"utf-8","contentType":"application/json","enqueuedTime":"2022-10-19 22:00:00"}}
{"Body":{"Status":true,"Timestamp":"2022-10-19 23:00:00","volt":"140.510078799015"},"EnqueuedTimeUtc":"2022-10-19 23:00:00","Properties":{"messagetype":"Demo"},"SystemProperties":{"connectionAuthMethod":"{\"scope\":\"device\",\"type\":\"sas\",\"issuer\":\"iothub\",\"acceptingIpFilterRule\":null}","connectionDeviceGenerationId":"638052891151821842","connectionDeviceId":"IOTDevice_8_1","contentEncoding":"utf-8","contentType":"application/json","enqueuedTime":"2022-10-19 23:00:00"}}
{"Body":{"Status":true,"Timestamp":"2022-10-19 23:00:00","rotate":"448.989718166345"},"EnqueuedTimeUtc":"2022-10-19 23:00:00","Properties":{"messagetype":"Demo"},"SystemProperties":{"connectionAuthMethod":"{\"scope\":\"device\",\"type\":\"sas\",\"issuer\":\"iothub\",\"acceptingIpFilterRule\":null}","connectionDeviceGenerationId":"638052891151821842","connectionDeviceId":"IOTDevice_8_2","contentEncoding":"utf-8","contentType":"application/json","enqueuedTime":"2022-10-19 23:00:00"}}
{"Body":{"Status":true,"Timestamp":"2022-10-19 23:00:00","pressure":"87.380683934679"},"EnqueuedTimeUtc":"2022-10-19 23:00:00","Properties":{"messagetype":"Demo"},"SystemProperties":{"connectionAuthMethod":"{\"scope\":\"device\",\"type\":\"sas\",\"issuer\":\"iothub\",\"acceptingIpFilterRule\":null}","connectionDeviceGenerationId":"638052891151821842","connectionDeviceId":"IOTDevice_8_3","contentEncoding":"utf-8","contentType":"application/json","enqueuedTime":"2022-10-19 23:00:00"}}
{"Body":{"Status":true,"Timestamp":"2022-10-19 23:00:00","vibration":"48.1718973936362"},"EnqueuedTimeUtc":"2022-10-19 23:00:00","Properties":{"messagetype":"Demo"},"SystemProperties":{"connectionAuthMethod":"{\"scope\":\"device\",\"type\":\"sas\",\"issuer\":\"iothub\",\"acceptingIpFilterRule\":null}","connectionDeviceGenerationId":"638052891151821842","connectionDeviceId":"IOTDevice_8_4","contentEncoding":"utf-8","contentType":"application/json","enqueuedTime":"2022-10-19 23:00:00"}}
{"Body":{"Status":true,"Timestamp":"2022-10-19 00:00:00","volt":"162.287551227746"},"EnqueuedTimeUtc":"2022-10-19 00:00:00","Properties":{"messagetype":"Demo"},"SystemProperties":{"connectionAuthMethod":"{\"scope\":\"device\",\"type\":\"sas\",\"issuer\":\"iothub\",\"acceptingIpFilterRule\":null}","connectionDeviceGenerationId":"638052891151821842","connectionDeviceId":"IOTDevice_9_1","contentEncoding":"utf-8","contentType":"application/json","enqueuedTime":"2022-10-19 00:00:00"}}
{"Body":{"Status":true,"Timestamp":"2022-10-19 00:00:00","rotate":"497.431684759237"},"EnqueuedTimeUtc":"2022-10-19 00:00:00","Properties":{"messagetype":"Demo"},"SystemProperties":{"connectionAuthMethod":"{\"scope\":\"device\",\"type\":\"sas\",\"issuer\":\"iothub\",\"acceptingIpFilterRule\":null}","connectionDeviceGenerationId":"638052891151821842","connectionDeviceId":"IOTDevice_9_2","contentEncoding":"utf-8","contentType":"application/json","enqueuedTime":"2022-10-19 00:00:00"}}
{"Body":{"Status":true,"Timestamp":"2022-10-19 00:00:00","pressure":"93.2200300672867"},"EnqueuedTimeUtc":"2022-10-19 00:00:00","Properties":{"messagetype":"Demo"},"SystemProperties":{"connectionAuthMethod":"{\"scope\":\"device\",\"type\":\"sas\",\"issuer\":\"iothub\",\"acceptingIpFilterRule\":null}","connectionDeviceGenerationId":"638052891151821842","connectionDeviceId":"IOTDevice_9_3","contentEncoding":"utf-8","contentType":"application/json","enqueuedTime":"2022-10-19 00:00:00"}}
{"Body":{"Status":true,"Timestamp":"2022-10-19 00:00:00","vibration":"35.7350732863756"},"EnqueuedTimeUtc":"2022-10-19 00:00:00","Properties":{"messagetype":"Demo"},"SystemProperties":{"connectionAuthMethod":"{\"scope\":\"device\",\"type\":\"sas\",\"issuer\":\"iothub\",\"acceptingIpFilterRule\":null}","connectionDeviceGenerationId":"638052891151821842","connectionDeviceId":"IOTDevice_9_4","contentEncoding":"utf-8","contentType":"application/json","enqueuedTime":"2022-10-19 00:00:00"}}
{"Body":{"Status":true,"Timestamp":"2022-10-19 01:00:00","volt":"173.558751451092"},"EnqueuedTimeUtc":"2022-10-19 01:00:00","Properties":{"messagetype":"Demo"},"SystemProperties":{"connectionAuthMethod":"{\"scope\":\"device\",\"type\":\"sas\",\"issuer\":\"iothub\",\"acceptingIpFilterRule\":null}","connectionDeviceGenerationId":"638052891151821842","connectionDeviceId":"IOTDevice_9_1","contentEncoding":"utf-8","contentType":"application/json","enqueuedTime":"2022-10-19 01:00:00"}}
{"Body":{"Status":true,"Timestamp":"2022-10-19 01:00:00","rotate":"495.129184514699"},"EnqueuedTimeUtc":"2022-10-19 01:00:00","Properties":{"messagetype":"Demo"},"SystemProperties":{"connectionAuthMethod":"{\"scope\":\"device\",\"type\":\"sas\",\"issuer\":\"iothub\",\"acceptingIpFilterRule\":null}","connectionDeviceGenerationId":"638052891151821842","connectionDeviceId":"IOTDevice_9_2","contentEncoding":"utf-8","contentType":"application/json","enqueuedTime":"2022-10-19 01:00:00"}}
{"Body":{"Status":true,"Timestamp":"2022-10-19 01:00:00","pressure":"100.658760733428"},"EnqueuedTimeUtc":"2022-10-19 01:00:00","Properties":{"messagetype":"Demo"},"SystemProperties":{"connectionAuthMethod":"{\"scope\":\"device\",\"type\":\"sas\",\"issuer\":\"iothub\",\"acceptingIpFilterRule\":null}","connectionDeviceGenerationId":"638052891151821842","connectionDeviceId":"IOTDevice_9_3","contentEncoding":"utf-8","contentType":"application/json","enqueuedTime":"2022-10-19 01:00:00"}}
{"Body":{"Status":true,"Timestamp":"2022-10-19 01:00:00","vibration":"36.5342934542584"},"EnqueuedTimeUtc":"2022-10-19 01:00:00","Properties":{"messagetype":"Demo"},"SystemProperties":{"connectionAuthMethod":"{\"scope\":\"device\",\"type\":\"sas\",\"issuer\":\"iothub\",\"acceptingIpFilterRule\":null}","connectionDeviceGenerationId":"638052891151821842","connectionDeviceId":"IOTDevice_9_4","contentEncoding":"utf-8","contentType":"application/json","enqueuedTime":"2022-10-19 01:00:00"}}
{"Body":{"Status":true,"Timestamp":"2022-10-19 02:00:00","volt":"180.956516472696"},"EnqueuedTimeUtc":"2022-10-19 02:00:00","Properties":{"messagetype":"Demo"},"SystemProperties":{"connectionAuthMethod":"{\"scope\":\"device\",\"type\":\"sas\",\"issuer\":\"iothub\",\"acceptingIpFilterRule\":null}","connectionDeviceGenerationId":"638052891151821842","connectionDeviceId":"IOTDevice_9_1","contentEncoding":"utf-8","contentType":"application/json","enqueuedTime":"2022-10-19 02:00:00"}}
{"Body":{"Status":true,"Timestamp":"2022-10-19 02:00:00","rotate":"344.534653245721"},"EnqueuedTimeUtc":"2022-10-19 02:00:00","Properties":{"messagetype":"Demo"},"SystemProperties":{"connectionAuthMethod":"{\"scope\":\"device\",\"type\":\"sas\",\"issuer\":\"iothub\",\"acceptingIpFilterRule\":null}","connectionDeviceGenerationId":"638052891151821842","connectionDeviceId":"IOTDevice_9_2","contentEncoding":"utf-8","contentType":"application/json","enqueuedTime":"2022-10-19 02:00:00"}}
{"Body":{"Status":true,"Timestamp":"2022-10-19 02:00:00","pressure":"95.7293466562419"},"EnqueuedTimeUtc":"2022-10-19 02:00:00","Properties":{"messagetype":"Demo"},"SystemProperties":{"connectionAuthMethod":"{\"scope\":\"device\",\"type\":\"sas\",\"issuer\":\"iothub\",\"acceptingIpFilterRule\":null}","connectionDeviceGenerationId":"638052891151821842","connectionDeviceId":"IOTDevice_9_3","contentEncoding":"utf-8","contentType":"application/json","enqueuedTime":"2022-10-19 02:00:00"}}
{"Body":{"Status":true,"Timestamp":"2022-10-19 02:00:00","vibration":"43.6030342539589"},"EnqueuedTimeUtc":"2022-10-19 02:00:00","Properties":{"messagetype":"Demo"},"SystemProperties":{"connectionAuthMethod":"{\"scope\":\"device\",\"type\":\"sas\",\"issuer\":\"iothub\",\"acceptingIpFilterRule\":null}","connectionDeviceGenerationId":"638052891151821842","connectionDeviceId":"IOTDevice_9_4","contentEncoding":"utf-8","contentType":"application/json","enqueuedTime":"2022-10-19 02:00:00"}}
