{"Body":{"Status":true,"Timestamp":"2022-10-19 21:00:00","volt":"171.925243393079"},"EnqueuedTimeUtc":"2022-10-19 21:00:00","Properties":{"messagetype":"Demo"},"SystemProperties":{"connectionAuthMethod":"{\"scope\":\"device\",\"type\":\"sas\",\"issuer\":\"iothub\",\"acceptingIpFilterRule\":null}","connectionDeviceGenerationId":"638052891151821842","connectionDeviceId":"IOTDevice_7_1","contentEncoding":"utf-8","contentType":"application/json","enqueuedTime":"2022-10-19 21:00:00"}}
{"Body":{"Status":true,"Timestamp":"2022-10-19 21:00:00","rotate":"399.1173391223"},"EnqueuedTimeUtc":"2022-10-19 21:00:00","Properties":{"messagetype":"Demo"},"SystemProperties":{"connectionAuthMethod":"{\"scope\":\"device\",\"type\":\"sas\",\"issuer\":\"iothub\",\"acceptingIpFilterRule\":null}","connectionDeviceGenerationId":"638052891151821842","connectionDeviceId":"IOTDevice_7_2","contentEncoding":"utf-8","contentType":"application/json","enqueuedTime":"2022-10-19 21:00:00"}}
{"Body":{"Status":true,"Timestamp":"2022-10-19 21:00:00","pressure":"114.694895776523"},"EnqueuedTimeUtc":"2022-10-19 21:00:00","Properties":{"messagetype":"Demo"},"SystemProperties":{"connectionAuthMethod":"{\"scope\":\"device\",\"type\":\"sas\",\"issuer\":\"iothub\",\"acceptingIpFilterRule\":null}","connectionDeviceGenerationId":"638052891151821842","connectionDeviceId":"IOTDevice_7_3","contentEncoding":"utf-8","contentType":"application/json","enqueuedTime":"2022-10-19 21:00:00"}}
{"Body":{"Status":true,"Timestamp":"2022-10-19 21:00:00","vibration":"34.3566608455882"},"EnqueuedTimeUtc":"2022-10-19 21:00:00","Properties":{"messagetype":"Demo"},"SystemProperties":{"connectionAuthMethod":"{\"scope\":\"device\",\"type\":\"sas\",\"issuer\":\"iothub\",\"acceptingIpFilterRule\":null}","connectionDeviceGenerationId":"638052891151821842","connectionDeviceId":"IOTDevice_7_4","contentEncoding":"utf-8","contentType":"application/json","enqueuedTime":"2022-10-19 21:00:00"}}
{"Body":{"Status":true,"Timestamp":"2022-10-19 22:00:00","volt":"149.163629697913"},"EnqueuedTimeUtc":"2022-10-19 22:00:00","Properties":{"messagetype":"Demo"},"SystemProperties":{"connectionAuthMethod":"{\"scope\":\"device\",\"type\":\"sas\",\"issuer\":\"iothub\",\"acceptingIpFilterRule\":null}","connectionDeviceGenerationId":"638052891151821842","connectionDeviceId":"IOTDevice_7_1","contentEncoding":"utf-8","contentType":"application/json","enqueuedTime":"2022-10-19 22:00:00"}}
{"Body":{"Status":true,"Timestamp":"2022-10-19 22:00:00","rotate":"391.726597618762"},"EnqueuedTimeUtc":"2022-10-19 22:00:00","Properties":{"messagetype":"Demo"},"SystemProperties":{"connectionAuthMethod":"{\"scope\":\"device\",\"type\":\"sas\",\"issuer\":\"iothub\",\"acceptingIpFilterRule\":null}","connectionDeviceGenerationId":"638052891151821842","connectionDeviceId":"IOTDevice_7_2","contentEncoding":"utf-8","contentType":"application/json","enqueuedTime":"2022-10-19 22:00:00"}}
{"Body":{"Status":true,"Timestamp":"2022-10-19 22:00:00","pressure":"129.042544343071"},"EnqueuedTimeUtc":"2022-10-19 22:00:00","Properties":{"messagetype":"Demo"},"SystemProperties":{"connectionAuthMethod":"{\"scope\":\"device\",\"type\":\"sas\",\"issuer\":\"iothub\",\"acceptingIpFilterRule\":null}","connectionDeviceGenerationId":"638052891151821842","connectionDeviceId":"IOTDevice_7_3","contentEncoding":"utf-8","contentType":"application/json","enqueuedTime":"2022-10-19 22:00:00"}}
{"Body":{"Status":true,"Timestamp":"2022-10-19 22:00:00","vibration":"36.173444597366"},"EnqueuedTimeUtc":"2022-10-19 22:00:00","Properties":{"messagetype":"Demo"},"SystemProperties":{"connectionAuthMethod":"{\"scope\":\"device\",\"type\":\"sas\",\"issuer\":\"iothub\",\"acceptingIpFilterRule\":null}","connectionDeviceGenerationId":"638052891151821842","connectionDeviceId":"IOTDevice_7_4","contentEncoding":"utf-8","contentType":"application/json","enqueuedTime":"2022-10-19 22:00:00"}}
{"Body":{"Status":true,"Timestamp":"2022-10-19 23:00:00","volt":"170.262584671958"},"EnqueuedTimeUtc":"2022-10-19 23:00:00","Properties":{"messagetype":"Demo"},"SystemProperties":{"connectionAuthMethod":"{\"scope\":\"device\",\"type\":\"sas\",\"issuer\":\"iothub\",\"acceptingIpFilterRule\":null}","connectionDeviceGenerationId":"638052891151821842","connectionDeviceId":"IOTDevice_7_1","contentEncoding":"utf-8","contentType":"application/json","enqueuedTime":"2022-10-19 23:00:00"}}
{"Body":{"Status":true,"Timestamp":"2022-10-19 23:00:00","rotate":"386.974335865889"},"EnqueuedTimeUtc":"2022-10-19 23:00:00","Properties":{"messagetype":"Demo"},"SystemProperties":{"connectionAuthMethod":"{\"scope\":\"device\",\"type\":\"sas\",\"issuer\":\"iothub\",\"acceptingIpFilterRule\":null}","connectionDeviceGenerationId":"638052891151821842","connectionDeviceId":"IOTDevice_7_2","contentEncoding":"utf-8","contentType":"application/json","enqueuedTime":"2022-10-19 23:00:00"}}
{"Body":{"Status":true,"Timestamp":"2022-10-19 23:00:00","pressure":"126.586640133494"},"EnqueuedTimeUtc":"2022-10-19 23:00:00","Properties":{"messagetype":"Demo"},"SystemProperties":{"connectionAuthMethod":"{\"scope\":\"device\",\"type\":\"sas\",\"issuer\":\"iothub\",\"acceptingIpFilterRule\":null}","connectionDeviceGenerationId":"638052891151821842","connectionDeviceId":"IOTDevice_7_3","contentEncoding":"utf-8","contentType":"application/json","enqueuedTime":"2022-10-19 23:00:00"}}
{"Body":{"Status":true,"Timestamp":"2022-10-19 23:00:00","vibration":"41.3238081961881"},"EnqueuedTimeUtc":"2022-10-19 23:00:00","Properties":{"messagetype":"Demo"},"SystemProperties":{"connectionAuthMethod":"{\"scope\":\"device\",\"type\":\"sas\",\"issuer\":\"iothub\",\"acceptingIpFilterRule\":null}","connectionDeviceGenerationId":"638052891151821842","connectionDeviceId":"IOTDevice_7_4","contentEncoding":"utf-8","contentType":"application/json","enqueuedTime":"2022-10-19 23:00:00"}}
{"Body":{"Status":true,"Timestamp":"2022-10-19 00:00:00","volt":"135.780847678688"},"EnqueuedTimeUtc":"2022-10-19 00:00:00","Properties":{"messagetype":"Demo"},"SystemProperties":{"connectionAuthMethod":"{\"scope\":\"device\",\"type\":\"sas\",\"issuer\":\"iothub\",\"acceptingIpFilterRule\":null}","connectionDeviceGenerationId":"638052891151821842","connectionDeviceId":"IOTDevice_8_1","contentEncoding":"utf-8","contentType":"application/json","enqueuedTime":"2022-10-19 00:00:00"}}
{"Body":{"Status":true,"Timestamp":"2022-10-19 00:00:00","rotate":"408.144662378052"},"EnqueuedTimeUtc":"2022-10-19 00:00:00","Properties":{"messagetype":"Demo"},"SystemProperties":{"connectionAuthMethod":"{\"scope\":\"device\",\"type\":\"sas\",\"issuer\":\"iothub\",\"acceptingIpFilterRule\":null}","connectionDeviceGenerationId":"638052891151821842","connectionDeviceId":"IOTDevice_8_2","contentEncoding":"utf-8","contentType":"application/json","enqueuedTime":"2022-10-19 00:00:00"}}
{"Body":{"Status":true,"Timestamp":"2022-10-19 00:00:00","pressure":"81.9095446280227"},"EnqueuedTimeUtc":"2022-10-19 00:00:00","Properties":{"messagetype":"Demo"},"SystemProperties":{"connectionAuthMethod":"{\"scope\":\"device\",\"type\":\"sas\",\"issuer\":\"iothub\",\"acceptingIpFilterRule\":null}","connectionDeviceGenerationId":"638052891151821842","connectionDeviceId":"IOTDevice_8_3","contentEncoding":"utf-8","contentType":"application/json","enqueuedTime":"2022-10-19 00:00:00"}}
{"Body":{"Status":true,"Timestamp":"2022-10-19 00:00:00","vibration":"40.4606547917558"},"EnqueuedTimeUtc":"2022-10-19 00:00:00","Properties":{"messagetype":"Demo"},"SystemProperties":{"connectionAuthMethod":"{\"scope\":\"device\",\"type\":\"sas\",\"issuer\":\"iothub\",\"acceptingIpFilterRule\":null}","connectionDeviceGenerationId":"638052891151821842","connectionDeviceId":"IOTDevice_8_4","contentEncoding":"utf-8","contentType":"application/json","enqueuedTime":"2022-10-19 00:00:00"}}
{"Body":{"Status":true,"Timestamp":"2022-10-19 01:00:00","volt":"183.57195095714"},"EnqueuedTimeUtc":"2022-10-19 01:00:00","Properties":{"messagetype":"Demo"},"SystemProperties":{"connectionAuthMethod":"{\"scope\":\"device\",\"type\":\"sas\",\"issuer\":\"iothub\",\"acceptingIpFilterRule\":null}","connectionDeviceGenerationId":"638052891151821842","connectionDeviceId":"IOTDevice_8_1","contentEncoding":"utf-8","contentType":"application/json","enqueuedTime":"2022-10-19 01:00:00"}}
{"Body":{"Status":true,"Timestamp":"2022-10-19 01:00:00","rotate":"469.523214481124"},"EnqueuedTimeUtc":"2022-10-19 01:00:00","Properties":{"messagetype":"Demo"},"SystemProperties":{"connectionAuthMethod":"{\"scope\":\"device\",\"type\":\"sas\",\"issuer\":\"iothub\",\"acceptingIpFilterRule\":null}","connectionDeviceGenerationId":"638052891151821842","connectionDeviceId":"IOTDevice_8_2","contentEncoding":"utf-8","contentType":"application/json","enqueuedTime":"2022-10-19 01:00:00"}}
{"Body":{"Status":true,"Timestamp":"2022-10-19 01:00:00","pressure":"113.019558535059"},"EnqueuedTimeUtc":"2022-10-19 01:00:00","Properties":{"messagetype":"Demo"},"SystemProperties":{"connectionAuthMethod":"{\"scope\":\"device\",\"type\":\"sas\",\"issuer\":\"iothub\",\"acceptingIpFilterRule\":null}","connectionDeviceGenerationId":"638052891151821842","connectionDeviceId":"IOTDevice_8_3","contentEncoding":"utf-8","contentType":"application/json","enqueuedTime":"2022-10-19 01:00:00"}}
{"Body":{"Status":true,"Timestamp":"2022-10-19 01:00:00","vibration":"36.6941755399232"},"EnqueuedTimeUtc":"2022-10-19 01:00:00","Properties":{"messagetype":"Demo"},"SystemProperties":{"connectionAuthMethod":"{\"scope\":\"device\",\"type\":\"sas\",\"issuer\":\"iothub\",\"acceptingIpFilterRule\":null}","connectionDeviceGenerationId":"638052891151821842","connectionDeviceId":"IOTDevice_8_4","contentEncoding":"utf-8","contentType":"application/json","enqueuedTime":"2022-10-19 01:00:00"}}
{"Body":{"Status":true,"Timestamp":"2022-10-19 02:00:00","volt":"155.455005842563"},"EnqueuedTimeUtc":"2022-10-19 02:00:00","Properties":{"messagetype":"Demo"},"SystemProperties":{"connectionAuthMethod":"{\"scope\":\"device\",\"type\":\"sas\",\"issuer\":\"iothub\",\"acceptingIpFilterRule\":null}","connectionDeviceGenerationId":"638052891151821842","connectionDeviceId":"IOTDevice_8_1","contentEncoding":"utf-8","contentType":"application/json","enqueuedTime":"2022-10-19 02:00:00"}}
{"Body":{"Status":true,"Timestamp":"2022-10-19 02:00:00","rotate":"504.789446456225"},"EnqueuedTimeUtc":"2022-10-19 02:00:00","Properties":{"messagetype":"Demo"},"SystemProperties":{"connectionAuthMethod":"{\"scope\":\"device\",\"type\":\"sas\",\"issuer\":\"iothub\",\"acceptingIpFilterRule\":null}","connectionDeviceGenerationId":"638052891151821842","connectionDeviceId":"IOTDevice_8_2","contentEncoding":"utf-8","contentType":"application/json","enqueuedTime":"2022-10-19 02:00:00"}}
{"Body":{"Status":true,"Timestamp":"2022-10-19 02:00:00","pressure":"98.4533330628768"},"EnqueuedTimeUtc":"2022-10-19 02:00:00","Properties":{"messagetype":"Demo"},"SystemProperties":{"connectionAuthMethod":"{\"scope\":\"device\",\"type\":\"sas\",\"issuer\":\"iothub\",\"acceptingIpFilterRule\":null}","connectionDeviceGenerationId":"638052891151821842","connectionDeviceId":"IOTDevice_8_3","contentEncoding":"utf-8","contentType":"application/json","enqueuedTime":"2022-10-19 02:00:00"}}
{"Body":{"Status":true,"Timestamp":"2022-10-19 02:00:00","vibration":"43.9595311495766"},"EnqueuedTimeUtc":"2022-10-19 02:00:00","Properties":{"messagetype":"Demo"},"SystemProperties":{"connectionAuthMethod":"{\"scope\":\"device\",\"type\":\"sas\",\"issuer\":\"iothub\",\"acceptingIpFilterRule\":null}","connectionDeviceGenerationId":"638052891151821842","connectionDeviceId":"IOTDevice_8_4","contentEncoding":"utf-8","contentType":"application/json","enqueuedTime":"2022-10-19 02:00:00"}}
{"Body":{"Status":true,"Timestamp":"2022-10-19 03:00:00","volt":"161.771654477993"},"EnqueuedTimeUtc":"2022-10-19 03:00:00","Properties":{"messagetype":"Demo"},"SystemProperties":{"connectionAuthMethod":"{\"scope\":\"device\",\"type\":\"sas\",\"issuer\":\"iothub\",\"acceptingIpFilterRule\":null}","connectionDeviceGenerationId":"638052891151821842","connectionDeviceId":"IOTDevice_8_1","contentEncoding":"utf-8","contentType":"application/json","enqueuedTime":"2022-10-19 03:00:00"}}
{"Body":{"Status":true,"Timestamp":"2022-10-19 03:00:00","rotate":"402.064388718488"},"EnqueuedTimeUtc":"2022-10-19 03:00:00","Properties":{"messagetype":"Demo"},"SystemProperties":{"connectionAuthMethod":"{\"scope\":\"device\",\"type\":\"sas\",\"issuer\":\"iothub\",\"acceptingIpFilterRule\":null}","connectionDeviceGenerationId":"638052891151821842","connectionDeviceId":"IOTDevice_8_2","contentEncoding":"utf-8","contentType":"application/json","enqueuedTime":"2022-10-19 03:00:00"}}
{"Body":{"Status":true,"Timestamp":"2022-10-19 03:00:00","pressure":"114.157040369645"},"EnqueuedTimeUtc":"2022-10-19 03:00:00","Properties":{"messagetype":"Demo"},"SystemProperties":{"connectionAuthMethod":"{\"scope\":\"device\",\"type\":\"sas\",\"issuer\":\"iothub\",\"acceptingIpFilterRule\":null}","connectionDeviceGenerationId":"638052891151821842","connectionDeviceId":"IOTDevice_8_3","contentEncoding":"utf-8","contentType":"application/json","enqueuedTime":"2022-10-19 03:00:00"}}
{"Body":{"Status":true,"Timestamp":"2022-10-19 03:00:00","vibration":"35.0674831104214"},"EnqueuedTimeUtc":"2022-10-19 03:00:00","Properties":{"messagetype":"Demo"},"SystemProperties":{"connectionAuthMethod":"{\"scope\":\"device\",\"type\":\"sas\",\"issuer\":\"iothub\",\"acceptingIpFilterRule\":null}","connectionDeviceGenerationId":"638052891151821842","connectionDeviceId":"IOTDevice_8_4","contentEncoding":"utf-8","contentType":"application/json","enqueuedTime":"2022-10-19 03:00:00"}}
{"Body":{"Status":true,"Timestamp":"2022-10-19 04:00:00","volt":"195.083618468335"},"EnqueuedTimeUtc":"2022-10-19 04:00:00","Properties":{"messagetype":"Demo"},"SystemProperties":{"connectionAuthMethod":"{\"scope\":\"device\",\"type\":\"sas\",\"issuer\":\"iothub\",\"acceptingIpFilterRule\":null}","connectionDeviceGenerationId":"638052891151821842","connectionDeviceId":"IOTDevice_8_1","contentEncoding":"utf-8","contentType":"application/json","enqueuedTime":"2022-10-19 04:00:00"}}
{"Body":{"Status":true,"Timestamp":"2022-10-19 04:00:00","rotate":"451.854018016146"},"EnqueuedTimeUtc":"2022-10-19 04:00:00","Properties":{"messagetype":"Demo"},"SystemProperties":{"connectionAuthMethod":"{\"scope\":\"device\",\"type\":\"sas\",\"issuer\":\"iothub\",\"acceptingIpFilterRule\":null}","connectionDeviceGenerationId":"638052891151821842","connectionDeviceId":"IOTDevice_8_2","contentEncoding":"utf-8","contentType":"application/json","enqueuedTime":"2022-10-19 04:00:00"}}
{"Body":{"Status":true,"Timestamp":"2022-10-19 04:00:00","pressure":"92.2185912691855"},"EnqueuedTimeUtc":"2022-10-19 04:00:00","Properties":{"messagetype":"Demo"},"SystemProperties":{"connectionAuthMethod":"{\"scope\":\"device\",\"type\":\"sas\",\"issuer\":\"iothub\",\"acceptingIpFilterRule\":null}","connectionDeviceGenerationId":"638052891151821842","connectionDeviceId":"IOTDevice_8_3","contentEncoding":"utf-8","contentType":"application/json","enqueuedTime":"2022-10-19 04:00:00"}}
{"Body":{"Status":true,"Timestamp":"2022-10-19 04:00:00","vibration":"40.1558169255474"},"EnqueuedTimeUtc":"2022-10-19 04:00:00","Properties":{"messagetype":"Demo"},"SystemProperties":{"connectionAuthMethod":"{\"scope\":\"device\",\"type\":\"sas\",\"issuer\":\"iothub\",\"acceptingIpFilterRule\":null}","connectionDeviceGenerationId":"638052891151821842","connectionDeviceId":"IOTDevice_8_4","contentEncoding":"utf-8","contentType":"application/json","enqueuedTime":"2022-10-19 04:00:00"}}
{"Body":{"Status":true,"Timestamp":"2022-10-19 05:00:00","volt":"191.38197286529"},"EnqueuedTimeUtc":"2022-10-19 05:00:00","Properties":{"messagetype":"Demo"},"SystemProperties":{"connectionAuthMethod":"{\"scope\":\"device\",\"type\":\"sas\",\"issuer\":\"iothub\",\"acceptingIpFilterRule\":null}","connectionDeviceGenerationId":"638052891151821842","connectionDeviceId":"IOTDevice_8_1","contentEncoding":"utf-8","contentType":"application/json","enqueuedTime":"2022-10-19 05:00:00"}}
{"Body":{"Status":true,"Timestamp":"2022-10-19 05:00:00","rotate":"407.128791114202"},"EnqueuedTimeUtc":"2022-10-19 05:00:00","Properties":{"messagetype":"Demo"},"SystemProperties":{"connectionAuthMethod":"{\"scope\":\"device\",\"type\":\"sas\",\"issuer\":\"iothub\",\"acceptingIpFilterRule\":null}","connectionDeviceGenerationId":"638052891151821842","connectionDeviceId":"IOTDevice_8_2","contentEncoding":"utf-8","contentType":"application/json","enqueuedTime":"2022-10-19 05:00:00"}}
{"Body":{"Status":true,"Timestamp":"2022-10-19 05:00:00","pressure":"112.64767799064"},"EnqueuedTimeUtc":"2022-10-19 05:00:00","Properties":{"messagetype":"Demo"},"SystemProperties":{"connectionAuthMethod":"{\"scope\":\"device\",\"type\":\"sas\",\"issuer\":\"iothub\",\"acceptingIpFilterRule\":null}","connectionDeviceGenerationId":"638052891151821842","connectionDeviceId":"IOTDevice_8_3","contentEncoding":"utf-8","contentType":"application/json","enqueuedTime":"2022-10-19 05:00:00"}}
{"Body":{"Status":true,"Timestamp":"2022-10-19 05:00:00","vibration":"39.9771709331236"},"EnqueuedTimeUtc":"2022-10-19 05:00:00","Properties":{"messagetype":"Demo"},"SystemProperties":{"connectionAuthMethod":"{\"scope\":\"device\",\"type\":\"sas\",\"issuer\":\"iothub\",\"acceptingIpFilterRule\":null}","connectionDeviceGenerationId":"638052891151821842","connectionDeviceId":"IOTDevice_8_4","contentEncoding":"utf-8","contentType":"application/json","enqueuedTime":"2022-10-19 05:00:00"}}
{"Body":{"Status":true,"Timestamp":"2022-10-19 06:00:00","volt":"177.885107372284"},"EnqueuedTimeUtc":"2022-10-19 06:00:00","Properties":{"messagetype":"Demo"},"SystemProperties":{"connectionAuthMethod":"{\"scope\":\"device\",\"type\":\"sas\",\"issuer\":\"iothub\",\"acceptingIpFilterRule\":null}","connectionDeviceGenerationId":"638052891151821842","connectionDeviceId":"IOTDevice_8_1","contentEncoding":"utf-8","contentType":"application/json","enqueuedTime":"2022-10-19 06:00:00"}}
{"Body":{"Status":true,"Timestamp":"2022-10-19 06:00:00","rotate":"428.047727657266"},"EnqueuedTimeUtc":"2022-10-19 06:00:00","Properties":{"messagetype":"Demo"},"SystemProperties":{"connectionAuthMethod":"{\"scope\":\"device\",\"type\":\"sas\",\"issuer\":\"iothub\",\"acceptingIpFilterRule\":null}","connectionDeviceGenerationId":"638052891151821842","connectionDeviceId":"IOTDevice_8_2","contentEncoding":"utf-8","contentType":"application/json","enqueuedTime":"2022-10-19 06:00:00"}}
{"Body":{"Status":true,"Timestamp":"2022-10-19 06:00:00","pressure":"105.504484844513"},"EnqueuedTimeUtc":"2022-10-19 06:00:00","Properties":{"messagetype":"Demo"},"SystemProperties":{"connectionAuthMethod":"{\"scope\":\"device\",\"type\":\"sas\",\"issuer\":\"iothub\",\"acceptingIpFilterRule\":null}","connectionDeviceGenerationId":"638052891151821842","connectionDeviceId":"IOTDevice_8_3","contentEncoding":"utf-8","contentType":"application/json","enqueuedTime":"2022-10-19 06:00:00"}}
{"Body":{"Status":true,"Timestamp":"2022-10-19 06:00:00","vibration":"25.0878014628886"},"EnqueuedTimeUtc":"2022-10-19 06:00:00","Properties":{"messagetype":"Demo"},"SystemProperties":{"connectionAuthMethod":"{\"scope\":\"device\",\"type\":\"sas\",\"issuer\":\"iothub\",\"acceptingIpFilterRule\":null}","connectionDeviceGenerationId":"638052891151821842","connectionDeviceId":"IOTDevice_8_4","contentEncoding":"utf-8","contentType":"application/json","enqueuedTime":"2022-10-19 06:00:00"}}
{"Body":{"Status":true,"Timestamp":"2022-10-19 07:00:00","volt":"178.6695134613"},"EnqueuedTimeUtc":"2022-10-19 07:00:00","Properties":{"messagetype":"Demo"},"SystemProperties":{"connectionAuthMethod":"{\"scope\":\"device\",\"type\":\"sas\",\"issuer\":\"iothub\",\"acceptingIpFilterRule\":null}","connectionDeviceGenerationId":"638052891151821842","connectionDeviceId":"IOTDevice_8_1","contentEncoding":"utf-8","contentType":"application/json","enqueuedTime":"2022-10-19 07:00:00"}}
{"Body":{"Status":true,"Timestamp":"2022-10-19 07:00:00","rotate":"489.619185647144"},"EnqueuedTimeUtc":"2022-10-19 07:00:00","Properties":{"messagetype":"Demo"},"SystemProperties":{"connectionAuthMethod":"{\"scope\":\"device\",\"type\":\"sas\",\"issuer\":\"iothub\",\"acceptingIpFilterRule\":null}","connectionDeviceGenerationId":"638052891151821842","connectionDeviceId":"IOTDevice_8_2","contentEncoding":"utf-8","contentType":"application/json","enqueuedTime":"2022-10-19 07:00:00"}}
{"Body":{"Status":true,"Timestamp":"2022-10-19 07:00:00","pressure":"97.1207896183373"},"EnqueuedTimeUtc":"2022-10-19 07:00:00","Properties":{"messagetype":"Demo"},"SystemProperties":{"connectionAuthMethod":"{\"scope\":\"device\",\"type\":\"sas\",\"issuer\":\"iothub\",\"acceptingIpFilterRule\":null}","connectionDeviceGenerationId":"638052891151821842","connectionDeviceId":"IOTDevice_8_3","contentEncoding":"utf-8","contentType":"application/json","enqueuedTime":"2022-10-19 07:00:00"}}
{"Body":{"Status":true,"Timestamp":"2022-10-19 07:00:00","vibration":"43.0603696428301"},"EnqueuedTimeUtc":"2022-10-19 07:00:00","Properties":{"messagetype":"Demo"},"SystemProperties":{"connectionAuthMethod":"{\"scope\":\"device\",\"type\":\"sas\",\"issuer\":\"iothub\",\"acceptingIpFilterRule\":null}","connectionDeviceGenerationId":"638052891151821842","connectionDeviceId":"IOTDevice_8_4","contentEncoding":"utf-8","contentType":"application/json","enqueuedTime":"2022-10-19 07:00:00"}}
{"Body":{"Status":true,"Timestamp":"2022-10-19 08:00:00","volt":"164.842882359996"},"EnqueuedTimeUtc":"2022-10-19 08:00:00","Properties":{"messagetype":"Demo"},"SystemProperties":{"connectionAuthMethod":"{\"scope\":\"device\",\"type\":\"sas\",\"issuer\":\"iothub\",\"acceptingIpFilterRule\":null}","connectionDeviceGenerationId":"638052891151821842","connectionDeviceId":"IOTDevice_8_1","contentEncoding":"utf-8","contentType":"application/json","enqueuedTime":"2022-10-19 08:00:00"}}
{"Body":{"Status":true,"Timestamp":"2022-10-19 08:00:00","rotate":"456.814678475294"},"EnqueuedTimeUtc":"2022-10-19 08:00:00","Properties":{"messagetype":"Demo"},"SystemProperties":{"connectionAuthMethod":"{\"scope\":\"device\",\"type\":\"sas\",\"issuer\":\"iothub\",\"acceptingIpFilterRule\":null}","connectionDeviceGenerationId":"638052891151821842","connectionDeviceId":"IOTDevice_8_2","contentEncoding":"utf-8","contentType":"application/json","enqueuedTime":"2022-10-19 08:00:00"}}
{"Body":{"Status":true,"Timestamp":"2022-10-19 08:00:00","pressure":"92.2900618528465"},"EnqueuedTimeUtc":"2022-10-19 08:00:00","Properties":{"messagetype":"Demo"},"SystemProperties":{"connectionAuthMethod":"{\"scope\":\"device\",\"type\":\"sas\",\"issuer\":\"iothub\",\"acceptingIpFilterRule\":null}","connectionDeviceGenerationId":"638052891151821842","connectionDeviceId":"IOTDevice_8_3","contentEncoding":"utf-8","contentType":"application/json","enqueuedTime":"2022-10-19 08:00:00"}}
{"Body":{"Status":true,"Timestamp":"2022-10-19 08:00:00","vibration":"43.2963445928328"},"EnqueuedTimeUtc":"2022-10-19 08:00:00","Properties":{"messagetype":"Demo"},"SystemProperties":{"connectionAuthMethod":"{\"scope\":\"device\",\"type\":\"sas\",\"issuer\":\"iothub\",\"acceptingIpFilterRule\":null}","connectionDeviceGenerationId":"638052891151821842","connectionDeviceId":"IOTDevice_8_4","contentEncoding":"utf-8","contentType":"application/json","enqueuedTime":"2022-10-19 08:00:00"}}
{"Body":{"Status":true,"Timestamp":"2022-10-19 09:00:00","volt":"167.696513743167"},"EnqueuedTimeUtc":"2022-10-19 09:00:00","Properties":{"messagetype":"Demo"},"SystemProperties":{"connectionAuthMethod":"{\"scope\":\"device\",\"type\":\"sas\",\"issuer\":\"iothub\",\"acceptingIpFilterRule\":null}","connectionDeviceGenerationId":"638052891151821842","connectionDeviceId":"IOTDevice_8_1","contentEncoding":"utf-8","contentType":"application/json","enqueuedTime":"2022-10-19 09:00:00"}}
{"Body":{"Status":true,"Timestamp":"2022-10-19 09:00:00","rotate":"431.147732257313"},"EnqueuedTimeUtc":"2022-10-19 09:00:00","Properties":{"messagetype":"Demo"},"SystemProperties":{"connectionAuthMethod":"{\"scope\":\"device\",\"type\":\"sas\",\"issuer\":\"iothub\",\"acceptingIpFilterRule\":null}","connectionDeviceGenerationId":"638052891151821842","connectionDeviceId":"IOTDevice_8_2","contentEncoding":"utf-8","contentType":"application/json","enqueuedTime":"2022-10-19 09:00:00"}}
{"Body":{"Status":true,"Timestamp":"2022-10-19 09:00:00","pressure":"100.790082084974"},"EnqueuedTimeUtc":"2022-10-19 09:00:00","Properties":{"messagetype":"Demo"},"SystemProperties":{"connectionAuthMethod":"{\"scope\":\"device\",\"type\":\"sas\",\"issuer\":\"iothub\",\"acceptingIpFilterRule\":null}","connectionDeviceGenerationId":"638052891151821842","connectionDeviceId":"IOTDevice_8_3","contentEncoding":"utf-8","contentType":"application/json","enqueuedTime":"2022-10-19 09:00:00"}}
{"Body":{"Status":true,"Timestamp":"2022-10-19 09:00:00","vibration":"44.8955690340557"},"EnqueuedTimeUtc":"2022-10-19 09:00:00","Properties":{"messagetype":"Demo"},"SystemProperties":{"connectionAuthMethod":"{\"scope\":\"device\",\"type\":\"sas\",\"issuer\":\"iothub\",\"acceptingIpFilterRule\":null}","connectionDeviceGenerationId":"638052891151821842","connectionDeviceId":"IOTDevice_8_4","contentEncoding":"utf-8","contentType":"application/json","enqueuedTime":"2022-10-19 09:00:00"}}
{"Body":{"Status":true,"Timestamp":"2022-10-19 10:00:00","volt":"182.678536805563"},"EnqueuedTimeUtc":"2022-10-19 10:00:00","Properties":{"messagetype":"Demo"},"SystemProperties":{"connectionAuthMethod":"{\"scope\":\"device\",\"type\":\"sas\",\"issuer\":\"iothub\",\"acceptingIpFilterRule\":null}","connectionDeviceGenerationId":"638052891151821842","connectionDeviceId":"IOTDevice_8_1","contentEncoding":"utf-8","contentType":"application/json","enqueuedTime":"2022-10-19 10:00:00"}}
{"Body":{"Status":true,"Timestamp":"2022-10-19 10:00:00","rotate":"514.946769980419"},"EnqueuedTimeUtc":"2022-10-19 10:00:00","Properties":{"messagetype":"Demo"},"SystemProperties":{"connectionAuthMethod":"{\"scope\":\"device\",\"type\":\"sas\",\"issuer\":\"iothub\",\"acceptingIpFilterRule\":null}","connectionDeviceGenerationId":"638052891151821842","connectionDeviceId":"IOTDevice_8_2","contentEncoding":"utf-8","contentType":"application/json","enqueuedTime":"2022-10-19 10:00:00"}}
{"Body":{"Status":true,"Timestamp":"2022-10-19 10:00:00","pressure":"97.2336819557396"},"EnqueuedTimeUtc":"2022-10-19 10:00:00","Properties":{"messagetype":"Demo"},"SystemProperties":{"connectionAuthMethod":"{\"scope\":\"device\",\"type\":\"sas\",\"issuer\":\"iothub\",\"acceptingIpFilterRule\":null}","connectionDeviceGenerationId":"638052891151821842","connectionDeviceId":"IOTDevice_8_3","contentEncoding":"utf-8","contentType":"application/json","enqueuedTime":"2022-10-19 10:00:00"}}
{"Body":{"Status":true,"Timestamp":"2022-10-19 10:00:00","vibration":"44.5001726802135"},"EnqueuedTimeUtc":"2022-10-19 10:00:00","Properties":{"messagetype":"Demo"},"SystemProperties":{"connectionAuthMethod":"{\"scope\":\"device\",\"type\":\"sas\",\"issuer\":\"iothub\",\"acceptingIpFilterRule\":null}","connectionDeviceGenerationId":"638052891151821842","connectionDeviceId":"IOTDevice_8_4","contentEncoding":"utf-8","contentType":"application/json","enqueuedTime":"2022-10-19 10:00:00"}}
{"Body":{"Status":true,"Timestamp":"2022-10-19 11:00:00","volt":"157.445108071861"},"EnqueuedTimeUtc":"2022-10-19 11:00:00","Properties":{"messagetype":"Demo"},"SystemProperties":{"connectionAuthMethod":"{\"scope\":\"device\",\"type\":\"sas\",\"issuer\":\"iothub\",\"acceptingIpFilterRule\":null}","connectionDeviceGenerationId":"638052891151821842","connectionDeviceId":"IOTDevice_8_1","contentEncoding":"utf-8","contentType":"application/json","enqueuedTime":"2022-10-19 11:00:00"}}
{"Body":{"Status":true,"Timestamp":"2022-10-19 11:00:00","rotate":"440.595703115607"},"EnqueuedTimeUtc":"2022-10-19 11:00:00","Properties":{"messagetype":"Demo"},"SystemProperties":{"connectionAuthMethod":"{\"scope\":\"device\",\"type\":\"sas\",\"issuer\":\"iothub\",\"acceptingIpFilterRule\":null}","connectionDeviceGenerationId":"638052891151821842","connectionDeviceId":"IOTDevice_8_2","contentEncoding":"utf-8","contentType":"application/json","enqueuedTime":"2022-10-19 11:00:00"}}
{"Body":{"Status":true,"Timestamp":"2022-10-19 11:00:00","pressure":"92.9075117355056"},"EnqueuedTimeUtc":"2022-10-19 11:00:00","Properties":{"messagetype":"Demo"},"SystemProperties":{"connectionAuthMethod":"{\"scope\":\"device\",\"type\":\"sas\",\"issuer\":\"iothub\",\"acceptingIpFilterRule\":null}","connectionDeviceGenerationId":"638052891151821842","connectionDeviceId":"IOTDevice_8_3","contentEncoding":"utf-8","contentType":"application/json","enqueuedTime":"2022-10-19 11:00:00"}}
{"Body":{"Status":true,"Timestamp":"2022-10-19 11:00:00","vibration":"40.854648172104"},"EnqueuedTimeUtc":"2022-10-19 11:00:00","Properties":{"messagetype":"Demo"},"SystemProperties":{"connectionAuthMethod":"{\"scope\":\"device\",\"type\":\"sas\",\"issuer\":\"iothub\",\"acceptingIpFilterRule\":null}","connectionDeviceGenerationId":"638052891151821842","connectionDeviceId":"IOTDevice_8_4","contentEncoding":"utf-8","contentType":"application/json","enqueuedTime":"2022-10-19 11:00:00"}}
