{"Body":{"Status":true,"Timestamp":"2022-10-18 21:00:00","volt":"161.527019172971"},"EnqueuedTimeUtc":"2022-10-18 21:00:00","Properties":{"messagetype":"Demo"},"SystemProperties":{"connectionAuthMethod":"{\"scope\":\"device\",\"type\":\"sas\",\"issuer\":\"iothub\",\"acceptingIpFilterRule\":null}","connectionDeviceGenerationId":"638052891151821842","connectionDeviceId":"IOTDevice_7_1","contentEncoding":"utf-8","contentType":"application/json","enqueuedTime":"2022-10-18 21:00:00"}}
{"Body":{"Status":true,"Timestamp":"2022-10-18 21:00:00","rotate":"366.140524686604"},"EnqueuedTimeUtc":"2022-10-18 21:00:00","Properties":{"messagetype":"Demo"},"SystemProperties":{"connectionAuthMethod":"{\"scope\":\"device\",\"type\":\"sas\",\"issuer\":\"iothub\",\"acceptingIpFilterRule\":null}","connectionDeviceGenerationId":"638052891151821842","connectionDeviceId":"IOTDevice_7_2","contentEncoding":"utf-8","contentType":"application/json","enqueuedTime":"2022-10-18 21:00:00"}}
{"Body":{"Status":true,"Timestamp":"2022-10-18 21:00:00","pressure":"115.944481280053"},"EnqueuedTimeUtc":"2022-10-18 21:00:00","Properties":{"messagetype":"Demo"},"SystemProperties":{"connectionAuthMethod":"{\"scope\":\"device\",\"type\":\"sas\",\"issuer\":\"iothub\",\"acceptingIpFilterRule\":null}","connectionDeviceGenerationId":"638052891151821842","connectionDeviceId":"IOTDevice_7_3","contentEncoding":"utf-8","contentType":"application/json","enqueuedTime":"2022-10-18 21:00:00"}}
{"Body":{"Status":true,"Timestamp":"2022-10-18 21:00:00","vibration":"42.2431250532953"},"EnqueuedTimeUtc":"2022-10-18 21:00:00","Properties":{"messagetype":"Demo"},"SystemProperties":{"connectionAuthMethod":"{\"scope\":\"device\",\"type\":\"sas\",\"issuer\":\"iothub\",\"acceptingIpFilterRule\":null}","connectionDeviceGenerationId":"638052891151821842","connectionDeviceId":"IOTDevice_7_4","contentEncoding":"utf-8","contentType":"application/json","enqueuedTime":"2022-10-18 21:00:00"}}
{"Body":{"Status":true,"Timestamp":"2022-10-18 22:00:00","volt":"190.984900370124"},"EnqueuedTimeUtc":"2022-10-18 22:00:00","Properties":{"messagetype":"Demo"},"SystemProperties":{"connectionAuthMethod":"{\"scope\":\"device\",\"type\":\"sas\",\"issuer\":\"iothub\",\"acceptingIpFilterRule\":null}","connectionDeviceGenerationId":"638052891151821842","connectionDeviceId":"IOTDevice_7_1","contentEncoding":"utf-8","contentType":"application/json","enqueuedTime":"2022-10-18 22:00:00"}}
{"Body":{"Status":true,"Timestamp":"2022-10-18 22:00:00","rotate":"413.083048312592"},"EnqueuedTimeUtc":"2022-10-18 22:00:00","Properties":{"messagetype":"Demo"},"SystemProperties":{"connectionAuthMethod":"{\"scope\":\"device\",\"type\":\"sas\",\"issuer\":\"iothub\",\"acceptingIpFilterRule\":null}","connectionDeviceGenerationId":"638052891151821842","connectionDeviceId":"IOTDevice_7_2","contentEncoding":"utf-8","contentType":"application/json","enqueuedTime":"2022-10-18 22:00:00"}}
{"Body":{"Status":true,"Timestamp":"2022-10-18 22:00:00","pressure":"100.726849647816"},"EnqueuedTimeUtc":"2022-10-18 22:00:00","Properties":{"messagetype":"Demo"},"SystemProperties":{"connectionAuthMethod":"{\"scope\":\"device\",\"type\":\"sas\",\"issuer\":\"iothub\",\"acceptingIpFilterRule\":null}","connectionDeviceGenerationId":"638052891151821842","connectionDeviceId":"IOTDevice_7_3","contentEncoding":"utf-8","contentType":"application/json","enqueuedTime":"2022-10-18 22:00:00"}}
{"Body":{"Status":true,"Timestamp":"2022-10-18 22:00:00","vibration":"28.9975071256424"},"EnqueuedTimeUtc":"2022-10-18 22:00:00","Properties":{"messagetype":"Demo"},"SystemProperties":{"connectionAuthMethod":"{\"scope\":\"device\",\"type\":\"sas\",\"issuer\":\"iothub\",\"acceptingIpFilterRule\":null}","connectionDeviceGenerationId":"638052891151821842","connectionDeviceId":"IOTDevice_7_4","contentEncoding":"utf-8","contentType":"application/json","enqueuedTime":"2022-10-18 22:00:00"}}
{"Body":{"Status":true,"Timestamp":"2022-10-18 23:00:00","volt":"190.881819569685"},"EnqueuedTimeUtc":"2022-10-18 23:00:00","Properties":{"messagetype":"Demo"},"SystemProperties":{"connectionAuthMethod":"{\"scope\":\"device\",\"type\":\"sas\",\"issuer\":\"iothub\",\"acceptingIpFilterRule\":null}","connectionDeviceGenerationId":"638052891151821842","connectionDeviceId":"IOTDevice_7_1","contentEncoding":"utf-8","contentType":"application/json","enqueuedTime":"2022-10-18 23:00:00"}}
{"Body":{"Status":true,"Timestamp":"2022-10-18 23:00:00","rotate":"440.666716921917"},"EnqueuedTimeUtc":"2022-10-18 23:00:00","Properties":{"messagetype":"Demo"},"SystemProperties":{"connectionAuthMethod":"{\"scope\":\"device\",\"type\":\"sas\",\"issuer\":\"iothub\",\"acceptingIpFilterRule\":null}","connectionDeviceGenerationId":"638052891151821842","connectionDeviceId":"IOTDevice_7_2","contentEncoding":"utf-8","contentType":"application/json","enqueuedTime":"2022-10-18 23:00:00"}}
{"Body":{"Status":true,"Timestamp":"2022-10-18 23:00:00","pressure":"102.1415574783"},"EnqueuedTimeUtc":"2022-10-18 23:00:00","Properties":{"messagetype":"Demo"},"SystemProperties":{"connectionAuthMethod":"{\"scope\":\"device\",\"type\":\"sas\",\"issuer\":\"iothub\",\"acceptingIpFilterRule\":null}","connectionDeviceGenerationId":"638052891151821842","connectionDeviceId":"IOTDevice_7_3","contentEncoding":"utf-8","contentType":"application/json","enqueuedTime":"2022-10-18 23:00:00"}}
{"Body":{"Status":true,"Timestamp":"2022-10-18 23:00:00","vibration":"37.4052527505236"},"EnqueuedTimeUtc":"2022-10-18 23:00:00","Properties":{"messagetype":"Demo"},"SystemProperties":{"connectionAuthMethod":"{\"scope\":\"device\",\"type\":\"sas\",\"issuer\":\"iothub\",\"acceptingIpFilterRule\":null}","connectionDeviceGenerationId":"638052891151821842","connectionDeviceId":"IOTDevice_7_4","contentEncoding":"utf-8","contentType":"application/json","enqueuedTime":"2022-10-18 23:00:00"}}
{"Body":{"Status":true,"Timestamp":"2022-10-18 00:00:00","volt":"167.627893767024"},"EnqueuedTimeUtc":"2022-10-18 00:00:00","Properties":{"messagetype":"Demo"},"SystemProperties":{"connectionAuthMethod":"{\"scope\":\"device\",\"type\":\"sas\",\"issuer\":\"iothub\",\"acceptingIpFilterRule\":null}","connectionDeviceGenerationId":"638052891151821842","connectionDeviceId":"IOTDevice_8_1","contentEncoding":"utf-8","contentType":"application/json","enqueuedTime":"2022-10-18 00:00:00"}}
{"Body":{"Status":true,"Timestamp":"2022-10-18 00:00:00","rotate":"404.289249926245"},"EnqueuedTimeUtc":"2022-10-18 00:00:00","Properties":{"messagetype":"Demo"},"SystemProperties":{"connectionAuthMethod":"{\"scope\":\"device\",\"type\":\"sas\",\"issuer\":\"iothub\",\"acceptingIpFilterRule\":null}","connectionDeviceGenerationId":"638052891151821842","connectionDeviceId":"IOTDevice_8_2","contentEncoding":"utf-8","contentType":"application/json","enqueuedTime":"2022-10-18 00:00:00"}}
{"Body":{"Status":true,"Timestamp":"2022-10-18 00:00:00","pressure":"115.089887419063"},"EnqueuedTimeUtc":"2022-10-18 00:00:00","Properties":{"messagetype":"Demo"},"SystemProperties":{"connectionAuthMethod":"{\"scope\":\"device\",\"type\":\"sas\",\"issuer\":\"iothub\",\"acceptingIpFilterRule\":null}","connectionDeviceGenerationId":"638052891151821842","connectionDeviceId":"IOTDevice_8_3","contentEncoding":"utf-8","contentType":"application/json","enqueuedTime":"2022-10-18 00:00:00"}}
{"Body":{"Status":true,"Timestamp":"2022-10-18 00:00:00","vibration":"34.4899945304931"},"EnqueuedTimeUtc":"2022-10-18 00:00:00","Properties":{"messagetype":"Demo"},"SystemProperties":{"connectionAuthMethod":"{\"scope\":\"device\",\"type\":\"sas\",\"issuer\":\"iothub\",\"acceptingIpFilterRule\":null}","connectionDeviceGenerationId":"638052891151821842","connectionDeviceId":"IOTDevice_8_4","contentEncoding":"utf-8","contentType":"application/json","enqueuedTime":"2022-10-18 00:00:00"}}
{"Body":{"Status":true,"Timestamp":"2022-10-18 01:00:00","volt":"156.233412834471"},"EnqueuedTimeUtc":"2022-10-18 01:00:00","Properties":{"messagetype":"Demo"},"SystemProperties":{"connectionAuthMethod":"{\"scope\":\"device\",\"type\":\"sas\",\"issuer\":\"iothub\",\"acceptingIpFilterRule\":null}","connectionDeviceGenerationId":"638052891151821842","connectionDeviceId":"IOTDevice_8_1","contentEncoding":"utf-8","contentType":"application/json","enqueuedTime":"2022-10-18 01:00:00"}}
{"Body":{"Status":true,"Timestamp":"2022-10-18 01:00:00","rotate":"445.155207359347"},"EnqueuedTimeUtc":"2022-10-18 01:00:00","Properties":{"messagetype":"Demo"},"SystemProperties":{"connectionAuthMethod":"{\"scope\":\"device\",\"type\":\"sas\",\"issuer\":\"iothub\",\"acceptingIpFilterRule\":null}","connectionDeviceGenerationId":"638052891151821842","connectionDeviceId":"IOTDevice_8_2","contentEncoding":"utf-8","contentType":"application/json","enqueuedTime":"2022-10-18 01:00:00"}}
{"Body":{"Status":true,"Timestamp":"2022-10-18 01:00:00","pressure":"104.450645582201"},"EnqueuedTimeUtc":"2022-10-18 01:00:00","Properties":{"messagetype":"Demo"},"SystemProperties":{"connectionAuthMethod":"{\"scope\":\"device\",\"type\":\"sas\",\"issuer\":\"iothub\",\"acceptingIpFilterRule\":null}","connectionDeviceGenerationId":"638052891151821842","connectionDeviceId":"IOTDevice_8_3","contentEncoding":"utf-8","contentType":"application/json","enqueuedTime":"2022-10-18 01:00:00"}}
{"Body":{"Status":true,"Timestamp":"2022-10-18 01:00:00","vibration":"36.2195222199069"},"EnqueuedTimeUtc":"2022-10-18 01:00:00","Properties":{"messagetype":"Demo"},"SystemProperties":{"connectionAuthMethod":"{\"scope\":\"device\",\"type\":\"sas\",\"issuer\":\"iothub\",\"acceptingIpFilterRule\":null}","connectionDeviceGenerationId":"638052891151821842","connectionDeviceId":"IOTDevice_8_4","contentEncoding":"utf-8","contentType":"application/json","enqueuedTime":"2022-10-18 01:00:00"}}
{"Body":{"Status":true,"Timestamp":"2022-10-18 02:00:00","volt":"196.647906693628"},"EnqueuedTimeUtc":"2022-10-18 02:00:00","Properties":{"messagetype":"Demo"},"SystemProperties":{"connectionAuthMethod":"{\"scope\":\"device\",\"type\":\"sas\",\"issuer\":\"iothub\",\"acceptingIpFilterRule\":null}","connectionDeviceGenerationId":"638052891151821842","connectionDeviceId":"IOTDevice_8_1","contentEncoding":"utf-8","contentType":"application/json","enqueuedTime":"2022-10-18 02:00:00"}}
{"Body":{"Status":true,"Timestamp":"2022-10-18 02:00:00","rotate":"510.589467530103"},"EnqueuedTimeUtc":"2022-10-18 02:00:00","Properties":{"messagetype":"Demo"},"SystemProperties":{"connectionAuthMethod":"{\"scope\":\"device\",\"type\":\"sas\",\"issuer\":\"iothub\",\"acceptingIpFilterRule\":null}","connectionDeviceGenerationId":"638052891151821842","connectionDeviceId":"IOTDevice_8_2","contentEncoding":"utf-8","contentType":"application/json","enqueuedTime":"2022-10-18 02:00:00"}}
{"Body":{"Status":true,"Timestamp":"2022-10-18 02:00:00","pressure":"89.7486690402187"},"EnqueuedTimeUtc":"2022-10-18 02:00:00","Properties":{"messagetype":"Demo"},"SystemProperties":{"connectionAuthMethod":"{\"scope\":\"device\",\"type\":\"sas\",\"issuer\":\"iothub\",\"acceptingIpFilterRule\":null}","connectionDeviceGenerationId":"638052891151821842","connectionDeviceId":"IOTDevice_8_3","contentEncoding":"utf-8","contentType":"application/json","enqueuedTime":"2022-10-18 02:00:00"}}
{"Body":{"Status":true,"Timestamp":"2022-10-18 02:00:00","vibration":"41.085668798699"},"EnqueuedTimeUtc":"2022-10-18 02:00:00","Properties":{"messagetype":"Demo"},"SystemProperties":{"connectionAuthMethod":"{\"scope\":\"device\",\"type\":\"sas\",\"issuer\":\"iothub\",\"acceptingIpFilterRule\":null}","connectionDeviceGenerationId":"638052891151821842","connectionDeviceId":"IOTDevice_8_4","contentEncoding":"utf-8","contentType":"application/json","enqueuedTime":"2022-10-18 02:00:00"}}
{"Body":{"Status":true,"Timestamp":"2022-10-18 03:00:00","volt":"174.520893090111"},"EnqueuedTimeUtc":"2022-10-18 03:00:00","Properties":{"messagetype":"Demo"},"SystemProperties":{"connectionAuthMethod":"{\"scope\":\"device\",\"type\":\"sas\",\"issuer\":\"iothub\",\"acceptingIpFilterRule\":null}","connectionDeviceGenerationId":"638052891151821842","connectionDeviceId":"IOTDevice_8_1","contentEncoding":"utf-8","contentType":"application/json","enqueuedTime":"2022-10-18 03:00:00"}}
{"Body":{"Status":true,"Timestamp":"2022-10-18 03:00:00","rotate":"445.079438392949"},"EnqueuedTimeUtc":"2022-10-18 03:00:00","Properties":{"messagetype":"Demo"},"SystemProperties":{"connectionAuthMethod":"{\"scope\":\"device\",\"type\":\"sas\",\"issuer\":\"iothub\",\"acceptingIpFilterRule\":null}","connectionDeviceGenerationId":"638052891151821842","connectionDeviceId":"IOTDevice_8_2","contentEncoding":"utf-8","contentType":"application/json","enqueuedTime":"2022-10-18 03:00:00"}}
{"Body":{"Status":true,"Timestamp":"2022-10-18 03:00:00","pressure":"93.6892137992323"},"EnqueuedTimeUtc":"2022-10-18 03:00:00","Properties":{"messagetype":"Demo"},"SystemProperties":{"connectionAuthMethod":"{\"scope\":\"device\",\"type\":\"sas\",\"issuer\":\"iothub\",\"acceptingIpFilterRule\":null}","connectionDeviceGenerationId":"638052891151821842","connectionDeviceId":"IOTDevice_8_3","contentEncoding":"utf-8","contentType":"application/json","enqueuedTime":"2022-10-18 03:00:00"}}
{"Body":{"Status":true,"Timestamp":"2022-10-18 03:00:00","vibration":"42.1913929839324"},"EnqueuedTimeUtc":"2022-10-18 03:00:00","Properties":{"messagetype":"Demo"},"SystemProperties":{"connectionAuthMethod":"{\"scope\":\"device\",\"type\":\"sas\",\"issuer\":\"iothub\",\"acceptingIpFilterRule\":null}","connectionDeviceGenerationId":"638052891151821842","connectionDeviceId":"IOTDevice_8_4","contentEncoding":"utf-8","contentType":"application/json","enqueuedTime":"2022-10-18 03:00:00"}}
{"Body":{"Status":true,"Timestamp":"2022-10-18 04:00:00","volt":"157.866196005627"},"EnqueuedTimeUtc":"2022-10-18 04:00:00","Properties":{"messagetype":"Demo"},"SystemProperties":{"connectionAuthMethod":"{\"scope\":\"device\",\"type\":\"sas\",\"issuer\":\"iothub\",\"acceptingIpFilterRule\":null}","connectionDeviceGenerationId":"638052891151821842","connectionDeviceId":"IOTDevice_8_1","contentEncoding":"utf-8","contentType":"application/json","enqueuedTime":"2022-10-18 04:00:00"}}
{"Body":{"Status":true,"Timestamp":"2022-10-18 04:00:00","rotate":"460.115435290715"},"EnqueuedTimeUtc":"2022-10-18 04:00:00","Properties":{"messagetype":"Demo"},"SystemProperties":{"connectionAuthMethod":"{\"scope\":\"device\",\"type\":\"sas\",\"issuer\":\"iothub\",\"acceptingIpFilterRule\":null}","connectionDeviceGenerationId":"638052891151821842","connectionDeviceId":"IOTDevice_8_2","contentEncoding":"utf-8","contentType":"application/json","enqueuedTime":"2022-10-18 04:00:00"}}
{"Body":{"Status":true,"Timestamp":"2022-10-18 04:00:00","pressure":"92.2559900186177"},"EnqueuedTimeUtc":"2022-10-18 04:00:00","Properties":{"messagetype":"Demo"},"SystemProperties":{"connectionAuthMethod":"{\"scope\":\"device\",\"type\":\"sas\",\"issuer\":\"iothub\",\"acceptingIpFilterRule\":null}","connectionDeviceGenerationId":"638052891151821842","connectionDeviceId":"IOTDevice_8_3","contentEncoding":"utf-8","contentType":"application/json","enqueuedTime":"2022-10-18 04:00:00"}}
{"Body":{"Status":true,"Timestamp":"2022-10-18 04:00:00","vibration":"37.3734884907209"},"EnqueuedTimeUtc":"2022-10-18 04:00:00","Properties":{"messagetype":"Demo"},"SystemProperties":{"connectionAuthMethod":"{\"scope\":\"device\",\"type\":\"sas\",\"issuer\":\"iothub\",\"acceptingIpFilterRule\":null}","connectionDeviceGenerationId":"638052891151821842","connectionDeviceId":"IOTDevice_8_4","contentEncoding":"utf-8","contentType":"application/json","enqueuedTime":"2022-10-18 04:00:00"}}
{"Body":{"Status":true,"Timestamp":"2022-10-18 05:00:00","volt":"159.64391010111"},"EnqueuedTimeUtc":"2022-10-18 05:00:00","Properties":{"messagetype":"Demo"},"SystemProperties":{"connectionAuthMethod":"{\"scope\":\"device\",\"type\":\"sas\",\"issuer\":\"iothub\",\"acceptingIpFilterRule\":null}","connectionDeviceGenerationId":"638052891151821842","connectionDeviceId":"IOTDevice_8_1","contentEncoding":"utf-8","contentType":"application/json","enqueuedTime":"2022-10-18 05:00:00"}}
{"Body":{"Status":true,"Timestamp":"2022-10-18 05:00:00","rotate":"454.195203705919"},"EnqueuedTimeUtc":"2022-10-18 05:00:00","Properties":{"messagetype":"Demo"},"SystemProperties":{"connectionAuthMethod":"{\"scope\":\"device\",\"type\":\"sas\",\"issuer\":\"iothub\",\"acceptingIpFilterRule\":null}","connectionDeviceGenerationId":"638052891151821842","connectionDeviceId":"IOTDevice_8_2","contentEncoding":"utf-8","contentType":"application/json","enqueuedTime":"2022-10-18 05:00:00"}}
{"Body":{"Status":true,"Timestamp":"2022-10-18 05:00:00","pressure":"112.325637891606"},"EnqueuedTimeUtc":"2022-10-18 05:00:00","Properties":{"messagetype":"Demo"},"SystemProperties":{"connectionAuthMethod":"{\"scope\":\"device\",\"type\":\"sas\",\"issuer\":\"iothub\",\"acceptingIpFilterRule\":null}","connectionDeviceGenerationId":"638052891151821842","connectionDeviceId":"IOTDevice_8_3","contentEncoding":"utf-8","contentType":"application/json","enqueuedTime":"2022-10-18 05:00:00"}}
{"Body":{"Status":true,"Timestamp":"2022-10-18 05:00:00","vibration":"30.4405647927122"},"EnqueuedTimeUtc":"2022-10-18 05:00:00","Properties":{"messagetype":"Demo"},"SystemProperties":{"connectionAuthMethod":"{\"scope\":\"device\",\"type\":\"sas\",\"issuer\":\"iothub\",\"acceptingIpFilterRule\":null}","connectionDeviceGenerationId":"638052891151821842","connectionDeviceId":"IOTDevice_8_4","contentEncoding":"utf-8","contentType":"application/json","enqueuedTime":"2022-10-18 05:00:00"}}
{"Body":{"Status":true,"Timestamp":"2022-10-18 06:00:00","volt":"135.232264525189"},"EnqueuedTimeUtc":"2022-10-18 06:00:00","Properties":{"messagetype":"Demo"},"SystemProperties":{"connectionAuthMethod":"{\"scope\":\"device\",\"type\":\"sas\",\"issuer\":\"iothub\",\"acceptingIpFilterRule\":null}","connectionDeviceGenerationId":"638052891151821842","connectionDeviceId":"IOTDevice_8_1","contentEncoding":"utf-8","contentType":"application/json","enqueuedTime":"2022-10-18 06:00:00"}}
{"Body":{"Status":true,"Timestamp":"2022-10-18 06:00:00","rotate":"485.10359899397"},"EnqueuedTimeUtc":"2022-10-18 06:00:00","Properties":{"messagetype":"Demo"},"SystemProperties":{"connectionAuthMethod":"{\"scope\":\"device\",\"type\":\"sas\",\"issuer\":\"iothub\",\"acceptingIpFilterRule\":null}","connectionDeviceGenerationId":"638052891151821842","connectionDeviceId":"IOTDevice_8_2","contentEncoding":"utf-8","contentType":"application/json","enqueuedTime":"2022-10-18 06:00:00"}}
{"Body":{"Status":true,"Timestamp":"2022-10-18 06:00:00","pressure":"106.2115181375"},"EnqueuedTimeUtc":"2022-10-18 06:00:00","Properties":{"messagetype":"Demo"},"SystemProperties":{"connectionAuthMethod":"{\"scope\":\"device\",\"type\":\"sas\",\"issuer\":\"iothub\",\"acceptingIpFilterRule\":null}","connectionDeviceGenerationId":"638052891151821842","connectionDeviceId":"IOTDevice_8_3","contentEncoding":"utf-8","contentType":"application/json","enqueuedTime":"2022-10-18 06:00:00"}}
{"Body":{"Status":true,"Timestamp":"2022-10-18 06:00:00","vibration":"32.2803280845081"},"EnqueuedTimeUtc":"2022-10-18 06:00:00","Properties":{"messagetype":"Demo"},"SystemProperties":{"connectionAuthMethod":"{\"scope\":\"device\",\"type\":\"sas\",\"issuer\":\"iothub\",\"acceptingIpFilterRule\":null}","connectionDeviceGenerationId":"638052891151821842","connectionDeviceId":"IOTDevice_8_4","contentEncoding":"utf-8","contentType":"application/json","enqueuedTime":"2022-10-18 06:00:00"}}
{"Body":{"Status":true,"Timestamp":"2022-10-18 07:00:00","volt":"163.815957427566"},"EnqueuedTimeUtc":"2022-10-18 07:00:00","Properties":{"messagetype":"Demo"},"SystemProperties":{"connectionAuthMethod":"{\"scope\":\"device\",\"type\":\"sas\",\"issuer\":\"iothub\",\"acceptingIpFilterRule\":null}","connectionDeviceGenerationId":"638052891151821842","connectionDeviceId":"IOTDevice_8_1","contentEncoding":"utf-8","contentType":"application/json","enqueuedTime":"2022-10-18 07:00:00"}}
{"Body":{"Status":true,"Timestamp":"2022-10-18 07:00:00","rotate":"466.972767898281"},"EnqueuedTimeUtc":"2022-10-18 07:00:00","Properties":{"messagetype":"Demo"},"SystemProperties":{"connectionAuthMethod":"{\"scope\":\"device\",\"type\":\"sas\",\"issuer\":\"iothub\",\"acceptingIpFilterRule\":null}","connectionDeviceGenerationId":"638052891151821842","connectionDeviceId":"IOTDevice_8_2","contentEncoding":"utf-8","contentType":"application/json","enqueuedTime":"2022-10-18 07:00:00"}}
{"Body":{"Status":true,"Timestamp":"2022-10-18 07:00:00","pressure":"115.167043188955"},"EnqueuedTimeUtc":"2022-10-18 07:00:00","Properties":{"messagetype":"Demo"},"SystemProperties":{"connectionAuthMethod":"{\"scope\":\"device\",\"type\":\"sas\",\"issuer\":\"iothub\",\"acceptingIpFilterRule\":null}","connectionDeviceGenerationId":"638052891151821842","connectionDeviceId":"IOTDevice_8_3","contentEncoding":"utf-8","contentType":"application/json","enqueuedTime":"2022-10-18 07:00:00"}}
{"Body":{"Status":true,"Timestamp":"2022-10-18 07:00:00","vibration":"39.6325932803233"},"EnqueuedTimeUtc":"2022-10-18 07:00:00","Properties":{"messagetype":"Demo"},"SystemProperties":{"connectionAuthMethod":"{\"scope\":\"device\",\"type\":\"sas\",\"issuer\":\"iothub\",\"acceptingIpFilterRule\":null}","connectionDeviceGenerationId":"638052891151821842","connectionDeviceId":"IOTDevice_8_4","contentEncoding":"utf-8","contentType":"application/json","enqueuedTime":"2022-10-18 07:00:00"}}
{"Body":{"Status":true,"Timestamp":"2022-10-18 08:00:00","volt":"190.06273490174"},"EnqueuedTimeUtc":"2022-10-18 08:00:00","Properties":{"messagetype":"Demo"},"SystemProperties":{"connectionAuthMethod":"{\"scope\":\"device\",\"type\":\"sas\",\"issuer\":\"iothub\",\"acceptingIpFilterRule\":null}","connectionDeviceGenerationId":"638052891151821842","connectionDeviceId":"IOTDevice_8_1","contentEncoding":"utf-8","contentType":"application/json","enqueuedTime":"2022-10-18 08:00:00"}}
{"Body":{"Status":true,"Timestamp":"2022-10-18 08:00:00","rotate":"383.833711518212"},"EnqueuedTimeUtc":"2022-10-18 08:00:00","Properties":{"messagetype":"Demo"},"SystemProperties":{"connectionAuthMethod":"{\"scope\":\"device\",\"type\":\"sas\",\"issuer\":\"iothub\",\"acceptingIpFilterRule\":null}","connectionDeviceGenerationId":"638052891151821842","connectionDeviceId":"IOTDevice_8_2","contentEncoding":"utf-8","contentType":"application/json","enqueuedTime":"2022-10-18 08:00:00"}}
{"Body":{"Status":true,"Timestamp":"2022-10-18 08:00:00","pressure":"101.512115901339"},"EnqueuedTimeUtc":"2022-10-18 08:00:00","Properties":{"messagetype":"Demo"},"SystemProperties":{"connectionAuthMethod":"{\"scope\":\"device\",\"type\":\"sas\",\"issuer\":\"iothub\",\"acceptingIpFilterRule\":null}","connectionDeviceGenerationId":"638052891151821842","connectionDeviceId":"IOTDevice_8_3","contentEncoding":"utf-8","contentType":"application/json","enqueuedTime":"2022-10-18 08:00:00"}}
{"Body":{"Status":true,"Timestamp":"2022-10-18 08:00:00","vibration":"39.9423184703142"},"EnqueuedTimeUtc":"2022-10-18 08:00:00","Properties":{"messagetype":"Demo"},"SystemProperties":{"connectionAuthMethod":"{\"scope\":\"device\",\"type\":\"sas\",\"issuer\":\"iothub\",\"acceptingIpFilterRule\":null}","connectionDeviceGenerationId":"638052891151821842","connectionDeviceId":"IOTDevice_8_4","contentEncoding":"utf-8","contentType":"application/json","enqueuedTime":"2022-10-18 08:00:00"}}
{"Body":{"Status":true,"Timestamp":"2022-10-18 09:00:00","volt":"194.296504531261"},"EnqueuedTimeUtc":"2022-10-18 09:00:00","Properties":{"messagetype":"Demo"},"SystemProperties":{"connectionAuthMethod":"{\"scope\":\"device\",\"type\":\"sas\",\"issuer\":\"iothub\",\"acceptingIpFilterRule\":null}","connectionDeviceGenerationId":"638052891151821842","connectionDeviceId":"IOTDevice_8_1","contentEncoding":"utf-8","contentType":"application/json","enqueuedTime":"2022-10-18 09:00:00"}}
{"Body":{"Status":true,"Timestamp":"2022-10-18 09:00:00","rotate":"550.903127662582"},"EnqueuedTimeUtc":"2022-10-18 09:00:00","Properties":{"messagetype":"Demo"},"SystemProperties":{"connectionAuthMethod":"{\"scope\":\"device\",\"type\":\"sas\",\"issuer\":\"iothub\",\"acceptingIpFilterRule\":null}","connectionDeviceGenerationId":"638052891151821842","connectionDeviceId":"IOTDevice_8_2","contentEncoding":"utf-8","contentType":"application/json","enqueuedTime":"2022-10-18 09:00:00"}}
{"Body":{"Status":true,"Timestamp":"2022-10-18 09:00:00","pressure":"94.4838095816031"},"EnqueuedTimeUtc":"2022-10-18 09:00:00","Properties":{"messagetype":"Demo"},"SystemProperties":{"connectionAuthMethod":"{\"scope\":\"device\",\"type\":\"sas\",\"issuer\":\"iothub\",\"acceptingIpFilterRule\":null}","connectionDeviceGenerationId":"638052891151821842","connectionDeviceId":"IOTDevice_8_3","contentEncoding":"utf-8","contentType":"application/json","enqueuedTime":"2022-10-18 09:00:00"}}
{"Body":{"Status":true,"Timestamp":"2022-10-18 09:00:00","vibration":"32.1227727029138"},"EnqueuedTimeUtc":"2022-10-18 09:00:00","Properties":{"messagetype":"Demo"},"SystemProperties":{"connectionAuthMethod":"{\"scope\":\"device\",\"type\":\"sas\",\"issuer\":\"iothub\",\"acceptingIpFilterRule\":null}","connectionDeviceGenerationId":"638052891151821842","connectionDeviceId":"IOTDevice_8_4","contentEncoding":"utf-8","contentType":"application/json","enqueuedTime":"2022-10-18 09:00:00"}}
{"Body":{"Status":true,"Timestamp":"2022-10-18 10:00:00","volt":"184.387280610029"},"EnqueuedTimeUtc":"2022-10-18 10:00:00","Properties":{"messagetype":"Demo"},"SystemProperties":{"connectionAuthMethod":"{\"scope\":\"device\",\"type\":\"sas\",\"issuer\":\"iothub\",\"acceptingIpFilterRule\":null}","connectionDeviceGenerationId":"638052891151821842","connectionDeviceId":"IOTDevice_8_1","contentEncoding":"utf-8","contentType":"application/json","enqueuedTime":"2022-10-18 10:00:00"}}
{"Body":{"Status":true,"Timestamp":"2022-10-18 10:00:00","rotate":"466.319555717967"},"EnqueuedTimeUtc":"2022-10-18 10:00:00","Properties":{"messagetype":"Demo"},"SystemProperties":{"connectionAuthMethod":"{\"scope\":\"device\",\"type\":\"sas\",\"issuer\":\"iothub\",\"acceptingIpFilterRule\":null}","connectionDeviceGenerationId":"638052891151821842","connectionDeviceId":"IOTDevice_8_2","contentEncoding":"utf-8","contentType":"application/json","enqueuedTime":"2022-10-18 10:00:00"}}
{"Body":{"Status":true,"Timestamp":"2022-10-18 10:00:00","pressure":"93.4901749303021"},"EnqueuedTimeUtc":"2022-10-18 10:00:00","Properties":{"messagetype":"Demo"},"SystemProperties":{"connectionAuthMethod":"{\"scope\":\"device\",\"type\":\"sas\",\"issuer\":\"iothub\",\"acceptingIpFilterRule\":null}","connectionDeviceGenerationId":"638052891151821842","connectionDeviceId":"IOTDevice_8_3","contentEncoding":"utf-8","contentType":"application/json","enqueuedTime":"2022-10-18 10:00:00"}}
{"Body":{"Status":true,"Timestamp":"2022-10-18 10:00:00","vibration":"38.8980324294743"},"EnqueuedTimeUtc":"2022-10-18 10:00:00","Properties":{"messagetype":"Demo"},"SystemProperties":{"connectionAuthMethod":"{\"scope\":\"device\",\"type\":\"sas\",\"issuer\":\"iothub\",\"acceptingIpFilterRule\":null}","connectionDeviceGenerationId":"638052891151821842","connectionDeviceId":"IOTDevice_8_4","contentEncoding":"utf-8","contentType":"application/json","enqueuedTime":"2022-10-18 10:00:00"}}
{"Body":{"Status":true,"Timestamp":"2022-10-18 11:00:00","volt":"167.751075405177"},"EnqueuedTimeUtc":"2022-10-18 11:00:00","Properties":{"messagetype":"Demo"},"SystemProperties":{"connectionAuthMethod":"{\"scope\":\"device\",\"type\":\"sas\",\"issuer\":\"iothub\",\"acceptingIpFilterRule\":null}","connectionDeviceGenerationId":"638052891151821842","connectionDeviceId":"IOTDevice_8_1","contentEncoding":"utf-8","contentType":"application/json","enqueuedTime":"2022-10-18 11:00:00"}}
{"Body":{"Status":true,"Timestamp":"2022-10-18 11:00:00","rotate":"329.19914390664"},"EnqueuedTimeUtc":"2022-10-18 11:00:00","Properties":{"messagetype":"Demo"},"SystemProperties":{"connectionAuthMethod":"{\"scope\":\"device\",\"type\":\"sas\",\"issuer\":\"iothub\",\"acceptingIpFilterRule\":null}","connectionDeviceGenerationId":"638052891151821842","connectionDeviceId":"IOTDevice_8_2","contentEncoding":"utf-8","contentType":"application/json","enqueuedTime":"2022-10-18 11:00:00"}}
{"Body":{"Status":true,"Timestamp":"2022-10-18 11:00:00","pressure":"99.1097279547406"},"EnqueuedTimeUtc":"2022-10-18 11:00:00","Properties":{"messagetype":"Demo"},"SystemProperties":{"connectionAuthMethod":"{\"scope\":\"device\",\"type\":\"sas\",\"issuer\":\"iothub\",\"acceptingIpFilterRule\":null}","connectionDeviceGenerationId":"638052891151821842","connectionDeviceId":"IOTDevice_8_3","contentEncoding":"utf-8","contentType":"application/json","enqueuedTime":"2022-10-18 11:00:00"}}
{"Body":{"Status":true,"Timestamp":"2022-10-18 11:00:00","vibration":"40.7269153964255"},"EnqueuedTimeUtc":"2022-10-18 11:00:00","Properties":{"messagetype":"Demo"},"SystemProperties":{"connectionAuthMethod":"{\"scope\":\"device\",\"type\":\"sas\",\"issuer\":\"iothub\",\"acceptingIpFilterRule\":null}","connectionDeviceGenerationId":"638052891151821842","connectionDeviceId":"IOTDevice_8_4","contentEncoding":"utf-8","contentType":"application/json","enqueuedTime":"2022-10-18 11:00:00"}}
