{"Body":{"Status":true,"Timestamp":"2022-10-28 09:00:00","volt":"152.226297868258"},"EnqueuedTimeUtc":"2022-10-28 09:00:00","Properties":{"messagetype":"Demo"},"SystemProperties":{"connectionAuthMethod":"{\"scope\":\"device\",\"type\":\"sas\",\"issuer\":\"iothub\",\"acceptingIpFilterRule\":null}","connectionDeviceGenerationId":"638052891151821842","connectionDeviceId":"IOTDevice_5_1","contentEncoding":"utf-8","contentType":"application/json","enqueuedTime":"2022-10-28 09:00:00"}}
{"Body":{"Status":true,"Timestamp":"2022-10-28 09:00:00","rotate":"388.425364126286"},"EnqueuedTimeUtc":"2022-10-28 09:00:00","Properties":{"messagetype":"Demo"},"SystemProperties":{"connectionAuthMethod":"{\"scope\":\"device\",\"type\":\"sas\",\"issuer\":\"iothub\",\"acceptingIpFilterRule\":null}","connectionDeviceGenerationId":"638052891151821842","connectionDeviceId":"IOTDevice_5_2","contentEncoding":"utf-8","contentType":"application/json","enqueuedTime":"2022-10-28 09:00:00"}}
{"Body":{"Status":true,"Timestamp":"2022-10-28 09:00:00","pressure":"87.4178710221155"},"EnqueuedTimeUtc":"2022-10-28 09:00:00","Properties":{"messagetype":"Demo"},"SystemProperties":{"connectionAuthMethod":"{\"scope\":\"device\",\"type\":\"sas\",\"issuer\":\"iothub\",\"acceptingIpFilterRule\":null}","connectionDeviceGenerationId":"638052891151821842","connectionDeviceId":"IOTDevice_5_3","contentEncoding":"utf-8","contentType":"application/json","enqueuedTime":"2022-10-28 09:00:00"}}
{"Body":{"Status":true,"Timestamp":"2022-10-28 09:00:00","vibration":"31.2650914224446"},"EnqueuedTimeUtc":"2022-10-28 09:00:00","Properties":{"messagetype":"Demo"},"SystemProperties":{"connectionAuthMethod":"{\"scope\":\"device\",\"type\":\"sas\",\"issuer\":\"iothub\",\"acceptingIpFilterRule\":null}","connectionDeviceGenerationId":"638052891151821842","connectionDeviceId":"IOTDevice_5_4","contentEncoding":"utf-8","contentType":"application/json","enqueuedTime":"2022-10-28 09:00:00"}}
{"Body":{"Status":true,"Timestamp":"2022-10-28 10:00:00","volt":"173.753383689021"},"EnqueuedTimeUtc":"2022-10-28 10:00:00","Properties":{"messagetype":"Demo"},"SystemProperties":{"connectionAuthMethod":"{\"scope\":\"device\",\"type\":\"sas\",\"issuer\":\"iothub\",\"acceptingIpFilterRule\":null}","connectionDeviceGenerationId":"638052891151821842","connectionDeviceId":"IOTDevice_5_1","contentEncoding":"utf-8","contentType":"application/json","enqueuedTime":"2022-10-28 10:00:00"}}
{"Body":{"Status":true,"Timestamp":"2022-10-28 10:00:00","rotate":"413.615624027643"},"EnqueuedTimeUtc":"2022-10-28 10:00:00","Properties":{"messagetype":"Demo"},"SystemProperties":{"connectionAuthMethod":"{\"scope\":\"device\",\"type\":\"sas\",\"issuer\":\"iothub\",\"acceptingIpFilterRule\":null}","connectionDeviceGenerationId":"638052891151821842","connectionDeviceId":"IOTDevice_5_2","contentEncoding":"utf-8","contentType":"application/json","enqueuedTime":"2022-10-28 10:00:00"}}
{"Body":{"Status":true,"Timestamp":"2022-10-28 10:00:00","pressure":"88.1619157183051"},"EnqueuedTimeUtc":"2022-10-28 10:00:00","Properties":{"messagetype":"Demo"},"SystemProperties":{"connectionAuthMethod":"{\"scope\":\"device\",\"type\":\"sas\",\"issuer\":\"iothub\",\"acceptingIpFilterRule\":null}","connectionDeviceGenerationId":"638052891151821842","connectionDeviceId":"IOTDevice_5_3","contentEncoding":"utf-8","contentType":"application/json","enqueuedTime":"2022-10-28 10:00:00"}}
{"Body":{"Status":true,"Timestamp":"2022-10-28 10:00:00","vibration":"38.7500962349785"},"EnqueuedTimeUtc":"2022-10-28 10:00:00","Properties":{"messagetype":"Demo"},"SystemProperties":{"connectionAuthMethod":"{\"scope\":\"device\",\"type\":\"sas\",\"issuer\":\"iothub\",\"acceptingIpFilterRule\":null}","connectionDeviceGenerationId":"638052891151821842","connectionDeviceId":"IOTDevice_5_4","contentEncoding":"utf-8","contentType":"application/json","enqueuedTime":"2022-10-28 10:00:00"}}
{"Body":{"Status":true,"Timestamp":"2022-10-28 11:00:00","volt":"195.441723268505"},"EnqueuedTimeUtc":"2022-10-28 11:00:00","Properties":{"messagetype":"Demo"},"SystemProperties":{"connectionAuthMethod":"{\"scope\":\"device\",\"type\":\"sas\",\"issuer\":\"iothub\",\"acceptingIpFilterRule\":null}","connectionDeviceGenerationId":"638052891151821842","connectionDeviceId":"IOTDevice_5_1","contentEncoding":"utf-8","contentType":"application/json","enqueuedTime":"2022-10-28 11:00:00"}}
{"Body":{"Status":true,"Timestamp":"2022-10-28 11:00:00","rotate":"440.073377253289"},"EnqueuedTimeUtc":"2022-10-28 11:00:00","Properties":{"messagetype":"Demo"},"SystemProperties":{"connectionAuthMethod":"{\"scope\":\"device\",\"type\":\"sas\",\"issuer\":\"iothub\",\"acceptingIpFilterRule\":null}","connectionDeviceGenerationId":"638052891151821842","connectionDeviceId":"IOTDevice_5_2","contentEncoding":"utf-8","contentType":"application/json","enqueuedTime":"2022-10-28 11:00:00"}}
{"Body":{"Status":true,"Timestamp":"2022-10-28 11:00:00","pressure":"118.369603524073"},"EnqueuedTimeUtc":"2022-10-28 11:00:00","Properties":{"messagetype":"Demo"},"SystemProperties":{"connectionAuthMethod":"{\"scope\":\"device\",\"type\":\"sas\",\"issuer\":\"iothub\",\"acceptingIpFilterRule\":null}","connectionDeviceGenerationId":"638052891151821842","connectionDeviceId":"IOTDevice_5_3","contentEncoding":"utf-8","contentType":"application/json","enqueuedTime":"2022-10-28 11:00:00"}}
{"Body":{"Status":true,"Timestamp":"2022-10-28 11:00:00","vibration":"35.5309446645914"},"EnqueuedTimeUtc":"2022-10-28 11:00:00","Properties":{"messagetype":"Demo"},"SystemProperties":{"connectionAuthMethod":"{\"scope\":\"device\",\"type\":\"sas\",\"issuer\":\"iothub\",\"acceptingIpFilterRule\":null}","connectionDeviceGenerationId":"638052891151821842","connectionDeviceId":"IOTDevice_5_4","contentEncoding":"utf-8","contentType":"application/json","enqueuedTime":"2022-10-28 11:00:00"}}
{"Body":{"Status":true,"Timestamp":"2022-10-28 12:00:00","volt":"174.425149648603"},"EnqueuedTimeUtc":"2022-10-28 12:00:00","Properties":{"messagetype":"Demo"},"SystemProperties":{"connectionAuthMethod":"{\"scope\":\"device\",\"type\":\"sas\",\"issuer\":\"iothub\",\"acceptingIpFilterRule\":null}","connectionDeviceGenerationId":"638052891151821842","connectionDeviceId":"IOTDevice_5_1","contentEncoding":"utf-8","contentType":"application/json","enqueuedTime":"2022-10-28 12:00:00"}}
{"Body":{"Status":true,"Timestamp":"2022-10-28 12:00:00","rotate":"425.793005848843"},"EnqueuedTimeUtc":"2022-10-28 12:00:00","Properties":{"messagetype":"Demo"},"SystemProperties":{"connectionAuthMethod":"{\"scope\":\"device\",\"type\":\"sas\",\"issuer\":\"iothub\",\"acceptingIpFilterRule\":null}","connectionDeviceGenerationId":"638052891151821842","connectionDeviceId":"IOTDevice_5_2","contentEncoding":"utf-8","contentType":"application/json","enqueuedTime":"2022-10-28 12:00:00"}}
{"Body":{"Status":true,"Timestamp":"2022-10-28 12:00:00","pressure":"99.0198903798942"},"EnqueuedTimeUtc":"2022-10-28 12:00:00","Properties":{"messagetype":"Demo"},"SystemProperties":{"connectionAuthMethod":"{\"scope\":\"device\",\"type\":\"sas\",\"issuer\":\"iothub\",\"acceptingIpFilterRule\":null}","connectionDeviceGenerationId":"638052891151821842","connectionDeviceId":"IOTDevice_5_3","contentEncoding":"utf-8","contentType":"application/json","enqueuedTime":"2022-10-28 12:00:00"}}
{"Body":{"Status":true,"Timestamp":"2022-10-28 12:00:00","vibration":"48.2724353307561"},"EnqueuedTimeUtc":"2022-10-28 12:00:00","Properties":{"messagetype":"Demo"},"SystemProperties":{"connectionAuthMethod":"{\"scope\":\"device\",\"type\":\"sas\",\"issuer\":\"iothub\",\"acceptingIpFilterRule\":null}","connectionDeviceGenerationId":"638052891151821842","connectionDeviceId":"IOTDevice_5_4","contentEncoding":"utf-8","contentType":"application/json","enqueuedTime":"2022-10-28 12:00:00"}}
{"Body":{"Status":true,"Timestamp":"2022-10-28 13:00:00","volt":"166.810262747942"},"EnqueuedTimeUtc":"2022-10-28 13:00:00","Properties":{"messagetype":"Demo"},"SystemProperties":{"connectionAuthMethod":"{\"scope\":\"device\",\"type\":\"sas\",\"issuer\":\"iothub\",\"acceptingIpFilterRule\":null}","connectionDeviceGenerationId":"638052891151821842","connectionDeviceId":"IOTDevice_5_1","contentEncoding":"utf-8","contentType":"application/json","enqueuedTime":"2022-10-28 13:00:00"}}
{"Body":{"Status":true,"Timestamp":"2022-10-28 13:00:00","rotate":"494.299791734462"},"EnqueuedTimeUtc":"2022-10-28 13:00:00","Properties":{"messagetype":"Demo"},"SystemProperties":{"connectionAuthMethod":"{\"scope\":\"device\",\"type\":\"sas\",\"issuer\":\"iothub\",\"acceptingIpFilterRule\":null}","connectionDeviceGenerationId":"638052891151821842","connectionDeviceId":"IOTDevice_5_2","contentEncoding":"utf-8","contentType":"application/json","enqueuedTime":"2022-10-28 13:00:00"}}
{"Body":{"Status":true,"Timestamp":"2022-10-28 13:00:00","pressure":"84.0245234289386"},"EnqueuedTimeUtc":"2022-10-28 13:00:00","Properties":{"messagetype":"Demo"},"SystemProperties":{"connectionAuthMethod":"{\"scope\":\"device\",\"type\":\"sas\",\"issuer\":\"iothub\",\"acceptingIpFilterRule\":null}","connectionDeviceGenerationId":"638052891151821842","connectionDeviceId":"IOTDevice_5_3","contentEncoding":"utf-8","contentType":"application/json","enqueuedTime":"2022-10-28 13:00:00"}}
{"Body":{"Status":true,"Timestamp":"2022-10-28 13:00:00","vibration":"37.2459722361491"},"EnqueuedTimeUtc":"2022-10-28 13:00:00","Properties":{"messagetype":"Demo"},"SystemProperties":{"connectionAuthMethod":"{\"scope\":\"device\",\"type\":\"sas\",\"issuer\":\"iothub\",\"acceptingIpFilterRule\":null}","connectionDeviceGenerationId":"638052891151821842","connectionDeviceId":"IOTDevice_5_4","contentEncoding":"utf-8","contentType":"application/json","enqueuedTime":"2022-10-28 13:00:00"}}
{"Body":{"Status":true,"Timestamp":"2022-10-28 14:00:00","volt":"175.070881613482"},"EnqueuedTimeUtc":"2022-10-28 14:00:00","Properties":{"messagetype":"Demo"},"SystemProperties":{"connectionAuthMethod":"{\"scope\":\"device\",\"type\":\"sas\",\"issuer\":\"iothub\",\"acceptingIpFilterRule\":null}","connectionDeviceGenerationId":"638052891151821842","connectionDeviceId":"IOTDevice_5_1","contentEncoding":"utf-8","contentType":"application/json","enqueuedTime":"2022-10-28 14:00:00"}}
{"Body":{"Status":true,"Timestamp":"2022-10-28 14:00:00","rotate":"383.029723357229"},"EnqueuedTimeUtc":"2022-10-28 14:00:00","Properties":{"messagetype":"Demo"},"SystemProperties":{"connectionAuthMethod":"{\"scope\":\"device\",\"type\":\"sas\",\"issuer\":\"iothub\",\"acceptingIpFilterRule\":null}","connectionDeviceGenerationId":"638052891151821842","connectionDeviceId":"IOTDevice_5_2","contentEncoding":"utf-8","contentType":"application/json","enqueuedTime":"2022-10-28 14:00:00"}}
{"Body":{"Status":true,"Timestamp":"2022-10-28 14:00:00","pressure":"91.1161918858139"},"EnqueuedTimeUtc":"2022-10-28 14:00:00","Properties":{"messagetype":"Demo"},"SystemProperties":{"connectionAuthMethod":"{\"scope\":\"device\",\"type\":\"sas\",\"issuer\":\"iothub\",\"acceptingIpFilterRule\":null}","connectionDeviceGenerationId":"638052891151821842","connectionDeviceId":"IOTDevice_5_3","contentEncoding":"utf-8","contentType":"application/json","enqueuedTime":"2022-10-28 14:00:00"}}
{"Body":{"Status":true,"Timestamp":"2022-10-28 14:00:00","vibration":"33.2439593043295"},"EnqueuedTimeUtc":"2022-10-28 14:00:00","Properties":{"messagetype":"Demo"},"SystemProperties":{"connectionAuthMethod":"{\"scope\":\"device\",\"type\":\"sas\",\"issuer\":\"iothub\",\"acceptingIpFilterRule\":null}","connectionDeviceGenerationId":"638052891151821842","connectionDeviceId":"IOTDevice_5_4","contentEncoding":"utf-8","contentType":"application/json","enqueuedTime":"2022-10-28 14:00:00"}}
{"Body":{"Status":true,"Timestamp":"2022-10-28 15:00:00","volt":"162.715627985881"},"EnqueuedTimeUtc":"2022-10-28 15:00:00","Properties":{"messagetype":"Demo"},"SystemProperties":{"connectionAuthMethod":"{\"scope\":\"device\",\"type\":\"sas\",\"issuer\":\"iothub\",\"acceptingIpFilterRule\":null}","connectionDeviceGenerationId":"638052891151821842","connectionDeviceId":"IOTDevice_5_1","contentEncoding":"utf-8","contentType":"application/json","enqueuedTime":"2022-10-28 15:00:00"}}
{"Body":{"Status":true,"Timestamp":"2022-10-28 15:00:00","rotate":"386.663367555198"},"EnqueuedTimeUtc":"2022-10-28 15:00:00","Properties":{"messagetype":"Demo"},"SystemProperties":{"connectionAuthMethod":"{\"scope\":\"device\",\"type\":\"sas\",\"issuer\":\"iothub\",\"acceptingIpFilterRule\":null}","connectionDeviceGenerationId":"638052891151821842","connectionDeviceId":"IOTDevice_5_2","contentEncoding":"utf-8","contentType":"application/json","enqueuedTime":"2022-10-28 15:00:00"}}
{"Body":{"Status":true,"Timestamp":"2022-10-28 15:00:00","pressure":"94.8110480541239"},"EnqueuedTimeUtc":"2022-10-28 15:00:00","Properties":{"messagetype":"Demo"},"SystemProperties":{"connectionAuthMethod":"{\"scope\":\"device\",\"type\":\"sas\",\"issuer\":\"iothub\",\"acceptingIpFilterRule\":null}","connectionDeviceGenerationId":"638052891151821842","connectionDeviceId":"IOTDevice_5_3","contentEncoding":"utf-8","contentType":"application/json","enqueuedTime":"2022-10-28 15:00:00"}}
{"Body":{"Status":true,"Timestamp":"2022-10-28 15:00:00","vibration":"34.3248023681751"},"EnqueuedTimeUtc":"2022-10-28 15:00:00","Properties":{"messagetype":"Demo"},"SystemProperties":{"connectionAuthMethod":"{\"scope\":\"device\",\"type\":\"sas\",\"issuer\":\"iothub\",\"acceptingIpFilterRule\":null}","connectionDeviceGenerationId":"638052891151821842","connectionDeviceId":"IOTDevice_5_4","contentEncoding":"utf-8","contentType":"application/json","enqueuedTime":"2022-10-28 15:00:00"}}
{"Body":{"Status":true,"Timestamp":"2022-10-28 16:00:00","volt":"155.727945871594"},"EnqueuedTimeUtc":"2022-10-28 16:00:00","Properties":{"messagetype":"Demo"},"SystemProperties":{"connectionAuthMethod":"{\"scope\":\"device\",\"type\":\"sas\",\"issuer\":\"iothub\",\"acceptingIpFilterRule\":null}","connectionDeviceGenerationId":"638052891151821842","connectionDeviceId":"IOTDevice_5_1","contentEncoding":"utf-8","contentType":"application/json","enqueuedTime":"2022-10-28 16:00:00"}}
{"Body":{"Status":true,"Timestamp":"2022-10-28 16:00:00","rotate":"409.266073209399"},"EnqueuedTimeUtc":"2022-10-28 16:00:00","Properties":{"messagetype":"Demo"},"SystemProperties":{"connectionAuthMethod":"{\"scope\":\"device\",\"type\":\"sas\",\"issuer\":\"iothub\",\"acceptingIpFilterRule\":null}","connectionDeviceGenerationId":"638052891151821842","connectionDeviceId":"IOTDevice_5_2","contentEncoding":"utf-8","contentType":"application/json","enqueuedTime":"2022-10-28 16:00:00"}}
{"Body":{"Status":true,"Timestamp":"2022-10-28 16:00:00","pressure":"96.0609155913684"},"EnqueuedTimeUtc":"2022-10-28 16:00:00","Properties":{"messagetype":"Demo"},"SystemProperties":{"connectionAuthMethod":"{\"scope\":\"device\",\"type\":\"sas\",\"issuer\":\"iothub\",\"acceptingIpFilterRule\":null}","connectionDeviceGenerationId":"638052891151821842","connectionDeviceId":"IOTDevice_5_3","contentEncoding":"utf-8","contentType":"application/json","enqueuedTime":"2022-10-28 16:00:00"}}
{"Body":{"Status":true,"Timestamp":"2022-10-28 16:00:00","vibration":"42.2744799676924"},"EnqueuedTimeUtc":"2022-10-28 16:00:00","Properties":{"messagetype":"Demo"},"SystemProperties":{"connectionAuthMethod":"{\"scope\":\"device\",\"type\":\"sas\",\"issuer\":\"iothub\",\"acceptingIpFilterRule\":null}","connectionDeviceGenerationId":"638052891151821842","connectionDeviceId":"IOTDevice_5_4","contentEncoding":"utf-8","contentType":"application/json","enqueuedTime":"2022-10-28 16:00:00"}}
{"Body":{"Status":true,"Timestamp":"2022-10-28 17:00:00","volt":"159.766073536265"},"EnqueuedTimeUtc":"2022-10-28 17:00:00","Properties":{"messagetype":"Demo"},"SystemProperties":{"connectionAuthMethod":"{\"scope\":\"device\",\"type\":\"sas\",\"issuer\":\"iothub\",\"acceptingIpFilterRule\":null}","connectionDeviceGenerationId":"638052891151821842","connectionDeviceId":"IOTDevice_5_1","contentEncoding":"utf-8","contentType":"application/json","enqueuedTime":"2022-10-28 17:00:00"}}
{"Body":{"Status":true,"Timestamp":"2022-10-28 17:00:00","rotate":"384.668709836325"},"EnqueuedTimeUtc":"2022-10-28 17:00:00","Properties":{"messagetype":"Demo"},"SystemProperties":{"connectionAuthMethod":"{\"scope\":\"device\",\"type\":\"sas\",\"issuer\":\"iothub\",\"acceptingIpFilterRule\":null}","connectionDeviceGenerationId":"638052891151821842","connectionDeviceId":"IOTDevice_5_2","contentEncoding":"utf-8","contentType":"application/json","enqueuedTime":"2022-10-28 17:00:00"}}
{"Body":{"Status":true,"Timestamp":"2022-10-28 17:00:00","pressure":"124.65152308085"},"EnqueuedTimeUtc":"2022-10-28 17:00:00","Properties":{"messagetype":"Demo"},"SystemProperties":{"connectionAuthMethod":"{\"scope\":\"device\",\"type\":\"sas\",\"issuer\":\"iothub\",\"acceptingIpFilterRule\":null}","connectionDeviceGenerationId":"638052891151821842","connectionDeviceId":"IOTDevice_5_3","contentEncoding":"utf-8","contentType":"application/json","enqueuedTime":"2022-10-28 17:00:00"}}
{"Body":{"Status":true,"Timestamp":"2022-10-28 17:00:00","vibration":"41.2949054979941"},"EnqueuedTimeUtc":"2022-10-28 17:00:00","Properties":{"messagetype":"Demo"},"SystemProperties":{"connectionAuthMethod":"{\"scope\":\"device\",\"type\":\"sas\",\"issuer\":\"iothub\",\"acceptingIpFilterRule\":null}","connectionDeviceGenerationId":"638052891151821842","connectionDeviceId":"IOTDevice_5_4","contentEncoding":"utf-8","contentType":"application/json","enqueuedTime":"2022-10-28 17:00:00"}}
{"Body":{"Status":true,"Timestamp":"2022-10-28 18:00:00","volt":"186.344079889635"},"EnqueuedTimeUtc":"2022-10-28 18:00:00","Properties":{"messagetype":"Demo"},"SystemProperties":{"connectionAuthMethod":"{\"scope\":\"device\",\"type\":\"sas\",\"issuer\":\"iothub\",\"acceptingIpFilterRule\":null}","connectionDeviceGenerationId":"638052891151821842","connectionDeviceId":"IOTDevice_5_1","contentEncoding":"utf-8","contentType":"application/json","enqueuedTime":"2022-10-28 18:00:00"}}
{"Body":{"Status":true,"Timestamp":"2022-10-28 18:00:00","rotate":"455.098593623837"},"EnqueuedTimeUtc":"2022-10-28 18:00:00","Properties":{"messagetype":"Demo"},"SystemProperties":{"connectionAuthMethod":"{\"scope\":\"device\",\"type\":\"sas\",\"issuer\":\"iothub\",\"acceptingIpFilterRule\":null}","connectionDeviceGenerationId":"638052891151821842","connectionDeviceId":"IOTDevice_5_2","contentEncoding":"utf-8","contentType":"application/json","enqueuedTime":"2022-10-28 18:00:00"}}
{"Body":{"Status":true,"Timestamp":"2022-10-28 18:00:00","pressure":"107.471436756789"},"EnqueuedTimeUtc":"2022-10-28 18:00:00","Properties":{"messagetype":"Demo"},"SystemProperties":{"connectionAuthMethod":"{\"scope\":\"device\",\"type\":\"sas\",\"issuer\":\"iothub\",\"acceptingIpFilterRule\":null}","connectionDeviceGenerationId":"638052891151821842","connectionDeviceId":"IOTDevice_5_3","contentEncoding":"utf-8","contentType":"application/json","enqueuedTime":"2022-10-28 18:00:00"}}
{"Body":{"Status":true,"Timestamp":"2022-10-28 18:00:00","vibration":"41.3302532249616"},"EnqueuedTimeUtc":"2022-10-28 18:00:00","Properties":{"messagetype":"Demo"},"SystemProperties":{"connectionAuthMethod":"{\"scope\":\"device\",\"type\":\"sas\",\"issuer\":\"iothub\",\"acceptingIpFilterRule\":null}","connectionDeviceGenerationId":"638052891151821842","connectionDeviceId":"IOTDevice_5_4","contentEncoding":"utf-8","contentType":"application/json","enqueuedTime":"2022-10-28 18:00:00"}}
{"Body":{"Status":true,"Timestamp":"2022-10-28 19:00:00","volt":"186.811225987757"},"EnqueuedTimeUtc":"2022-10-28 19:00:00","Properties":{"messagetype":"Demo"},"SystemProperties":{"connectionAuthMethod":"{\"scope\":\"device\",\"type\":\"sas\",\"issuer\":\"iothub\",\"acceptingIpFilterRule\":null}","connectionDeviceGenerationId":"638052891151821842","connectionDeviceId":"IOTDevice_5_1","contentEncoding":"utf-8","contentType":"application/json","enqueuedTime":"2022-10-28 19:00:00"}}
{"Body":{"Status":true,"Timestamp":"2022-10-28 19:00:00","rotate":"460.744549590281"},"EnqueuedTimeUtc":"2022-10-28 19:00:00","Properties":{"messagetype":"Demo"},"SystemProperties":{"connectionAuthMethod":"{\"scope\":\"device\",\"type\":\"sas\",\"issuer\":\"iothub\",\"acceptingIpFilterRule\":null}","connectionDeviceGenerationId":"638052891151821842","connectionDeviceId":"IOTDevice_5_2","contentEncoding":"utf-8","contentType":"application/json","enqueuedTime":"2022-10-28 19:00:00"}}
{"Body":{"Status":true,"Timestamp":"2022-10-28 19:00:00","pressure":"101.548068588625"},"EnqueuedTimeUtc":"2022-10-28 19:00:00","Properties":{"messagetype":"Demo"},"SystemProperties":{"connectionAuthMethod":"{\"scope\":\"device\",\"type\":\"sas\",\"issuer\":\"iothub\",\"acceptingIpFilterRule\":null}","connectionDeviceGenerationId":"638052891151821842","connectionDeviceId":"IOTDevice_5_3","contentEncoding":"utf-8","contentType":"application/json","enqueuedTime":"2022-10-28 19:00:00"}}
{"Body":{"Status":true,"Timestamp":"2022-10-28 19:00:00","vibration":"47.2191026249169"},"EnqueuedTimeUtc":"2022-10-28 19:00:00","Properties":{"messagetype":"Demo"},"SystemProperties":{"connectionAuthMethod":"{\"scope\":\"device\",\"type\":\"sas\",\"issuer\":\"iothub\",\"acceptingIpFilterRule\":null}","connectionDeviceGenerationId":"638052891151821842","connectionDeviceId":"IOTDevice_5_4","contentEncoding":"utf-8","contentType":"application/json","enqueuedTime":"2022-10-28 19:00:00"}}
{"Body":{"Status":true,"Timestamp":"2022-10-28 20:00:00","volt":"172.072681360738"},"EnqueuedTimeUtc":"2022-10-28 20:00:00","Properties":{"messagetype":"Demo"},"SystemProperties":{"connectionAuthMethod":"{\"scope\":\"device\",\"type\":\"sas\",\"issuer\":\"iothub\",\"acceptingIpFilterRule\":null}","connectionDeviceGenerationId":"638052891151821842","connectionDeviceId":"IOTDevice_5_1","contentEncoding":"utf-8","contentType":"application/json","enqueuedTime":"2022-10-28 20:00:00"}}
{"Body":{"Status":true,"Timestamp":"2022-10-28 20:00:00","rotate":"492.613365104698"},"EnqueuedTimeUtc":"2022-10-28 20:00:00","Properties":{"messagetype":"Demo"},"SystemProperties":{"connectionAuthMethod":"{\"scope\":\"device\",\"type\":\"sas\",\"issuer\":\"iothub\",\"acceptingIpFilterRule\":null}","connectionDeviceGenerationId":"638052891151821842","connectionDeviceId":"IOTDevice_5_2","contentEncoding":"utf-8","contentType":"application/json","enqueuedTime":"2022-10-28 20:00:00"}}
{"Body":{"Status":true,"Timestamp":"2022-10-28 20:00:00","pressure":"107.674455563947"},"EnqueuedTimeUtc":"2022-10-28 20:00:00","Properties":{"messagetype":"Demo"},"SystemProperties":{"connectionAuthMethod":"{\"scope\":\"device\",\"type\":\"sas\",\"issuer\":\"iothub\",\"acceptingIpFilterRule\":null}","connectionDeviceGenerationId":"638052891151821842","connectionDeviceId":"IOTDevice_5_3","contentEncoding":"utf-8","contentType":"application/json","enqueuedTime":"2022-10-28 20:00:00"}}
{"Body":{"Status":true,"Timestamp":"2022-10-28 20:00:00","vibration":"38.4665415530133"},"EnqueuedTimeUtc":"2022-10-28 20:00:00","Properties":{"messagetype":"Demo"},"SystemProperties":{"connectionAuthMethod":"{\"scope\":\"device\",\"type\":\"sas\",\"issuer\":\"iothub\",\"acceptingIpFilterRule\":null}","connectionDeviceGenerationId":"638052891151821842","connectionDeviceId":"IOTDevice_5_4","contentEncoding":"utf-8","contentType":"application/json","enqueuedTime":"2022-10-28 20:00:00"}}
{"Body":{"Status":true,"Timestamp":"2022-10-28 21:00:00","volt":"155.106683140448"},"EnqueuedTimeUtc":"2022-10-28 21:00:00","Properties":{"messagetype":"Demo"},"SystemProperties":{"connectionAuthMethod":"{\"scope\":\"device\",\"type\":\"sas\",\"issuer\":\"iothub\",\"acceptingIpFilterRule\":null}","connectionDeviceGenerationId":"638052891151821842","connectionDeviceId":"IOTDevice_5_1","contentEncoding":"utf-8","contentType":"application/json","enqueuedTime":"2022-10-28 21:00:00"}}
{"Body":{"Status":true,"Timestamp":"2022-10-28 21:00:00","rotate":"399.775796228365"},"EnqueuedTimeUtc":"2022-10-28 21:00:00","Properties":{"messagetype":"Demo"},"SystemProperties":{"connectionAuthMethod":"{\"scope\":\"device\",\"type\":\"sas\",\"issuer\":\"iothub\",\"acceptingIpFilterRule\":null}","connectionDeviceGenerationId":"638052891151821842","connectionDeviceId":"IOTDevice_5_2","contentEncoding":"utf-8","contentType":"application/json","enqueuedTime":"2022-10-28 21:00:00"}}
{"Body":{"Status":true,"Timestamp":"2022-10-28 21:00:00","pressure":"102.554942267425"},"EnqueuedTimeUtc":"2022-10-28 21:00:00","Properties":{"messagetype":"Demo"},"SystemProperties":{"connectionAuthMethod":"{\"scope\":\"device\",\"type\":\"sas\",\"issuer\":\"iothub\",\"acceptingIpFilterRule\":null}","connectionDeviceGenerationId":"638052891151821842","connectionDeviceId":"IOTDevice_5_3","contentEncoding":"utf-8","contentType":"application/json","enqueuedTime":"2022-10-28 21:00:00"}}
{"Body":{"Status":true,"Timestamp":"2022-10-28 21:00:00","vibration":"41.2122107346801"},"EnqueuedTimeUtc":"2022-10-28 21:00:00","Properties":{"messagetype":"Demo"},"SystemProperties":{"connectionAuthMethod":"{\"scope\":\"device\",\"type\":\"sas\",\"issuer\":\"iothub\",\"acceptingIpFilterRule\":null}","connectionDeviceGenerationId":"638052891151821842","connectionDeviceId":"IOTDevice_5_4","contentEncoding":"utf-8","contentType":"application/json","enqueuedTime":"2022-10-28 21:00:00"}}
{"Body":{"Status":true,"Timestamp":"2022-10-28 22:00:00","volt":"157.544561326089"},"EnqueuedTimeUtc":"2022-10-28 22:00:00","Properties":{"messagetype":"Demo"},"SystemProperties":{"connectionAuthMethod":"{\"scope\":\"device\",\"type\":\"sas\",\"issuer\":\"iothub\",\"acceptingIpFilterRule\":null}","connectionDeviceGenerationId":"638052891151821842","connectionDeviceId":"IOTDevice_5_1","contentEncoding":"utf-8","contentType":"application/json","enqueuedTime":"2022-10-28 22:00:00"}}
{"Body":{"Status":true,"Timestamp":"2022-10-28 22:00:00","rotate":"409.24608828416"},"EnqueuedTimeUtc":"2022-10-28 22:00:00","Properties":{"messagetype":"Demo"},"SystemProperties":{"connectionAuthMethod":"{\"scope\":\"device\",\"type\":\"sas\",\"issuer\":\"iothub\",\"acceptingIpFilterRule\":null}","connectionDeviceGenerationId":"638052891151821842","connectionDeviceId":"IOTDevice_5_2","contentEncoding":"utf-8","contentType":"application/json","enqueuedTime":"2022-10-28 22:00:00"}}
{"Body":{"Status":true,"Timestamp":"2022-10-28 22:00:00","pressure":"90.2991047412791"},"EnqueuedTimeUtc":"2022-10-28 22:00:00","Properties":{"messagetype":"Demo"},"SystemProperties":{"connectionAuthMethod":"{\"scope\":\"device\",\"type\":\"sas\",\"issuer\":\"iothub\",\"acceptingIpFilterRule\":null}","connectionDeviceGenerationId":"638052891151821842","connectionDeviceId":"IOTDevice_5_3","contentEncoding":"utf-8","contentType":"application/json","enqueuedTime":"2022-10-28 22:00:00"}}
{"Body":{"Status":true,"Timestamp":"2022-10-28 22:00:00","vibration":"40.71798050217"},"EnqueuedTimeUtc":"2022-10-28 22:00:00","Properties":{"messagetype":"Demo"},"SystemProperties":{"connectionAuthMethod":"{\"scope\":\"device\",\"type\":\"sas\",\"issuer\":\"iothub\",\"acceptingIpFilterRule\":null}","connectionDeviceGenerationId":"638052891151821842","connectionDeviceId":"IOTDevice_5_4","contentEncoding":"utf-8","contentType":"application/json","enqueuedTime":"2022-10-28 22:00:00"}}
{"Body":{"Status":true,"Timestamp":"2022-10-28 23:00:00","volt":"191.17983594557"},"EnqueuedTimeUtc":"2022-10-28 23:00:00","Properties":{"messagetype":"Demo"},"SystemProperties":{"connectionAuthMethod":"{\"scope\":\"device\",\"type\":\"sas\",\"issuer\":\"iothub\",\"acceptingIpFilterRule\":null}","connectionDeviceGenerationId":"638052891151821842","connectionDeviceId":"IOTDevice_5_1","contentEncoding":"utf-8","contentType":"application/json","enqueuedTime":"2022-10-28 23:00:00"}}
{"Body":{"Status":true,"Timestamp":"2022-10-28 23:00:00","rotate":"414.537247155637"},"EnqueuedTimeUtc":"2022-10-28 23:00:00","Properties":{"messagetype":"Demo"},"SystemProperties":{"connectionAuthMethod":"{\"scope\":\"device\",\"type\":\"sas\",\"issuer\":\"iothub\",\"acceptingIpFilterRule\":null}","connectionDeviceGenerationId":"638052891151821842","connectionDeviceId":"IOTDevice_5_2","contentEncoding":"utf-8","contentType":"application/json","enqueuedTime":"2022-10-28 23:00:00"}}
{"Body":{"Status":true,"Timestamp":"2022-10-28 23:00:00","pressure":"104.662089871822"},"EnqueuedTimeUtc":"2022-10-28 23:00:00","Properties":{"messagetype":"Demo"},"SystemProperties":{"connectionAuthMethod":"{\"scope\":\"device\",\"type\":\"sas\",\"issuer\":\"iothub\",\"acceptingIpFilterRule\":null}","connectionDeviceGenerationId":"638052891151821842","connectionDeviceId":"IOTDevice_5_3","contentEncoding":"utf-8","contentType":"application/json","enqueuedTime":"2022-10-28 23:00:00"}}
{"Body":{"Status":true,"Timestamp":"2022-10-28 23:00:00","vibration":"45.6123644659653"},"EnqueuedTimeUtc":"2022-10-28 23:00:00","Properties":{"messagetype":"Demo"},"SystemProperties":{"connectionAuthMethod":"{\"scope\":\"device\",\"type\":\"sas\",\"issuer\":\"iothub\",\"acceptingIpFilterRule\":null}","connectionDeviceGenerationId":"638052891151821842","connectionDeviceId":"IOTDevice_5_4","contentEncoding":"utf-8","contentType":"application/json","enqueuedTime":"2022-10-28 23:00:00"}}
