{"Body":{"Status":true,"Timestamp":"2022-10-25 00:00:00","volt":"186.689369284152"},"EnqueuedTimeUtc":"2022-10-25 00:00:00","Properties":{"messagetype":"Demo"},"SystemProperties":{"connectionAuthMethod":"{\"scope\":\"device\",\"type\":\"sas\",\"issuer\":\"iothub\",\"acceptingIpFilterRule\":null}","connectionDeviceGenerationId":"638052891151821842","connectionDeviceId":"IOTDevice_6_1","contentEncoding":"utf-8","contentType":"application/json","enqueuedTime":"2022-10-25 00:00:00"}}
{"Body":{"Status":true,"Timestamp":"2022-10-25 00:00:00","rotate":"469.027942020412"},"EnqueuedTimeUtc":"2022-10-25 00:00:00","Properties":{"messagetype":"Demo"},"SystemProperties":{"connectionAuthMethod":"{\"scope\":\"device\",\"type\":\"sas\",\"issuer\":\"iothub\",\"acceptingIpFilterRule\":null}","connectionDeviceGenerationId":"638052891151821842","connectionDeviceId":"IOTDevice_6_2","contentEncoding":"utf-8","contentType":"application/json","enqueuedTime":"2022-10-25 00:00:00"}}
{"Body":{"Status":true,"Timestamp":"2022-10-25 00:00:00","pressure":"84.9472777082761"},"EnqueuedTimeUtc":"2022-10-25 00:00:00","Properties":{"messagetype":"Demo"},"SystemProperties":{"connectionAuthMethod":"{\"scope\":\"device\",\"type\":\"sas\",\"issuer\":\"iothub\",\"acceptingIpFilterRule\":null}","connectionDeviceGenerationId":"638052891151821842","connectionDeviceId":"IOTDevice_6_3","contentEncoding":"utf-8","contentType":"application/json","enqueuedTime":"2022-10-25 00:00:00"}}
{"Body":{"Status":true,"Timestamp":"2022-10-25 00:00:00","vibration":"46.1351834270145"},"EnqueuedTimeUtc":"2022-10-25 00:00:00","Properties":{"messagetype":"Demo"},"SystemProperties":{"connectionAuthMethod":"{\"scope\":\"device\",\"type\":\"sas\",\"issuer\":\"iothub\",\"acceptingIpFilterRule\":null}","connectionDeviceGenerationId":"638052891151821842","connectionDeviceId":"IOTDevice_6_4","contentEncoding":"utf-8","contentType":"application/json","enqueuedTime":"2022-10-25 00:00:00"}}
{"Body":{"Status":true,"Timestamp":"2022-10-25 01:00:00","volt":"159.01403388353"},"EnqueuedTimeUtc":"2022-10-25 01:00:00","Properties":{"messagetype":"Demo"},"SystemProperties":{"connectionAuthMethod":"{\"scope\":\"device\",\"type\":\"sas\",\"issuer\":\"iothub\",\"acceptingIpFilterRule\":null}","connectionDeviceGenerationId":"638052891151821842","connectionDeviceId":"IOTDevice_6_1","contentEncoding":"utf-8","contentType":"application/json","enqueuedTime":"2022-10-25 01:00:00"}}
{"Body":{"Status":true,"Timestamp":"2022-10-25 01:00:00","rotate":"412.801272619693"},"EnqueuedTimeUtc":"2022-10-25 01:00:00","Properties":{"messagetype":"Demo"},"SystemProperties":{"connectionAuthMethod":"{\"scope\":\"device\",\"type\":\"sas\",\"issuer\":\"iothub\",\"acceptingIpFilterRule\":null}","connectionDeviceGenerationId":"638052891151821842","connectionDeviceId":"IOTDevice_6_2","contentEncoding":"utf-8","contentType":"application/json","enqueuedTime":"2022-10-25 01:00:00"}}
{"Body":{"Status":true,"Timestamp":"2022-10-25 01:00:00","pressure":"100.25810984683"},"EnqueuedTimeUtc":"2022-10-25 01:00:00","Properties":{"messagetype":"Demo"},"SystemProperties":{"connectionAuthMethod":"{\"scope\":\"device\",\"type\":\"sas\",\"issuer\":\"iothub\",\"acceptingIpFilterRule\":null}","connectionDeviceGenerationId":"638052891151821842","connectionDeviceId":"IOTDevice_6_3","contentEncoding":"utf-8","contentType":"application/json","enqueuedTime":"2022-10-25 01:00:00"}}
{"Body":{"Status":true,"Timestamp":"2022-10-25 01:00:00","vibration":"41.2703759422396"},"EnqueuedTimeUtc":"2022-10-25 01:00:00","Properties":{"messagetype":"Demo"},"SystemProperties":{"connectionAuthMethod":"{\"scope\":\"device\",\"type\":\"sas\",\"issuer\":\"iothub\",\"acceptingIpFilterRule\":null}","connectionDeviceGenerationId":"638052891151821842","connectionDeviceId":"IOTDevice_6_4","contentEncoding":"utf-8","contentType":"application/json","enqueuedTime":"2022-10-25 01:00:00"}}
{"Body":{"Status":true,"Timestamp":"2022-10-25 02:00:00","volt":"176.622572228492"},"EnqueuedTimeUtc":"2022-10-25 02:00:00","Properties":{"messagetype":"Demo"},"SystemProperties":{"connectionAuthMethod":"{\"scope\":\"device\",\"type\":\"sas\",\"issuer\":\"iothub\",\"acceptingIpFilterRule\":null}","connectionDeviceGenerationId":"638052891151821842","connectionDeviceId":"IOTDevice_6_1","contentEncoding":"utf-8","contentType":"application/json","enqueuedTime":"2022-10-25 02:00:00"}}
{"Body":{"Status":true,"Timestamp":"2022-10-25 02:00:00","rotate":"572.944360648938"},"EnqueuedTimeUtc":"2022-10-25 02:00:00","Properties":{"messagetype":"Demo"},"SystemProperties":{"connectionAuthMethod":"{\"scope\":\"device\",\"type\":\"sas\",\"issuer\":\"iothub\",\"acceptingIpFilterRule\":null}","connectionDeviceGenerationId":"638052891151821842","connectionDeviceId":"IOTDevice_6_2","contentEncoding":"utf-8","contentType":"application/json","enqueuedTime":"2022-10-25 02:00:00"}}
{"Body":{"Status":true,"Timestamp":"2022-10-25 02:00:00","pressure":"102.633193509533"},"EnqueuedTimeUtc":"2022-10-25 02:00:00","Properties":{"messagetype":"Demo"},"SystemProperties":{"connectionAuthMethod":"{\"scope\":\"device\",\"type\":\"sas\",\"issuer\":\"iothub\",\"acceptingIpFilterRule\":null}","connectionDeviceGenerationId":"638052891151821842","connectionDeviceId":"IOTDevice_6_3","contentEncoding":"utf-8","contentType":"application/json","enqueuedTime":"2022-10-25 02:00:00"}}
{"Body":{"Status":true,"Timestamp":"2022-10-25 02:00:00","vibration":"35.2962520826956"},"EnqueuedTimeUtc":"2022-10-25 02:00:00","Properties":{"messagetype":"Demo"},"SystemProperties":{"connectionAuthMethod":"{\"scope\":\"device\",\"type\":\"sas\",\"issuer\":\"iothub\",\"acceptingIpFilterRule\":null}","connectionDeviceGenerationId":"638052891151821842","connectionDeviceId":"IOTDevice_6_4","contentEncoding":"utf-8","contentType":"application/json","enqueuedTime":"2022-10-25 02:00:00"}}
{"Body":{"Status":true,"Timestamp":"2022-10-25 03:00:00","volt":"158.274954336719"},"EnqueuedTimeUtc":"2022-10-25 03:00:00","Properties":{"messagetype":"Demo"},"SystemProperties":{"connectionAuthMethod":"{\"scope\":\"device\",\"type\":\"sas\",\"issuer\":\"iothub\",\"acceptingIpFilterRule\":null}","connectionDeviceGenerationId":"638052891151821842","connectionDeviceId":"IOTDevice_6_1","contentEncoding":"utf-8","contentType":"application/json","enqueuedTime":"2022-10-25 03:00:00"}}
{"Body":{"Status":true,"Timestamp":"2022-10-25 03:00:00","rotate":"498.940040287635"},"EnqueuedTimeUtc":"2022-10-25 03:00:00","Properties":{"messagetype":"Demo"},"SystemProperties":{"connectionAuthMethod":"{\"scope\":\"device\",\"type\":\"sas\",\"issuer\":\"iothub\",\"acceptingIpFilterRule\":null}","connectionDeviceGenerationId":"638052891151821842","connectionDeviceId":"IOTDevice_6_2","contentEncoding":"utf-8","contentType":"application/json","enqueuedTime":"2022-10-25 03:00:00"}}
{"Body":{"Status":true,"Timestamp":"2022-10-25 03:00:00","pressure":"101.314221395443"},"EnqueuedTimeUtc":"2022-10-25 03:00:00","Properties":{"messagetype":"Demo"},"SystemProperties":{"connectionAuthMethod":"{\"scope\":\"device\",\"type\":\"sas\",\"issuer\":\"iothub\",\"acceptingIpFilterRule\":null}","connectionDeviceGenerationId":"638052891151821842","connectionDeviceId":"IOTDevice_6_3","contentEncoding":"utf-8","contentType":"application/json","enqueuedTime":"2022-10-25 03:00:00"}}
{"Body":{"Status":true,"Timestamp":"2022-10-25 03:00:00","vibration":"43.8162529864391"},"EnqueuedTimeUtc":"2022-10-25 03:00:00","Properties":{"messagetype":"Demo"},"SystemProperties":{"connectionAuthMethod":"{\"scope\":\"device\",\"type\":\"sas\",\"issuer\":\"iothub\",\"acceptingIpFilterRule\":null}","connectionDeviceGenerationId":"638052891151821842","connectionDeviceId":"IOTDevice_6_4","contentEncoding":"utf-8","contentType":"application/json","enqueuedTime":"2022-10-25 03:00:00"}}
{"Body":{"Status":true,"Timestamp":"2022-10-25 04:00:00","volt":"153.80922634031"},"EnqueuedTimeUtc":"2022-10-25 04:00:00","Properties":{"messagetype":"Demo"},"SystemProperties":{"connectionAuthMethod":"{\"scope\":\"device\",\"type\":\"sas\",\"issuer\":\"iothub\",\"acceptingIpFilterRule\":null}","connectionDeviceGenerationId":"638052891151821842","connectionDeviceId":"IOTDevice_6_1","contentEncoding":"utf-8","contentType":"application/json","enqueuedTime":"2022-10-25 04:00:00"}}
{"Body":{"Status":true,"Timestamp":"2022-10-25 04:00:00","rotate":"441.075138079047"},"EnqueuedTimeUtc":"2022-10-25 04:00:00","Properties":{"messagetype":"Demo"},"SystemProperties":{"connectionAuthMethod":"{\"scope\":\"device\",\"type\":\"sas\",\"issuer\":\"iothub\",\"acceptingIpFilterRule\":null}","connectionDeviceGenerationId":"638052891151821842","connectionDeviceId":"IOTDevice_6_2","contentEncoding":"utf-8","contentType":"application/json","enqueuedTime":"2022-10-25 04:00:00"}}
{"Body":{"Status":true,"Timestamp":"2022-10-25 04:00:00","pressure":"80.4271683824949"},"EnqueuedTimeUtc":"2022-10-25 04:00:00","Properties":{"messagetype":"Demo"},"SystemProperties":{"connectionAuthMethod":"{\"scope\":\"device\",\"type\":\"sas\",\"issuer\":\"iothub\",\"acceptingIpFilterRule\":null}","connectionDeviceGenerationId":"638052891151821842","connectionDeviceId":"IOTDevice_6_3","contentEncoding":"utf-8","contentType":"application/json","enqueuedTime":"2022-10-25 04:00:00"}}
{"Body":{"Status":true,"Timestamp":"2022-10-25 04:00:00","vibration":"40.8576199298237"},"EnqueuedTimeUtc":"2022-10-25 04:00:00","Properties":{"messagetype":"Demo"},"SystemProperties":{"connectionAuthMethod":"{\"scope\":\"device\",\"type\":\"sas\",\"issuer\":\"iothub\",\"acceptingIpFilterRule\":null}","connectionDeviceGenerationId":"638052891151821842","connectionDeviceId":"IOTDevice_6_4","contentEncoding":"utf-8","contentType":"application/json","enqueuedTime":"2022-10-25 04:00:00"}}
{"Body":{"Status":true,"Timestamp":"2022-10-25 05:00:00","volt":"167.716593513093"},"EnqueuedTimeUtc":"2022-10-25 05:00:00","Properties":{"messagetype":"Demo"},"SystemProperties":{"connectionAuthMethod":"{\"scope\":\"device\",\"type\":\"sas\",\"issuer\":\"iothub\",\"acceptingIpFilterRule\":null}","connectionDeviceGenerationId":"638052891151821842","connectionDeviceId":"IOTDevice_6_1","contentEncoding":"utf-8","contentType":"application/json","enqueuedTime":"2022-10-25 05:00:00"}}
{"Body":{"Status":true,"Timestamp":"2022-10-25 05:00:00","rotate":"512.49965452639"},"EnqueuedTimeUtc":"2022-10-25 05:00:00","Properties":{"messagetype":"Demo"},"SystemProperties":{"connectionAuthMethod":"{\"scope\":\"device\",\"type\":\"sas\",\"issuer\":\"iothub\",\"acceptingIpFilterRule\":null}","connectionDeviceGenerationId":"638052891151821842","connectionDeviceId":"IOTDevice_6_2","contentEncoding":"utf-8","contentType":"application/json","enqueuedTime":"2022-10-25 05:00:00"}}
{"Body":{"Status":true,"Timestamp":"2022-10-25 05:00:00","pressure":"107.371520472057"},"EnqueuedTimeUtc":"2022-10-25 05:00:00","Properties":{"messagetype":"Demo"},"SystemProperties":{"connectionAuthMethod":"{\"scope\":\"device\",\"type\":\"sas\",\"issuer\":\"iothub\",\"acceptingIpFilterRule\":null}","connectionDeviceGenerationId":"638052891151821842","connectionDeviceId":"IOTDevice_6_3","contentEncoding":"utf-8","contentType":"application/json","enqueuedTime":"2022-10-25 05:00:00"}}
{"Body":{"Status":true,"Timestamp":"2022-10-25 05:00:00","vibration":"39.2337726857563"},"EnqueuedTimeUtc":"2022-10-25 05:00:00","Properties":{"messagetype":"Demo"},"SystemProperties":{"connectionAuthMethod":"{\"scope\":\"device\",\"type\":\"sas\",\"issuer\":\"iothub\",\"acceptingIpFilterRule\":null}","connectionDeviceGenerationId":"638052891151821842","connectionDeviceId":"IOTDevice_6_4","contentEncoding":"utf-8","contentType":"application/json","enqueuedTime":"2022-10-25 05:00:00"}}
{"Body":{"Status":true,"Timestamp":"2022-10-25 06:00:00","volt":"176.690487901128"},"EnqueuedTimeUtc":"2022-10-25 06:00:00","Properties":{"messagetype":"Demo"},"SystemProperties":{"connectionAuthMethod":"{\"scope\":\"device\",\"type\":\"sas\",\"issuer\":\"iothub\",\"acceptingIpFilterRule\":null}","connectionDeviceGenerationId":"638052891151821842","connectionDeviceId":"IOTDevice_6_1","contentEncoding":"utf-8","contentType":"application/json","enqueuedTime":"2022-10-25 06:00:00"}}
{"Body":{"Status":true,"Timestamp":"2022-10-25 06:00:00","rotate":"373.87789413823"},"EnqueuedTimeUtc":"2022-10-25 06:00:00","Properties":{"messagetype":"Demo"},"SystemProperties":{"connectionAuthMethod":"{\"scope\":\"device\",\"type\":\"sas\",\"issuer\":\"iothub\",\"acceptingIpFilterRule\":null}","connectionDeviceGenerationId":"638052891151821842","connectionDeviceId":"IOTDevice_6_2","contentEncoding":"utf-8","contentType":"application/json","enqueuedTime":"2022-10-25 06:00:00"}}
{"Body":{"Status":true,"Timestamp":"2022-10-25 06:00:00","pressure":"91.8237757591822"},"EnqueuedTimeUtc":"2022-10-25 06:00:00","Properties":{"messagetype":"Demo"},"SystemProperties":{"connectionAuthMethod":"{\"scope\":\"device\",\"type\":\"sas\",\"issuer\":\"iothub\",\"acceptingIpFilterRule\":null}","connectionDeviceGenerationId":"638052891151821842","connectionDeviceId":"IOTDevice_6_3","contentEncoding":"utf-8","contentType":"application/json","enqueuedTime":"2022-10-25 06:00:00"}}
{"Body":{"Status":true,"Timestamp":"2022-10-25 06:00:00","vibration":"37.8424356404628"},"EnqueuedTimeUtc":"2022-10-25 06:00:00","Properties":{"messagetype":"Demo"},"SystemProperties":{"connectionAuthMethod":"{\"scope\":\"device\",\"type\":\"sas\",\"issuer\":\"iothub\",\"acceptingIpFilterRule\":null}","connectionDeviceGenerationId":"638052891151821842","connectionDeviceId":"IOTDevice_6_4","contentEncoding":"utf-8","contentType":"application/json","enqueuedTime":"2022-10-25 06:00:00"}}
{"Body":{"Status":true,"Timestamp":"2022-10-25 07:00:00","volt":"189.722223602358"},"EnqueuedTimeUtc":"2022-10-25 07:00:00","Properties":{"messagetype":"Demo"},"SystemProperties":{"connectionAuthMethod":"{\"scope\":\"device\",\"type\":\"sas\",\"issuer\":\"iothub\",\"acceptingIpFilterRule\":null}","connectionDeviceGenerationId":"638052891151821842","connectionDeviceId":"IOTDevice_6_1","contentEncoding":"utf-8","contentType":"application/json","enqueuedTime":"2022-10-25 07:00:00"}}
{"Body":{"Status":true,"Timestamp":"2022-10-25 07:00:00","rotate":"577.772873222608"},"EnqueuedTimeUtc":"2022-10-25 07:00:00","Properties":{"messagetype":"Demo"},"SystemProperties":{"connectionAuthMethod":"{\"scope\":\"device\",\"type\":\"sas\",\"issuer\":\"iothub\",\"acceptingIpFilterRule\":null}","connectionDeviceGenerationId":"638052891151821842","connectionDeviceId":"IOTDevice_6_2","contentEncoding":"utf-8","contentType":"application/json","enqueuedTime":"2022-10-25 07:00:00"}}
{"Body":{"Status":true,"Timestamp":"2022-10-25 07:00:00","pressure":"97.6715934986801"},"EnqueuedTimeUtc":"2022-10-25 07:00:00","Properties":{"messagetype":"Demo"},"SystemProperties":{"connectionAuthMethod":"{\"scope\":\"device\",\"type\":\"sas\",\"issuer\":\"iothub\",\"acceptingIpFilterRule\":null}","connectionDeviceGenerationId":"638052891151821842","connectionDeviceId":"IOTDevice_6_3","contentEncoding":"utf-8","contentType":"application/json","enqueuedTime":"2022-10-25 07:00:00"}}
{"Body":{"Status":true,"Timestamp":"2022-10-25 07:00:00","vibration":"30.416625305474"},"EnqueuedTimeUtc":"2022-10-25 07:00:00","Properties":{"messagetype":"Demo"},"SystemProperties":{"connectionAuthMethod":"{\"scope\":\"device\",\"type\":\"sas\",\"issuer\":\"iothub\",\"acceptingIpFilterRule\":null}","connectionDeviceGenerationId":"638052891151821842","connectionDeviceId":"IOTDevice_6_4","contentEncoding":"utf-8","contentType":"application/json","enqueuedTime":"2022-10-25 07:00:00"}}
{"Body":{"Status":true,"Timestamp":"2022-10-25 08:00:00","volt":"172.916053368974"},"EnqueuedTimeUtc":"2022-10-25 08:00:00","Properties":{"messagetype":"Demo"},"SystemProperties":{"connectionAuthMethod":"{\"scope\":\"device\",\"type\":\"sas\",\"issuer\":\"iothub\",\"acceptingIpFilterRule\":null}","connectionDeviceGenerationId":"638052891151821842","connectionDeviceId":"IOTDevice_6_1","contentEncoding":"utf-8","contentType":"application/json","enqueuedTime":"2022-10-25 08:00:00"}}
{"Body":{"Status":true,"Timestamp":"2022-10-25 08:00:00","rotate":"440.040476762902"},"EnqueuedTimeUtc":"2022-10-25 08:00:00","Properties":{"messagetype":"Demo"},"SystemProperties":{"connectionAuthMethod":"{\"scope\":\"device\",\"type\":\"sas\",\"issuer\":\"iothub\",\"acceptingIpFilterRule\":null}","connectionDeviceGenerationId":"638052891151821842","connectionDeviceId":"IOTDevice_6_2","contentEncoding":"utf-8","contentType":"application/json","enqueuedTime":"2022-10-25 08:00:00"}}
{"Body":{"Status":true,"Timestamp":"2022-10-25 08:00:00","pressure":"85.8519086406917"},"EnqueuedTimeUtc":"2022-10-25 08:00:00","Properties":{"messagetype":"Demo"},"SystemProperties":{"connectionAuthMethod":"{\"scope\":\"device\",\"type\":\"sas\",\"issuer\":\"iothub\",\"acceptingIpFilterRule\":null}","connectionDeviceGenerationId":"638052891151821842","connectionDeviceId":"IOTDevice_6_3","contentEncoding":"utf-8","contentType":"application/json","enqueuedTime":"2022-10-25 08:00:00"}}
{"Body":{"Status":true,"Timestamp":"2022-10-25 08:00:00","vibration":"42.219199453267"},"EnqueuedTimeUtc":"2022-10-25 08:00:00","Properties":{"messagetype":"Demo"},"SystemProperties":{"connectionAuthMethod":"{\"scope\":\"device\",\"type\":\"sas\",\"issuer\":\"iothub\",\"acceptingIpFilterRule\":null}","connectionDeviceGenerationId":"638052891151821842","connectionDeviceId":"IOTDevice_6_4","contentEncoding":"utf-8","contentType":"application/json","enqueuedTime":"2022-10-25 08:00:00"}}
{"Body":{"Status":true,"Timestamp":"2022-10-25 09:00:00","volt":"182.004099800907"},"EnqueuedTimeUtc":"2022-10-25 09:00:00","Properties":{"messagetype":"Demo"},"SystemProperties":{"connectionAuthMethod":"{\"scope\":\"device\",\"type\":\"sas\",\"issuer\":\"iothub\",\"acceptingIpFilterRule\":null}","connectionDeviceGenerationId":"638052891151821842","connectionDeviceId":"IOTDevice_6_1","contentEncoding":"utf-8","contentType":"application/json","enqueuedTime":"2022-10-25 09:00:00"}}
{"Body":{"Status":true,"Timestamp":"2022-10-25 09:00:00","rotate":"456.78550137997"},"EnqueuedTimeUtc":"2022-10-25 09:00:00","Properties":{"messagetype":"Demo"},"SystemProperties":{"connectionAuthMethod":"{\"scope\":\"device\",\"type\":\"sas\",\"issuer\":\"iothub\",\"acceptingIpFilterRule\":null}","connectionDeviceGenerationId":"638052891151821842","connectionDeviceId":"IOTDevice_6_2","contentEncoding":"utf-8","contentType":"application/json","enqueuedTime":"2022-10-25 09:00:00"}}
{"Body":{"Status":true,"Timestamp":"2022-10-25 09:00:00","pressure":"91.6354775942042"},"EnqueuedTimeUtc":"2022-10-25 09:00:00","Properties":{"messagetype":"Demo"},"SystemProperties":{"connectionAuthMethod":"{\"scope\":\"device\",\"type\":\"sas\",\"issuer\":\"iothub\",\"acceptingIpFilterRule\":null}","connectionDeviceGenerationId":"638052891151821842","connectionDeviceId":"IOTDevice_6_3","contentEncoding":"utf-8","contentType":"application/json","enqueuedTime":"2022-10-25 09:00:00"}}
{"Body":{"Status":true,"Timestamp":"2022-10-25 09:00:00","vibration":"39.6602610086817"},"EnqueuedTimeUtc":"2022-10-25 09:00:00","Properties":{"messagetype":"Demo"},"SystemProperties":{"connectionAuthMethod":"{\"scope\":\"device\",\"type\":\"sas\",\"issuer\":\"iothub\",\"acceptingIpFilterRule\":null}","connectionDeviceGenerationId":"638052891151821842","connectionDeviceId":"IOTDevice_6_4","contentEncoding":"utf-8","contentType":"application/json","enqueuedTime":"2022-10-25 09:00:00"}}
{"Body":{"Status":true,"Timestamp":"2022-10-25 10:00:00","volt":"191.127089790063"},"EnqueuedTimeUtc":"2022-10-25 10:00:00","Properties":{"messagetype":"Demo"},"SystemProperties":{"connectionAuthMethod":"{\"scope\":\"device\",\"type\":\"sas\",\"issuer\":\"iothub\",\"acceptingIpFilterRule\":null}","connectionDeviceGenerationId":"638052891151821842","connectionDeviceId":"IOTDevice_6_1","contentEncoding":"utf-8","contentType":"application/json","enqueuedTime":"2022-10-25 10:00:00"}}
{"Body":{"Status":true,"Timestamp":"2022-10-25 10:00:00","rotate":"507.322856619057"},"EnqueuedTimeUtc":"2022-10-25 10:00:00","Properties":{"messagetype":"Demo"},"SystemProperties":{"connectionAuthMethod":"{\"scope\":\"device\",\"type\":\"sas\",\"issuer\":\"iothub\",\"acceptingIpFilterRule\":null}","connectionDeviceGenerationId":"638052891151821842","connectionDeviceId":"IOTDevice_6_2","contentEncoding":"utf-8","contentType":"application/json","enqueuedTime":"2022-10-25 10:00:00"}}
{"Body":{"Status":true,"Timestamp":"2022-10-25 10:00:00","pressure":"86.8479494742325"},"EnqueuedTimeUtc":"2022-10-25 10:00:00","Properties":{"messagetype":"Demo"},"SystemProperties":{"connectionAuthMethod":"{\"scope\":\"device\",\"type\":\"sas\",\"issuer\":\"iothub\",\"acceptingIpFilterRule\":null}","connectionDeviceGenerationId":"638052891151821842","connectionDeviceId":"IOTDevice_6_3","contentEncoding":"utf-8","contentType":"application/json","enqueuedTime":"2022-10-25 10:00:00"}}
{"Body":{"Status":true,"Timestamp":"2022-10-25 10:00:00","vibration":"37.6312988827307"},"EnqueuedTimeUtc":"2022-10-25 10:00:00","Properties":{"messagetype":"Demo"},"SystemProperties":{"connectionAuthMethod":"{\"scope\":\"device\",\"type\":\"sas\",\"issuer\":\"iothub\",\"acceptingIpFilterRule\":null}","connectionDeviceGenerationId":"638052891151821842","connectionDeviceId":"IOTDevice_6_4","contentEncoding":"utf-8","contentType":"application/json","enqueuedTime":"2022-10-25 10:00:00"}}
{"Body":{"Status":true,"Timestamp":"2022-10-25 11:00:00","volt":"174.349874651333"},"EnqueuedTimeUtc":"2022-10-25 11:00:00","Properties":{"messagetype":"Demo"},"SystemProperties":{"connectionAuthMethod":"{\"scope\":\"device\",\"type\":\"sas\",\"issuer\":\"iothub\",\"acceptingIpFilterRule\":null}","connectionDeviceGenerationId":"638052891151821842","connectionDeviceId":"IOTDevice_6_1","contentEncoding":"utf-8","contentType":"application/json","enqueuedTime":"2022-10-25 11:00:00"}}
{"Body":{"Status":true,"Timestamp":"2022-10-25 11:00:00","rotate":"441.534456920669"},"EnqueuedTimeUtc":"2022-10-25 11:00:00","Properties":{"messagetype":"Demo"},"SystemProperties":{"connectionAuthMethod":"{\"scope\":\"device\",\"type\":\"sas\",\"issuer\":\"iothub\",\"acceptingIpFilterRule\":null}","connectionDeviceGenerationId":"638052891151821842","connectionDeviceId":"IOTDevice_6_2","contentEncoding":"utf-8","contentType":"application/json","enqueuedTime":"2022-10-25 11:00:00"}}
{"Body":{"Status":true,"Timestamp":"2022-10-25 11:00:00","pressure":"93.2466764741347"},"EnqueuedTimeUtc":"2022-10-25 11:00:00","Properties":{"messagetype":"Demo"},"SystemProperties":{"connectionAuthMethod":"{\"scope\":\"device\",\"type\":\"sas\",\"issuer\":\"iothub\",\"acceptingIpFilterRule\":null}","connectionDeviceGenerationId":"638052891151821842","connectionDeviceId":"IOTDevice_6_3","contentEncoding":"utf-8","contentType":"application/json","enqueuedTime":"2022-10-25 11:00:00"}}
{"Body":{"Status":true,"Timestamp":"2022-10-25 11:00:00","vibration":"48.8921498781255"},"EnqueuedTimeUtc":"2022-10-25 11:00:00","Properties":{"messagetype":"Demo"},"SystemProperties":{"connectionAuthMethod":"{\"scope\":\"device\",\"type\":\"sas\",\"issuer\":\"iothub\",\"acceptingIpFilterRule\":null}","connectionDeviceGenerationId":"638052891151821842","connectionDeviceId":"IOTDevice_6_4","contentEncoding":"utf-8","contentType":"application/json","enqueuedTime":"2022-10-25 11:00:00"}}
{"Body":{"Status":true,"Timestamp":"2022-10-25 12:00:00","volt":"158.858490670402"},"EnqueuedTimeUtc":"2022-10-25 12:00:00","Properties":{"messagetype":"Demo"},"SystemProperties":{"connectionAuthMethod":"{\"scope\":\"device\",\"type\":\"sas\",\"issuer\":\"iothub\",\"acceptingIpFilterRule\":null}","connectionDeviceGenerationId":"638052891151821842","connectionDeviceId":"IOTDevice_6_1","contentEncoding":"utf-8","contentType":"application/json","enqueuedTime":"2022-10-25 12:00:00"}}
{"Body":{"Status":true,"Timestamp":"2022-10-25 12:00:00","rotate":"417.675874040713"},"EnqueuedTimeUtc":"2022-10-25 12:00:00","Properties":{"messagetype":"Demo"},"SystemProperties":{"connectionAuthMethod":"{\"scope\":\"device\",\"type\":\"sas\",\"issuer\":\"iothub\",\"acceptingIpFilterRule\":null}","connectionDeviceGenerationId":"638052891151821842","connectionDeviceId":"IOTDevice_6_2","contentEncoding":"utf-8","contentType":"application/json","enqueuedTime":"2022-10-25 12:00:00"}}
{"Body":{"Status":true,"Timestamp":"2022-10-25 12:00:00","pressure":"108.415746358881"},"EnqueuedTimeUtc":"2022-10-25 12:00:00","Properties":{"messagetype":"Demo"},"SystemProperties":{"connectionAuthMethod":"{\"scope\":\"device\",\"type\":\"sas\",\"issuer\":\"iothub\",\"acceptingIpFilterRule\":null}","connectionDeviceGenerationId":"638052891151821842","connectionDeviceId":"IOTDevice_6_3","contentEncoding":"utf-8","contentType":"application/json","enqueuedTime":"2022-10-25 12:00:00"}}
{"Body":{"Status":true,"Timestamp":"2022-10-25 12:00:00","vibration":"44.7387293770427"},"EnqueuedTimeUtc":"2022-10-25 12:00:00","Properties":{"messagetype":"Demo"},"SystemProperties":{"connectionAuthMethod":"{\"scope\":\"device\",\"type\":\"sas\",\"issuer\":\"iothub\",\"acceptingIpFilterRule\":null}","connectionDeviceGenerationId":"638052891151821842","connectionDeviceId":"IOTDevice_6_4","contentEncoding":"utf-8","contentType":"application/json","enqueuedTime":"2022-10-25 12:00:00"}}
{"Body":{"Status":true,"Timestamp":"2022-10-25 13:00:00","volt":"166.210087175226"},"EnqueuedTimeUtc":"2022-10-25 13:00:00","Properties":{"messagetype":"Demo"},"SystemProperties":{"connectionAuthMethod":"{\"scope\":\"device\",\"type\":\"sas\",\"issuer\":\"iothub\",\"acceptingIpFilterRule\":null}","connectionDeviceGenerationId":"638052891151821842","connectionDeviceId":"IOTDevice_6_1","contentEncoding":"utf-8","contentType":"application/json","enqueuedTime":"2022-10-25 13:00:00"}}
{"Body":{"Status":true,"Timestamp":"2022-10-25 13:00:00","rotate":"345.006132866761"},"EnqueuedTimeUtc":"2022-10-25 13:00:00","Properties":{"messagetype":"Demo"},"SystemProperties":{"connectionAuthMethod":"{\"scope\":\"device\",\"type\":\"sas\",\"issuer\":\"iothub\",\"acceptingIpFilterRule\":null}","connectionDeviceGenerationId":"638052891151821842","connectionDeviceId":"IOTDevice_6_2","contentEncoding":"utf-8","contentType":"application/json","enqueuedTime":"2022-10-25 13:00:00"}}
{"Body":{"Status":true,"Timestamp":"2022-10-25 13:00:00","pressure":"99.456895357439"},"EnqueuedTimeUtc":"2022-10-25 13:00:00","Properties":{"messagetype":"Demo"},"SystemProperties":{"connectionAuthMethod":"{\"scope\":\"device\",\"type\":\"sas\",\"issuer\":\"iothub\",\"acceptingIpFilterRule\":null}","connectionDeviceGenerationId":"638052891151821842","connectionDeviceId":"IOTDevice_6_3","contentEncoding":"utf-8","contentType":"application/json","enqueuedTime":"2022-10-25 13:00:00"}}
{"Body":{"Status":true,"Timestamp":"2022-10-25 13:00:00","vibration":"40.0142553290022"},"EnqueuedTimeUtc":"2022-10-25 13:00:00","Properties":{"messagetype":"Demo"},"SystemProperties":{"connectionAuthMethod":"{\"scope\":\"device\",\"type\":\"sas\",\"issuer\":\"iothub\",\"acceptingIpFilterRule\":null}","connectionDeviceGenerationId":"638052891151821842","connectionDeviceId":"IOTDevice_6_4","contentEncoding":"utf-8","contentType":"application/json","enqueuedTime":"2022-10-25 13:00:00"}}
{"Body":{"Status":true,"Timestamp":"2022-10-25 14:00:00","volt":"152.746516522364"},"EnqueuedTimeUtc":"2022-10-25 14:00:00","Properties":{"messagetype":"Demo"},"SystemProperties":{"connectionAuthMethod":"{\"scope\":\"device\",\"type\":\"sas\",\"issuer\":\"iothub\",\"acceptingIpFilterRule\":null}","connectionDeviceGenerationId":"638052891151821842","connectionDeviceId":"IOTDevice_6_1","contentEncoding":"utf-8","contentType":"application/json","enqueuedTime":"2022-10-25 14:00:00"}}
{"Body":{"Status":true,"Timestamp":"2022-10-25 14:00:00","rotate":"427.621950688778"},"EnqueuedTimeUtc":"2022-10-25 14:00:00","Properties":{"messagetype":"Demo"},"SystemProperties":{"connectionAuthMethod":"{\"scope\":\"device\",\"type\":\"sas\",\"issuer\":\"iothub\",\"acceptingIpFilterRule\":null}","connectionDeviceGenerationId":"638052891151821842","connectionDeviceId":"IOTDevice_6_2","contentEncoding":"utf-8","contentType":"application/json","enqueuedTime":"2022-10-25 14:00:00"}}
{"Body":{"Status":true,"Timestamp":"2022-10-25 14:00:00","pressure":"113.157185830562"},"EnqueuedTimeUtc":"2022-10-25 14:00:00","Properties":{"messagetype":"Demo"},"SystemProperties":{"connectionAuthMethod":"{\"scope\":\"device\",\"type\":\"sas\",\"issuer\":\"iothub\",\"acceptingIpFilterRule\":null}","connectionDeviceGenerationId":"638052891151821842","connectionDeviceId":"IOTDevice_6_3","contentEncoding":"utf-8","contentType":"application/json","enqueuedTime":"2022-10-25 14:00:00"}}
{"Body":{"Status":true,"Timestamp":"2022-10-25 14:00:00","vibration":"41.7522450192039"},"EnqueuedTimeUtc":"2022-10-25 14:00:00","Properties":{"messagetype":"Demo"},"SystemProperties":{"connectionAuthMethod":"{\"scope\":\"device\",\"type\":\"sas\",\"issuer\":\"iothub\",\"acceptingIpFilterRule\":null}","connectionDeviceGenerationId":"638052891151821842","connectionDeviceId":"IOTDevice_6_4","contentEncoding":"utf-8","contentType":"application/json","enqueuedTime":"2022-10-25 14:00:00"}}
