{"Body":{"Status":true,"Timestamp":"2022-10-25 21:00:00","volt":"140.921626769847"},"EnqueuedTimeUtc":"2022-10-25 21:00:00","Properties":{"messagetype":"Demo"},"SystemProperties":{"connectionAuthMethod":"{\"scope\":\"device\",\"type\":\"sas\",\"issuer\":\"iothub\",\"acceptingIpFilterRule\":null}","connectionDeviceGenerationId":"638052891151821842","connectionDeviceId":"IOTDevice_7_1","contentEncoding":"utf-8","contentType":"application/json","enqueuedTime":"2022-10-25 21:00:00"}}
{"Body":{"Status":true,"Timestamp":"2022-10-25 21:00:00","rotate":"538.987419267608"},"EnqueuedTimeUtc":"2022-10-25 21:00:00","Properties":{"messagetype":"Demo"},"SystemProperties":{"connectionAuthMethod":"{\"scope\":\"device\",\"type\":\"sas\",\"issuer\":\"iothub\",\"acceptingIpFilterRule\":null}","connectionDeviceGenerationId":"638052891151821842","connectionDeviceId":"IOTDevice_7_2","contentEncoding":"utf-8","contentType":"application/json","enqueuedTime":"2022-10-25 21:00:00"}}
{"Body":{"Status":true,"Timestamp":"2022-10-25 21:00:00","pressure":"112.976401944322"},"EnqueuedTimeUtc":"2022-10-25 21:00:00","Properties":{"messagetype":"Demo"},"SystemProperties":{"connectionAuthMethod":"{\"scope\":\"device\",\"type\":\"sas\",\"issuer\":\"iothub\",\"acceptingIpFilterRule\":null}","connectionDeviceGenerationId":"638052891151821842","connectionDeviceId":"IOTDevice_7_3","contentEncoding":"utf-8","contentType":"application/json","enqueuedTime":"2022-10-25 21:00:00"}}
{"Body":{"Status":true,"Timestamp":"2022-10-25 21:00:00","vibration":"48.2311003883325"},"EnqueuedTimeUtc":"2022-10-25 21:00:00","Properties":{"messagetype":"Demo"},"SystemProperties":{"connectionAuthMethod":"{\"scope\":\"device\",\"type\":\"sas\",\"issuer\":\"iothub\",\"acceptingIpFilterRule\":null}","connectionDeviceGenerationId":"638052891151821842","connectionDeviceId":"IOTDevice_7_4","contentEncoding":"utf-8","contentType":"application/json","enqueuedTime":"2022-10-25 21:00:00"}}
{"Body":{"Status":true,"Timestamp":"2022-10-25 22:00:00","volt":"154.591981973562"},"EnqueuedTimeUtc":"2022-10-25 22:00:00","Properties":{"messagetype":"Demo"},"SystemProperties":{"connectionAuthMethod":"{\"scope\":\"device\",\"type\":\"sas\",\"issuer\":\"iothub\",\"acceptingIpFilterRule\":null}","connectionDeviceGenerationId":"638052891151821842","connectionDeviceId":"IOTDevice_7_1","contentEncoding":"utf-8","contentType":"application/json","enqueuedTime":"2022-10-25 22:00:00"}}
{"Body":{"Status":true,"Timestamp":"2022-10-25 22:00:00","rotate":"426.678968759255"},"EnqueuedTimeUtc":"2022-10-25 22:00:00","Properties":{"messagetype":"Demo"},"SystemProperties":{"connectionAuthMethod":"{\"scope\":\"device\",\"type\":\"sas\",\"issuer\":\"iothub\",\"acceptingIpFilterRule\":null}","connectionDeviceGenerationId":"638052891151821842","connectionDeviceId":"IOTDevice_7_2","contentEncoding":"utf-8","contentType":"application/json","enqueuedTime":"2022-10-25 22:00:00"}}
{"Body":{"Status":true,"Timestamp":"2022-10-25 22:00:00","pressure":"91.4645626330577"},"EnqueuedTimeUtc":"2022-10-25 22:00:00","Properties":{"messagetype":"Demo"},"SystemProperties":{"connectionAuthMethod":"{\"scope\":\"device\",\"type\":\"sas\",\"issuer\":\"iothub\",\"acceptingIpFilterRule\":null}","connectionDeviceGenerationId":"638052891151821842","connectionDeviceId":"IOTDevice_7_3","contentEncoding":"utf-8","contentType":"application/json","enqueuedTime":"2022-10-25 22:00:00"}}
{"Body":{"Status":true,"Timestamp":"2022-10-25 22:00:00","vibration":"36.6897913595136"},"EnqueuedTimeUtc":"2022-10-25 22:00:00","Properties":{"messagetype":"Demo"},"SystemProperties":{"connectionAuthMethod":"{\"scope\":\"device\",\"type\":\"sas\",\"issuer\":\"iothub\",\"acceptingIpFilterRule\":null}","connectionDeviceGenerationId":"638052891151821842","connectionDeviceId":"IOTDevice_7_4","contentEncoding":"utf-8","contentType":"application/json","enqueuedTime":"2022-10-25 22:00:00"}}
{"Body":{"Status":true,"Timestamp":"2022-10-25 23:00:00","volt":"187.925247127702"},"EnqueuedTimeUtc":"2022-10-25 23:00:00","Properties":{"messagetype":"Demo"},"SystemProperties":{"connectionAuthMethod":"{\"scope\":\"device\",\"type\":\"sas\",\"issuer\":\"iothub\",\"acceptingIpFilterRule\":null}","connectionDeviceGenerationId":"638052891151821842","connectionDeviceId":"IOTDevice_7_1","contentEncoding":"utf-8","contentType":"application/json","enqueuedTime":"2022-10-25 23:00:00"}}
{"Body":{"Status":true,"Timestamp":"2022-10-25 23:00:00","rotate":"416.418301556884"},"EnqueuedTimeUtc":"2022-10-25 23:00:00","Properties":{"messagetype":"Demo"},"SystemProperties":{"connectionAuthMethod":"{\"scope\":\"device\",\"type\":\"sas\",\"issuer\":\"iothub\",\"acceptingIpFilterRule\":null}","connectionDeviceGenerationId":"638052891151821842","connectionDeviceId":"IOTDevice_7_2","contentEncoding":"utf-8","contentType":"application/json","enqueuedTime":"2022-10-25 23:00:00"}}
{"Body":{"Status":true,"Timestamp":"2022-10-25 23:00:00","pressure":"107.816678879631"},"EnqueuedTimeUtc":"2022-10-25 23:00:00","Properties":{"messagetype":"Demo"},"SystemProperties":{"connectionAuthMethod":"{\"scope\":\"device\",\"type\":\"sas\",\"issuer\":\"iothub\",\"acceptingIpFilterRule\":null}","connectionDeviceGenerationId":"638052891151821842","connectionDeviceId":"IOTDevice_7_3","contentEncoding":"utf-8","contentType":"application/json","enqueuedTime":"2022-10-25 23:00:00"}}
{"Body":{"Status":true,"Timestamp":"2022-10-25 23:00:00","vibration":"37.7761488928619"},"EnqueuedTimeUtc":"2022-10-25 23:00:00","Properties":{"messagetype":"Demo"},"SystemProperties":{"connectionAuthMethod":"{\"scope\":\"device\",\"type\":\"sas\",\"issuer\":\"iothub\",\"acceptingIpFilterRule\":null}","connectionDeviceGenerationId":"638052891151821842","connectionDeviceId":"IOTDevice_7_4","contentEncoding":"utf-8","contentType":"application/json","enqueuedTime":"2022-10-25 23:00:00"}}
{"Body":{"Status":true,"Timestamp":"2022-10-25 00:00:00","volt":"155.113342192408"},"EnqueuedTimeUtc":"2022-10-25 00:00:00","Properties":{"messagetype":"Demo"},"SystemProperties":{"connectionAuthMethod":"{\"scope\":\"device\",\"type\":\"sas\",\"issuer\":\"iothub\",\"acceptingIpFilterRule\":null}","connectionDeviceGenerationId":"638052891151821842","connectionDeviceId":"IOTDevice_8_1","contentEncoding":"utf-8","contentType":"application/json","enqueuedTime":"2022-10-25 00:00:00"}}
{"Body":{"Status":true,"Timestamp":"2022-10-25 00:00:00","rotate":"498.973519213248"},"EnqueuedTimeUtc":"2022-10-25 00:00:00","Properties":{"messagetype":"Demo"},"SystemProperties":{"connectionAuthMethod":"{\"scope\":\"device\",\"type\":\"sas\",\"issuer\":\"iothub\",\"acceptingIpFilterRule\":null}","connectionDeviceGenerationId":"638052891151821842","connectionDeviceId":"IOTDevice_8_2","contentEncoding":"utf-8","contentType":"application/json","enqueuedTime":"2022-10-25 00:00:00"}}
{"Body":{"Status":true,"Timestamp":"2022-10-25 00:00:00","pressure":"91.0351365446445"},"EnqueuedTimeUtc":"2022-10-25 00:00:00","Properties":{"messagetype":"Demo"},"SystemProperties":{"connectionAuthMethod":"{\"scope\":\"device\",\"type\":\"sas\",\"issuer\":\"iothub\",\"acceptingIpFilterRule\":null}","connectionDeviceGenerationId":"638052891151821842","connectionDeviceId":"IOTDevice_8_3","contentEncoding":"utf-8","contentType":"application/json","enqueuedTime":"2022-10-25 00:00:00"}}
{"Body":{"Status":true,"Timestamp":"2022-10-25 00:00:00","vibration":"43.0604378684087"},"EnqueuedTimeUtc":"2022-10-25 00:00:00","Properties":{"messagetype":"Demo"},"SystemProperties":{"connectionAuthMethod":"{\"scope\":\"device\",\"type\":\"sas\",\"issuer\":\"iothub\",\"acceptingIpFilterRule\":null}","connectionDeviceGenerationId":"638052891151821842","connectionDeviceId":"IOTDevice_8_4","contentEncoding":"utf-8","contentType":"application/json","enqueuedTime":"2022-10-25 00:00:00"}}
{"Body":{"Status":true,"Timestamp":"2022-10-25 01:00:00","volt":"187.541782093897"},"EnqueuedTimeUtc":"2022-10-25 01:00:00","Properties":{"messagetype":"Demo"},"SystemProperties":{"connectionAuthMethod":"{\"scope\":\"device\",\"type\":\"sas\",\"issuer\":\"iothub\",\"acceptingIpFilterRule\":null}","connectionDeviceGenerationId":"638052891151821842","connectionDeviceId":"IOTDevice_8_1","contentEncoding":"utf-8","contentType":"application/json","enqueuedTime":"2022-10-25 01:00:00"}}
{"Body":{"Status":true,"Timestamp":"2022-10-25 01:00:00","rotate":"519.302532824544"},"EnqueuedTimeUtc":"2022-10-25 01:00:00","Properties":{"messagetype":"Demo"},"SystemProperties":{"connectionAuthMethod":"{\"scope\":\"device\",\"type\":\"sas\",\"issuer\":\"iothub\",\"acceptingIpFilterRule\":null}","connectionDeviceGenerationId":"638052891151821842","connectionDeviceId":"IOTDevice_8_2","contentEncoding":"utf-8","contentType":"application/json","enqueuedTime":"2022-10-25 01:00:00"}}
{"Body":{"Status":true,"Timestamp":"2022-10-25 01:00:00","pressure":"93.9556776999983"},"EnqueuedTimeUtc":"2022-10-25 01:00:00","Properties":{"messagetype":"Demo"},"SystemProperties":{"connectionAuthMethod":"{\"scope\":\"device\",\"type\":\"sas\",\"issuer\":\"iothub\",\"acceptingIpFilterRule\":null}","connectionDeviceGenerationId":"638052891151821842","connectionDeviceId":"IOTDevice_8_3","contentEncoding":"utf-8","contentType":"application/json","enqueuedTime":"2022-10-25 01:00:00"}}
{"Body":{"Status":true,"Timestamp":"2022-10-25 01:00:00","vibration":"46.575645140763"},"EnqueuedTimeUtc":"2022-10-25 01:00:00","Properties":{"messagetype":"Demo"},"SystemProperties":{"connectionAuthMethod":"{\"scope\":\"device\",\"type\":\"sas\",\"issuer\":\"iothub\",\"acceptingIpFilterRule\":null}","connectionDeviceGenerationId":"638052891151821842","connectionDeviceId":"IOTDevice_8_4","contentEncoding":"utf-8","contentType":"application/json","enqueuedTime":"2022-10-25 01:00:00"}}
{"Body":{"Status":true,"Timestamp":"2022-10-25 02:00:00","volt":"164.637780885213"},"EnqueuedTimeUtc":"2022-10-25 02:00:00","Properties":{"messagetype":"Demo"},"SystemProperties":{"connectionAuthMethod":"{\"scope\":\"device\",\"type\":\"sas\",\"issuer\":\"iothub\",\"acceptingIpFilterRule\":null}","connectionDeviceGenerationId":"638052891151821842","connectionDeviceId":"IOTDevice_8_1","contentEncoding":"utf-8","contentType":"application/json","enqueuedTime":"2022-10-25 02:00:00"}}
{"Body":{"Status":true,"Timestamp":"2022-10-25 02:00:00","rotate":"442.741253091414"},"EnqueuedTimeUtc":"2022-10-25 02:00:00","Properties":{"messagetype":"Demo"},"SystemProperties":{"connectionAuthMethod":"{\"scope\":\"device\",\"type\":\"sas\",\"issuer\":\"iothub\",\"acceptingIpFilterRule\":null}","connectionDeviceGenerationId":"638052891151821842","connectionDeviceId":"IOTDevice_8_2","contentEncoding":"utf-8","contentType":"application/json","enqueuedTime":"2022-10-25 02:00:00"}}
{"Body":{"Status":true,"Timestamp":"2022-10-25 02:00:00","pressure":"107.901469485541"},"EnqueuedTimeUtc":"2022-10-25 02:00:00","Properties":{"messagetype":"Demo"},"SystemProperties":{"connectionAuthMethod":"{\"scope\":\"device\",\"type\":\"sas\",\"issuer\":\"iothub\",\"acceptingIpFilterRule\":null}","connectionDeviceGenerationId":"638052891151821842","connectionDeviceId":"IOTDevice_8_3","contentEncoding":"utf-8","contentType":"application/json","enqueuedTime":"2022-10-25 02:00:00"}}
{"Body":{"Status":true,"Timestamp":"2022-10-25 02:00:00","vibration":"43.9430793452317"},"EnqueuedTimeUtc":"2022-10-25 02:00:00","Properties":{"messagetype":"Demo"},"SystemProperties":{"connectionAuthMethod":"{\"scope\":\"device\",\"type\":\"sas\",\"issuer\":\"iothub\",\"acceptingIpFilterRule\":null}","connectionDeviceGenerationId":"638052891151821842","connectionDeviceId":"IOTDevice_8_4","contentEncoding":"utf-8","contentType":"application/json","enqueuedTime":"2022-10-25 02:00:00"}}
{"Body":{"Status":true,"Timestamp":"2022-10-25 03:00:00","volt":"177.127076657441"},"EnqueuedTimeUtc":"2022-10-25 03:00:00","Properties":{"messagetype":"Demo"},"SystemProperties":{"connectionAuthMethod":"{\"scope\":\"device\",\"type\":\"sas\",\"issuer\":\"iothub\",\"acceptingIpFilterRule\":null}","connectionDeviceGenerationId":"638052891151821842","connectionDeviceId":"IOTDevice_8_1","contentEncoding":"utf-8","contentType":"application/json","enqueuedTime":"2022-10-25 03:00:00"}}
{"Body":{"Status":true,"Timestamp":"2022-10-25 03:00:00","rotate":"433.819317940416"},"EnqueuedTimeUtc":"2022-10-25 03:00:00","Properties":{"messagetype":"Demo"},"SystemProperties":{"connectionAuthMethod":"{\"scope\":\"device\",\"type\":\"sas\",\"issuer\":\"iothub\",\"acceptingIpFilterRule\":null}","connectionDeviceGenerationId":"638052891151821842","connectionDeviceId":"IOTDevice_8_2","contentEncoding":"utf-8","contentType":"application/json","enqueuedTime":"2022-10-25 03:00:00"}}
{"Body":{"Status":true,"Timestamp":"2022-10-25 03:00:00","pressure":"97.0561435602971"},"EnqueuedTimeUtc":"2022-10-25 03:00:00","Properties":{"messagetype":"Demo"},"SystemProperties":{"connectionAuthMethod":"{\"scope\":\"device\",\"type\":\"sas\",\"issuer\":\"iothub\",\"acceptingIpFilterRule\":null}","connectionDeviceGenerationId":"638052891151821842","connectionDeviceId":"IOTDevice_8_3","contentEncoding":"utf-8","contentType":"application/json","enqueuedTime":"2022-10-25 03:00:00"}}
{"Body":{"Status":true,"Timestamp":"2022-10-25 03:00:00","vibration":"41.1754487772597"},"EnqueuedTimeUtc":"2022-10-25 03:00:00","Properties":{"messagetype":"Demo"},"SystemProperties":{"connectionAuthMethod":"{\"scope\":\"device\",\"type\":\"sas\",\"issuer\":\"iothub\",\"acceptingIpFilterRule\":null}","connectionDeviceGenerationId":"638052891151821842","connectionDeviceId":"IOTDevice_8_4","contentEncoding":"utf-8","contentType":"application/json","enqueuedTime":"2022-10-25 03:00:00"}}
{"Body":{"Status":true,"Timestamp":"2022-10-25 04:00:00","volt":"176.339413870817"},"EnqueuedTimeUtc":"2022-10-25 04:00:00","Properties":{"messagetype":"Demo"},"SystemProperties":{"connectionAuthMethod":"{\"scope\":\"device\",\"type\":\"sas\",\"issuer\":\"iothub\",\"acceptingIpFilterRule\":null}","connectionDeviceGenerationId":"638052891151821842","connectionDeviceId":"IOTDevice_8_1","contentEncoding":"utf-8","contentType":"application/json","enqueuedTime":"2022-10-25 04:00:00"}}
{"Body":{"Status":true,"Timestamp":"2022-10-25 04:00:00","rotate":"423.59434655491"},"EnqueuedTimeUtc":"2022-10-25 04:00:00","Properties":{"messagetype":"Demo"},"SystemProperties":{"connectionAuthMethod":"{\"scope\":\"device\",\"type\":\"sas\",\"issuer\":\"iothub\",\"acceptingIpFilterRule\":null}","connectionDeviceGenerationId":"638052891151821842","connectionDeviceId":"IOTDevice_8_2","contentEncoding":"utf-8","contentType":"application/json","enqueuedTime":"2022-10-25 04:00:00"}}
{"Body":{"Status":true,"Timestamp":"2022-10-25 04:00:00","pressure":"85.0793462684156"},"EnqueuedTimeUtc":"2022-10-25 04:00:00","Properties":{"messagetype":"Demo"},"SystemProperties":{"connectionAuthMethod":"{\"scope\":\"device\",\"type\":\"sas\",\"issuer\":\"iothub\",\"acceptingIpFilterRule\":null}","connectionDeviceGenerationId":"638052891151821842","connectionDeviceId":"IOTDevice_8_3","contentEncoding":"utf-8","contentType":"application/json","enqueuedTime":"2022-10-25 04:00:00"}}
{"Body":{"Status":true,"Timestamp":"2022-10-25 04:00:00","vibration":"36.746964042043"},"EnqueuedTimeUtc":"2022-10-25 04:00:00","Properties":{"messagetype":"Demo"},"SystemProperties":{"connectionAuthMethod":"{\"scope\":\"device\",\"type\":\"sas\",\"issuer\":\"iothub\",\"acceptingIpFilterRule\":null}","connectionDeviceGenerationId":"638052891151821842","connectionDeviceId":"IOTDevice_8_4","contentEncoding":"utf-8","contentType":"application/json","enqueuedTime":"2022-10-25 04:00:00"}}
{"Body":{"Status":true,"Timestamp":"2022-10-25 05:00:00","volt":"156.702703518123"},"EnqueuedTimeUtc":"2022-10-25 05:00:00","Properties":{"messagetype":"Demo"},"SystemProperties":{"connectionAuthMethod":"{\"scope\":\"device\",\"type\":\"sas\",\"issuer\":\"iothub\",\"acceptingIpFilterRule\":null}","connectionDeviceGenerationId":"638052891151821842","connectionDeviceId":"IOTDevice_8_1","contentEncoding":"utf-8","contentType":"application/json","enqueuedTime":"2022-10-25 05:00:00"}}
{"Body":{"Status":true,"Timestamp":"2022-10-25 05:00:00","rotate":"398.01996550099"},"EnqueuedTimeUtc":"2022-10-25 05:00:00","Properties":{"messagetype":"Demo"},"SystemProperties":{"connectionAuthMethod":"{\"scope\":\"device\",\"type\":\"sas\",\"issuer\":\"iothub\",\"acceptingIpFilterRule\":null}","connectionDeviceGenerationId":"638052891151821842","connectionDeviceId":"IOTDevice_8_2","contentEncoding":"utf-8","contentType":"application/json","enqueuedTime":"2022-10-25 05:00:00"}}
{"Body":{"Status":true,"Timestamp":"2022-10-25 05:00:00","pressure":"117.488457246148"},"EnqueuedTimeUtc":"2022-10-25 05:00:00","Properties":{"messagetype":"Demo"},"SystemProperties":{"connectionAuthMethod":"{\"scope\":\"device\",\"type\":\"sas\",\"issuer\":\"iothub\",\"acceptingIpFilterRule\":null}","connectionDeviceGenerationId":"638052891151821842","connectionDeviceId":"IOTDevice_8_3","contentEncoding":"utf-8","contentType":"application/json","enqueuedTime":"2022-10-25 05:00:00"}}
{"Body":{"Status":true,"Timestamp":"2022-10-25 05:00:00","vibration":"39.5096527859846"},"EnqueuedTimeUtc":"2022-10-25 05:00:00","Properties":{"messagetype":"Demo"},"SystemProperties":{"connectionAuthMethod":"{\"scope\":\"device\",\"type\":\"sas\",\"issuer\":\"iothub\",\"acceptingIpFilterRule\":null}","connectionDeviceGenerationId":"638052891151821842","connectionDeviceId":"IOTDevice_8_4","contentEncoding":"utf-8","contentType":"application/json","enqueuedTime":"2022-10-25 05:00:00"}}
{"Body":{"Status":true,"Timestamp":"2022-10-25 06:00:00","volt":"160.549229674532"},"EnqueuedTimeUtc":"2022-10-25 06:00:00","Properties":{"messagetype":"Demo"},"SystemProperties":{"connectionAuthMethod":"{\"scope\":\"device\",\"type\":\"sas\",\"issuer\":\"iothub\",\"acceptingIpFilterRule\":null}","connectionDeviceGenerationId":"638052891151821842","connectionDeviceId":"IOTDevice_8_1","contentEncoding":"utf-8","contentType":"application/json","enqueuedTime":"2022-10-25 06:00:00"}}
{"Body":{"Status":true,"Timestamp":"2022-10-25 06:00:00","rotate":"355.119971905192"},"EnqueuedTimeUtc":"2022-10-25 06:00:00","Properties":{"messagetype":"Demo"},"SystemProperties":{"connectionAuthMethod":"{\"scope\":\"device\",\"type\":\"sas\",\"issuer\":\"iothub\",\"acceptingIpFilterRule\":null}","connectionDeviceGenerationId":"638052891151821842","connectionDeviceId":"IOTDevice_8_2","contentEncoding":"utf-8","contentType":"application/json","enqueuedTime":"2022-10-25 06:00:00"}}
{"Body":{"Status":true,"Timestamp":"2022-10-25 06:00:00","pressure":"97.383915756462"},"EnqueuedTimeUtc":"2022-10-25 06:00:00","Properties":{"messagetype":"Demo"},"SystemProperties":{"connectionAuthMethod":"{\"scope\":\"device\",\"type\":\"sas\",\"issuer\":\"iothub\",\"acceptingIpFilterRule\":null}","connectionDeviceGenerationId":"638052891151821842","connectionDeviceId":"IOTDevice_8_3","contentEncoding":"utf-8","contentType":"application/json","enqueuedTime":"2022-10-25 06:00:00"}}
{"Body":{"Status":true,"Timestamp":"2022-10-25 06:00:00","vibration":"41.8694462913031"},"EnqueuedTimeUtc":"2022-10-25 06:00:00","Properties":{"messagetype":"Demo"},"SystemProperties":{"connectionAuthMethod":"{\"scope\":\"device\",\"type\":\"sas\",\"issuer\":\"iothub\",\"acceptingIpFilterRule\":null}","connectionDeviceGenerationId":"638052891151821842","connectionDeviceId":"IOTDevice_8_4","contentEncoding":"utf-8","contentType":"application/json","enqueuedTime":"2022-10-25 06:00:00"}}
{"Body":{"Status":true,"Timestamp":"2022-10-25 07:00:00","volt":"166.146406986043"},"EnqueuedTimeUtc":"2022-10-25 07:00:00","Properties":{"messagetype":"Demo"},"SystemProperties":{"connectionAuthMethod":"{\"scope\":\"device\",\"type\":\"sas\",\"issuer\":\"iothub\",\"acceptingIpFilterRule\":null}","connectionDeviceGenerationId":"638052891151821842","connectionDeviceId":"IOTDevice_8_1","contentEncoding":"utf-8","contentType":"application/json","enqueuedTime":"2022-10-25 07:00:00"}}
{"Body":{"Status":true,"Timestamp":"2022-10-25 07:00:00","rotate":"400.97881591135"},"EnqueuedTimeUtc":"2022-10-25 07:00:00","Properties":{"messagetype":"Demo"},"SystemProperties":{"connectionAuthMethod":"{\"scope\":\"device\",\"type\":\"sas\",\"issuer\":\"iothub\",\"acceptingIpFilterRule\":null}","connectionDeviceGenerationId":"638052891151821842","connectionDeviceId":"IOTDevice_8_2","contentEncoding":"utf-8","contentType":"application/json","enqueuedTime":"2022-10-25 07:00:00"}}
{"Body":{"Status":true,"Timestamp":"2022-10-25 07:00:00","pressure":"105.830311646327"},"EnqueuedTimeUtc":"2022-10-25 07:00:00","Properties":{"messagetype":"Demo"},"SystemProperties":{"connectionAuthMethod":"{\"scope\":\"device\",\"type\":\"sas\",\"issuer\":\"iothub\",\"acceptingIpFilterRule\":null}","connectionDeviceGenerationId":"638052891151821842","connectionDeviceId":"IOTDevice_8_3","contentEncoding":"utf-8","contentType":"application/json","enqueuedTime":"2022-10-25 07:00:00"}}
{"Body":{"Status":true,"Timestamp":"2022-10-25 07:00:00","vibration":"38.4417893855162"},"EnqueuedTimeUtc":"2022-10-25 07:00:00","Properties":{"messagetype":"Demo"},"SystemProperties":{"connectionAuthMethod":"{\"scope\":\"device\",\"type\":\"sas\",\"issuer\":\"iothub\",\"acceptingIpFilterRule\":null}","connectionDeviceGenerationId":"638052891151821842","connectionDeviceId":"IOTDevice_8_4","contentEncoding":"utf-8","contentType":"application/json","enqueuedTime":"2022-10-25 07:00:00"}}
{"Body":{"Status":true,"Timestamp":"2022-10-25 08:00:00","volt":"182.123491760187"},"EnqueuedTimeUtc":"2022-10-25 08:00:00","Properties":{"messagetype":"Demo"},"SystemProperties":{"connectionAuthMethod":"{\"scope\":\"device\",\"type\":\"sas\",\"issuer\":\"iothub\",\"acceptingIpFilterRule\":null}","connectionDeviceGenerationId":"638052891151821842","connectionDeviceId":"IOTDevice_8_1","contentEncoding":"utf-8","contentType":"application/json","enqueuedTime":"2022-10-25 08:00:00"}}
{"Body":{"Status":true,"Timestamp":"2022-10-25 08:00:00","rotate":"435.490222599667"},"EnqueuedTimeUtc":"2022-10-25 08:00:00","Properties":{"messagetype":"Demo"},"SystemProperties":{"connectionAuthMethod":"{\"scope\":\"device\",\"type\":\"sas\",\"issuer\":\"iothub\",\"acceptingIpFilterRule\":null}","connectionDeviceGenerationId":"638052891151821842","connectionDeviceId":"IOTDevice_8_2","contentEncoding":"utf-8","contentType":"application/json","enqueuedTime":"2022-10-25 08:00:00"}}
{"Body":{"Status":true,"Timestamp":"2022-10-25 08:00:00","pressure":"104.386870816496"},"EnqueuedTimeUtc":"2022-10-25 08:00:00","Properties":{"messagetype":"Demo"},"SystemProperties":{"connectionAuthMethod":"{\"scope\":\"device\",\"type\":\"sas\",\"issuer\":\"iothub\",\"acceptingIpFilterRule\":null}","connectionDeviceGenerationId":"638052891151821842","connectionDeviceId":"IOTDevice_8_3","contentEncoding":"utf-8","contentType":"application/json","enqueuedTime":"2022-10-25 08:00:00"}}
{"Body":{"Status":true,"Timestamp":"2022-10-25 08:00:00","vibration":"42.5850117035956"},"EnqueuedTimeUtc":"2022-10-25 08:00:00","Properties":{"messagetype":"Demo"},"SystemProperties":{"connectionAuthMethod":"{\"scope\":\"device\",\"type\":\"sas\",\"issuer\":\"iothub\",\"acceptingIpFilterRule\":null}","connectionDeviceGenerationId":"638052891151821842","connectionDeviceId":"IOTDevice_8_4","contentEncoding":"utf-8","contentType":"application/json","enqueuedTime":"2022-10-25 08:00:00"}}
{"Body":{"Status":true,"Timestamp":"2022-10-25 09:00:00","volt":"172.286728522742"},"EnqueuedTimeUtc":"2022-10-25 09:00:00","Properties":{"messagetype":"Demo"},"SystemProperties":{"connectionAuthMethod":"{\"scope\":\"device\",\"type\":\"sas\",\"issuer\":\"iothub\",\"acceptingIpFilterRule\":null}","connectionDeviceGenerationId":"638052891151821842","connectionDeviceId":"IOTDevice_8_1","contentEncoding":"utf-8","contentType":"application/json","enqueuedTime":"2022-10-25 09:00:00"}}
{"Body":{"Status":true,"Timestamp":"2022-10-25 09:00:00","rotate":"404.174031500933"},"EnqueuedTimeUtc":"2022-10-25 09:00:00","Properties":{"messagetype":"Demo"},"SystemProperties":{"connectionAuthMethod":"{\"scope\":\"device\",\"type\":\"sas\",\"issuer\":\"iothub\",\"acceptingIpFilterRule\":null}","connectionDeviceGenerationId":"638052891151821842","connectionDeviceId":"IOTDevice_8_2","contentEncoding":"utf-8","contentType":"application/json","enqueuedTime":"2022-10-25 09:00:00"}}
{"Body":{"Status":true,"Timestamp":"2022-10-25 09:00:00","pressure":"98.3931916054796"},"EnqueuedTimeUtc":"2022-10-25 09:00:00","Properties":{"messagetype":"Demo"},"SystemProperties":{"connectionAuthMethod":"{\"scope\":\"device\",\"type\":\"sas\",\"issuer\":\"iothub\",\"acceptingIpFilterRule\":null}","connectionDeviceGenerationId":"638052891151821842","connectionDeviceId":"IOTDevice_8_3","contentEncoding":"utf-8","contentType":"application/json","enqueuedTime":"2022-10-25 09:00:00"}}
{"Body":{"Status":true,"Timestamp":"2022-10-25 09:00:00","vibration":"45.5556778989669"},"EnqueuedTimeUtc":"2022-10-25 09:00:00","Properties":{"messagetype":"Demo"},"SystemProperties":{"connectionAuthMethod":"{\"scope\":\"device\",\"type\":\"sas\",\"issuer\":\"iothub\",\"acceptingIpFilterRule\":null}","connectionDeviceGenerationId":"638052891151821842","connectionDeviceId":"IOTDevice_8_4","contentEncoding":"utf-8","contentType":"application/json","enqueuedTime":"2022-10-25 09:00:00"}}
{"Body":{"Status":true,"Timestamp":"2022-10-25 10:00:00","volt":"146.934809912187"},"EnqueuedTimeUtc":"2022-10-25 10:00:00","Properties":{"messagetype":"Demo"},"SystemProperties":{"connectionAuthMethod":"{\"scope\":\"device\",\"type\":\"sas\",\"issuer\":\"iothub\",\"acceptingIpFilterRule\":null}","connectionDeviceGenerationId":"638052891151821842","connectionDeviceId":"IOTDevice_8_1","contentEncoding":"utf-8","contentType":"application/json","enqueuedTime":"2022-10-25 10:00:00"}}
{"Body":{"Status":true,"Timestamp":"2022-10-25 10:00:00","rotate":"484.466877949167"},"EnqueuedTimeUtc":"2022-10-25 10:00:00","Properties":{"messagetype":"Demo"},"SystemProperties":{"connectionAuthMethod":"{\"scope\":\"device\",\"type\":\"sas\",\"issuer\":\"iothub\",\"acceptingIpFilterRule\":null}","connectionDeviceGenerationId":"638052891151821842","connectionDeviceId":"IOTDevice_8_2","contentEncoding":"utf-8","contentType":"application/json","enqueuedTime":"2022-10-25 10:00:00"}}
{"Body":{"Status":true,"Timestamp":"2022-10-25 10:00:00","pressure":"93.1806873424858"},"EnqueuedTimeUtc":"2022-10-25 10:00:00","Properties":{"messagetype":"Demo"},"SystemProperties":{"connectionAuthMethod":"{\"scope\":\"device\",\"type\":\"sas\",\"issuer\":\"iothub\",\"acceptingIpFilterRule\":null}","connectionDeviceGenerationId":"638052891151821842","connectionDeviceId":"IOTDevice_8_3","contentEncoding":"utf-8","contentType":"application/json","enqueuedTime":"2022-10-25 10:00:00"}}
{"Body":{"Status":true,"Timestamp":"2022-10-25 10:00:00","vibration":"30.0182188986538"},"EnqueuedTimeUtc":"2022-10-25 10:00:00","Properties":{"messagetype":"Demo"},"SystemProperties":{"connectionAuthMethod":"{\"scope\":\"device\",\"type\":\"sas\",\"issuer\":\"iothub\",\"acceptingIpFilterRule\":null}","connectionDeviceGenerationId":"638052891151821842","connectionDeviceId":"IOTDevice_8_4","contentEncoding":"utf-8","contentType":"application/json","enqueuedTime":"2022-10-25 10:00:00"}}
{"Body":{"Status":true,"Timestamp":"2022-10-25 11:00:00","volt":"150.029590580929"},"EnqueuedTimeUtc":"2022-10-25 11:00:00","Properties":{"messagetype":"Demo"},"SystemProperties":{"connectionAuthMethod":"{\"scope\":\"device\",\"type\":\"sas\",\"issuer\":\"iothub\",\"acceptingIpFilterRule\":null}","connectionDeviceGenerationId":"638052891151821842","connectionDeviceId":"IOTDevice_8_1","contentEncoding":"utf-8","contentType":"application/json","enqueuedTime":"2022-10-25 11:00:00"}}
{"Body":{"Status":true,"Timestamp":"2022-10-25 11:00:00","rotate":"368.863535710458"},"EnqueuedTimeUtc":"2022-10-25 11:00:00","Properties":{"messagetype":"Demo"},"SystemProperties":{"connectionAuthMethod":"{\"scope\":\"device\",\"type\":\"sas\",\"issuer\":\"iothub\",\"acceptingIpFilterRule\":null}","connectionDeviceGenerationId":"638052891151821842","connectionDeviceId":"IOTDevice_8_2","contentEncoding":"utf-8","contentType":"application/json","enqueuedTime":"2022-10-25 11:00:00"}}
{"Body":{"Status":true,"Timestamp":"2022-10-25 11:00:00","pressure":"79.3920925643959"},"EnqueuedTimeUtc":"2022-10-25 11:00:00","Properties":{"messagetype":"Demo"},"SystemProperties":{"connectionAuthMethod":"{\"scope\":\"device\",\"type\":\"sas\",\"issuer\":\"iothub\",\"acceptingIpFilterRule\":null}","connectionDeviceGenerationId":"638052891151821842","connectionDeviceId":"IOTDevice_8_3","contentEncoding":"utf-8","contentType":"application/json","enqueuedTime":"2022-10-25 11:00:00"}}
{"Body":{"Status":true,"Timestamp":"2022-10-25 11:00:00","vibration":"44.4379459311201"},"EnqueuedTimeUtc":"2022-10-25 11:00:00","Properties":{"messagetype":"Demo"},"SystemProperties":{"connectionAuthMethod":"{\"scope\":\"device\",\"type\":\"sas\",\"issuer\":\"iothub\",\"acceptingIpFilterRule\":null}","connectionDeviceGenerationId":"638052891151821842","connectionDeviceId":"IOTDevice_8_4","contentEncoding":"utf-8","contentType":"application/json","enqueuedTime":"2022-10-25 11:00:00"}}
