{"Body":{"Status":true,"Timestamp":"2022-10-25 03:00:00","volt":"151.131797741268"},"EnqueuedTimeUtc":"2022-10-25 03:00:00","Properties":{"messagetype":"Demo"},"SystemProperties":{"connectionAuthMethod":"{\"scope\":\"device\",\"type\":\"sas\",\"issuer\":\"iothub\",\"acceptingIpFilterRule\":null}","connectionDeviceGenerationId":"638052891151821842","connectionDeviceId":"IOTDevice_9_1","contentEncoding":"utf-8","contentType":"application/json","enqueuedTime":"2022-10-25 03:00:00"}}
{"Body":{"Status":true,"Timestamp":"2022-10-25 03:00:00","rotate":"411.181002204466"},"EnqueuedTimeUtc":"2022-10-25 03:00:00","Properties":{"messagetype":"Demo"},"SystemProperties":{"connectionAuthMethod":"{\"scope\":\"device\",\"type\":\"sas\",\"issuer\":\"iothub\",\"acceptingIpFilterRule\":null}","connectionDeviceGenerationId":"638052891151821842","connectionDeviceId":"IOTDevice_9_2","contentEncoding":"utf-8","contentType":"application/json","enqueuedTime":"2022-10-25 03:00:00"}}
{"Body":{"Status":true,"Timestamp":"2022-10-25 03:00:00","pressure":"125.581657155309"},"EnqueuedTimeUtc":"2022-10-25 03:00:00","Properties":{"messagetype":"Demo"},"SystemProperties":{"connectionAuthMethod":"{\"scope\":\"device\",\"type\":\"sas\",\"issuer\":\"iothub\",\"acceptingIpFilterRule\":null}","connectionDeviceGenerationId":"638052891151821842","connectionDeviceId":"IOTDevice_9_3","contentEncoding":"utf-8","contentType":"application/json","enqueuedTime":"2022-10-25 03:00:00"}}
{"Body":{"Status":true,"Timestamp":"2022-10-25 03:00:00","vibration":"35.3947169889083"},"EnqueuedTimeUtc":"2022-10-25 03:00:00","Properties":{"messagetype":"Demo"},"SystemProperties":{"connectionAuthMethod":"{\"scope\":\"device\",\"type\":\"sas\",\"issuer\":\"iothub\",\"acceptingIpFilterRule\":null}","connectionDeviceGenerationId":"638052891151821842","connectionDeviceId":"IOTDevice_9_4","contentEncoding":"utf-8","contentType":"application/json","enqueuedTime":"2022-10-25 03:00:00"}}
{"Body":{"Status":true,"Timestamp":"2022-10-25 04:00:00","volt":"149.92106285016"},"EnqueuedTimeUtc":"2022-10-25 04:00:00","Properties":{"messagetype":"Demo"},"SystemProperties":{"connectionAuthMethod":"{\"scope\":\"device\",\"type\":\"sas\",\"issuer\":\"iothub\",\"acceptingIpFilterRule\":null}","connectionDeviceGenerationId":"638052891151821842","connectionDeviceId":"IOTDevice_9_1","contentEncoding":"utf-8","contentType":"application/json","enqueuedTime":"2022-10-25 04:00:00"}}
{"Body":{"Status":true,"Timestamp":"2022-10-25 04:00:00","rotate":"463.168301889651"},"EnqueuedTimeUtc":"2022-10-25 04:00:00","Properties":{"messagetype":"Demo"},"SystemProperties":{"connectionAuthMethod":"{\"scope\":\"device\",\"type\":\"sas\",\"issuer\":\"iothub\",\"acceptingIpFilterRule\":null}","connectionDeviceGenerationId":"638052891151821842","connectionDeviceId":"IOTDevice_9_2","contentEncoding":"utf-8","contentType":"application/json","enqueuedTime":"2022-10-25 04:00:00"}}
{"Body":{"Status":true,"Timestamp":"2022-10-25 04:00:00","pressure":"125.58978169865"},"EnqueuedTimeUtc":"2022-10-25 04:00:00","Properties":{"messagetype":"Demo"},"SystemProperties":{"connectionAuthMethod":"{\"scope\":\"device\",\"type\":\"sas\",\"issuer\":\"iothub\",\"acceptingIpFilterRule\":null}","connectionDeviceGenerationId":"638052891151821842","connectionDeviceId":"IOTDevice_9_3","contentEncoding":"utf-8","contentType":"application/json","enqueuedTime":"2022-10-25 04:00:00"}}
{"Body":{"Status":true,"Timestamp":"2022-10-25 04:00:00","vibration":"37.159801290675"},"EnqueuedTimeUtc":"2022-10-25 04:00:00","Properties":{"messagetype":"Demo"},"SystemProperties":{"connectionAuthMethod":"{\"scope\":\"device\",\"type\":\"sas\",\"issuer\":\"iothub\",\"acceptingIpFilterRule\":null}","connectionDeviceGenerationId":"638052891151821842","connectionDeviceId":"IOTDevice_9_4","contentEncoding":"utf-8","contentType":"application/json","enqueuedTime":"2022-10-25 04:00:00"}}
{"Body":{"Status":true,"Timestamp":"2022-10-25 05:00:00","volt":"165.755239469298"},"EnqueuedTimeUtc":"2022-10-25 05:00:00","Properties":{"messagetype":"Demo"},"SystemProperties":{"connectionAuthMethod":"{\"scope\":\"device\",\"type\":\"sas\",\"issuer\":\"iothub\",\"acceptingIpFilterRule\":null}","connectionDeviceGenerationId":"638052891151821842","connectionDeviceId":"IOTDevice_9_1","contentEncoding":"utf-8","contentType":"application/json","enqueuedTime":"2022-10-25 05:00:00"}}
{"Body":{"Status":true,"Timestamp":"2022-10-25 05:00:00","rotate":"481.791674144765"},"EnqueuedTimeUtc":"2022-10-25 05:00:00","Properties":{"messagetype":"Demo"},"SystemProperties":{"connectionAuthMethod":"{\"scope\":\"device\",\"type\":\"sas\",\"issuer\":\"iothub\",\"acceptingIpFilterRule\":null}","connectionDeviceGenerationId":"638052891151821842","connectionDeviceId":"IOTDevice_9_2","contentEncoding":"utf-8","contentType":"application/json","enqueuedTime":"2022-10-25 05:00:00"}}
{"Body":{"Status":true,"Timestamp":"2022-10-25 05:00:00","pressure":"133.13785267294"},"EnqueuedTimeUtc":"2022-10-25 05:00:00","Properties":{"messagetype":"Demo"},"SystemProperties":{"connectionAuthMethod":"{\"scope\":\"device\",\"type\":\"sas\",\"issuer\":\"iothub\",\"acceptingIpFilterRule\":null}","connectionDeviceGenerationId":"638052891151821842","connectionDeviceId":"IOTDevice_9_3","contentEncoding":"utf-8","contentType":"application/json","enqueuedTime":"2022-10-25 05:00:00"}}
{"Body":{"Status":true,"Timestamp":"2022-10-25 05:00:00","vibration":"29.6131960950253"},"EnqueuedTimeUtc":"2022-10-25 05:00:00","Properties":{"messagetype":"Demo"},"SystemProperties":{"connectionAuthMethod":"{\"scope\":\"device\",\"type\":\"sas\",\"issuer\":\"iothub\",\"acceptingIpFilterRule\":null}","connectionDeviceGenerationId":"638052891151821842","connectionDeviceId":"IOTDevice_9_4","contentEncoding":"utf-8","contentType":"application/json","enqueuedTime":"2022-10-25 05:00:00"}}
{"Body":{"Status":true,"Timestamp":"2022-10-25 06:00:00","volt":"190.878005174899"},"EnqueuedTimeUtc":"2022-10-25 06:00:00","Properties":{"messagetype":"Demo"},"SystemProperties":{"connectionAuthMethod":"{\"scope\":\"device\",\"type\":\"sas\",\"issuer\":\"iothub\",\"acceptingIpFilterRule\":null}","connectionDeviceGenerationId":"638052891151821842","connectionDeviceId":"IOTDevice_9_1","contentEncoding":"utf-8","contentType":"application/json","enqueuedTime":"2022-10-25 06:00:00"}}
{"Body":{"Status":true,"Timestamp":"2022-10-25 06:00:00","rotate":"477.892947612295"},"EnqueuedTimeUtc":"2022-10-25 06:00:00","Properties":{"messagetype":"Demo"},"SystemProperties":{"connectionAuthMethod":"{\"scope\":\"device\",\"type\":\"sas\",\"issuer\":\"iothub\",\"acceptingIpFilterRule\":null}","connectionDeviceGenerationId":"638052891151821842","connectionDeviceId":"IOTDevice_9_2","contentEncoding":"utf-8","contentType":"application/json","enqueuedTime":"2022-10-25 06:00:00"}}
{"Body":{"Status":true,"Timestamp":"2022-10-25 06:00:00","pressure":"136.922640386294"},"EnqueuedTimeUtc":"2022-10-25 06:00:00","Properties":{"messagetype":"Demo"},"SystemProperties":{"connectionAuthMethod":"{\"scope\":\"device\",\"type\":\"sas\",\"issuer\":\"iothub\",\"acceptingIpFilterRule\":null}","connectionDeviceGenerationId":"638052891151821842","connectionDeviceId":"IOTDevice_9_3","contentEncoding":"utf-8","contentType":"application/json","enqueuedTime":"2022-10-25 06:00:00"}}
{"Body":{"Status":true,"Timestamp":"2022-10-25 06:00:00","vibration":"42.1741417914202"},"EnqueuedTimeUtc":"2022-10-25 06:00:00","Properties":{"messagetype":"Demo"},"SystemProperties":{"connectionAuthMethod":"{\"scope\":\"device\",\"type\":\"sas\",\"issuer\":\"iothub\",\"acceptingIpFilterRule\":null}","connectionDeviceGenerationId":"638052891151821842","connectionDeviceId":"IOTDevice_9_4","contentEncoding":"utf-8","contentType":"application/json","enqueuedTime":"2022-10-25 06:00:00"}}
{"Body":{"Status":true,"Timestamp":"2022-10-25 07:00:00","volt":"174.764503601945"},"EnqueuedTimeUtc":"2022-10-25 07:00:00","Properties":{"messagetype":"Demo"},"SystemProperties":{"connectionAuthMethod":"{\"scope\":\"device\",\"type\":\"sas\",\"issuer\":\"iothub\",\"acceptingIpFilterRule\":null}","connectionDeviceGenerationId":"638052891151821842","connectionDeviceId":"IOTDevice_9_1","contentEncoding":"utf-8","contentType":"application/json","enqueuedTime":"2022-10-25 07:00:00"}}
{"Body":{"Status":true,"Timestamp":"2022-10-25 07:00:00","rotate":"495.272687542386"},"EnqueuedTimeUtc":"2022-10-25 07:00:00","Properties":{"messagetype":"Demo"},"SystemProperties":{"connectionAuthMethod":"{\"scope\":\"device\",\"type\":\"sas\",\"issuer\":\"iothub\",\"acceptingIpFilterRule\":null}","connectionDeviceGenerationId":"638052891151821842","connectionDeviceId":"IOTDevice_9_2","contentEncoding":"utf-8","contentType":"application/json","enqueuedTime":"2022-10-25 07:00:00"}}
{"Body":{"Status":true,"Timestamp":"2022-10-25 07:00:00","pressure":"127.961421880444"},"EnqueuedTimeUtc":"2022-10-25 07:00:00","Properties":{"messagetype":"Demo"},"SystemProperties":{"connectionAuthMethod":"{\"scope\":\"device\",\"type\":\"sas\",\"issuer\":\"iothub\",\"acceptingIpFilterRule\":null}","connectionDeviceGenerationId":"638052891151821842","connectionDeviceId":"IOTDevice_9_3","contentEncoding":"utf-8","contentType":"application/json","enqueuedTime":"2022-10-25 07:00:00"}}
{"Body":{"Status":true,"Timestamp":"2022-10-25 07:00:00","vibration":"38.524646926408"},"EnqueuedTimeUtc":"2022-10-25 07:00:00","Properties":{"messagetype":"Demo"},"SystemProperties":{"connectionAuthMethod":"{\"scope\":\"device\",\"type\":\"sas\",\"issuer\":\"iothub\",\"acceptingIpFilterRule\":null}","connectionDeviceGenerationId":"638052891151821842","connectionDeviceId":"IOTDevice_9_4","contentEncoding":"utf-8","contentType":"application/json","enqueuedTime":"2022-10-25 07:00:00"}}
{"Body":{"Status":true,"Timestamp":"2022-10-25 08:00:00","volt":"174.43618339719"},"EnqueuedTimeUtc":"2022-10-25 08:00:00","Properties":{"messagetype":"Demo"},"SystemProperties":{"connectionAuthMethod":"{\"scope\":\"device\",\"type\":\"sas\",\"issuer\":\"iothub\",\"acceptingIpFilterRule\":null}","connectionDeviceGenerationId":"638052891151821842","connectionDeviceId":"IOTDevice_9_1","contentEncoding":"utf-8","contentType":"application/json","enqueuedTime":"2022-10-25 08:00:00"}}
{"Body":{"Status":true,"Timestamp":"2022-10-25 08:00:00","rotate":"512.586001778381"},"EnqueuedTimeUtc":"2022-10-25 08:00:00","Properties":{"messagetype":"Demo"},"SystemProperties":{"connectionAuthMethod":"{\"scope\":\"device\",\"type\":\"sas\",\"issuer\":\"iothub\",\"acceptingIpFilterRule\":null}","connectionDeviceGenerationId":"638052891151821842","connectionDeviceId":"IOTDevice_9_2","contentEncoding":"utf-8","contentType":"application/json","enqueuedTime":"2022-10-25 08:00:00"}}
{"Body":{"Status":true,"Timestamp":"2022-10-25 08:00:00","pressure":"138.724679686473"},"EnqueuedTimeUtc":"2022-10-25 08:00:00","Properties":{"messagetype":"Demo"},"SystemProperties":{"connectionAuthMethod":"{\"scope\":\"device\",\"type\":\"sas\",\"issuer\":\"iothub\",\"acceptingIpFilterRule\":null}","connectionDeviceGenerationId":"638052891151821842","connectionDeviceId":"IOTDevice_9_3","contentEncoding":"utf-8","contentType":"application/json","enqueuedTime":"2022-10-25 08:00:00"}}
{"Body":{"Status":true,"Timestamp":"2022-10-25 08:00:00","vibration":"39.5185718115818"},"EnqueuedTimeUtc":"2022-10-25 08:00:00","Properties":{"messagetype":"Demo"},"SystemProperties":{"connectionAuthMethod":"{\"scope\":\"device\",\"type\":\"sas\",\"issuer\":\"iothub\",\"acceptingIpFilterRule\":null}","connectionDeviceGenerationId":"638052891151821842","connectionDeviceId":"IOTDevice_9_4","contentEncoding":"utf-8","contentType":"application/json","enqueuedTime":"2022-10-25 08:00:00"}}
{"Body":{"Status":true,"Timestamp":"2022-10-25 09:00:00","volt":"174.933018540498"},"EnqueuedTimeUtc":"2022-10-25 09:00:00","Properties":{"messagetype":"Demo"},"SystemProperties":{"connectionAuthMethod":"{\"scope\":\"device\",\"type\":\"sas\",\"issuer\":\"iothub\",\"acceptingIpFilterRule\":null}","connectionDeviceGenerationId":"638052891151821842","connectionDeviceId":"IOTDevice_9_1","contentEncoding":"utf-8","contentType":"application/json","enqueuedTime":"2022-10-25 09:00:00"}}
{"Body":{"Status":true,"Timestamp":"2022-10-25 09:00:00","rotate":"452.464485701929"},"EnqueuedTimeUtc":"2022-10-25 09:00:00","Properties":{"messagetype":"Demo"},"SystemProperties":{"connectionAuthMethod":"{\"scope\":\"device\",\"type\":\"sas\",\"issuer\":\"iothub\",\"acceptingIpFilterRule\":null}","connectionDeviceGenerationId":"638052891151821842","connectionDeviceId":"IOTDevice_9_2","contentEncoding":"utf-8","contentType":"application/json","enqueuedTime":"2022-10-25 09:00:00"}}
{"Body":{"Status":true,"Timestamp":"2022-10-25 09:00:00","pressure":"141.315966730726"},"EnqueuedTimeUtc":"2022-10-25 09:00:00","Properties":{"messagetype":"Demo"},"SystemProperties":{"connectionAuthMethod":"{\"scope\":\"device\",\"type\":\"sas\",\"issuer\":\"iothub\",\"acceptingIpFilterRule\":null}","connectionDeviceGenerationId":"638052891151821842","connectionDeviceId":"IOTDevice_9_3","contentEncoding":"utf-8","contentType":"application/json","enqueuedTime":"2022-10-25 09:00:00"}}
{"Body":{"Status":true,"Timestamp":"2022-10-25 09:00:00","vibration":"41.8024981837523"},"EnqueuedTimeUtc":"2022-10-25 09:00:00","Properties":{"messagetype":"Demo"},"SystemProperties":{"connectionAuthMethod":"{\"scope\":\"device\",\"type\":\"sas\",\"issuer\":\"iothub\",\"acceptingIpFilterRule\":null}","connectionDeviceGenerationId":"638052891151821842","connectionDeviceId":"IOTDevice_9_4","contentEncoding":"utf-8","contentType":"application/json","enqueuedTime":"2022-10-25 09:00:00"}}
{"Body":{"Status":true,"Timestamp":"2022-10-25 10:00:00","volt":"170.367680458489"},"EnqueuedTimeUtc":"2022-10-25 10:00:00","Properties":{"messagetype":"Demo"},"SystemProperties":{"connectionAuthMethod":"{\"scope\":\"device\",\"type\":\"sas\",\"issuer\":\"iothub\",\"acceptingIpFilterRule\":null}","connectionDeviceGenerationId":"638052891151821842","connectionDeviceId":"IOTDevice_9_1","contentEncoding":"utf-8","contentType":"application/json","enqueuedTime":"2022-10-25 10:00:00"}}
{"Body":{"Status":true,"Timestamp":"2022-10-25 10:00:00","rotate":"483.275919635337"},"EnqueuedTimeUtc":"2022-10-25 10:00:00","Properties":{"messagetype":"Demo"},"SystemProperties":{"connectionAuthMethod":"{\"scope\":\"device\",\"type\":\"sas\",\"issuer\":\"iothub\",\"acceptingIpFilterRule\":null}","connectionDeviceGenerationId":"638052891151821842","connectionDeviceId":"IOTDevice_9_2","contentEncoding":"utf-8","contentType":"application/json","enqueuedTime":"2022-10-25 10:00:00"}}
{"Body":{"Status":true,"Timestamp":"2022-10-25 10:00:00","pressure":"133.230628159174"},"EnqueuedTimeUtc":"2022-10-25 10:00:00","Properties":{"messagetype":"Demo"},"SystemProperties":{"connectionAuthMethod":"{\"scope\":\"device\",\"type\":\"sas\",\"issuer\":\"iothub\",\"acceptingIpFilterRule\":null}","connectionDeviceGenerationId":"638052891151821842","connectionDeviceId":"IOTDevice_9_3","contentEncoding":"utf-8","contentType":"application/json","enqueuedTime":"2022-10-25 10:00:00"}}
{"Body":{"Status":true,"Timestamp":"2022-10-25 10:00:00","vibration":"47.0477514865333"},"EnqueuedTimeUtc":"2022-10-25 10:00:00","Properties":{"messagetype":"Demo"},"SystemProperties":{"connectionAuthMethod":"{\"scope\":\"device\",\"type\":\"sas\",\"issuer\":\"iothub\",\"acceptingIpFilterRule\":null}","connectionDeviceGenerationId":"638052891151821842","connectionDeviceId":"IOTDevice_9_4","contentEncoding":"utf-8","contentType":"application/json","enqueuedTime":"2022-10-25 10:00:00"}}
{"Body":{"Status":true,"Timestamp":"2022-10-25 11:00:00","volt":"177.597593958297"},"EnqueuedTimeUtc":"2022-10-25 11:00:00","Properties":{"messagetype":"Demo"},"SystemProperties":{"connectionAuthMethod":"{\"scope\":\"device\",\"type\":\"sas\",\"issuer\":\"iothub\",\"acceptingIpFilterRule\":null}","connectionDeviceGenerationId":"638052891151821842","connectionDeviceId":"IOTDevice_9_1","contentEncoding":"utf-8","contentType":"application/json","enqueuedTime":"2022-10-25 11:00:00"}}
{"Body":{"Status":true,"Timestamp":"2022-10-25 11:00:00","rotate":"547.492089280639"},"EnqueuedTimeUtc":"2022-10-25 11:00:00","Properties":{"messagetype":"Demo"},"SystemProperties":{"connectionAuthMethod":"{\"scope\":\"device\",\"type\":\"sas\",\"issuer\":\"iothub\",\"acceptingIpFilterRule\":null}","connectionDeviceGenerationId":"638052891151821842","connectionDeviceId":"IOTDevice_9_2","contentEncoding":"utf-8","contentType":"application/json","enqueuedTime":"2022-10-25 11:00:00"}}
{"Body":{"Status":true,"Timestamp":"2022-10-25 11:00:00","pressure":"129.17869761802"},"EnqueuedTimeUtc":"2022-10-25 11:00:00","Properties":{"messagetype":"Demo"},"SystemProperties":{"connectionAuthMethod":"{\"scope\":\"device\",\"type\":\"sas\",\"issuer\":\"iothub\",\"acceptingIpFilterRule\":null}","connectionDeviceGenerationId":"638052891151821842","connectionDeviceId":"IOTDevice_9_3","contentEncoding":"utf-8","contentType":"application/json","enqueuedTime":"2022-10-25 11:00:00"}}
{"Body":{"Status":true,"Timestamp":"2022-10-25 11:00:00","vibration":"44.8992163106282"},"EnqueuedTimeUtc":"2022-10-25 11:00:00","Properties":{"messagetype":"Demo"},"SystemProperties":{"connectionAuthMethod":"{\"scope\":\"device\",\"type\":\"sas\",\"issuer\":\"iothub\",\"acceptingIpFilterRule\":null}","connectionDeviceGenerationId":"638052891151821842","connectionDeviceId":"IOTDevice_9_4","contentEncoding":"utf-8","contentType":"application/json","enqueuedTime":"2022-10-25 11:00:00"}}
{"Body":{"Status":true,"Timestamp":"2022-10-25 12:00:00","volt":"153.153029045764"},"EnqueuedTimeUtc":"2022-10-25 12:00:00","Properties":{"messagetype":"Demo"},"SystemProperties":{"connectionAuthMethod":"{\"scope\":\"device\",\"type\":\"sas\",\"issuer\":\"iothub\",\"acceptingIpFilterRule\":null}","connectionDeviceGenerationId":"638052891151821842","connectionDeviceId":"IOTDevice_9_1","contentEncoding":"utf-8","contentType":"application/json","enqueuedTime":"2022-10-25 12:00:00"}}
{"Body":{"Status":true,"Timestamp":"2022-10-25 12:00:00","rotate":"591.437722652769"},"EnqueuedTimeUtc":"2022-10-25 12:00:00","Properties":{"messagetype":"Demo"},"SystemProperties":{"connectionAuthMethod":"{\"scope\":\"device\",\"type\":\"sas\",\"issuer\":\"iothub\",\"acceptingIpFilterRule\":null}","connectionDeviceGenerationId":"638052891151821842","connectionDeviceId":"IOTDevice_9_2","contentEncoding":"utf-8","contentType":"application/json","enqueuedTime":"2022-10-25 12:00:00"}}
{"Body":{"Status":true,"Timestamp":"2022-10-25 12:00:00","pressure":"119.087411229333"},"EnqueuedTimeUtc":"2022-10-25 12:00:00","Properties":{"messagetype":"Demo"},"SystemProperties":{"connectionAuthMethod":"{\"scope\":\"device\",\"type\":\"sas\",\"issuer\":\"iothub\",\"acceptingIpFilterRule\":null}","connectionDeviceGenerationId":"638052891151821842","connectionDeviceId":"IOTDevice_9_3","contentEncoding":"utf-8","contentType":"application/json","enqueuedTime":"2022-10-25 12:00:00"}}
{"Body":{"Status":true,"Timestamp":"2022-10-25 12:00:00","vibration":"33.0537259017769"},"EnqueuedTimeUtc":"2022-10-25 12:00:00","Properties":{"messagetype":"Demo"},"SystemProperties":{"connectionAuthMethod":"{\"scope\":\"device\",\"type\":\"sas\",\"issuer\":\"iothub\",\"acceptingIpFilterRule\":null}","connectionDeviceGenerationId":"638052891151821842","connectionDeviceId":"IOTDevice_9_4","contentEncoding":"utf-8","contentType":"application/json","enqueuedTime":"2022-10-25 12:00:00"}}
{"Body":{"Status":true,"Timestamp":"2022-10-25 13:00:00","volt":"185.375542546885"},"EnqueuedTimeUtc":"2022-10-25 13:00:00","Properties":{"messagetype":"Demo"},"SystemProperties":{"connectionAuthMethod":"{\"scope\":\"device\",\"type\":\"sas\",\"issuer\":\"iothub\",\"acceptingIpFilterRule\":null}","connectionDeviceGenerationId":"638052891151821842","connectionDeviceId":"IOTDevice_9_1","contentEncoding":"utf-8","contentType":"application/json","enqueuedTime":"2022-10-25 13:00:00"}}
{"Body":{"Status":true,"Timestamp":"2022-10-25 13:00:00","rotate":"427.844890636975"},"EnqueuedTimeUtc":"2022-10-25 13:00:00","Properties":{"messagetype":"Demo"},"SystemProperties":{"connectionAuthMethod":"{\"scope\":\"device\",\"type\":\"sas\",\"issuer\":\"iothub\",\"acceptingIpFilterRule\":null}","connectionDeviceGenerationId":"638052891151821842","connectionDeviceId":"IOTDevice_9_2","contentEncoding":"utf-8","contentType":"application/json","enqueuedTime":"2022-10-25 13:00:00"}}
{"Body":{"Status":true,"Timestamp":"2022-10-25 13:00:00","pressure":"128.355615395498"},"EnqueuedTimeUtc":"2022-10-25 13:00:00","Properties":{"messagetype":"Demo"},"SystemProperties":{"connectionAuthMethod":"{\"scope\":\"device\",\"type\":\"sas\",\"issuer\":\"iothub\",\"acceptingIpFilterRule\":null}","connectionDeviceGenerationId":"638052891151821842","connectionDeviceId":"IOTDevice_9_3","contentEncoding":"utf-8","contentType":"application/json","enqueuedTime":"2022-10-25 13:00:00"}}
{"Body":{"Status":true,"Timestamp":"2022-10-25 13:00:00","vibration":"37.9982234280726"},"EnqueuedTimeUtc":"2022-10-25 13:00:00","Properties":{"messagetype":"Demo"},"SystemProperties":{"connectionAuthMethod":"{\"scope\":\"device\",\"type\":\"sas\",\"issuer\":\"iothub\",\"acceptingIpFilterRule\":null}","connectionDeviceGenerationId":"638052891151821842","connectionDeviceId":"IOTDevice_9_4","contentEncoding":"utf-8","contentType":"application/json","enqueuedTime":"2022-10-25 13:00:00"}}
{"Body":{"Status":true,"Timestamp":"2022-10-25 14:00:00","volt":"169.44535983734"},"EnqueuedTimeUtc":"2022-10-25 14:00:00","Properties":{"messagetype":"Demo"},"SystemProperties":{"connectionAuthMethod":"{\"scope\":\"device\",\"type\":\"sas\",\"issuer\":\"iothub\",\"acceptingIpFilterRule\":null}","connectionDeviceGenerationId":"638052891151821842","connectionDeviceId":"IOTDevice_9_1","contentEncoding":"utf-8","contentType":"application/json","enqueuedTime":"2022-10-25 14:00:00"}}
{"Body":{"Status":true,"Timestamp":"2022-10-25 14:00:00","rotate":"424.111033603863"},"EnqueuedTimeUtc":"2022-10-25 14:00:00","Properties":{"messagetype":"Demo"},"SystemProperties":{"connectionAuthMethod":"{\"scope\":\"device\",\"type\":\"sas\",\"issuer\":\"iothub\",\"acceptingIpFilterRule\":null}","connectionDeviceGenerationId":"638052891151821842","connectionDeviceId":"IOTDevice_9_2","contentEncoding":"utf-8","contentType":"application/json","enqueuedTime":"2022-10-25 14:00:00"}}
{"Body":{"Status":true,"Timestamp":"2022-10-25 14:00:00","pressure":"129.295147366052"},"EnqueuedTimeUtc":"2022-10-25 14:00:00","Properties":{"messagetype":"Demo"},"SystemProperties":{"connectionAuthMethod":"{\"scope\":\"device\",\"type\":\"sas\",\"issuer\":\"iothub\",\"acceptingIpFilterRule\":null}","connectionDeviceGenerationId":"638052891151821842","connectionDeviceId":"IOTDevice_9_3","contentEncoding":"utf-8","contentType":"application/json","enqueuedTime":"2022-10-25 14:00:00"}}
{"Body":{"Status":true,"Timestamp":"2022-10-25 14:00:00","vibration":"38.7901638761245"},"EnqueuedTimeUtc":"2022-10-25 14:00:00","Properties":{"messagetype":"Demo"},"SystemProperties":{"connectionAuthMethod":"{\"scope\":\"device\",\"type\":\"sas\",\"issuer\":\"iothub\",\"acceptingIpFilterRule\":null}","connectionDeviceGenerationId":"638052891151821842","connectionDeviceId":"IOTDevice_9_4","contentEncoding":"utf-8","contentType":"application/json","enqueuedTime":"2022-10-25 14:00:00"}}
{"Body":{"Status":true,"Timestamp":"2022-10-25 15:00:00","volt":"184.782078697966"},"EnqueuedTimeUtc":"2022-10-25 15:00:00","Properties":{"messagetype":"Demo"},"SystemProperties":{"connectionAuthMethod":"{\"scope\":\"device\",\"type\":\"sas\",\"issuer\":\"iothub\",\"acceptingIpFilterRule\":null}","connectionDeviceGenerationId":"638052891151821842","connectionDeviceId":"IOTDevice_9_1","contentEncoding":"utf-8","contentType":"application/json","enqueuedTime":"2022-10-25 15:00:00"}}
{"Body":{"Status":true,"Timestamp":"2022-10-25 15:00:00","rotate":"474.138844337445"},"EnqueuedTimeUtc":"2022-10-25 15:00:00","Properties":{"messagetype":"Demo"},"SystemProperties":{"connectionAuthMethod":"{\"scope\":\"device\",\"type\":\"sas\",\"issuer\":\"iothub\",\"acceptingIpFilterRule\":null}","connectionDeviceGenerationId":"638052891151821842","connectionDeviceId":"IOTDevice_9_2","contentEncoding":"utf-8","contentType":"application/json","enqueuedTime":"2022-10-25 15:00:00"}}
{"Body":{"Status":true,"Timestamp":"2022-10-25 15:00:00","pressure":"118.984630391941"},"EnqueuedTimeUtc":"2022-10-25 15:00:00","Properties":{"messagetype":"Demo"},"SystemProperties":{"connectionAuthMethod":"{\"scope\":\"device\",\"type\":\"sas\",\"issuer\":\"iothub\",\"acceptingIpFilterRule\":null}","connectionDeviceGenerationId":"638052891151821842","connectionDeviceId":"IOTDevice_9_3","contentEncoding":"utf-8","contentType":"application/json","enqueuedTime":"2022-10-25 15:00:00"}}
{"Body":{"Status":true,"Timestamp":"2022-10-25 15:00:00","vibration":"41.1602704627158"},"EnqueuedTimeUtc":"2022-10-25 15:00:00","Properties":{"messagetype":"Demo"},"SystemProperties":{"connectionAuthMethod":"{\"scope\":\"device\",\"type\":\"sas\",\"issuer\":\"iothub\",\"acceptingIpFilterRule\":null}","connectionDeviceGenerationId":"638052891151821842","connectionDeviceId":"IOTDevice_9_4","contentEncoding":"utf-8","contentType":"application/json","enqueuedTime":"2022-10-25 15:00:00"}}
{"Body":{"Status":true,"Timestamp":"2022-10-25 16:00:00","volt":"181.379816100457"},"EnqueuedTimeUtc":"2022-10-25 16:00:00","Properties":{"messagetype":"Demo"},"SystemProperties":{"connectionAuthMethod":"{\"scope\":\"device\",\"type\":\"sas\",\"issuer\":\"iothub\",\"acceptingIpFilterRule\":null}","connectionDeviceGenerationId":"638052891151821842","connectionDeviceId":"IOTDevice_9_1","contentEncoding":"utf-8","contentType":"application/json","enqueuedTime":"2022-10-25 16:00:00"}}
{"Body":{"Status":true,"Timestamp":"2022-10-25 16:00:00","rotate":"425.224084778303"},"EnqueuedTimeUtc":"2022-10-25 16:00:00","Properties":{"messagetype":"Demo"},"SystemProperties":{"connectionAuthMethod":"{\"scope\":\"device\",\"type\":\"sas\",\"issuer\":\"iothub\",\"acceptingIpFilterRule\":null}","connectionDeviceGenerationId":"638052891151821842","connectionDeviceId":"IOTDevice_9_2","contentEncoding":"utf-8","contentType":"application/json","enqueuedTime":"2022-10-25 16:00:00"}}
{"Body":{"Status":true,"Timestamp":"2022-10-25 16:00:00","pressure":"144.970770648043"},"EnqueuedTimeUtc":"2022-10-25 16:00:00","Properties":{"messagetype":"Demo"},"SystemProperties":{"connectionAuthMethod":"{\"scope\":\"device\",\"type\":\"sas\",\"issuer\":\"iothub\",\"acceptingIpFilterRule\":null}","connectionDeviceGenerationId":"638052891151821842","connectionDeviceId":"IOTDevice_9_3","contentEncoding":"utf-8","contentType":"application/json","enqueuedTime":"2022-10-25 16:00:00"}}
{"Body":{"Status":true,"Timestamp":"2022-10-25 16:00:00","vibration":"37.2581879541443"},"EnqueuedTimeUtc":"2022-10-25 16:00:00","Properties":{"messagetype":"Demo"},"SystemProperties":{"connectionAuthMethod":"{\"scope\":\"device\",\"type\":\"sas\",\"issuer\":\"iothub\",\"acceptingIpFilterRule\":null}","connectionDeviceGenerationId":"638052891151821842","connectionDeviceId":"IOTDevice_9_4","contentEncoding":"utf-8","contentType":"application/json","enqueuedTime":"2022-10-25 16:00:00"}}
{"Body":{"Status":true,"Timestamp":"2022-10-25 17:00:00","volt":"168.586879925918"},"EnqueuedTimeUtc":"2022-10-25 17:00:00","Properties":{"messagetype":"Demo"},"SystemProperties":{"connectionAuthMethod":"{\"scope\":\"device\",\"type\":\"sas\",\"issuer\":\"iothub\",\"acceptingIpFilterRule\":null}","connectionDeviceGenerationId":"638052891151821842","connectionDeviceId":"IOTDevice_9_1","contentEncoding":"utf-8","contentType":"application/json","enqueuedTime":"2022-10-25 17:00:00"}}
{"Body":{"Status":true,"Timestamp":"2022-10-25 17:00:00","rotate":"418.3589323081"},"EnqueuedTimeUtc":"2022-10-25 17:00:00","Properties":{"messagetype":"Demo"},"SystemProperties":{"connectionAuthMethod":"{\"scope\":\"device\",\"type\":\"sas\",\"issuer\":\"iothub\",\"acceptingIpFilterRule\":null}","connectionDeviceGenerationId":"638052891151821842","connectionDeviceId":"IOTDevice_9_2","contentEncoding":"utf-8","contentType":"application/json","enqueuedTime":"2022-10-25 17:00:00"}}
{"Body":{"Status":true,"Timestamp":"2022-10-25 17:00:00","pressure":"127.259739107142"},"EnqueuedTimeUtc":"2022-10-25 17:00:00","Properties":{"messagetype":"Demo"},"SystemProperties":{"connectionAuthMethod":"{\"scope\":\"device\",\"type\":\"sas\",\"issuer\":\"iothub\",\"acceptingIpFilterRule\":null}","connectionDeviceGenerationId":"638052891151821842","connectionDeviceId":"IOTDevice_9_3","contentEncoding":"utf-8","contentType":"application/json","enqueuedTime":"2022-10-25 17:00:00"}}
{"Body":{"Status":true,"Timestamp":"2022-10-25 17:00:00","vibration":"34.5441880281922"},"EnqueuedTimeUtc":"2022-10-25 17:00:00","Properties":{"messagetype":"Demo"},"SystemProperties":{"connectionAuthMethod":"{\"scope\":\"device\",\"type\":\"sas\",\"issuer\":\"iothub\",\"acceptingIpFilterRule\":null}","connectionDeviceGenerationId":"638052891151821842","connectionDeviceId":"IOTDevice_9_4","contentEncoding":"utf-8","contentType":"application/json","enqueuedTime":"2022-10-25 17:00:00"}}
