{"Body":{"Status":true,"Timestamp":"2022-10-21 15:00:00","volt":"155.304617291669"},"EnqueuedTimeUtc":"2022-10-21 15:00:00","Properties":{"messagetype":"Demo"},"SystemProperties":{"connectionAuthMethod":"{\"scope\":\"device\",\"type\":\"sas\",\"issuer\":\"iothub\",\"acceptingIpFilterRule\":null}","connectionDeviceGenerationId":"638052891151821842","connectionDeviceId":"IOTDevice_1_1","contentEncoding":"utf-8","contentType":"application/json","enqueuedTime":"2022-10-21 15:00:00"}}
{"Body":{"Status":true,"Timestamp":"2022-10-21 15:00:00","rotate":"517.969202348621"},"EnqueuedTimeUtc":"2022-10-21 15:00:00","Properties":{"messagetype":"Demo"},"SystemProperties":{"connectionAuthMethod":"{\"scope\":\"device\",\"type\":\"sas\",\"issuer\":\"iothub\",\"acceptingIpFilterRule\":null}","connectionDeviceGenerationId":"638052891151821842","connectionDeviceId":"IOTDevice_1_2","contentEncoding":"utf-8","contentType":"application/json","enqueuedTime":"2022-10-21 15:00:00"}}
{"Body":{"Status":true,"Timestamp":"2022-10-21 15:00:00","pressure":"111.762318997986"},"EnqueuedTimeUtc":"2022-10-21 15:00:00","Properties":{"messagetype":"Demo"},"SystemProperties":{"connectionAuthMethod":"{\"scope\":\"device\",\"type\":\"sas\",\"issuer\":\"iothub\",\"acceptingIpFilterRule\":null}","connectionDeviceGenerationId":"638052891151821842","connectionDeviceId":"IOTDevice_1_3","contentEncoding":"utf-8","contentType":"application/json","enqueuedTime":"2022-10-21 15:00:00"}}
{"Body":{"Status":true,"Timestamp":"2022-10-21 15:00:00","vibration":"39.249374945136"},"EnqueuedTimeUtc":"2022-10-21 15:00:00","Properties":{"messagetype":"Demo"},"SystemProperties":{"connectionAuthMethod":"{\"scope\":\"device\",\"type\":\"sas\",\"issuer\":\"iothub\",\"acceptingIpFilterRule\":null}","connectionDeviceGenerationId":"638052891151821842","connectionDeviceId":"IOTDevice_1_4","contentEncoding":"utf-8","contentType":"application/json","enqueuedTime":"2022-10-21 15:00:00"}}
{"Body":{"Status":true,"Timestamp":"2022-10-21 16:00:00","volt":"165.982575416741"},"EnqueuedTimeUtc":"2022-10-21 16:00:00","Properties":{"messagetype":"Demo"},"SystemProperties":{"connectionAuthMethod":"{\"scope\":\"device\",\"type\":\"sas\",\"issuer\":\"iothub\",\"acceptingIpFilterRule\":null}","connectionDeviceGenerationId":"638052891151821842","connectionDeviceId":"IOTDevice_1_1","contentEncoding":"utf-8","contentType":"application/json","enqueuedTime":"2022-10-21 16:00:00"}}
{"Body":{"Status":true,"Timestamp":"2022-10-21 16:00:00","rotate":"492.08375975026"},"EnqueuedTimeUtc":"2022-10-21 16:00:00","Properties":{"messagetype":"Demo"},"SystemProperties":{"connectionAuthMethod":"{\"scope\":\"device\",\"type\":\"sas\",\"issuer\":\"iothub\",\"acceptingIpFilterRule\":null}","connectionDeviceGenerationId":"638052891151821842","connectionDeviceId":"IOTDevice_1_2","contentEncoding":"utf-8","contentType":"application/json","enqueuedTime":"2022-10-21 16:00:00"}}
{"Body":{"Status":true,"Timestamp":"2022-10-21 16:00:00","pressure":"87.920550334438"},"EnqueuedTimeUtc":"2022-10-21 16:00:00","Properties":{"messagetype":"Demo"},"SystemProperties":{"connectionAuthMethod":"{\"scope\":\"device\",\"type\":\"sas\",\"issuer\":\"iothub\",\"acceptingIpFilterRule\":null}","connectionDeviceGenerationId":"638052891151821842","connectionDeviceId":"IOTDevice_1_3","contentEncoding":"utf-8","contentType":"application/json","enqueuedTime":"2022-10-21 16:00:00"}}
{"Body":{"Status":true,"Timestamp":"2022-10-21 16:00:00","vibration":"38.2518053477411"},"EnqueuedTimeUtc":"2022-10-21 16:00:00","Properties":{"messagetype":"Demo"},"SystemProperties":{"connectionAuthMethod":"{\"scope\":\"device\",\"type\":\"sas\",\"issuer\":\"iothub\",\"acceptingIpFilterRule\":null}","connectionDeviceGenerationId":"638052891151821842","connectionDeviceId":"IOTDevice_1_4","contentEncoding":"utf-8","contentType":"application/json","enqueuedTime":"2022-10-21 16:00:00"}}
{"Body":{"Status":true,"Timestamp":"2022-10-21 17:00:00","volt":"162.360562005666"},"EnqueuedTimeUtc":"2022-10-21 17:00:00","Properties":{"messagetype":"Demo"},"SystemProperties":{"connectionAuthMethod":"{\"scope\":\"device\",\"type\":\"sas\",\"issuer\":\"iothub\",\"acceptingIpFilterRule\":null}","connectionDeviceGenerationId":"638052891151821842","connectionDeviceId":"IOTDevice_1_1","contentEncoding":"utf-8","contentType":"application/json","enqueuedTime":"2022-10-21 17:00:00"}}
{"Body":{"Status":true,"Timestamp":"2022-10-21 17:00:00","rotate":"463.844929320311"},"EnqueuedTimeUtc":"2022-10-21 17:00:00","Properties":{"messagetype":"Demo"},"SystemProperties":{"connectionAuthMethod":"{\"scope\":\"device\",\"type\":\"sas\",\"issuer\":\"iothub\",\"acceptingIpFilterRule\":null}","connectionDeviceGenerationId":"638052891151821842","connectionDeviceId":"IOTDevice_1_2","contentEncoding":"utf-8","contentType":"application/json","enqueuedTime":"2022-10-21 17:00:00"}}
{"Body":{"Status":true,"Timestamp":"2022-10-21 17:00:00","pressure":"104.232365939959"},"EnqueuedTimeUtc":"2022-10-21 17:00:00","Properties":{"messagetype":"Demo"},"SystemProperties":{"connectionAuthMethod":"{\"scope\":\"device\",\"type\":\"sas\",\"issuer\":\"iothub\",\"acceptingIpFilterRule\":null}","connectionDeviceGenerationId":"638052891151821842","connectionDeviceId":"IOTDevice_1_3","contentEncoding":"utf-8","contentType":"application/json","enqueuedTime":"2022-10-21 17:00:00"}}
{"Body":{"Status":true,"Timestamp":"2022-10-21 17:00:00","vibration":"37.7732146777128"},"EnqueuedTimeUtc":"2022-10-21 17:00:00","Properties":{"messagetype":"Demo"},"SystemProperties":{"connectionAuthMethod":"{\"scope\":\"device\",\"type\":\"sas\",\"issuer\":\"iothub\",\"acceptingIpFilterRule\":null}","connectionDeviceGenerationId":"638052891151821842","connectionDeviceId":"IOTDevice_1_4","contentEncoding":"utf-8","contentType":"application/json","enqueuedTime":"2022-10-21 17:00:00"}}
{"Body":{"Status":true,"Timestamp":"2022-10-21 18:00:00","volt":"185.978462129644"},"EnqueuedTimeUtc":"2022-10-21 18:00:00","Properties":{"messagetype":"Demo"},"SystemProperties":{"connectionAuthMethod":"{\"scope\":\"device\",\"type\":\"sas\",\"issuer\":\"iothub\",\"acceptingIpFilterRule\":null}","connectionDeviceGenerationId":"638052891151821842","connectionDeviceId":"IOTDevice_1_1","contentEncoding":"utf-8","contentType":"application/json","enqueuedTime":"2022-10-21 18:00:00"}}
{"Body":{"Status":true,"Timestamp":"2022-10-21 18:00:00","rotate":"426.982996418047"},"EnqueuedTimeUtc":"2022-10-21 18:00:00","Properties":{"messagetype":"Demo"},"SystemProperties":{"connectionAuthMethod":"{\"scope\":\"device\",\"type\":\"sas\",\"issuer\":\"iothub\",\"acceptingIpFilterRule\":null}","connectionDeviceGenerationId":"638052891151821842","connectionDeviceId":"IOTDevice_1_2","contentEncoding":"utf-8","contentType":"application/json","enqueuedTime":"2022-10-21 18:00:00"}}
{"Body":{"Status":true,"Timestamp":"2022-10-21 18:00:00","pressure":"100.905401447073"},"EnqueuedTimeUtc":"2022-10-21 18:00:00","Properties":{"messagetype":"Demo"},"SystemProperties":{"connectionAuthMethod":"{\"scope\":\"device\",\"type\":\"sas\",\"issuer\":\"iothub\",\"acceptingIpFilterRule\":null}","connectionDeviceGenerationId":"638052891151821842","connectionDeviceId":"IOTDevice_1_3","contentEncoding":"utf-8","contentType":"application/json","enqueuedTime":"2022-10-21 18:00:00"}}
{"Body":{"Status":true,"Timestamp":"2022-10-21 18:00:00","vibration":"50.7814614392633"},"EnqueuedTimeUtc":"2022-10-21 18:00:00","Properties":{"messagetype":"Demo"},"SystemProperties":{"connectionAuthMethod":"{\"scope\":\"device\",\"type\":\"sas\",\"issuer\":\"iothub\",\"acceptingIpFilterRule\":null}","connectionDeviceGenerationId":"638052891151821842","connectionDeviceId":"IOTDevice_1_4","contentEncoding":"utf-8","contentType":"application/json","enqueuedTime":"2022-10-21 18:00:00"}}
{"Body":{"Status":true,"Timestamp":"2022-10-21 19:00:00","volt":"161.728932324541"},"EnqueuedTimeUtc":"2022-10-21 19:00:00","Properties":{"messagetype":"Demo"},"SystemProperties":{"connectionAuthMethod":"{\"scope\":\"device\",\"type\":\"sas\",\"issuer\":\"iothub\",\"acceptingIpFilterRule\":null}","connectionDeviceGenerationId":"638052891151821842","connectionDeviceId":"IOTDevice_1_1","contentEncoding":"utf-8","contentType":"application/json","enqueuedTime":"2022-10-21 19:00:00"}}
{"Body":{"Status":true,"Timestamp":"2022-10-21 19:00:00","rotate":"358.434486434144"},"EnqueuedTimeUtc":"2022-10-21 19:00:00","Properties":{"messagetype":"Demo"},"SystemProperties":{"connectionAuthMethod":"{\"scope\":\"device\",\"type\":\"sas\",\"issuer\":\"iothub\",\"acceptingIpFilterRule\":null}","connectionDeviceGenerationId":"638052891151821842","connectionDeviceId":"IOTDevice_1_2","contentEncoding":"utf-8","contentType":"application/json","enqueuedTime":"2022-10-21 19:00:00"}}
{"Body":{"Status":true,"Timestamp":"2022-10-21 19:00:00","pressure":"108.186188140242"},"EnqueuedTimeUtc":"2022-10-21 19:00:00","Properties":{"messagetype":"Demo"},"SystemProperties":{"connectionAuthMethod":"{\"scope\":\"device\",\"type\":\"sas\",\"issuer\":\"iothub\",\"acceptingIpFilterRule\":null}","connectionDeviceGenerationId":"638052891151821842","connectionDeviceId":"IOTDevice_1_3","contentEncoding":"utf-8","contentType":"application/json","enqueuedTime":"2022-10-21 19:00:00"}}
{"Body":{"Status":true,"Timestamp":"2022-10-21 19:00:00","vibration":"58.9908106567656"},"EnqueuedTimeUtc":"2022-10-21 19:00:00","Properties":{"messagetype":"Demo"},"SystemProperties":{"connectionAuthMethod":"{\"scope\":\"device\",\"type\":\"sas\",\"issuer\":\"iothub\",\"acceptingIpFilterRule\":null}","connectionDeviceGenerationId":"638052891151821842","connectionDeviceId":"IOTDevice_1_4","contentEncoding":"utf-8","contentType":"application/json","enqueuedTime":"2022-10-21 19:00:00"}}
{"Body":{"Status":true,"Timestamp":"2022-10-21 20:00:00","volt":"181.288743517932"},"EnqueuedTimeUtc":"2022-10-21 20:00:00","Properties":{"messagetype":"Demo"},"SystemProperties":{"connectionAuthMethod":"{\"scope\":\"device\",\"type\":\"sas\",\"issuer\":\"iothub\",\"acceptingIpFilterRule\":null}","connectionDeviceGenerationId":"638052891151821842","connectionDeviceId":"IOTDevice_1_1","contentEncoding":"utf-8","contentType":"application/json","enqueuedTime":"2022-10-21 20:00:00"}}
{"Body":{"Status":true,"Timestamp":"2022-10-21 20:00:00","rotate":"468.554914181842"},"EnqueuedTimeUtc":"2022-10-21 20:00:00","Properties":{"messagetype":"Demo"},"SystemProperties":{"connectionAuthMethod":"{\"scope\":\"device\",\"type\":\"sas\",\"issuer\":\"iothub\",\"acceptingIpFilterRule\":null}","connectionDeviceGenerationId":"638052891151821842","connectionDeviceId":"IOTDevice_1_2","contentEncoding":"utf-8","contentType":"application/json","enqueuedTime":"2022-10-21 20:00:00"}}
{"Body":{"Status":true,"Timestamp":"2022-10-21 20:00:00","pressure":"110.390482209189"},"EnqueuedTimeUtc":"2022-10-21 20:00:00","Properties":{"messagetype":"Demo"},"SystemProperties":{"connectionAuthMethod":"{\"scope\":\"device\",\"type\":\"sas\",\"issuer\":\"iothub\",\"acceptingIpFilterRule\":null}","connectionDeviceGenerationId":"638052891151821842","connectionDeviceId":"IOTDevice_1_3","contentEncoding":"utf-8","contentType":"application/json","enqueuedTime":"2022-10-21 20:00:00"}}
{"Body":{"Status":true,"Timestamp":"2022-10-21 20:00:00","vibration":"50.6291528543046"},"EnqueuedTimeUtc":"2022-10-21 20:00:00","Properties":{"messagetype":"Demo"},"SystemProperties":{"connectionAuthMethod":"{\"scope\":\"device\",\"type\":\"sas\",\"issuer\":\"iothub\",\"acceptingIpFilterRule\":null}","connectionDeviceGenerationId":"638052891151821842","connectionDeviceId":"IOTDevice_1_4","contentEncoding":"utf-8","contentType":"application/json","enqueuedTime":"2022-10-21 20:00:00"}}
{"Body":{"Status":true,"Timestamp":"2022-10-21 21:00:00","volt":"168.795033371443"},"EnqueuedTimeUtc":"2022-10-21 21:00:00","Properties":{"messagetype":"Demo"},"SystemProperties":{"connectionAuthMethod":"{\"scope\":\"device\",\"type\":\"sas\",\"issuer\":\"iothub\",\"acceptingIpFilterRule\":null}","connectionDeviceGenerationId":"638052891151821842","connectionDeviceId":"IOTDevice_1_1","contentEncoding":"utf-8","contentType":"application/json","enqueuedTime":"2022-10-21 21:00:00"}}
{"Body":{"Status":true,"Timestamp":"2022-10-21 21:00:00","rotate":"449.840842488336"},"EnqueuedTimeUtc":"2022-10-21 21:00:00","Properties":{"messagetype":"Demo"},"SystemProperties":{"connectionAuthMethod":"{\"scope\":\"device\",\"type\":\"sas\",\"issuer\":\"iothub\",\"acceptingIpFilterRule\":null}","connectionDeviceGenerationId":"638052891151821842","connectionDeviceId":"IOTDevice_1_2","contentEncoding":"utf-8","contentType":"application/json","enqueuedTime":"2022-10-21 21:00:00"}}
{"Body":{"Status":true,"Timestamp":"2022-10-21 21:00:00","pressure":"100.299247479273"},"EnqueuedTimeUtc":"2022-10-21 21:00:00","Properties":{"messagetype":"Demo"},"SystemProperties":{"connectionAuthMethod":"{\"scope\":\"device\",\"type\":\"sas\",\"issuer\":\"iothub\",\"acceptingIpFilterRule\":null}","connectionDeviceGenerationId":"638052891151821842","connectionDeviceId":"IOTDevice_1_3","contentEncoding":"utf-8","contentType":"application/json","enqueuedTime":"2022-10-21 21:00:00"}}
{"Body":{"Status":true,"Timestamp":"2022-10-21 21:00:00","vibration":"48.6967203641"},"EnqueuedTimeUtc":"2022-10-21 21:00:00","Properties":{"messagetype":"Demo"},"SystemProperties":{"connectionAuthMethod":"{\"scope\":\"device\",\"type\":\"sas\",\"issuer\":\"iothub\",\"acceptingIpFilterRule\":null}","connectionDeviceGenerationId":"638052891151821842","connectionDeviceId":"IOTDevice_1_4","contentEncoding":"utf-8","contentType":"application/json","enqueuedTime":"2022-10-21 21:00:00"}}
{"Body":{"Status":true,"Timestamp":"2022-10-21 22:00:00","volt":"149.805157766806"},"EnqueuedTimeUtc":"2022-10-21 22:00:00","Properties":{"messagetype":"Demo"},"SystemProperties":{"connectionAuthMethod":"{\"scope\":\"device\",\"type\":\"sas\",\"issuer\":\"iothub\",\"acceptingIpFilterRule\":null}","connectionDeviceGenerationId":"638052891151821842","connectionDeviceId":"IOTDevice_1_1","contentEncoding":"utf-8","contentType":"application/json","enqueuedTime":"2022-10-21 22:00:00"}}
{"Body":{"Status":true,"Timestamp":"2022-10-21 22:00:00","rotate":"488.369256359633"},"EnqueuedTimeUtc":"2022-10-21 22:00:00","Properties":{"messagetype":"Demo"},"SystemProperties":{"connectionAuthMethod":"{\"scope\":\"device\",\"type\":\"sas\",\"issuer\":\"iothub\",\"acceptingIpFilterRule\":null}","connectionDeviceGenerationId":"638052891151821842","connectionDeviceId":"IOTDevice_1_2","contentEncoding":"utf-8","contentType":"application/json","enqueuedTime":"2022-10-21 22:00:00"}}
{"Body":{"Status":true,"Timestamp":"2022-10-21 22:00:00","pressure":"97.5852693475941"},"EnqueuedTimeUtc":"2022-10-21 22:00:00","Properties":{"messagetype":"Demo"},"SystemProperties":{"connectionAuthMethod":"{\"scope\":\"device\",\"type\":\"sas\",\"issuer\":\"iothub\",\"acceptingIpFilterRule\":null}","connectionDeviceGenerationId":"638052891151821842","connectionDeviceId":"IOTDevice_1_3","contentEncoding":"utf-8","contentType":"application/json","enqueuedTime":"2022-10-21 22:00:00"}}
{"Body":{"Status":true,"Timestamp":"2022-10-21 22:00:00","vibration":"48.2967643012925"},"EnqueuedTimeUtc":"2022-10-21 22:00:00","Properties":{"messagetype":"Demo"},"SystemProperties":{"connectionAuthMethod":"{\"scope\":\"device\",\"type\":\"sas\",\"issuer\":\"iothub\",\"acceptingIpFilterRule\":null}","connectionDeviceGenerationId":"638052891151821842","connectionDeviceId":"IOTDevice_1_4","contentEncoding":"utf-8","contentType":"application/json","enqueuedTime":"2022-10-21 22:00:00"}}
{"Body":{"Status":true,"Timestamp":"2022-10-21 23:00:00","volt":"160.111770879856"},"EnqueuedTimeUtc":"2022-10-21 23:00:00","Properties":{"messagetype":"Demo"},"SystemProperties":{"connectionAuthMethod":"{\"scope\":\"device\",\"type\":\"sas\",\"issuer\":\"iothub\",\"acceptingIpFilterRule\":null}","connectionDeviceGenerationId":"638052891151821842","connectionDeviceId":"IOTDevice_1_1","contentEncoding":"utf-8","contentType":"application/json","enqueuedTime":"2022-10-21 23:00:00"}}
{"Body":{"Status":true,"Timestamp":"2022-10-21 23:00:00","rotate":"516.0187512305"},"EnqueuedTimeUtc":"2022-10-21 23:00:00","Properties":{"messagetype":"Demo"},"SystemProperties":{"connectionAuthMethod":"{\"scope\":\"device\",\"type\":\"sas\",\"issuer\":\"iothub\",\"acceptingIpFilterRule\":null}","connectionDeviceGenerationId":"638052891151821842","connectionDeviceId":"IOTDevice_1_2","contentEncoding":"utf-8","contentType":"application/json","enqueuedTime":"2022-10-21 23:00:00"}}
{"Body":{"Status":true,"Timestamp":"2022-10-21 23:00:00","pressure":"90.0018016511019"},"EnqueuedTimeUtc":"2022-10-21 23:00:00","Properties":{"messagetype":"Demo"},"SystemProperties":{"connectionAuthMethod":"{\"scope\":\"device\",\"type\":\"sas\",\"issuer\":\"iothub\",\"acceptingIpFilterRule\":null}","connectionDeviceGenerationId":"638052891151821842","connectionDeviceId":"IOTDevice_1_3","contentEncoding":"utf-8","contentType":"application/json","enqueuedTime":"2022-10-21 23:00:00"}}
{"Body":{"Status":true,"Timestamp":"2022-10-21 23:00:00","vibration":"56.1294367568904"},"EnqueuedTimeUtc":"2022-10-21 23:00:00","Properties":{"messagetype":"Demo"},"SystemProperties":{"connectionAuthMethod":"{\"scope\":\"device\",\"type\":\"sas\",\"issuer\":\"iothub\",\"acceptingIpFilterRule\":null}","connectionDeviceGenerationId":"638052891151821842","connectionDeviceId":"IOTDevice_1_4","contentEncoding":"utf-8","contentType":"application/json","enqueuedTime":"2022-10-21 23:00:00"}}
{"Body":{"Status":true,"Timestamp":"2022-10-21 00:00:00","volt":"193.971062780222"},"EnqueuedTimeUtc":"2022-10-21 00:00:00","Properties":{"messagetype":"Demo"},"SystemProperties":{"connectionAuthMethod":"{\"scope\":\"device\",\"type\":\"sas\",\"issuer\":\"iothub\",\"acceptingIpFilterRule\":null}","connectionDeviceGenerationId":"638052891151821842","connectionDeviceId":"IOTDevice_2_1","contentEncoding":"utf-8","contentType":"application/json","enqueuedTime":"2022-10-21 00:00:00"}}
{"Body":{"Status":true,"Timestamp":"2022-10-21 00:00:00","rotate":"484.861946569062"},"EnqueuedTimeUtc":"2022-10-21 00:00:00","Properties":{"messagetype":"Demo"},"SystemProperties":{"connectionAuthMethod":"{\"scope\":\"device\",\"type\":\"sas\",\"issuer\":\"iothub\",\"acceptingIpFilterRule\":null}","connectionDeviceGenerationId":"638052891151821842","connectionDeviceId":"IOTDevice_2_2","contentEncoding":"utf-8","contentType":"application/json","enqueuedTime":"2022-10-21 00:00:00"}}
{"Body":{"Status":true,"Timestamp":"2022-10-21 00:00:00","pressure":"111.342522959624"},"EnqueuedTimeUtc":"2022-10-21 00:00:00","Properties":{"messagetype":"Demo"},"SystemProperties":{"connectionAuthMethod":"{\"scope\":\"device\",\"type\":\"sas\",\"issuer\":\"iothub\",\"acceptingIpFilterRule\":null}","connectionDeviceGenerationId":"638052891151821842","connectionDeviceId":"IOTDevice_2_3","contentEncoding":"utf-8","contentType":"application/json","enqueuedTime":"2022-10-21 00:00:00"}}
{"Body":{"Status":true,"Timestamp":"2022-10-21 00:00:00","vibration":"38.9023814265539"},"EnqueuedTimeUtc":"2022-10-21 00:00:00","Properties":{"messagetype":"Demo"},"SystemProperties":{"connectionAuthMethod":"{\"scope\":\"device\",\"type\":\"sas\",\"issuer\":\"iothub\",\"acceptingIpFilterRule\":null}","connectionDeviceGenerationId":"638052891151821842","connectionDeviceId":"IOTDevice_2_4","contentEncoding":"utf-8","contentType":"application/json","enqueuedTime":"2022-10-21 00:00:00"}}
{"Body":{"Status":true,"Timestamp":"2022-10-21 01:00:00","volt":"162.181462362085"},"EnqueuedTimeUtc":"2022-10-21 01:00:00","Properties":{"messagetype":"Demo"},"SystemProperties":{"connectionAuthMethod":"{\"scope\":\"device\",\"type\":\"sas\",\"issuer\":\"iothub\",\"acceptingIpFilterRule\":null}","connectionDeviceGenerationId":"638052891151821842","connectionDeviceId":"IOTDevice_2_1","contentEncoding":"utf-8","contentType":"application/json","enqueuedTime":"2022-10-21 01:00:00"}}
{"Body":{"Status":true,"Timestamp":"2022-10-21 01:00:00","rotate":"470.619707035365"},"EnqueuedTimeUtc":"2022-10-21 01:00:00","Properties":{"messagetype":"Demo"},"SystemProperties":{"connectionAuthMethod":"{\"scope\":\"device\",\"type\":\"sas\",\"issuer\":\"iothub\",\"acceptingIpFilterRule\":null}","connectionDeviceGenerationId":"638052891151821842","connectionDeviceId":"IOTDevice_2_2","contentEncoding":"utf-8","contentType":"application/json","enqueuedTime":"2022-10-21 01:00:00"}}
{"Body":{"Status":true,"Timestamp":"2022-10-21 01:00:00","pressure":"127.002373291658"},"EnqueuedTimeUtc":"2022-10-21 01:00:00","Properties":{"messagetype":"Demo"},"SystemProperties":{"connectionAuthMethod":"{\"scope\":\"device\",\"type\":\"sas\",\"issuer\":\"iothub\",\"acceptingIpFilterRule\":null}","connectionDeviceGenerationId":"638052891151821842","connectionDeviceId":"IOTDevice_2_3","contentEncoding":"utf-8","contentType":"application/json","enqueuedTime":"2022-10-21 01:00:00"}}
{"Body":{"Status":true,"Timestamp":"2022-10-21 01:00:00","vibration":"42.9842014771541"},"EnqueuedTimeUtc":"2022-10-21 01:00:00","Properties":{"messagetype":"Demo"},"SystemProperties":{"connectionAuthMethod":"{\"scope\":\"device\",\"type\":\"sas\",\"issuer\":\"iothub\",\"acceptingIpFilterRule\":null}","connectionDeviceGenerationId":"638052891151821842","connectionDeviceId":"IOTDevice_2_4","contentEncoding":"utf-8","contentType":"application/json","enqueuedTime":"2022-10-21 01:00:00"}}
{"Body":{"Status":true,"Timestamp":"2022-10-21 02:00:00","volt":"189.131027253763"},"EnqueuedTimeUtc":"2022-10-21 02:00:00","Properties":{"messagetype":"Demo"},"SystemProperties":{"connectionAuthMethod":"{\"scope\":\"device\",\"type\":\"sas\",\"issuer\":\"iothub\",\"acceptingIpFilterRule\":null}","connectionDeviceGenerationId":"638052891151821842","connectionDeviceId":"IOTDevice_2_1","contentEncoding":"utf-8","contentType":"application/json","enqueuedTime":"2022-10-21 02:00:00"}}
{"Body":{"Status":true,"Timestamp":"2022-10-21 02:00:00","rotate":"443.71093041478"},"EnqueuedTimeUtc":"2022-10-21 02:00:00","Properties":{"messagetype":"Demo"},"SystemProperties":{"connectionAuthMethod":"{\"scope\":\"device\",\"type\":\"sas\",\"issuer\":\"iothub\",\"acceptingIpFilterRule\":null}","connectionDeviceGenerationId":"638052891151821842","connectionDeviceId":"IOTDevice_2_2","contentEncoding":"utf-8","contentType":"application/json","enqueuedTime":"2022-10-21 02:00:00"}}
{"Body":{"Status":true,"Timestamp":"2022-10-21 02:00:00","pressure":"121.157968585148"},"EnqueuedTimeUtc":"2022-10-21 02:00:00","Properties":{"messagetype":"Demo"},"SystemProperties":{"connectionAuthMethod":"{\"scope\":\"device\",\"type\":\"sas\",\"issuer\":\"iothub\",\"acceptingIpFilterRule\":null}","connectionDeviceGenerationId":"638052891151821842","connectionDeviceId":"IOTDevice_2_3","contentEncoding":"utf-8","contentType":"application/json","enqueuedTime":"2022-10-21 02:00:00"}}
{"Body":{"Status":true,"Timestamp":"2022-10-21 02:00:00","vibration":"31.3014396571657"},"EnqueuedTimeUtc":"2022-10-21 02:00:00","Properties":{"messagetype":"Demo"},"SystemProperties":{"connectionAuthMethod":"{\"scope\":\"device\",\"type\":\"sas\",\"issuer\":\"iothub\",\"acceptingIpFilterRule\":null}","connectionDeviceGenerationId":"638052891151821842","connectionDeviceId":"IOTDevice_2_4","contentEncoding":"utf-8","contentType":"application/json","enqueuedTime":"2022-10-21 02:00:00"}}
{"Body":{"Status":true,"Timestamp":"2022-10-21 03:00:00","volt":"176.576003208214"},"EnqueuedTimeUtc":"2022-10-21 03:00:00","Properties":{"messagetype":"Demo"},"SystemProperties":{"connectionAuthMethod":"{\"scope\":\"device\",\"type\":\"sas\",\"issuer\":\"iothub\",\"acceptingIpFilterRule\":null}","connectionDeviceGenerationId":"638052891151821842","connectionDeviceId":"IOTDevice_2_1","contentEncoding":"utf-8","contentType":"application/json","enqueuedTime":"2022-10-21 03:00:00"}}
{"Body":{"Status":true,"Timestamp":"2022-10-21 03:00:00","rotate":"438.079730431794"},"EnqueuedTimeUtc":"2022-10-21 03:00:00","Properties":{"messagetype":"Demo"},"SystemProperties":{"connectionAuthMethod":"{\"scope\":\"device\",\"type\":\"sas\",\"issuer\":\"iothub\",\"acceptingIpFilterRule\":null}","connectionDeviceGenerationId":"638052891151821842","connectionDeviceId":"IOTDevice_2_2","contentEncoding":"utf-8","contentType":"application/json","enqueuedTime":"2022-10-21 03:00:00"}}
{"Body":{"Status":true,"Timestamp":"2022-10-21 03:00:00","pressure":"124.220878526466"},"EnqueuedTimeUtc":"2022-10-21 03:00:00","Properties":{"messagetype":"Demo"},"SystemProperties":{"connectionAuthMethod":"{\"scope\":\"device\",\"type\":\"sas\",\"issuer\":\"iothub\",\"acceptingIpFilterRule\":null}","connectionDeviceGenerationId":"638052891151821842","connectionDeviceId":"IOTDevice_2_3","contentEncoding":"utf-8","contentType":"application/json","enqueuedTime":"2022-10-21 03:00:00"}}
{"Body":{"Status":true,"Timestamp":"2022-10-21 03:00:00","vibration":"38.2835208605569"},"EnqueuedTimeUtc":"2022-10-21 03:00:00","Properties":{"messagetype":"Demo"},"SystemProperties":{"connectionAuthMethod":"{\"scope\":\"device\",\"type\":\"sas\",\"issuer\":\"iothub\",\"acceptingIpFilterRule\":null}","connectionDeviceGenerationId":"638052891151821842","connectionDeviceId":"IOTDevice_2_4","contentEncoding":"utf-8","contentType":"application/json","enqueuedTime":"2022-10-21 03:00:00"}}
{"Body":{"Status":true,"Timestamp":"2022-10-21 04:00:00","volt":"185.908754157808"},"EnqueuedTimeUtc":"2022-10-21 04:00:00","Properties":{"messagetype":"Demo"},"SystemProperties":{"connectionAuthMethod":"{\"scope\":\"device\",\"type\":\"sas\",\"issuer\":\"iothub\",\"acceptingIpFilterRule\":null}","connectionDeviceGenerationId":"638052891151821842","connectionDeviceId":"IOTDevice_2_1","contentEncoding":"utf-8","contentType":"application/json","enqueuedTime":"2022-10-21 04:00:00"}}
{"Body":{"Status":true,"Timestamp":"2022-10-21 04:00:00","rotate":"515.003944757624"},"EnqueuedTimeUtc":"2022-10-21 04:00:00","Properties":{"messagetype":"Demo"},"SystemProperties":{"connectionAuthMethod":"{\"scope\":\"device\",\"type\":\"sas\",\"issuer\":\"iothub\",\"acceptingIpFilterRule\":null}","connectionDeviceGenerationId":"638052891151821842","connectionDeviceId":"IOTDevice_2_2","contentEncoding":"utf-8","contentType":"application/json","enqueuedTime":"2022-10-21 04:00:00"}}
{"Body":{"Status":true,"Timestamp":"2022-10-21 04:00:00","pressure":"126.948230393567"},"EnqueuedTimeUtc":"2022-10-21 04:00:00","Properties":{"messagetype":"Demo"},"SystemProperties":{"connectionAuthMethod":"{\"scope\":\"device\",\"type\":\"sas\",\"issuer\":\"iothub\",\"acceptingIpFilterRule\":null}","connectionDeviceGenerationId":"638052891151821842","connectionDeviceId":"IOTDevice_2_3","contentEncoding":"utf-8","contentType":"application/json","enqueuedTime":"2022-10-21 04:00:00"}}
{"Body":{"Status":true,"Timestamp":"2022-10-21 04:00:00","vibration":"45.6762575185371"},"EnqueuedTimeUtc":"2022-10-21 04:00:00","Properties":{"messagetype":"Demo"},"SystemProperties":{"connectionAuthMethod":"{\"scope\":\"device\",\"type\":\"sas\",\"issuer\":\"iothub\",\"acceptingIpFilterRule\":null}","connectionDeviceGenerationId":"638052891151821842","connectionDeviceId":"IOTDevice_2_4","contentEncoding":"utf-8","contentType":"application/json","enqueuedTime":"2022-10-21 04:00:00"}}
{"Body":{"Status":true,"Timestamp":"2022-10-21 05:00:00","volt":"190.366992148672"},"EnqueuedTimeUtc":"2022-10-21 05:00:00","Properties":{"messagetype":"Demo"},"SystemProperties":{"connectionAuthMethod":"{\"scope\":\"device\",\"type\":\"sas\",\"issuer\":\"iothub\",\"acceptingIpFilterRule\":null}","connectionDeviceGenerationId":"638052891151821842","connectionDeviceId":"IOTDevice_2_1","contentEncoding":"utf-8","contentType":"application/json","enqueuedTime":"2022-10-21 05:00:00"}}
{"Body":{"Status":true,"Timestamp":"2022-10-21 05:00:00","rotate":"465.598264570516"},"EnqueuedTimeUtc":"2022-10-21 05:00:00","Properties":{"messagetype":"Demo"},"SystemProperties":{"connectionAuthMethod":"{\"scope\":\"device\",\"type\":\"sas\",\"issuer\":\"iothub\",\"acceptingIpFilterRule\":null}","connectionDeviceGenerationId":"638052891151821842","connectionDeviceId":"IOTDevice_2_2","contentEncoding":"utf-8","contentType":"application/json","enqueuedTime":"2022-10-21 05:00:00"}}
{"Body":{"Status":true,"Timestamp":"2022-10-21 05:00:00","pressure":"118.925982354186"},"EnqueuedTimeUtc":"2022-10-21 05:00:00","Properties":{"messagetype":"Demo"},"SystemProperties":{"connectionAuthMethod":"{\"scope\":\"device\",\"type\":\"sas\",\"issuer\":\"iothub\",\"acceptingIpFilterRule\":null}","connectionDeviceGenerationId":"638052891151821842","connectionDeviceId":"IOTDevice_2_3","contentEncoding":"utf-8","contentType":"application/json","enqueuedTime":"2022-10-21 05:00:00"}}
{"Body":{"Status":true,"Timestamp":"2022-10-21 05:00:00","vibration":"35.089973835751"},"EnqueuedTimeUtc":"2022-10-21 05:00:00","Properties":{"messagetype":"Demo"},"SystemProperties":{"connectionAuthMethod":"{\"scope\":\"device\",\"type\":\"sas\",\"issuer\":\"iothub\",\"acceptingIpFilterRule\":null}","connectionDeviceGenerationId":"638052891151821842","connectionDeviceId":"IOTDevice_2_4","contentEncoding":"utf-8","contentType":"application/json","enqueuedTime":"2022-10-21 05:00:00"}}
