{"Body":{"Status":true,"Timestamp":"2022-10-26 18:00:00","volt":"181.000240243058"},"EnqueuedTimeUtc":"2022-10-26 18:00:00","Properties":{"messagetype":"Demo"},"SystemProperties":{"connectionAuthMethod":"{\"scope\":\"device\",\"type\":\"sas\",\"issuer\":\"iothub\",\"acceptingIpFilterRule\":null}","connectionDeviceGenerationId":"638052891151821842","connectionDeviceId":"IOTDevice_9_1","contentEncoding":"utf-8","contentType":"application/json","enqueuedTime":"2022-10-26 18:00:00"}}
{"Body":{"Status":true,"Timestamp":"2022-10-26 18:00:00","rotate":"402.686445507876"},"EnqueuedTimeUtc":"2022-10-26 18:00:00","Properties":{"messagetype":"Demo"},"SystemProperties":{"connectionAuthMethod":"{\"scope\":\"device\",\"type\":\"sas\",\"issuer\":\"iothub\",\"acceptingIpFilterRule\":null}","connectionDeviceGenerationId":"638052891151821842","connectionDeviceId":"IOTDevice_9_2","contentEncoding":"utf-8","contentType":"application/json","enqueuedTime":"2022-10-26 18:00:00"}}
{"Body":{"Status":true,"Timestamp":"2022-10-26 18:00:00","pressure":"116.614841890522"},"EnqueuedTimeUtc":"2022-10-26 18:00:00","Properties":{"messagetype":"Demo"},"SystemProperties":{"connectionAuthMethod":"{\"scope\":\"device\",\"type\":\"sas\",\"issuer\":\"iothub\",\"acceptingIpFilterRule\":null}","connectionDeviceGenerationId":"638052891151821842","connectionDeviceId":"IOTDevice_9_3","contentEncoding":"utf-8","contentType":"application/json","enqueuedTime":"2022-10-26 18:00:00"}}
{"Body":{"Status":true,"Timestamp":"2022-10-26 18:00:00","vibration":"44.1681087357561"},"EnqueuedTimeUtc":"2022-10-26 18:00:00","Properties":{"messagetype":"Demo"},"SystemProperties":{"connectionAuthMethod":"{\"scope\":\"device\",\"type\":\"sas\",\"issuer\":\"iothub\",\"acceptingIpFilterRule\":null}","connectionDeviceGenerationId":"638052891151821842","connectionDeviceId":"IOTDevice_9_4","contentEncoding":"utf-8","contentType":"application/json","enqueuedTime":"2022-10-26 18:00:00"}}
{"Body":{"Status":true,"Timestamp":"2022-10-26 19:00:00","volt":"186.210325041116"},"EnqueuedTimeUtc":"2022-10-26 19:00:00","Properties":{"messagetype":"Demo"},"SystemProperties":{"connectionAuthMethod":"{\"scope\":\"device\",\"type\":\"sas\",\"issuer\":\"iothub\",\"acceptingIpFilterRule\":null}","connectionDeviceGenerationId":"638052891151821842","connectionDeviceId":"IOTDevice_9_1","contentEncoding":"utf-8","contentType":"application/json","enqueuedTime":"2022-10-26 19:00:00"}}
{"Body":{"Status":true,"Timestamp":"2022-10-26 19:00:00","rotate":"420.241239915507"},"EnqueuedTimeUtc":"2022-10-26 19:00:00","Properties":{"messagetype":"Demo"},"SystemProperties":{"connectionAuthMethod":"{\"scope\":\"device\",\"type\":\"sas\",\"issuer\":\"iothub\",\"acceptingIpFilterRule\":null}","connectionDeviceGenerationId":"638052891151821842","connectionDeviceId":"IOTDevice_9_2","contentEncoding":"utf-8","contentType":"application/json","enqueuedTime":"2022-10-26 19:00:00"}}
{"Body":{"Status":true,"Timestamp":"2022-10-26 19:00:00","pressure":"96.704191254329"},"EnqueuedTimeUtc":"2022-10-26 19:00:00","Properties":{"messagetype":"Demo"},"SystemProperties":{"connectionAuthMethod":"{\"scope\":\"device\",\"type\":\"sas\",\"issuer\":\"iothub\",\"acceptingIpFilterRule\":null}","connectionDeviceGenerationId":"638052891151821842","connectionDeviceId":"IOTDevice_9_3","contentEncoding":"utf-8","contentType":"application/json","enqueuedTime":"2022-10-26 19:00:00"}}
{"Body":{"Status":true,"Timestamp":"2022-10-26 19:00:00","vibration":"37.4176931334731"},"EnqueuedTimeUtc":"2022-10-26 19:00:00","Properties":{"messagetype":"Demo"},"SystemProperties":{"connectionAuthMethod":"{\"scope\":\"device\",\"type\":\"sas\",\"issuer\":\"iothub\",\"acceptingIpFilterRule\":null}","connectionDeviceGenerationId":"638052891151821842","connectionDeviceId":"IOTDevice_9_4","contentEncoding":"utf-8","contentType":"application/json","enqueuedTime":"2022-10-26 19:00:00"}}
{"Body":{"Status":true,"Timestamp":"2022-10-26 20:00:00","volt":"165.873261367746"},"EnqueuedTimeUtc":"2022-10-26 20:00:00","Properties":{"messagetype":"Demo"},"SystemProperties":{"connectionAuthMethod":"{\"scope\":\"device\",\"type\":\"sas\",\"issuer\":\"iothub\",\"acceptingIpFilterRule\":null}","connectionDeviceGenerationId":"638052891151821842","connectionDeviceId":"IOTDevice_9_1","contentEncoding":"utf-8","contentType":"application/json","enqueuedTime":"2022-10-26 20:00:00"}}
{"Body":{"Status":true,"Timestamp":"2022-10-26 20:00:00","rotate":"511.91492309733"},"EnqueuedTimeUtc":"2022-10-26 20:00:00","Properties":{"messagetype":"Demo"},"SystemProperties":{"connectionAuthMethod":"{\"scope\":\"device\",\"type\":\"sas\",\"issuer\":\"iothub\",\"acceptingIpFilterRule\":null}","connectionDeviceGenerationId":"638052891151821842","connectionDeviceId":"IOTDevice_9_2","contentEncoding":"utf-8","contentType":"application/json","enqueuedTime":"2022-10-26 20:00:00"}}
{"Body":{"Status":true,"Timestamp":"2022-10-26 20:00:00","pressure":"107.810304741624"},"EnqueuedTimeUtc":"2022-10-26 20:00:00","Properties":{"messagetype":"Demo"},"SystemProperties":{"connectionAuthMethod":"{\"scope\":\"device\",\"type\":\"sas\",\"issuer\":\"iothub\",\"acceptingIpFilterRule\":null}","connectionDeviceGenerationId":"638052891151821842","connectionDeviceId":"IOTDevice_9_3","contentEncoding":"utf-8","contentType":"application/json","enqueuedTime":"2022-10-26 20:00:00"}}
{"Body":{"Status":true,"Timestamp":"2022-10-26 20:00:00","vibration":"51.4035749254102"},"EnqueuedTimeUtc":"2022-10-26 20:00:00","Properties":{"messagetype":"Demo"},"SystemProperties":{"connectionAuthMethod":"{\"scope\":\"device\",\"type\":\"sas\",\"issuer\":\"iothub\",\"acceptingIpFilterRule\":null}","connectionDeviceGenerationId":"638052891151821842","connectionDeviceId":"IOTDevice_9_4","contentEncoding":"utf-8","contentType":"application/json","enqueuedTime":"2022-10-26 20:00:00"}}
{"Body":{"Status":true,"Timestamp":"2022-10-26 21:00:00","volt":"165.429451056639"},"EnqueuedTimeUtc":"2022-10-26 21:00:00","Properties":{"messagetype":"Demo"},"SystemProperties":{"connectionAuthMethod":"{\"scope\":\"device\",\"type\":\"sas\",\"issuer\":\"iothub\",\"acceptingIpFilterRule\":null}","connectionDeviceGenerationId":"638052891151821842","connectionDeviceId":"IOTDevice_9_1","contentEncoding":"utf-8","contentType":"application/json","enqueuedTime":"2022-10-26 21:00:00"}}
{"Body":{"Status":true,"Timestamp":"2022-10-26 21:00:00","rotate":"411.222937241541"},"EnqueuedTimeUtc":"2022-10-26 21:00:00","Properties":{"messagetype":"Demo"},"SystemProperties":{"connectionAuthMethod":"{\"scope\":\"device\",\"type\":\"sas\",\"issuer\":\"iothub\",\"acceptingIpFilterRule\":null}","connectionDeviceGenerationId":"638052891151821842","connectionDeviceId":"IOTDevice_9_2","contentEncoding":"utf-8","contentType":"application/json","enqueuedTime":"2022-10-26 21:00:00"}}
{"Body":{"Status":true,"Timestamp":"2022-10-26 21:00:00","pressure":"94.333839902668"},"EnqueuedTimeUtc":"2022-10-26 21:00:00","Properties":{"messagetype":"Demo"},"SystemProperties":{"connectionAuthMethod":"{\"scope\":\"device\",\"type\":\"sas\",\"issuer\":\"iothub\",\"acceptingIpFilterRule\":null}","connectionDeviceGenerationId":"638052891151821842","connectionDeviceId":"IOTDevice_9_3","contentEncoding":"utf-8","contentType":"application/json","enqueuedTime":"2022-10-26 21:00:00"}}
{"Body":{"Status":true,"Timestamp":"2022-10-26 21:00:00","vibration":"38.4481393570288"},"EnqueuedTimeUtc":"2022-10-26 21:00:00","Properties":{"messagetype":"Demo"},"SystemProperties":{"connectionAuthMethod":"{\"scope\":\"device\",\"type\":\"sas\",\"issuer\":\"iothub\",\"acceptingIpFilterRule\":null}","connectionDeviceGenerationId":"638052891151821842","connectionDeviceId":"IOTDevice_9_4","contentEncoding":"utf-8","contentType":"application/json","enqueuedTime":"2022-10-26 21:00:00"}}
{"Body":{"Status":true,"Timestamp":"2022-10-26 22:00:00","volt":"179.892548017073"},"EnqueuedTimeUtc":"2022-10-26 22:00:00","Properties":{"messagetype":"Demo"},"SystemProperties":{"connectionAuthMethod":"{\"scope\":\"device\",\"type\":\"sas\",\"issuer\":\"iothub\",\"acceptingIpFilterRule\":null}","connectionDeviceGenerationId":"638052891151821842","connectionDeviceId":"IOTDevice_9_1","contentEncoding":"utf-8","contentType":"application/json","enqueuedTime":"2022-10-26 22:00:00"}}
{"Body":{"Status":true,"Timestamp":"2022-10-26 22:00:00","rotate":"507.756014096982"},"EnqueuedTimeUtc":"2022-10-26 22:00:00","Properties":{"messagetype":"Demo"},"SystemProperties":{"connectionAuthMethod":"{\"scope\":\"device\",\"type\":\"sas\",\"issuer\":\"iothub\",\"acceptingIpFilterRule\":null}","connectionDeviceGenerationId":"638052891151821842","connectionDeviceId":"IOTDevice_9_2","contentEncoding":"utf-8","contentType":"application/json","enqueuedTime":"2022-10-26 22:00:00"}}
{"Body":{"Status":true,"Timestamp":"2022-10-26 22:00:00","pressure":"110.681918146415"},"EnqueuedTimeUtc":"2022-10-26 22:00:00","Properties":{"messagetype":"Demo"},"SystemProperties":{"connectionAuthMethod":"{\"scope\":\"device\",\"type\":\"sas\",\"issuer\":\"iothub\",\"acceptingIpFilterRule\":null}","connectionDeviceGenerationId":"638052891151821842","connectionDeviceId":"IOTDevice_9_3","contentEncoding":"utf-8","contentType":"application/json","enqueuedTime":"2022-10-26 22:00:00"}}
{"Body":{"Status":true,"Timestamp":"2022-10-26 22:00:00","vibration":"43.9248439263994"},"EnqueuedTimeUtc":"2022-10-26 22:00:00","Properties":{"messagetype":"Demo"},"SystemProperties":{"connectionAuthMethod":"{\"scope\":\"device\",\"type\":\"sas\",\"issuer\":\"iothub\",\"acceptingIpFilterRule\":null}","connectionDeviceGenerationId":"638052891151821842","connectionDeviceId":"IOTDevice_9_4","contentEncoding":"utf-8","contentType":"application/json","enqueuedTime":"2022-10-26 22:00:00"}}
{"Body":{"Status":true,"Timestamp":"2022-10-26 23:00:00","volt":"212.658769729639"},"EnqueuedTimeUtc":"2022-10-26 23:00:00","Properties":{"messagetype":"Demo"},"SystemProperties":{"connectionAuthMethod":"{\"scope\":\"device\",\"type\":\"sas\",\"issuer\":\"iothub\",\"acceptingIpFilterRule\":null}","connectionDeviceGenerationId":"638052891151821842","connectionDeviceId":"IOTDevice_9_1","contentEncoding":"utf-8","contentType":"application/json","enqueuedTime":"2022-10-26 23:00:00"}}
{"Body":{"Status":true,"Timestamp":"2022-10-26 23:00:00","rotate":"390.292277287965"},"EnqueuedTimeUtc":"2022-10-26 23:00:00","Properties":{"messagetype":"Demo"},"SystemProperties":{"connectionAuthMethod":"{\"scope\":\"device\",\"type\":\"sas\",\"issuer\":\"iothub\",\"acceptingIpFilterRule\":null}","connectionDeviceGenerationId":"638052891151821842","connectionDeviceId":"IOTDevice_9_2","contentEncoding":"utf-8","contentType":"application/json","enqueuedTime":"2022-10-26 23:00:00"}}
{"Body":{"Status":true,"Timestamp":"2022-10-26 23:00:00","pressure":"95.9727111468564"},"EnqueuedTimeUtc":"2022-10-26 23:00:00","Properties":{"messagetype":"Demo"},"SystemProperties":{"connectionAuthMethod":"{\"scope\":\"device\",\"type\":\"sas\",\"issuer\":\"iothub\",\"acceptingIpFilterRule\":null}","connectionDeviceGenerationId":"638052891151821842","connectionDeviceId":"IOTDevice_9_3","contentEncoding":"utf-8","contentType":"application/json","enqueuedTime":"2022-10-26 23:00:00"}}
{"Body":{"Status":true,"Timestamp":"2022-10-26 23:00:00","vibration":"43.943796960129"},"EnqueuedTimeUtc":"2022-10-26 23:00:00","Properties":{"messagetype":"Demo"},"SystemProperties":{"connectionAuthMethod":"{\"scope\":\"device\",\"type\":\"sas\",\"issuer\":\"iothub\",\"acceptingIpFilterRule\":null}","connectionDeviceGenerationId":"638052891151821842","connectionDeviceId":"IOTDevice_9_4","contentEncoding":"utf-8","contentType":"application/json","enqueuedTime":"2022-10-26 23:00:00"}}
{"Body":{"Status":true,"Timestamp":"2022-10-26 00:00:00","volt":"168.758949821563"},"EnqueuedTimeUtc":"2022-10-26 00:00:00","Properties":{"messagetype":"Demo"},"SystemProperties":{"connectionAuthMethod":"{\"scope\":\"device\",\"type\":\"sas\",\"issuer\":\"iothub\",\"acceptingIpFilterRule\":null}","connectionDeviceGenerationId":"638052891151821842","connectionDeviceId":"IOTDevice_10_1","contentEncoding":"utf-8","contentType":"application/json","enqueuedTime":"2022-10-26 00:00:00"}}
{"Body":{"Status":true,"Timestamp":"2022-10-26 00:00:00","rotate":"411.406994033561"},"EnqueuedTimeUtc":"2022-10-26 00:00:00","Properties":{"messagetype":"Demo"},"SystemProperties":{"connectionAuthMethod":"{\"scope\":\"device\",\"type\":\"sas\",\"issuer\":\"iothub\",\"acceptingIpFilterRule\":null}","connectionDeviceGenerationId":"638052891151821842","connectionDeviceId":"IOTDevice_10_2","contentEncoding":"utf-8","contentType":"application/json","enqueuedTime":"2022-10-26 00:00:00"}}
{"Body":{"Status":true,"Timestamp":"2022-10-26 00:00:00","pressure":"131.57115803727"},"EnqueuedTimeUtc":"2022-10-26 00:00:00","Properties":{"messagetype":"Demo"},"SystemProperties":{"connectionAuthMethod":"{\"scope\":\"device\",\"type\":\"sas\",\"issuer\":\"iothub\",\"acceptingIpFilterRule\":null}","connectionDeviceGenerationId":"638052891151821842","connectionDeviceId":"IOTDevice_10_3","contentEncoding":"utf-8","contentType":"application/json","enqueuedTime":"2022-10-26 00:00:00"}}
{"Body":{"Status":true,"Timestamp":"2022-10-26 00:00:00","vibration":"40.0352720822"},"EnqueuedTimeUtc":"2022-10-26 00:00:00","Properties":{"messagetype":"Demo"},"SystemProperties":{"connectionAuthMethod":"{\"scope\":\"device\",\"type\":\"sas\",\"issuer\":\"iothub\",\"acceptingIpFilterRule\":null}","connectionDeviceGenerationId":"638052891151821842","connectionDeviceId":"IOTDevice_10_4","contentEncoding":"utf-8","contentType":"application/json","enqueuedTime":"2022-10-26 00:00:00"}}
{"Body":{"Status":true,"Timestamp":"2022-10-26 01:00:00","volt":"153.829215590281"},"EnqueuedTimeUtc":"2022-10-26 01:00:00","Properties":{"messagetype":"Demo"},"SystemProperties":{"connectionAuthMethod":"{\"scope\":\"device\",\"type\":\"sas\",\"issuer\":\"iothub\",\"acceptingIpFilterRule\":null}","connectionDeviceGenerationId":"638052891151821842","connectionDeviceId":"IOTDevice_10_1","contentEncoding":"utf-8","contentType":"application/json","enqueuedTime":"2022-10-26 01:00:00"}}
{"Body":{"Status":true,"Timestamp":"2022-10-26 01:00:00","rotate":"406.890493107021"},"EnqueuedTimeUtc":"2022-10-26 01:00:00","Properties":{"messagetype":"Demo"},"SystemProperties":{"connectionAuthMethod":"{\"scope\":\"device\",\"type\":\"sas\",\"issuer\":\"iothub\",\"acceptingIpFilterRule\":null}","connectionDeviceGenerationId":"638052891151821842","connectionDeviceId":"IOTDevice_10_2","contentEncoding":"utf-8","contentType":"application/json","enqueuedTime":"2022-10-26 01:00:00"}}
{"Body":{"Status":true,"Timestamp":"2022-10-26 01:00:00","pressure":"127.263854599704"},"EnqueuedTimeUtc":"2022-10-26 01:00:00","Properties":{"messagetype":"Demo"},"SystemProperties":{"connectionAuthMethod":"{\"scope\":\"device\",\"type\":\"sas\",\"issuer\":\"iothub\",\"acceptingIpFilterRule\":null}","connectionDeviceGenerationId":"638052891151821842","connectionDeviceId":"IOTDevice_10_3","contentEncoding":"utf-8","contentType":"application/json","enqueuedTime":"2022-10-26 01:00:00"}}
{"Body":{"Status":true,"Timestamp":"2022-10-26 01:00:00","vibration":"43.0829180999827"},"EnqueuedTimeUtc":"2022-10-26 01:00:00","Properties":{"messagetype":"Demo"},"SystemProperties":{"connectionAuthMethod":"{\"scope\":\"device\",\"type\":\"sas\",\"issuer\":\"iothub\",\"acceptingIpFilterRule\":null}","connectionDeviceGenerationId":"638052891151821842","connectionDeviceId":"IOTDevice_10_4","contentEncoding":"utf-8","contentType":"application/json","enqueuedTime":"2022-10-26 01:00:00"}}
{"Body":{"Status":true,"Timestamp":"2022-10-26 02:00:00","volt":"206.860278452393"},"EnqueuedTimeUtc":"2022-10-26 02:00:00","Properties":{"messagetype":"Demo"},"SystemProperties":{"connectionAuthMethod":"{\"scope\":\"device\",\"type\":\"sas\",\"issuer\":\"iothub\",\"acceptingIpFilterRule\":null}","connectionDeviceGenerationId":"638052891151821842","connectionDeviceId":"IOTDevice_10_1","contentEncoding":"utf-8","contentType":"application/json","enqueuedTime":"2022-10-26 02:00:00"}}
{"Body":{"Status":true,"Timestamp":"2022-10-26 02:00:00","rotate":"539.669614954447"},"EnqueuedTimeUtc":"2022-10-26 02:00:00","Properties":{"messagetype":"Demo"},"SystemProperties":{"connectionAuthMethod":"{\"scope\":\"device\",\"type\":\"sas\",\"issuer\":\"iothub\",\"acceptingIpFilterRule\":null}","connectionDeviceGenerationId":"638052891151821842","connectionDeviceId":"IOTDevice_10_2","contentEncoding":"utf-8","contentType":"application/json","enqueuedTime":"2022-10-26 02:00:00"}}
{"Body":{"Status":true,"Timestamp":"2022-10-26 02:00:00","pressure":"136.654750778971"},"EnqueuedTimeUtc":"2022-10-26 02:00:00","Properties":{"messagetype":"Demo"},"SystemProperties":{"connectionAuthMethod":"{\"scope\":\"device\",\"type\":\"sas\",\"issuer\":\"iothub\",\"acceptingIpFilterRule\":null}","connectionDeviceGenerationId":"638052891151821842","connectionDeviceId":"IOTDevice_10_3","contentEncoding":"utf-8","contentType":"application/json","enqueuedTime":"2022-10-26 02:00:00"}}
{"Body":{"Status":true,"Timestamp":"2022-10-26 02:00:00","vibration":"38.7482533513291"},"EnqueuedTimeUtc":"2022-10-26 02:00:00","Properties":{"messagetype":"Demo"},"SystemProperties":{"connectionAuthMethod":"{\"scope\":\"device\",\"type\":\"sas\",\"issuer\":\"iothub\",\"acceptingIpFilterRule\":null}","connectionDeviceGenerationId":"638052891151821842","connectionDeviceId":"IOTDevice_10_4","contentEncoding":"utf-8","contentType":"application/json","enqueuedTime":"2022-10-26 02:00:00"}}
{"Body":{"Status":true,"Timestamp":"2022-10-26 03:00:00","volt":"191.925542321338"},"EnqueuedTimeUtc":"2022-10-26 03:00:00","Properties":{"messagetype":"Demo"},"SystemProperties":{"connectionAuthMethod":"{\"scope\":\"device\",\"type\":\"sas\",\"issuer\":\"iothub\",\"acceptingIpFilterRule\":null}","connectionDeviceGenerationId":"638052891151821842","connectionDeviceId":"IOTDevice_10_1","contentEncoding":"utf-8","contentType":"application/json","enqueuedTime":"2022-10-26 03:00:00"}}
{"Body":{"Status":true,"Timestamp":"2022-10-26 03:00:00","rotate":"424.833110927246"},"EnqueuedTimeUtc":"2022-10-26 03:00:00","Properties":{"messagetype":"Demo"},"SystemProperties":{"connectionAuthMethod":"{\"scope\":\"device\",\"type\":\"sas\",\"issuer\":\"iothub\",\"acceptingIpFilterRule\":null}","connectionDeviceGenerationId":"638052891151821842","connectionDeviceId":"IOTDevice_10_2","contentEncoding":"utf-8","contentType":"application/json","enqueuedTime":"2022-10-26 03:00:00"}}
{"Body":{"Status":true,"Timestamp":"2022-10-26 03:00:00","pressure":"122.559354404436"},"EnqueuedTimeUtc":"2022-10-26 03:00:00","Properties":{"messagetype":"Demo"},"SystemProperties":{"connectionAuthMethod":"{\"scope\":\"device\",\"type\":\"sas\",\"issuer\":\"iothub\",\"acceptingIpFilterRule\":null}","connectionDeviceGenerationId":"638052891151821842","connectionDeviceId":"IOTDevice_10_3","contentEncoding":"utf-8","contentType":"application/json","enqueuedTime":"2022-10-26 03:00:00"}}
{"Body":{"Status":true,"Timestamp":"2022-10-26 03:00:00","vibration":"36.2365331837255"},"EnqueuedTimeUtc":"2022-10-26 03:00:00","Properties":{"messagetype":"Demo"},"SystemProperties":{"connectionAuthMethod":"{\"scope\":\"device\",\"type\":\"sas\",\"issuer\":\"iothub\",\"acceptingIpFilterRule\":null}","connectionDeviceGenerationId":"638052891151821842","connectionDeviceId":"IOTDevice_10_4","contentEncoding":"utf-8","contentType":"application/json","enqueuedTime":"2022-10-26 03:00:00"}}
{"Body":{"Status":true,"Timestamp":"2022-10-26 04:00:00","volt":"184.458731038627"},"EnqueuedTimeUtc":"2022-10-26 04:00:00","Properties":{"messagetype":"Demo"},"SystemProperties":{"connectionAuthMethod":"{\"scope\":\"device\",\"type\":\"sas\",\"issuer\":\"iothub\",\"acceptingIpFilterRule\":null}","connectionDeviceGenerationId":"638052891151821842","connectionDeviceId":"IOTDevice_10_1","contentEncoding":"utf-8","contentType":"application/json","enqueuedTime":"2022-10-26 04:00:00"}}
{"Body":{"Status":true,"Timestamp":"2022-10-26 04:00:00","rotate":"431.890753216965"},"EnqueuedTimeUtc":"2022-10-26 04:00:00","Properties":{"messagetype":"Demo"},"SystemProperties":{"connectionAuthMethod":"{\"scope\":\"device\",\"type\":\"sas\",\"issuer\":\"iothub\",\"acceptingIpFilterRule\":null}","connectionDeviceGenerationId":"638052891151821842","connectionDeviceId":"IOTDevice_10_2","contentEncoding":"utf-8","contentType":"application/json","enqueuedTime":"2022-10-26 04:00:00"}}
{"Body":{"Status":true,"Timestamp":"2022-10-26 04:00:00","pressure":"112.24559281235"},"EnqueuedTimeUtc":"2022-10-26 04:00:00","Properties":{"messagetype":"Demo"},"SystemProperties":{"connectionAuthMethod":"{\"scope\":\"device\",\"type\":\"sas\",\"issuer\":\"iothub\",\"acceptingIpFilterRule\":null}","connectionDeviceGenerationId":"638052891151821842","connectionDeviceId":"IOTDevice_10_3","contentEncoding":"utf-8","contentType":"application/json","enqueuedTime":"2022-10-26 04:00:00"}}
{"Body":{"Status":true,"Timestamp":"2022-10-26 04:00:00","vibration":"45.8711168139977"},"EnqueuedTimeUtc":"2022-10-26 04:00:00","Properties":{"messagetype":"Demo"},"SystemProperties":{"connectionAuthMethod":"{\"scope\":\"device\",\"type\":\"sas\",\"issuer\":\"iothub\",\"acceptingIpFilterRule\":null}","connectionDeviceGenerationId":"638052891151821842","connectionDeviceId":"IOTDevice_10_4","contentEncoding":"utf-8","contentType":"application/json","enqueuedTime":"2022-10-26 04:00:00"}}
{"Body":{"Status":true,"Timestamp":"2022-10-26 05:00:00","volt":"180.403265576368"},"EnqueuedTimeUtc":"2022-10-26 05:00:00","Properties":{"messagetype":"Demo"},"SystemProperties":{"connectionAuthMethod":"{\"scope\":\"device\",\"type\":\"sas\",\"issuer\":\"iothub\",\"acceptingIpFilterRule\":null}","connectionDeviceGenerationId":"638052891151821842","connectionDeviceId":"IOTDevice_10_1","contentEncoding":"utf-8","contentType":"application/json","enqueuedTime":"2022-10-26 05:00:00"}}
{"Body":{"Status":true,"Timestamp":"2022-10-26 05:00:00","rotate":"458.227455897199"},"EnqueuedTimeUtc":"2022-10-26 05:00:00","Properties":{"messagetype":"Demo"},"SystemProperties":{"connectionAuthMethod":"{\"scope\":\"device\",\"type\":\"sas\",\"issuer\":\"iothub\",\"acceptingIpFilterRule\":null}","connectionDeviceGenerationId":"638052891151821842","connectionDeviceId":"IOTDevice_10_2","contentEncoding":"utf-8","contentType":"application/json","enqueuedTime":"2022-10-26 05:00:00"}}
{"Body":{"Status":true,"Timestamp":"2022-10-26 05:00:00","pressure":"107.196939644906"},"EnqueuedTimeUtc":"2022-10-26 05:00:00","Properties":{"messagetype":"Demo"},"SystemProperties":{"connectionAuthMethod":"{\"scope\":\"device\",\"type\":\"sas\",\"issuer\":\"iothub\",\"acceptingIpFilterRule\":null}","connectionDeviceGenerationId":"638052891151821842","connectionDeviceId":"IOTDevice_10_3","contentEncoding":"utf-8","contentType":"application/json","enqueuedTime":"2022-10-26 05:00:00"}}
{"Body":{"Status":true,"Timestamp":"2022-10-26 05:00:00","vibration":"39.0661567207168"},"EnqueuedTimeUtc":"2022-10-26 05:00:00","Properties":{"messagetype":"Demo"},"SystemProperties":{"connectionAuthMethod":"{\"scope\":\"device\",\"type\":\"sas\",\"issuer\":\"iothub\",\"acceptingIpFilterRule\":null}","connectionDeviceGenerationId":"638052891151821842","connectionDeviceId":"IOTDevice_10_4","contentEncoding":"utf-8","contentType":"application/json","enqueuedTime":"2022-10-26 05:00:00"}}
{"Body":{"Status":true,"Timestamp":"2022-10-26 06:00:00","volt":"170.219112814667"},"EnqueuedTimeUtc":"2022-10-26 06:00:00","Properties":{"messagetype":"Demo"},"SystemProperties":{"connectionAuthMethod":"{\"scope\":\"device\",\"type\":\"sas\",\"issuer\":\"iothub\",\"acceptingIpFilterRule\":null}","connectionDeviceGenerationId":"638052891151821842","connectionDeviceId":"IOTDevice_10_1","contentEncoding":"utf-8","contentType":"application/json","enqueuedTime":"2022-10-26 06:00:00"}}
{"Body":{"Status":true,"Timestamp":"2022-10-26 06:00:00","rotate":"432.222936903747"},"EnqueuedTimeUtc":"2022-10-26 06:00:00","Properties":{"messagetype":"Demo"},"SystemProperties":{"connectionAuthMethod":"{\"scope\":\"device\",\"type\":\"sas\",\"issuer\":\"iothub\",\"acceptingIpFilterRule\":null}","connectionDeviceGenerationId":"638052891151821842","connectionDeviceId":"IOTDevice_10_2","contentEncoding":"utf-8","contentType":"application/json","enqueuedTime":"2022-10-26 06:00:00"}}
{"Body":{"Status":true,"Timestamp":"2022-10-26 06:00:00","pressure":"151.985448027255"},"EnqueuedTimeUtc":"2022-10-26 06:00:00","Properties":{"messagetype":"Demo"},"SystemProperties":{"connectionAuthMethod":"{\"scope\":\"device\",\"type\":\"sas\",\"issuer\":\"iothub\",\"acceptingIpFilterRule\":null}","connectionDeviceGenerationId":"638052891151821842","connectionDeviceId":"IOTDevice_10_3","contentEncoding":"utf-8","contentType":"application/json","enqueuedTime":"2022-10-26 06:00:00"}}
{"Body":{"Status":true,"Timestamp":"2022-10-26 06:00:00","vibration":"33.1115987166215"},"EnqueuedTimeUtc":"2022-10-26 06:00:00","Properties":{"messagetype":"Demo"},"SystemProperties":{"connectionAuthMethod":"{\"scope\":\"device\",\"type\":\"sas\",\"issuer\":\"iothub\",\"acceptingIpFilterRule\":null}","connectionDeviceGenerationId":"638052891151821842","connectionDeviceId":"IOTDevice_10_4","contentEncoding":"utf-8","contentType":"application/json","enqueuedTime":"2022-10-26 06:00:00"}}
{"Body":{"Status":true,"Timestamp":"2022-10-26 07:00:00","volt":"191.062827619987"},"EnqueuedTimeUtc":"2022-10-26 07:00:00","Properties":{"messagetype":"Demo"},"SystemProperties":{"connectionAuthMethod":"{\"scope\":\"device\",\"type\":\"sas\",\"issuer\":\"iothub\",\"acceptingIpFilterRule\":null}","connectionDeviceGenerationId":"638052891151821842","connectionDeviceId":"IOTDevice_10_1","contentEncoding":"utf-8","contentType":"application/json","enqueuedTime":"2022-10-26 07:00:00"}}
{"Body":{"Status":true,"Timestamp":"2022-10-26 07:00:00","rotate":"481.764740142565"},"EnqueuedTimeUtc":"2022-10-26 07:00:00","Properties":{"messagetype":"Demo"},"SystemProperties":{"connectionAuthMethod":"{\"scope\":\"device\",\"type\":\"sas\",\"issuer\":\"iothub\",\"acceptingIpFilterRule\":null}","connectionDeviceGenerationId":"638052891151821842","connectionDeviceId":"IOTDevice_10_2","contentEncoding":"utf-8","contentType":"application/json","enqueuedTime":"2022-10-26 07:00:00"}}
{"Body":{"Status":true,"Timestamp":"2022-10-26 07:00:00","pressure":"139.314564489782"},"EnqueuedTimeUtc":"2022-10-26 07:00:00","Properties":{"messagetype":"Demo"},"SystemProperties":{"connectionAuthMethod":"{\"scope\":\"device\",\"type\":\"sas\",\"issuer\":\"iothub\",\"acceptingIpFilterRule\":null}","connectionDeviceGenerationId":"638052891151821842","connectionDeviceId":"IOTDevice_10_3","contentEncoding":"utf-8","contentType":"application/json","enqueuedTime":"2022-10-26 07:00:00"}}
{"Body":{"Status":true,"Timestamp":"2022-10-26 07:00:00","vibration":"39.9974080114361"},"EnqueuedTimeUtc":"2022-10-26 07:00:00","Properties":{"messagetype":"Demo"},"SystemProperties":{"connectionAuthMethod":"{\"scope\":\"device\",\"type\":\"sas\",\"issuer\":\"iothub\",\"acceptingIpFilterRule\":null}","connectionDeviceGenerationId":"638052891151821842","connectionDeviceId":"IOTDevice_10_4","contentEncoding":"utf-8","contentType":"application/json","enqueuedTime":"2022-10-26 07:00:00"}}
{"Body":{"Status":true,"Timestamp":"2022-10-26 08:00:00","volt":"154.762010485057"},"EnqueuedTimeUtc":"2022-10-26 08:00:00","Properties":{"messagetype":"Demo"},"SystemProperties":{"connectionAuthMethod":"{\"scope\":\"device\",\"type\":\"sas\",\"issuer\":\"iothub\",\"acceptingIpFilterRule\":null}","connectionDeviceGenerationId":"638052891151821842","connectionDeviceId":"IOTDevice_10_1","contentEncoding":"utf-8","contentType":"application/json","enqueuedTime":"2022-10-26 08:00:00"}}
{"Body":{"Status":true,"Timestamp":"2022-10-26 08:00:00","rotate":"460.599126869617"},"EnqueuedTimeUtc":"2022-10-26 08:00:00","Properties":{"messagetype":"Demo"},"SystemProperties":{"connectionAuthMethod":"{\"scope\":\"device\",\"type\":\"sas\",\"issuer\":\"iothub\",\"acceptingIpFilterRule\":null}","connectionDeviceGenerationId":"638052891151821842","connectionDeviceId":"IOTDevice_10_2","contentEncoding":"utf-8","contentType":"application/json","enqueuedTime":"2022-10-26 08:00:00"}}
{"Body":{"Status":true,"Timestamp":"2022-10-26 08:00:00","pressure":"138.446026439532"},"EnqueuedTimeUtc":"2022-10-26 08:00:00","Properties":{"messagetype":"Demo"},"SystemProperties":{"connectionAuthMethod":"{\"scope\":\"device\",\"type\":\"sas\",\"issuer\":\"iothub\",\"acceptingIpFilterRule\":null}","connectionDeviceGenerationId":"638052891151821842","connectionDeviceId":"IOTDevice_10_3","contentEncoding":"utf-8","contentType":"application/json","enqueuedTime":"2022-10-26 08:00:00"}}
{"Body":{"Status":true,"Timestamp":"2022-10-26 08:00:00","vibration":"37.2126467123031"},"EnqueuedTimeUtc":"2022-10-26 08:00:00","Properties":{"messagetype":"Demo"},"SystemProperties":{"connectionAuthMethod":"{\"scope\":\"device\",\"type\":\"sas\",\"issuer\":\"iothub\",\"acceptingIpFilterRule\":null}","connectionDeviceGenerationId":"638052891151821842","connectionDeviceId":"IOTDevice_10_4","contentEncoding":"utf-8","contentType":"application/json","enqueuedTime":"2022-10-26 08:00:00"}}
