{"Body":{"Status":true,"Timestamp":"2022-10-26 12:00:00","volt":"187.362320884584"},"EnqueuedTimeUtc":"2022-10-26 12:00:00","Properties":{"messagetype":"Demo"},"SystemProperties":{"connectionAuthMethod":"{\"scope\":\"device\",\"type\":\"sas\",\"issuer\":\"iothub\",\"acceptingIpFilterRule\":null}","connectionDeviceGenerationId":"638052891151821842","connectionDeviceId":"IOTDevice_3_1","contentEncoding":"utf-8","contentType":"application/json","enqueuedTime":"2022-10-26 12:00:00"}}
{"Body":{"Status":true,"Timestamp":"2022-10-26 12:00:00","rotate":"436.151733746029"},"EnqueuedTimeUtc":"2022-10-26 12:00:00","Properties":{"messagetype":"Demo"},"SystemProperties":{"connectionAuthMethod":"{\"scope\":\"device\",\"type\":\"sas\",\"issuer\":\"iothub\",\"acceptingIpFilterRule\":null}","connectionDeviceGenerationId":"638052891151821842","connectionDeviceId":"IOTDevice_3_2","contentEncoding":"utf-8","contentType":"application/json","enqueuedTime":"2022-10-26 12:00:00"}}
{"Body":{"Status":true,"Timestamp":"2022-10-26 12:00:00","pressure":"101.141546981775"},"EnqueuedTimeUtc":"2022-10-26 12:00:00","Properties":{"messagetype":"Demo"},"SystemProperties":{"connectionAuthMethod":"{\"scope\":\"device\",\"type\":\"sas\",\"issuer\":\"iothub\",\"acceptingIpFilterRule\":null}","connectionDeviceGenerationId":"638052891151821842","connectionDeviceId":"IOTDevice_3_3","contentEncoding":"utf-8","contentType":"application/json","enqueuedTime":"2022-10-26 12:00:00"}}
{"Body":{"Status":true,"Timestamp":"2022-10-26 12:00:00","vibration":"36.7951915453174"},"EnqueuedTimeUtc":"2022-10-26 12:00:00","Properties":{"messagetype":"Demo"},"SystemProperties":{"connectionAuthMethod":"{\"scope\":\"device\",\"type\":\"sas\",\"issuer\":\"iothub\",\"acceptingIpFilterRule\":null}","connectionDeviceGenerationId":"638052891151821842","connectionDeviceId":"IOTDevice_3_4","contentEncoding":"utf-8","contentType":"application/json","enqueuedTime":"2022-10-26 12:00:00"}}
{"Body":{"Status":true,"Timestamp":"2022-10-26 13:00:00","volt":"154.185587152275"},"EnqueuedTimeUtc":"2022-10-26 13:00:00","Properties":{"messagetype":"Demo"},"SystemProperties":{"connectionAuthMethod":"{\"scope\":\"device\",\"type\":\"sas\",\"issuer\":\"iothub\",\"acceptingIpFilterRule\":null}","connectionDeviceGenerationId":"638052891151821842","connectionDeviceId":"IOTDevice_3_1","contentEncoding":"utf-8","contentType":"application/json","enqueuedTime":"2022-10-26 13:00:00"}}
{"Body":{"Status":true,"Timestamp":"2022-10-26 13:00:00","rotate":"437.9556915667"},"EnqueuedTimeUtc":"2022-10-26 13:00:00","Properties":{"messagetype":"Demo"},"SystemProperties":{"connectionAuthMethod":"{\"scope\":\"device\",\"type\":\"sas\",\"issuer\":\"iothub\",\"acceptingIpFilterRule\":null}","connectionDeviceGenerationId":"638052891151821842","connectionDeviceId":"IOTDevice_3_2","contentEncoding":"utf-8","contentType":"application/json","enqueuedTime":"2022-10-26 13:00:00"}}
{"Body":{"Status":true,"Timestamp":"2022-10-26 13:00:00","pressure":"92.3571482420824"},"EnqueuedTimeUtc":"2022-10-26 13:00:00","Properties":{"messagetype":"Demo"},"SystemProperties":{"connectionAuthMethod":"{\"scope\":\"device\",\"type\":\"sas\",\"issuer\":\"iothub\",\"acceptingIpFilterRule\":null}","connectionDeviceGenerationId":"638052891151821842","connectionDeviceId":"IOTDevice_3_3","contentEncoding":"utf-8","contentType":"application/json","enqueuedTime":"2022-10-26 13:00:00"}}
{"Body":{"Status":true,"Timestamp":"2022-10-26 13:00:00","vibration":"34.497674859215"},"EnqueuedTimeUtc":"2022-10-26 13:00:00","Properties":{"messagetype":"Demo"},"SystemProperties":{"connectionAuthMethod":"{\"scope\":\"device\",\"type\":\"sas\",\"issuer\":\"iothub\",\"acceptingIpFilterRule\":null}","connectionDeviceGenerationId":"638052891151821842","connectionDeviceId":"IOTDevice_3_4","contentEncoding":"utf-8","contentType":"application/json","enqueuedTime":"2022-10-26 13:00:00"}}
{"Body":{"Status":true,"Timestamp":"2022-10-26 14:00:00","volt":"158.74855980812"},"EnqueuedTimeUtc":"2022-10-26 14:00:00","Properties":{"messagetype":"Demo"},"SystemProperties":{"connectionAuthMethod":"{\"scope\":\"device\",\"type\":\"sas\",\"issuer\":\"iothub\",\"acceptingIpFilterRule\":null}","connectionDeviceGenerationId":"638052891151821842","connectionDeviceId":"IOTDevice_3_1","contentEncoding":"utf-8","contentType":"application/json","enqueuedTime":"2022-10-26 14:00:00"}}
{"Body":{"Status":true,"Timestamp":"2022-10-26 14:00:00","rotate":"489.399189521452"},"EnqueuedTimeUtc":"2022-10-26 14:00:00","Properties":{"messagetype":"Demo"},"SystemProperties":{"connectionAuthMethod":"{\"scope\":\"device\",\"type\":\"sas\",\"issuer\":\"iothub\",\"acceptingIpFilterRule\":null}","connectionDeviceGenerationId":"638052891151821842","connectionDeviceId":"IOTDevice_3_2","contentEncoding":"utf-8","contentType":"application/json","enqueuedTime":"2022-10-26 14:00:00"}}
{"Body":{"Status":true,"Timestamp":"2022-10-26 14:00:00","pressure":"107.391191052908"},"EnqueuedTimeUtc":"2022-10-26 14:00:00","Properties":{"messagetype":"Demo"},"SystemProperties":{"connectionAuthMethod":"{\"scope\":\"device\",\"type\":\"sas\",\"issuer\":\"iothub\",\"acceptingIpFilterRule\":null}","connectionDeviceGenerationId":"638052891151821842","connectionDeviceId":"IOTDevice_3_3","contentEncoding":"utf-8","contentType":"application/json","enqueuedTime":"2022-10-26 14:00:00"}}
{"Body":{"Status":true,"Timestamp":"2022-10-26 14:00:00","vibration":"38.0608218381582"},"EnqueuedTimeUtc":"2022-10-26 14:00:00","Properties":{"messagetype":"Demo"},"SystemProperties":{"connectionAuthMethod":"{\"scope\":\"device\",\"type\":\"sas\",\"issuer\":\"iothub\",\"acceptingIpFilterRule\":null}","connectionDeviceGenerationId":"638052891151821842","connectionDeviceId":"IOTDevice_3_4","contentEncoding":"utf-8","contentType":"application/json","enqueuedTime":"2022-10-26 14:00:00"}}
{"Body":{"Status":true,"Timestamp":"2022-10-26 15:00:00","volt":"170.827767755134"},"EnqueuedTimeUtc":"2022-10-26 15:00:00","Properties":{"messagetype":"Demo"},"SystemProperties":{"connectionAuthMethod":"{\"scope\":\"device\",\"type\":\"sas\",\"issuer\":\"iothub\",\"acceptingIpFilterRule\":null}","connectionDeviceGenerationId":"638052891151821842","connectionDeviceId":"IOTDevice_3_1","contentEncoding":"utf-8","contentType":"application/json","enqueuedTime":"2022-10-26 15:00:00"}}
{"Body":{"Status":true,"Timestamp":"2022-10-26 15:00:00","rotate":"465.212524638936"},"EnqueuedTimeUtc":"2022-10-26 15:00:00","Properties":{"messagetype":"Demo"},"SystemProperties":{"connectionAuthMethod":"{\"scope\":\"device\",\"type\":\"sas\",\"issuer\":\"iothub\",\"acceptingIpFilterRule\":null}","connectionDeviceGenerationId":"638052891151821842","connectionDeviceId":"IOTDevice_3_2","contentEncoding":"utf-8","contentType":"application/json","enqueuedTime":"2022-10-26 15:00:00"}}
{"Body":{"Status":true,"Timestamp":"2022-10-26 15:00:00","pressure":"81.6799558526791"},"EnqueuedTimeUtc":"2022-10-26 15:00:00","Properties":{"messagetype":"Demo"},"SystemProperties":{"connectionAuthMethod":"{\"scope\":\"device\",\"type\":\"sas\",\"issuer\":\"iothub\",\"acceptingIpFilterRule\":null}","connectionDeviceGenerationId":"638052891151821842","connectionDeviceId":"IOTDevice_3_3","contentEncoding":"utf-8","contentType":"application/json","enqueuedTime":"2022-10-26 15:00:00"}}
{"Body":{"Status":true,"Timestamp":"2022-10-26 15:00:00","vibration":"41.0184576697022"},"EnqueuedTimeUtc":"2022-10-26 15:00:00","Properties":{"messagetype":"Demo"},"SystemProperties":{"connectionAuthMethod":"{\"scope\":\"device\",\"type\":\"sas\",\"issuer\":\"iothub\",\"acceptingIpFilterRule\":null}","connectionDeviceGenerationId":"638052891151821842","connectionDeviceId":"IOTDevice_3_4","contentEncoding":"utf-8","contentType":"application/json","enqueuedTime":"2022-10-26 15:00:00"}}
{"Body":{"Status":true,"Timestamp":"2022-10-26 16:00:00","volt":"160.90785898156"},"EnqueuedTimeUtc":"2022-10-26 16:00:00","Properties":{"messagetype":"Demo"},"SystemProperties":{"connectionAuthMethod":"{\"scope\":\"device\",\"type\":\"sas\",\"issuer\":\"iothub\",\"acceptingIpFilterRule\":null}","connectionDeviceGenerationId":"638052891151821842","connectionDeviceId":"IOTDevice_3_1","contentEncoding":"utf-8","contentType":"application/json","enqueuedTime":"2022-10-26 16:00:00"}}
{"Body":{"Status":true,"Timestamp":"2022-10-26 16:00:00","rotate":"392.442826339111"},"EnqueuedTimeUtc":"2022-10-26 16:00:00","Properties":{"messagetype":"Demo"},"SystemProperties":{"connectionAuthMethod":"{\"scope\":\"device\",\"type\":\"sas\",\"issuer\":\"iothub\",\"acceptingIpFilterRule\":null}","connectionDeviceGenerationId":"638052891151821842","connectionDeviceId":"IOTDevice_3_2","contentEncoding":"utf-8","contentType":"application/json","enqueuedTime":"2022-10-26 16:00:00"}}
{"Body":{"Status":true,"Timestamp":"2022-10-26 16:00:00","pressure":"93.2908133419479"},"EnqueuedTimeUtc":"2022-10-26 16:00:00","Properties":{"messagetype":"Demo"},"SystemProperties":{"connectionAuthMethod":"{\"scope\":\"device\",\"type\":\"sas\",\"issuer\":\"iothub\",\"acceptingIpFilterRule\":null}","connectionDeviceGenerationId":"638052891151821842","connectionDeviceId":"IOTDevice_3_3","contentEncoding":"utf-8","contentType":"application/json","enqueuedTime":"2022-10-26 16:00:00"}}
{"Body":{"Status":true,"Timestamp":"2022-10-26 16:00:00","vibration":"35.1962908377467"},"EnqueuedTimeUtc":"2022-10-26 16:00:00","Properties":{"messagetype":"Demo"},"SystemProperties":{"connectionAuthMethod":"{\"scope\":\"device\",\"type\":\"sas\",\"issuer\":\"iothub\",\"acceptingIpFilterRule\":null}","connectionDeviceGenerationId":"638052891151821842","connectionDeviceId":"IOTDevice_3_4","contentEncoding":"utf-8","contentType":"application/json","enqueuedTime":"2022-10-26 16:00:00"}}
{"Body":{"Status":true,"Timestamp":"2022-10-26 17:00:00","volt":"168.729048405767"},"EnqueuedTimeUtc":"2022-10-26 17:00:00","Properties":{"messagetype":"Demo"},"SystemProperties":{"connectionAuthMethod":"{\"scope\":\"device\",\"type\":\"sas\",\"issuer\":\"iothub\",\"acceptingIpFilterRule\":null}","connectionDeviceGenerationId":"638052891151821842","connectionDeviceId":"IOTDevice_3_1","contentEncoding":"utf-8","contentType":"application/json","enqueuedTime":"2022-10-26 17:00:00"}}
{"Body":{"Status":true,"Timestamp":"2022-10-26 17:00:00","rotate":"405.668375910639"},"EnqueuedTimeUtc":"2022-10-26 17:00:00","Properties":{"messagetype":"Demo"},"SystemProperties":{"connectionAuthMethod":"{\"scope\":\"device\",\"type\":\"sas\",\"issuer\":\"iothub\",\"acceptingIpFilterRule\":null}","connectionDeviceGenerationId":"638052891151821842","connectionDeviceId":"IOTDevice_3_2","contentEncoding":"utf-8","contentType":"application/json","enqueuedTime":"2022-10-26 17:00:00"}}
{"Body":{"Status":true,"Timestamp":"2022-10-26 17:00:00","pressure":"98.3856420283813"},"EnqueuedTimeUtc":"2022-10-26 17:00:00","Properties":{"messagetype":"Demo"},"SystemProperties":{"connectionAuthMethod":"{\"scope\":\"device\",\"type\":\"sas\",\"issuer\":\"iothub\",\"acceptingIpFilterRule\":null}","connectionDeviceGenerationId":"638052891151821842","connectionDeviceId":"IOTDevice_3_3","contentEncoding":"utf-8","contentType":"application/json","enqueuedTime":"2022-10-26 17:00:00"}}
{"Body":{"Status":true,"Timestamp":"2022-10-26 17:00:00","vibration":"36.8718748191071"},"EnqueuedTimeUtc":"2022-10-26 17:00:00","Properties":{"messagetype":"Demo"},"SystemProperties":{"connectionAuthMethod":"{\"scope\":\"device\",\"type\":\"sas\",\"issuer\":\"iothub\",\"acceptingIpFilterRule\":null}","connectionDeviceGenerationId":"638052891151821842","connectionDeviceId":"IOTDevice_3_4","contentEncoding":"utf-8","contentType":"application/json","enqueuedTime":"2022-10-26 17:00:00"}}
{"Body":{"Status":true,"Timestamp":"2022-10-26 18:00:00","volt":"192.488100030816"},"EnqueuedTimeUtc":"2022-10-26 18:00:00","Properties":{"messagetype":"Demo"},"SystemProperties":{"connectionAuthMethod":"{\"scope\":\"device\",\"type\":\"sas\",\"issuer\":\"iothub\",\"acceptingIpFilterRule\":null}","connectionDeviceGenerationId":"638052891151821842","connectionDeviceId":"IOTDevice_3_1","contentEncoding":"utf-8","contentType":"application/json","enqueuedTime":"2022-10-26 18:00:00"}}
{"Body":{"Status":true,"Timestamp":"2022-10-26 18:00:00","rotate":"348.403772009364"},"EnqueuedTimeUtc":"2022-10-26 18:00:00","Properties":{"messagetype":"Demo"},"SystemProperties":{"connectionAuthMethod":"{\"scope\":\"device\",\"type\":\"sas\",\"issuer\":\"iothub\",\"acceptingIpFilterRule\":null}","connectionDeviceGenerationId":"638052891151821842","connectionDeviceId":"IOTDevice_3_2","contentEncoding":"utf-8","contentType":"application/json","enqueuedTime":"2022-10-26 18:00:00"}}
{"Body":{"Status":true,"Timestamp":"2022-10-26 18:00:00","pressure":"103.582470330644"},"EnqueuedTimeUtc":"2022-10-26 18:00:00","Properties":{"messagetype":"Demo"},"SystemProperties":{"connectionAuthMethod":"{\"scope\":\"device\",\"type\":\"sas\",\"issuer\":\"iothub\",\"acceptingIpFilterRule\":null}","connectionDeviceGenerationId":"638052891151821842","connectionDeviceId":"IOTDevice_3_3","contentEncoding":"utf-8","contentType":"application/json","enqueuedTime":"2022-10-26 18:00:00"}}
{"Body":{"Status":true,"Timestamp":"2022-10-26 18:00:00","vibration":"46.004768030639"},"EnqueuedTimeUtc":"2022-10-26 18:00:00","Properties":{"messagetype":"Demo"},"SystemProperties":{"connectionAuthMethod":"{\"scope\":\"device\",\"type\":\"sas\",\"issuer\":\"iothub\",\"acceptingIpFilterRule\":null}","connectionDeviceGenerationId":"638052891151821842","connectionDeviceId":"IOTDevice_3_4","contentEncoding":"utf-8","contentType":"application/json","enqueuedTime":"2022-10-26 18:00:00"}}
{"Body":{"Status":true,"Timestamp":"2022-10-26 19:00:00","volt":"192.655790697859"},"EnqueuedTimeUtc":"2022-10-26 19:00:00","Properties":{"messagetype":"Demo"},"SystemProperties":{"connectionAuthMethod":"{\"scope\":\"device\",\"type\":\"sas\",\"issuer\":\"iothub\",\"acceptingIpFilterRule\":null}","connectionDeviceGenerationId":"638052891151821842","connectionDeviceId":"IOTDevice_3_1","contentEncoding":"utf-8","contentType":"application/json","enqueuedTime":"2022-10-26 19:00:00"}}
{"Body":{"Status":true,"Timestamp":"2022-10-26 19:00:00","rotate":"443.888069362527"},"EnqueuedTimeUtc":"2022-10-26 19:00:00","Properties":{"messagetype":"Demo"},"SystemProperties":{"connectionAuthMethod":"{\"scope\":\"device\",\"type\":\"sas\",\"issuer\":\"iothub\",\"acceptingIpFilterRule\":null}","connectionDeviceGenerationId":"638052891151821842","connectionDeviceId":"IOTDevice_3_2","contentEncoding":"utf-8","contentType":"application/json","enqueuedTime":"2022-10-26 19:00:00"}}
{"Body":{"Status":true,"Timestamp":"2022-10-26 19:00:00","pressure":"109.880110015198"},"EnqueuedTimeUtc":"2022-10-26 19:00:00","Properties":{"messagetype":"Demo"},"SystemProperties":{"connectionAuthMethod":"{\"scope\":\"device\",\"type\":\"sas\",\"issuer\":\"iothub\",\"acceptingIpFilterRule\":null}","connectionDeviceGenerationId":"638052891151821842","connectionDeviceId":"IOTDevice_3_3","contentEncoding":"utf-8","contentType":"application/json","enqueuedTime":"2022-10-26 19:00:00"}}
{"Body":{"Status":true,"Timestamp":"2022-10-26 19:00:00","vibration":"50.9391803196834"},"EnqueuedTimeUtc":"2022-10-26 19:00:00","Properties":{"messagetype":"Demo"},"SystemProperties":{"connectionAuthMethod":"{\"scope\":\"device\",\"type\":\"sas\",\"issuer\":\"iothub\",\"acceptingIpFilterRule\":null}","connectionDeviceGenerationId":"638052891151821842","connectionDeviceId":"IOTDevice_3_4","contentEncoding":"utf-8","contentType":"application/json","enqueuedTime":"2022-10-26 19:00:00"}}
{"Body":{"Status":true,"Timestamp":"2022-10-26 20:00:00","volt":"170.778905048317"},"EnqueuedTimeUtc":"2022-10-26 20:00:00","Properties":{"messagetype":"Demo"},"SystemProperties":{"connectionAuthMethod":"{\"scope\":\"device\",\"type\":\"sas\",\"issuer\":\"iothub\",\"acceptingIpFilterRule\":null}","connectionDeviceGenerationId":"638052891151821842","connectionDeviceId":"IOTDevice_3_1","contentEncoding":"utf-8","contentType":"application/json","enqueuedTime":"2022-10-26 20:00:00"}}
{"Body":{"Status":true,"Timestamp":"2022-10-26 20:00:00","rotate":"375.73677470009"},"EnqueuedTimeUtc":"2022-10-26 20:00:00","Properties":{"messagetype":"Demo"},"SystemProperties":{"connectionAuthMethod":"{\"scope\":\"device\",\"type\":\"sas\",\"issuer\":\"iothub\",\"acceptingIpFilterRule\":null}","connectionDeviceGenerationId":"638052891151821842","connectionDeviceId":"IOTDevice_3_2","contentEncoding":"utf-8","contentType":"application/json","enqueuedTime":"2022-10-26 20:00:00"}}
{"Body":{"Status":true,"Timestamp":"2022-10-26 20:00:00","pressure":"104.307430728168"},"EnqueuedTimeUtc":"2022-10-26 20:00:00","Properties":{"messagetype":"Demo"},"SystemProperties":{"connectionAuthMethod":"{\"scope\":\"device\",\"type\":\"sas\",\"issuer\":\"iothub\",\"acceptingIpFilterRule\":null}","connectionDeviceGenerationId":"638052891151821842","connectionDeviceId":"IOTDevice_3_3","contentEncoding":"utf-8","contentType":"application/json","enqueuedTime":"2022-10-26 20:00:00"}}
{"Body":{"Status":true,"Timestamp":"2022-10-26 20:00:00","vibration":"40.9869231181609"},"EnqueuedTimeUtc":"2022-10-26 20:00:00","Properties":{"messagetype":"Demo"},"SystemProperties":{"connectionAuthMethod":"{\"scope\":\"device\",\"type\":\"sas\",\"issuer\":\"iothub\",\"acceptingIpFilterRule\":null}","connectionDeviceGenerationId":"638052891151821842","connectionDeviceId":"IOTDevice_3_4","contentEncoding":"utf-8","contentType":"application/json","enqueuedTime":"2022-10-26 20:00:00"}}
{"Body":{"Status":true,"Timestamp":"2022-10-26 21:00:00","volt":"160.266005153436"},"EnqueuedTimeUtc":"2022-10-26 21:00:00","Properties":{"messagetype":"Demo"},"SystemProperties":{"connectionAuthMethod":"{\"scope\":\"device\",\"type\":\"sas\",\"issuer\":\"iothub\",\"acceptingIpFilterRule\":null}","connectionDeviceGenerationId":"638052891151821842","connectionDeviceId":"IOTDevice_3_1","contentEncoding":"utf-8","contentType":"application/json","enqueuedTime":"2022-10-26 21:00:00"}}
{"Body":{"Status":true,"Timestamp":"2022-10-26 21:00:00","rotate":"433.512381113459"},"EnqueuedTimeUtc":"2022-10-26 21:00:00","Properties":{"messagetype":"Demo"},"SystemProperties":{"connectionAuthMethod":"{\"scope\":\"device\",\"type\":\"sas\",\"issuer\":\"iothub\",\"acceptingIpFilterRule\":null}","connectionDeviceGenerationId":"638052891151821842","connectionDeviceId":"IOTDevice_3_2","contentEncoding":"utf-8","contentType":"application/json","enqueuedTime":"2022-10-26 21:00:00"}}
{"Body":{"Status":true,"Timestamp":"2022-10-26 21:00:00","pressure":"104.371987680591"},"EnqueuedTimeUtc":"2022-10-26 21:00:00","Properties":{"messagetype":"Demo"},"SystemProperties":{"connectionAuthMethod":"{\"scope\":\"device\",\"type\":\"sas\",\"issuer\":\"iothub\",\"acceptingIpFilterRule\":null}","connectionDeviceGenerationId":"638052891151821842","connectionDeviceId":"IOTDevice_3_3","contentEncoding":"utf-8","contentType":"application/json","enqueuedTime":"2022-10-26 21:00:00"}}
{"Body":{"Status":true,"Timestamp":"2022-10-26 21:00:00","vibration":"35.4815588207147"},"EnqueuedTimeUtc":"2022-10-26 21:00:00","Properties":{"messagetype":"Demo"},"SystemProperties":{"connectionAuthMethod":"{\"scope\":\"device\",\"type\":\"sas\",\"issuer\":\"iothub\",\"acceptingIpFilterRule\":null}","connectionDeviceGenerationId":"638052891151821842","connectionDeviceId":"IOTDevice_3_4","contentEncoding":"utf-8","contentType":"application/json","enqueuedTime":"2022-10-26 21:00:00"}}
{"Body":{"Status":true,"Timestamp":"2022-10-26 22:00:00","volt":"194.251896517884"},"EnqueuedTimeUtc":"2022-10-26 22:00:00","Properties":{"messagetype":"Demo"},"SystemProperties":{"connectionAuthMethod":"{\"scope\":\"device\",\"type\":\"sas\",\"issuer\":\"iothub\",\"acceptingIpFilterRule\":null}","connectionDeviceGenerationId":"638052891151821842","connectionDeviceId":"IOTDevice_3_1","contentEncoding":"utf-8","contentType":"application/json","enqueuedTime":"2022-10-26 22:00:00"}}
{"Body":{"Status":true,"Timestamp":"2022-10-26 22:00:00","rotate":"512.552031995788"},"EnqueuedTimeUtc":"2022-10-26 22:00:00","Properties":{"messagetype":"Demo"},"SystemProperties":{"connectionAuthMethod":"{\"scope\":\"device\",\"type\":\"sas\",\"issuer\":\"iothub\",\"acceptingIpFilterRule\":null}","connectionDeviceGenerationId":"638052891151821842","connectionDeviceId":"IOTDevice_3_2","contentEncoding":"utf-8","contentType":"application/json","enqueuedTime":"2022-10-26 22:00:00"}}
{"Body":{"Status":true,"Timestamp":"2022-10-26 22:00:00","pressure":"103.918543173635"},"EnqueuedTimeUtc":"2022-10-26 22:00:00","Properties":{"messagetype":"Demo"},"SystemProperties":{"connectionAuthMethod":"{\"scope\":\"device\",\"type\":\"sas\",\"issuer\":\"iothub\",\"acceptingIpFilterRule\":null}","connectionDeviceGenerationId":"638052891151821842","connectionDeviceId":"IOTDevice_3_3","contentEncoding":"utf-8","contentType":"application/json","enqueuedTime":"2022-10-26 22:00:00"}}
{"Body":{"Status":true,"Timestamp":"2022-10-26 22:00:00","vibration":"48.4238518420095"},"EnqueuedTimeUtc":"2022-10-26 22:00:00","Properties":{"messagetype":"Demo"},"SystemProperties":{"connectionAuthMethod":"{\"scope\":\"device\",\"type\":\"sas\",\"issuer\":\"iothub\",\"acceptingIpFilterRule\":null}","connectionDeviceGenerationId":"638052891151821842","connectionDeviceId":"IOTDevice_3_4","contentEncoding":"utf-8","contentType":"application/json","enqueuedTime":"2022-10-26 22:00:00"}}
{"Body":{"Status":true,"Timestamp":"2022-10-26 23:00:00","volt":"171.945681520653"},"EnqueuedTimeUtc":"2022-10-26 23:00:00","Properties":{"messagetype":"Demo"},"SystemProperties":{"connectionAuthMethod":"{\"scope\":\"device\",\"type\":\"sas\",\"issuer\":\"iothub\",\"acceptingIpFilterRule\":null}","connectionDeviceGenerationId":"638052891151821842","connectionDeviceId":"IOTDevice_3_1","contentEncoding":"utf-8","contentType":"application/json","enqueuedTime":"2022-10-26 23:00:00"}}
{"Body":{"Status":true,"Timestamp":"2022-10-26 23:00:00","rotate":"465.334223086007"},"EnqueuedTimeUtc":"2022-10-26 23:00:00","Properties":{"messagetype":"Demo"},"SystemProperties":{"connectionAuthMethod":"{\"scope\":\"device\",\"type\":\"sas\",\"issuer\":\"iothub\",\"acceptingIpFilterRule\":null}","connectionDeviceGenerationId":"638052891151821842","connectionDeviceId":"IOTDevice_3_2","contentEncoding":"utf-8","contentType":"application/json","enqueuedTime":"2022-10-26 23:00:00"}}
{"Body":{"Status":true,"Timestamp":"2022-10-26 23:00:00","pressure":"88.9437133796873"},"EnqueuedTimeUtc":"2022-10-26 23:00:00","Properties":{"messagetype":"Demo"},"SystemProperties":{"connectionAuthMethod":"{\"scope\":\"device\",\"type\":\"sas\",\"issuer\":\"iothub\",\"acceptingIpFilterRule\":null}","connectionDeviceGenerationId":"638052891151821842","connectionDeviceId":"IOTDevice_3_3","contentEncoding":"utf-8","contentType":"application/json","enqueuedTime":"2022-10-26 23:00:00"}}
{"Body":{"Status":true,"Timestamp":"2022-10-26 23:00:00","vibration":"44.6664704231082"},"EnqueuedTimeUtc":"2022-10-26 23:00:00","Properties":{"messagetype":"Demo"},"SystemProperties":{"connectionAuthMethod":"{\"scope\":\"device\",\"type\":\"sas\",\"issuer\":\"iothub\",\"acceptingIpFilterRule\":null}","connectionDeviceGenerationId":"638052891151821842","connectionDeviceId":"IOTDevice_3_4","contentEncoding":"utf-8","contentType":"application/json","enqueuedTime":"2022-10-26 23:00:00"}}
{"Body":{"Status":true,"Timestamp":"2022-10-26 00:00:00","volt":"177.71256405881"},"EnqueuedTimeUtc":"2022-10-26 00:00:00","Properties":{"messagetype":"Demo"},"SystemProperties":{"connectionAuthMethod":"{\"scope\":\"device\",\"type\":\"sas\",\"issuer\":\"iothub\",\"acceptingIpFilterRule\":null}","connectionDeviceGenerationId":"638052891151821842","connectionDeviceId":"IOTDevice_4_1","contentEncoding":"utf-8","contentType":"application/json","enqueuedTime":"2022-10-26 00:00:00"}}
{"Body":{"Status":true,"Timestamp":"2022-10-26 00:00:00","rotate":"405.987132108536"},"EnqueuedTimeUtc":"2022-10-26 00:00:00","Properties":{"messagetype":"Demo"},"SystemProperties":{"connectionAuthMethod":"{\"scope\":\"device\",\"type\":\"sas\",\"issuer\":\"iothub\",\"acceptingIpFilterRule\":null}","connectionDeviceGenerationId":"638052891151821842","connectionDeviceId":"IOTDevice_4_2","contentEncoding":"utf-8","contentType":"application/json","enqueuedTime":"2022-10-26 00:00:00"}}
{"Body":{"Status":true,"Timestamp":"2022-10-26 00:00:00","pressure":"110.08719237052"},"EnqueuedTimeUtc":"2022-10-26 00:00:00","Properties":{"messagetype":"Demo"},"SystemProperties":{"connectionAuthMethod":"{\"scope\":\"device\",\"type\":\"sas\",\"issuer\":\"iothub\",\"acceptingIpFilterRule\":null}","connectionDeviceGenerationId":"638052891151821842","connectionDeviceId":"IOTDevice_4_3","contentEncoding":"utf-8","contentType":"application/json","enqueuedTime":"2022-10-26 00:00:00"}}
{"Body":{"Status":true,"Timestamp":"2022-10-26 00:00:00","vibration":"40.2151891507028"},"EnqueuedTimeUtc":"2022-10-26 00:00:00","Properties":{"messagetype":"Demo"},"SystemProperties":{"connectionAuthMethod":"{\"scope\":\"device\",\"type\":\"sas\",\"issuer\":\"iothub\",\"acceptingIpFilterRule\":null}","connectionDeviceGenerationId":"638052891151821842","connectionDeviceId":"IOTDevice_4_4","contentEncoding":"utf-8","contentType":"application/json","enqueuedTime":"2022-10-26 00:00:00"}}
{"Body":{"Status":true,"Timestamp":"2022-10-26 01:00:00","volt":"160.304706196894"},"EnqueuedTimeUtc":"2022-10-26 01:00:00","Properties":{"messagetype":"Demo"},"SystemProperties":{"connectionAuthMethod":"{\"scope\":\"device\",\"type\":\"sas\",\"issuer\":\"iothub\",\"acceptingIpFilterRule\":null}","connectionDeviceGenerationId":"638052891151821842","connectionDeviceId":"IOTDevice_4_1","contentEncoding":"utf-8","contentType":"application/json","enqueuedTime":"2022-10-26 01:00:00"}}
{"Body":{"Status":true,"Timestamp":"2022-10-26 01:00:00","rotate":"489.860253485418"},"EnqueuedTimeUtc":"2022-10-26 01:00:00","Properties":{"messagetype":"Demo"},"SystemProperties":{"connectionAuthMethod":"{\"scope\":\"device\",\"type\":\"sas\",\"issuer\":\"iothub\",\"acceptingIpFilterRule\":null}","connectionDeviceGenerationId":"638052891151821842","connectionDeviceId":"IOTDevice_4_2","contentEncoding":"utf-8","contentType":"application/json","enqueuedTime":"2022-10-26 01:00:00"}}
{"Body":{"Status":true,"Timestamp":"2022-10-26 01:00:00","pressure":"105.611931468745"},"EnqueuedTimeUtc":"2022-10-26 01:00:00","Properties":{"messagetype":"Demo"},"SystemProperties":{"connectionAuthMethod":"{\"scope\":\"device\",\"type\":\"sas\",\"issuer\":\"iothub\",\"acceptingIpFilterRule\":null}","connectionDeviceGenerationId":"638052891151821842","connectionDeviceId":"IOTDevice_4_3","contentEncoding":"utf-8","contentType":"application/json","enqueuedTime":"2022-10-26 01:00:00"}}
{"Body":{"Status":true,"Timestamp":"2022-10-26 01:00:00","vibration":"44.0637467505176"},"EnqueuedTimeUtc":"2022-10-26 01:00:00","Properties":{"messagetype":"Demo"},"SystemProperties":{"connectionAuthMethod":"{\"scope\":\"device\",\"type\":\"sas\",\"issuer\":\"iothub\",\"acceptingIpFilterRule\":null}","connectionDeviceGenerationId":"638052891151821842","connectionDeviceId":"IOTDevice_4_4","contentEncoding":"utf-8","contentType":"application/json","enqueuedTime":"2022-10-26 01:00:00"}}
{"Body":{"Status":true,"Timestamp":"2022-10-26 02:00:00","volt":"199.845663652915"},"EnqueuedTimeUtc":"2022-10-26 02:00:00","Properties":{"messagetype":"Demo"},"SystemProperties":{"connectionAuthMethod":"{\"scope\":\"device\",\"type\":\"sas\",\"issuer\":\"iothub\",\"acceptingIpFilterRule\":null}","connectionDeviceGenerationId":"638052891151821842","connectionDeviceId":"IOTDevice_4_1","contentEncoding":"utf-8","contentType":"application/json","enqueuedTime":"2022-10-26 02:00:00"}}
{"Body":{"Status":true,"Timestamp":"2022-10-26 02:00:00","rotate":"500.429094192688"},"EnqueuedTimeUtc":"2022-10-26 02:00:00","Properties":{"messagetype":"Demo"},"SystemProperties":{"connectionAuthMethod":"{\"scope\":\"device\",\"type\":\"sas\",\"issuer\":\"iothub\",\"acceptingIpFilterRule\":null}","connectionDeviceGenerationId":"638052891151821842","connectionDeviceId":"IOTDevice_4_2","contentEncoding":"utf-8","contentType":"application/json","enqueuedTime":"2022-10-26 02:00:00"}}
{"Body":{"Status":true,"Timestamp":"2022-10-26 02:00:00","pressure":"103.561850782094"},"EnqueuedTimeUtc":"2022-10-26 02:00:00","Properties":{"messagetype":"Demo"},"SystemProperties":{"connectionAuthMethod":"{\"scope\":\"device\",\"type\":\"sas\",\"issuer\":\"iothub\",\"acceptingIpFilterRule\":null}","connectionDeviceGenerationId":"638052891151821842","connectionDeviceId":"IOTDevice_4_3","contentEncoding":"utf-8","contentType":"application/json","enqueuedTime":"2022-10-26 02:00:00"}}
{"Body":{"Status":true,"Timestamp":"2022-10-26 02:00:00","vibration":"36.047303459798"},"EnqueuedTimeUtc":"2022-10-26 02:00:00","Properties":{"messagetype":"Demo"},"SystemProperties":{"connectionAuthMethod":"{\"scope\":\"device\",\"type\":\"sas\",\"issuer\":\"iothub\",\"acceptingIpFilterRule\":null}","connectionDeviceGenerationId":"638052891151821842","connectionDeviceId":"IOTDevice_4_4","contentEncoding":"utf-8","contentType":"application/json","enqueuedTime":"2022-10-26 02:00:00"}}
