{"Body":{"Status":true,"Timestamp":"2022-10-26 03:00:00","volt":"186.501204152961"},"EnqueuedTimeUtc":"2022-10-26 03:00:00","Properties":{"messagetype":"Demo"},"SystemProperties":{"connectionAuthMethod":"{\"scope\":\"device\",\"type\":\"sas\",\"issuer\":\"iothub\",\"acceptingIpFilterRule\":null}","connectionDeviceGenerationId":"638052891151821842","connectionDeviceId":"IOTDevice_4_1","contentEncoding":"utf-8","contentType":"application/json","enqueuedTime":"2022-10-26 03:00:00"}}
{"Body":{"Status":true,"Timestamp":"2022-10-26 03:00:00","rotate":"433.717519435613"},"EnqueuedTimeUtc":"2022-10-26 03:00:00","Properties":{"messagetype":"Demo"},"SystemProperties":{"connectionAuthMethod":"{\"scope\":\"device\",\"type\":\"sas\",\"issuer\":\"iothub\",\"acceptingIpFilterRule\":null}","connectionDeviceGenerationId":"638052891151821842","connectionDeviceId":"IOTDevice_4_2","contentEncoding":"utf-8","contentType":"application/json","enqueuedTime":"2022-10-26 03:00:00"}}
{"Body":{"Status":true,"Timestamp":"2022-10-26 03:00:00","pressure":"98.9964343079114"},"EnqueuedTimeUtc":"2022-10-26 03:00:00","Properties":{"messagetype":"Demo"},"SystemProperties":{"connectionAuthMethod":"{\"scope\":\"device\",\"type\":\"sas\",\"issuer\":\"iothub\",\"acceptingIpFilterRule\":null}","connectionDeviceGenerationId":"638052891151821842","connectionDeviceId":"IOTDevice_4_3","contentEncoding":"utf-8","contentType":"application/json","enqueuedTime":"2022-10-26 03:00:00"}}
{"Body":{"Status":true,"Timestamp":"2022-10-26 03:00:00","vibration":"43.0367526546455"},"EnqueuedTimeUtc":"2022-10-26 03:00:00","Properties":{"messagetype":"Demo"},"SystemProperties":{"connectionAuthMethod":"{\"scope\":\"device\",\"type\":\"sas\",\"issuer\":\"iothub\",\"acceptingIpFilterRule\":null}","connectionDeviceGenerationId":"638052891151821842","connectionDeviceId":"IOTDevice_4_4","contentEncoding":"utf-8","contentType":"application/json","enqueuedTime":"2022-10-26 03:00:00"}}
{"Body":{"Status":true,"Timestamp":"2022-10-26 04:00:00","volt":"178.654481972215"},"EnqueuedTimeUtc":"2022-10-26 04:00:00","Properties":{"messagetype":"Demo"},"SystemProperties":{"connectionAuthMethod":"{\"scope\":\"device\",\"type\":\"sas\",\"issuer\":\"iothub\",\"acceptingIpFilterRule\":null}","connectionDeviceGenerationId":"638052891151821842","connectionDeviceId":"IOTDevice_4_1","contentEncoding":"utf-8","contentType":"application/json","enqueuedTime":"2022-10-26 04:00:00"}}
{"Body":{"Status":true,"Timestamp":"2022-10-26 04:00:00","rotate":"448.884383975705"},"EnqueuedTimeUtc":"2022-10-26 04:00:00","Properties":{"messagetype":"Demo"},"SystemProperties":{"connectionAuthMethod":"{\"scope\":\"device\",\"type\":\"sas\",\"issuer\":\"iothub\",\"acceptingIpFilterRule\":null}","connectionDeviceGenerationId":"638052891151821842","connectionDeviceId":"IOTDevice_4_2","contentEncoding":"utf-8","contentType":"application/json","enqueuedTime":"2022-10-26 04:00:00"}}
{"Body":{"Status":true,"Timestamp":"2022-10-26 04:00:00","pressure":"103.073917993303"},"EnqueuedTimeUtc":"2022-10-26 04:00:00","Properties":{"messagetype":"Demo"},"SystemProperties":{"connectionAuthMethod":"{\"scope\":\"device\",\"type\":\"sas\",\"issuer\":\"iothub\",\"acceptingIpFilterRule\":null}","connectionDeviceGenerationId":"638052891151821842","connectionDeviceId":"IOTDevice_4_3","contentEncoding":"utf-8","contentType":"application/json","enqueuedTime":"2022-10-26 04:00:00"}}
{"Body":{"Status":true,"Timestamp":"2022-10-26 04:00:00","vibration":"39.378869685626"},"EnqueuedTimeUtc":"2022-10-26 04:00:00","Properties":{"messagetype":"Demo"},"SystemProperties":{"connectionAuthMethod":"{\"scope\":\"device\",\"type\":\"sas\",\"issuer\":\"iothub\",\"acceptingIpFilterRule\":null}","connectionDeviceGenerationId":"638052891151821842","connectionDeviceId":"IOTDevice_4_4","contentEncoding":"utf-8","contentType":"application/json","enqueuedTime":"2022-10-26 04:00:00"}}
{"Body":{"Status":true,"Timestamp":"2022-10-26 05:00:00","volt":"165.422794991648"},"EnqueuedTimeUtc":"2022-10-26 05:00:00","Properties":{"messagetype":"Demo"},"SystemProperties":{"connectionAuthMethod":"{\"scope\":\"device\",\"type\":\"sas\",\"issuer\":\"iothub\",\"acceptingIpFilterRule\":null}","connectionDeviceGenerationId":"638052891151821842","connectionDeviceId":"IOTDevice_4_1","contentEncoding":"utf-8","contentType":"application/json","enqueuedTime":"2022-10-26 05:00:00"}}
{"Body":{"Status":true,"Timestamp":"2022-10-26 05:00:00","rotate":"481.673434490591"},"EnqueuedTimeUtc":"2022-10-26 05:00:00","Properties":{"messagetype":"Demo"},"SystemProperties":{"connectionAuthMethod":"{\"scope\":\"device\",\"type\":\"sas\",\"issuer\":\"iothub\",\"acceptingIpFilterRule\":null}","connectionDeviceGenerationId":"638052891151821842","connectionDeviceId":"IOTDevice_4_2","contentEncoding":"utf-8","contentType":"application/json","enqueuedTime":"2022-10-26 05:00:00"}}
{"Body":{"Status":true,"Timestamp":"2022-10-26 05:00:00","pressure":"101.704672746758"},"EnqueuedTimeUtc":"2022-10-26 05:00:00","Properties":{"messagetype":"Demo"},"SystemProperties":{"connectionAuthMethod":"{\"scope\":\"device\",\"type\":\"sas\",\"issuer\":\"iothub\",\"acceptingIpFilterRule\":null}","connectionDeviceGenerationId":"638052891151821842","connectionDeviceId":"IOTDevice_4_3","contentEncoding":"utf-8","contentType":"application/json","enqueuedTime":"2022-10-26 05:00:00"}}
{"Body":{"Status":true,"Timestamp":"2022-10-26 05:00:00","vibration":"35.0971456357363"},"EnqueuedTimeUtc":"2022-10-26 05:00:00","Properties":{"messagetype":"Demo"},"SystemProperties":{"connectionAuthMethod":"{\"scope\":\"device\",\"type\":\"sas\",\"issuer\":\"iothub\",\"acceptingIpFilterRule\":null}","connectionDeviceGenerationId":"638052891151821842","connectionDeviceId":"IOTDevice_4_4","contentEncoding":"utf-8","contentType":"application/json","enqueuedTime":"2022-10-26 05:00:00"}}
{"Body":{"Status":true,"Timestamp":"2022-10-26 06:00:00","volt":"186.816049975788"},"EnqueuedTimeUtc":"2022-10-26 06:00:00","Properties":{"messagetype":"Demo"},"SystemProperties":{"connectionAuthMethod":"{\"scope\":\"device\",\"type\":\"sas\",\"issuer\":\"iothub\",\"acceptingIpFilterRule\":null}","connectionDeviceGenerationId":"638052891151821842","connectionDeviceId":"IOTDevice_4_1","contentEncoding":"utf-8","contentType":"application/json","enqueuedTime":"2022-10-26 06:00:00"}}
{"Body":{"Status":true,"Timestamp":"2022-10-26 06:00:00","rotate":"465.036182180575"},"EnqueuedTimeUtc":"2022-10-26 06:00:00","Properties":{"messagetype":"Demo"},"SystemProperties":{"connectionAuthMethod":"{\"scope\":\"device\",\"type\":\"sas\",\"issuer\":\"iothub\",\"acceptingIpFilterRule\":null}","connectionDeviceGenerationId":"638052891151821842","connectionDeviceId":"IOTDevice_4_2","contentEncoding":"utf-8","contentType":"application/json","enqueuedTime":"2022-10-26 06:00:00"}}
{"Body":{"Status":true,"Timestamp":"2022-10-26 06:00:00","pressure":"100.596669473083"},"EnqueuedTimeUtc":"2022-10-26 06:00:00","Properties":{"messagetype":"Demo"},"SystemProperties":{"connectionAuthMethod":"{\"scope\":\"device\",\"type\":\"sas\",\"issuer\":\"iothub\",\"acceptingIpFilterRule\":null}","connectionDeviceGenerationId":"638052891151821842","connectionDeviceId":"IOTDevice_4_3","contentEncoding":"utf-8","contentType":"application/json","enqueuedTime":"2022-10-26 06:00:00"}}
{"Body":{"Status":true,"Timestamp":"2022-10-26 06:00:00","vibration":"35.9592381868702"},"EnqueuedTimeUtc":"2022-10-26 06:00:00","Properties":{"messagetype":"Demo"},"SystemProperties":{"connectionAuthMethod":"{\"scope\":\"device\",\"type\":\"sas\",\"issuer\":\"iothub\",\"acceptingIpFilterRule\":null}","connectionDeviceGenerationId":"638052891151821842","connectionDeviceId":"IOTDevice_4_4","contentEncoding":"utf-8","contentType":"application/json","enqueuedTime":"2022-10-26 06:00:00"}}
{"Body":{"Status":true,"Timestamp":"2022-10-26 07:00:00","volt":"150.697450517397"},"EnqueuedTimeUtc":"2022-10-26 07:00:00","Properties":{"messagetype":"Demo"},"SystemProperties":{"connectionAuthMethod":"{\"scope\":\"device\",\"type\":\"sas\",\"issuer\":\"iothub\",\"acceptingIpFilterRule\":null}","connectionDeviceGenerationId":"638052891151821842","connectionDeviceId":"IOTDevice_4_1","contentEncoding":"utf-8","contentType":"application/json","enqueuedTime":"2022-10-26 07:00:00"}}
{"Body":{"Status":true,"Timestamp":"2022-10-26 07:00:00","rotate":"460.89224522647"},"EnqueuedTimeUtc":"2022-10-26 07:00:00","Properties":{"messagetype":"Demo"},"SystemProperties":{"connectionAuthMethod":"{\"scope\":\"device\",\"type\":\"sas\",\"issuer\":\"iothub\",\"acceptingIpFilterRule\":null}","connectionDeviceGenerationId":"638052891151821842","connectionDeviceId":"IOTDevice_4_2","contentEncoding":"utf-8","contentType":"application/json","enqueuedTime":"2022-10-26 07:00:00"}}
{"Body":{"Status":true,"Timestamp":"2022-10-26 07:00:00","pressure":"92.4728299162088"},"EnqueuedTimeUtc":"2022-10-26 07:00:00","Properties":{"messagetype":"Demo"},"SystemProperties":{"connectionAuthMethod":"{\"scope\":\"device\",\"type\":\"sas\",\"issuer\":\"iothub\",\"acceptingIpFilterRule\":null}","connectionDeviceGenerationId":"638052891151821842","connectionDeviceId":"IOTDevice_4_3","contentEncoding":"utf-8","contentType":"application/json","enqueuedTime":"2022-10-26 07:00:00"}}
{"Body":{"Status":true,"Timestamp":"2022-10-26 07:00:00","vibration":"39.6595638037983"},"EnqueuedTimeUtc":"2022-10-26 07:00:00","Properties":{"messagetype":"Demo"},"SystemProperties":{"connectionAuthMethod":"{\"scope\":\"device\",\"type\":\"sas\",\"issuer\":\"iothub\",\"acceptingIpFilterRule\":null}","connectionDeviceGenerationId":"638052891151821842","connectionDeviceId":"IOTDevice_4_4","contentEncoding":"utf-8","contentType":"application/json","enqueuedTime":"2022-10-26 07:00:00"}}
{"Body":{"Status":true,"Timestamp":"2022-10-26 08:00:00","volt":"188.60540198595"},"EnqueuedTimeUtc":"2022-10-26 08:00:00","Properties":{"messagetype":"Demo"},"SystemProperties":{"connectionAuthMethod":"{\"scope\":\"device\",\"type\":\"sas\",\"issuer\":\"iothub\",\"acceptingIpFilterRule\":null}","connectionDeviceGenerationId":"638052891151821842","connectionDeviceId":"IOTDevice_4_1","contentEncoding":"utf-8","contentType":"application/json","enqueuedTime":"2022-10-26 08:00:00"}}
{"Body":{"Status":true,"Timestamp":"2022-10-26 08:00:00","rotate":"479.061952530847"},"EnqueuedTimeUtc":"2022-10-26 08:00:00","Properties":{"messagetype":"Demo"},"SystemProperties":{"connectionAuthMethod":"{\"scope\":\"device\",\"type\":\"sas\",\"issuer\":\"iothub\",\"acceptingIpFilterRule\":null}","connectionDeviceGenerationId":"638052891151821842","connectionDeviceId":"IOTDevice_4_2","contentEncoding":"utf-8","contentType":"application/json","enqueuedTime":"2022-10-26 08:00:00"}}
{"Body":{"Status":true,"Timestamp":"2022-10-26 08:00:00","pressure":"88.6953015737332"},"EnqueuedTimeUtc":"2022-10-26 08:00:00","Properties":{"messagetype":"Demo"},"SystemProperties":{"connectionAuthMethod":"{\"scope\":\"device\",\"type\":\"sas\",\"issuer\":\"iothub\",\"acceptingIpFilterRule\":null}","connectionDeviceGenerationId":"638052891151821842","connectionDeviceId":"IOTDevice_4_3","contentEncoding":"utf-8","contentType":"application/json","enqueuedTime":"2022-10-26 08:00:00"}}
{"Body":{"Status":true,"Timestamp":"2022-10-26 08:00:00","vibration":"40.6679296179947"},"EnqueuedTimeUtc":"2022-10-26 08:00:00","Properties":{"messagetype":"Demo"},"SystemProperties":{"connectionAuthMethod":"{\"scope\":\"device\",\"type\":\"sas\",\"issuer\":\"iothub\",\"acceptingIpFilterRule\":null}","connectionDeviceGenerationId":"638052891151821842","connectionDeviceId":"IOTDevice_4_4","contentEncoding":"utf-8","contentType":"application/json","enqueuedTime":"2022-10-26 08:00:00"}}
{"Body":{"Status":true,"Timestamp":"2022-10-26 09:00:00","volt":"157.588759794762"},"EnqueuedTimeUtc":"2022-10-26 09:00:00","Properties":{"messagetype":"Demo"},"SystemProperties":{"connectionAuthMethod":"{\"scope\":\"device\",\"type\":\"sas\",\"issuer\":\"iothub\",\"acceptingIpFilterRule\":null}","connectionDeviceGenerationId":"638052891151821842","connectionDeviceId":"IOTDevice_4_1","contentEncoding":"utf-8","contentType":"application/json","enqueuedTime":"2022-10-26 09:00:00"}}
{"Body":{"Status":true,"Timestamp":"2022-10-26 09:00:00","rotate":"420.745610210177"},"EnqueuedTimeUtc":"2022-10-26 09:00:00","Properties":{"messagetype":"Demo"},"SystemProperties":{"connectionAuthMethod":"{\"scope\":\"device\",\"type\":\"sas\",\"issuer\":\"iothub\",\"acceptingIpFilterRule\":null}","connectionDeviceGenerationId":"638052891151821842","connectionDeviceId":"IOTDevice_4_2","contentEncoding":"utf-8","contentType":"application/json","enqueuedTime":"2022-10-26 09:00:00"}}
{"Body":{"Status":true,"Timestamp":"2022-10-26 09:00:00","pressure":"104.183823186336"},"EnqueuedTimeUtc":"2022-10-26 09:00:00","Properties":{"messagetype":"Demo"},"SystemProperties":{"connectionAuthMethod":"{\"scope\":\"device\",\"type\":\"sas\",\"issuer\":\"iothub\",\"acceptingIpFilterRule\":null}","connectionDeviceGenerationId":"638052891151821842","connectionDeviceId":"IOTDevice_4_3","contentEncoding":"utf-8","contentType":"application/json","enqueuedTime":"2022-10-26 09:00:00"}}
{"Body":{"Status":true,"Timestamp":"2022-10-26 09:00:00","vibration":"31.2621681962879"},"EnqueuedTimeUtc":"2022-10-26 09:00:00","Properties":{"messagetype":"Demo"},"SystemProperties":{"connectionAuthMethod":"{\"scope\":\"device\",\"type\":\"sas\",\"issuer\":\"iothub\",\"acceptingIpFilterRule\":null}","connectionDeviceGenerationId":"638052891151821842","connectionDeviceId":"IOTDevice_4_4","contentEncoding":"utf-8","contentType":"application/json","enqueuedTime":"2022-10-26 09:00:00"}}
{"Body":{"Status":true,"Timestamp":"2022-10-26 10:00:00","volt":"174.293079475393"},"EnqueuedTimeUtc":"2022-10-26 10:00:00","Properties":{"messagetype":"Demo"},"SystemProperties":{"connectionAuthMethod":"{\"scope\":\"device\",\"type\":\"sas\",\"issuer\":\"iothub\",\"acceptingIpFilterRule\":null}","connectionDeviceGenerationId":"638052891151821842","connectionDeviceId":"IOTDevice_4_1","contentEncoding":"utf-8","contentType":"application/json","enqueuedTime":"2022-10-26 10:00:00"}}
{"Body":{"Status":true,"Timestamp":"2022-10-26 10:00:00","rotate":"450.419971619064"},"EnqueuedTimeUtc":"2022-10-26 10:00:00","Properties":{"messagetype":"Demo"},"SystemProperties":{"connectionAuthMethod":"{\"scope\":\"device\",\"type\":\"sas\",\"issuer\":\"iothub\",\"acceptingIpFilterRule\":null}","connectionDeviceGenerationId":"638052891151821842","connectionDeviceId":"IOTDevice_4_2","contentEncoding":"utf-8","contentType":"application/json","enqueuedTime":"2022-10-26 10:00:00"}}
{"Body":{"Status":true,"Timestamp":"2022-10-26 10:00:00","pressure":"80.4338733463618"},"EnqueuedTimeUtc":"2022-10-26 10:00:00","Properties":{"messagetype":"Demo"},"SystemProperties":{"connectionAuthMethod":"{\"scope\":\"device\",\"type\":\"sas\",\"issuer\":\"iothub\",\"acceptingIpFilterRule\":null}","connectionDeviceGenerationId":"638052891151821842","connectionDeviceId":"IOTDevice_4_3","contentEncoding":"utf-8","contentType":"application/json","enqueuedTime":"2022-10-26 10:00:00"}}
{"Body":{"Status":true,"Timestamp":"2022-10-26 10:00:00","vibration":"37.6745190287003"},"EnqueuedTimeUtc":"2022-10-26 10:00:00","Properties":{"messagetype":"Demo"},"SystemProperties":{"connectionAuthMethod":"{\"scope\":\"device\",\"type\":\"sas\",\"issuer\":\"iothub\",\"acceptingIpFilterRule\":null}","connectionDeviceGenerationId":"638052891151821842","connectionDeviceId":"IOTDevice_4_4","contentEncoding":"utf-8","contentType":"application/json","enqueuedTime":"2022-10-26 10:00:00"}}
{"Body":{"Status":true,"Timestamp":"2022-10-26 11:00:00","volt":"156.408424928077"},"EnqueuedTimeUtc":"2022-10-26 11:00:00","Properties":{"messagetype":"Demo"},"SystemProperties":{"connectionAuthMethod":"{\"scope\":\"device\",\"type\":\"sas\",\"issuer\":\"iothub\",\"acceptingIpFilterRule\":null}","connectionDeviceGenerationId":"638052891151821842","connectionDeviceId":"IOTDevice_4_1","contentEncoding":"utf-8","contentType":"application/json","enqueuedTime":"2022-10-26 11:00:00"}}
{"Body":{"Status":true,"Timestamp":"2022-10-26 11:00:00","rotate":"519.348396340099"},"EnqueuedTimeUtc":"2022-10-26 11:00:00","Properties":{"messagetype":"Demo"},"SystemProperties":{"connectionAuthMethod":"{\"scope\":\"device\",\"type\":\"sas\",\"issuer\":\"iothub\",\"acceptingIpFilterRule\":null}","connectionDeviceGenerationId":"638052891151821842","connectionDeviceId":"IOTDevice_4_2","contentEncoding":"utf-8","contentType":"application/json","enqueuedTime":"2022-10-26 11:00:00"}}
{"Body":{"Status":true,"Timestamp":"2022-10-26 11:00:00","pressure":"104.907316060799"},"EnqueuedTimeUtc":"2022-10-26 11:00:00","Properties":{"messagetype":"Demo"},"SystemProperties":{"connectionAuthMethod":"{\"scope\":\"device\",\"type\":\"sas\",\"issuer\":\"iothub\",\"acceptingIpFilterRule\":null}","connectionDeviceGenerationId":"638052891151821842","connectionDeviceId":"IOTDevice_4_3","contentEncoding":"utf-8","contentType":"application/json","enqueuedTime":"2022-10-26 11:00:00"}}
{"Body":{"Status":true,"Timestamp":"2022-10-26 11:00:00","vibration":"45.5153404188604"},"EnqueuedTimeUtc":"2022-10-26 11:00:00","Properties":{"messagetype":"Demo"},"SystemProperties":{"connectionAuthMethod":"{\"scope\":\"device\",\"type\":\"sas\",\"issuer\":\"iothub\",\"acceptingIpFilterRule\":null}","connectionDeviceGenerationId":"638052891151821842","connectionDeviceId":"IOTDevice_4_4","contentEncoding":"utf-8","contentType":"application/json","enqueuedTime":"2022-10-26 11:00:00"}}
{"Body":{"Status":true,"Timestamp":"2022-10-26 12:00:00","volt":"155.203082404111"},"EnqueuedTimeUtc":"2022-10-26 12:00:00","Properties":{"messagetype":"Demo"},"SystemProperties":{"connectionAuthMethod":"{\"scope\":\"device\",\"type\":\"sas\",\"issuer\":\"iothub\",\"acceptingIpFilterRule\":null}","connectionDeviceGenerationId":"638052891151821842","connectionDeviceId":"IOTDevice_4_1","contentEncoding":"utf-8","contentType":"application/json","enqueuedTime":"2022-10-26 12:00:00"}}
{"Body":{"Status":true,"Timestamp":"2022-10-26 12:00:00","rotate":"457.391409219372"},"EnqueuedTimeUtc":"2022-10-26 12:00:00","Properties":{"messagetype":"Demo"},"SystemProperties":{"connectionAuthMethod":"{\"scope\":\"device\",\"type\":\"sas\",\"issuer\":\"iothub\",\"acceptingIpFilterRule\":null}","connectionDeviceGenerationId":"638052891151821842","connectionDeviceId":"IOTDevice_4_2","contentEncoding":"utf-8","contentType":"application/json","enqueuedTime":"2022-10-26 12:00:00"}}
{"Body":{"Status":true,"Timestamp":"2022-10-26 12:00:00","pressure":"105.988273101458"},"EnqueuedTimeUtc":"2022-10-26 12:00:00","Properties":{"messagetype":"Demo"},"SystemProperties":{"connectionAuthMethod":"{\"scope\":\"device\",\"type\":\"sas\",\"issuer\":\"iothub\",\"acceptingIpFilterRule\":null}","connectionDeviceGenerationId":"638052891151821842","connectionDeviceId":"IOTDevice_4_3","contentEncoding":"utf-8","contentType":"application/json","enqueuedTime":"2022-10-26 12:00:00"}}
{"Body":{"Status":true,"Timestamp":"2022-10-26 12:00:00","vibration":"39.4304714535724"},"EnqueuedTimeUtc":"2022-10-26 12:00:00","Properties":{"messagetype":"Demo"},"SystemProperties":{"connectionAuthMethod":"{\"scope\":\"device\",\"type\":\"sas\",\"issuer\":\"iothub\",\"acceptingIpFilterRule\":null}","connectionDeviceGenerationId":"638052891151821842","connectionDeviceId":"IOTDevice_4_4","contentEncoding":"utf-8","contentType":"application/json","enqueuedTime":"2022-10-26 12:00:00"}}
{"Body":{"Status":true,"Timestamp":"2022-10-26 13:00:00","volt":"190.26739534555"},"EnqueuedTimeUtc":"2022-10-26 13:00:00","Properties":{"messagetype":"Demo"},"SystemProperties":{"connectionAuthMethod":"{\"scope\":\"device\",\"type\":\"sas\",\"issuer\":\"iothub\",\"acceptingIpFilterRule\":null}","connectionDeviceGenerationId":"638052891151821842","connectionDeviceId":"IOTDevice_4_1","contentEncoding":"utf-8","contentType":"application/json","enqueuedTime":"2022-10-26 13:00:00"}}
{"Body":{"Status":true,"Timestamp":"2022-10-26 13:00:00","rotate":"460.116136801761"},"EnqueuedTimeUtc":"2022-10-26 13:00:00","Properties":{"messagetype":"Demo"},"SystemProperties":{"connectionAuthMethod":"{\"scope\":\"device\",\"type\":\"sas\",\"issuer\":\"iothub\",\"acceptingIpFilterRule\":null}","connectionDeviceGenerationId":"638052891151821842","connectionDeviceId":"IOTDevice_4_2","contentEncoding":"utf-8","contentType":"application/json","enqueuedTime":"2022-10-26 13:00:00"}}
{"Body":{"Status":true,"Timestamp":"2022-10-26 13:00:00","pressure":"97.3906936320128"},"EnqueuedTimeUtc":"2022-10-26 13:00:00","Properties":{"messagetype":"Demo"},"SystemProperties":{"connectionAuthMethod":"{\"scope\":\"device\",\"type\":\"sas\",\"issuer\":\"iothub\",\"acceptingIpFilterRule\":null}","connectionDeviceGenerationId":"638052891151821842","connectionDeviceId":"IOTDevice_4_3","contentEncoding":"utf-8","contentType":"application/json","enqueuedTime":"2022-10-26 13:00:00"}}
{"Body":{"Status":true,"Timestamp":"2022-10-26 13:00:00","vibration":"50.1122543775069"},"EnqueuedTimeUtc":"2022-10-26 13:00:00","Properties":{"messagetype":"Demo"},"SystemProperties":{"connectionAuthMethod":"{\"scope\":\"device\",\"type\":\"sas\",\"issuer\":\"iothub\",\"acceptingIpFilterRule\":null}","connectionDeviceGenerationId":"638052891151821842","connectionDeviceId":"IOTDevice_4_4","contentEncoding":"utf-8","contentType":"application/json","enqueuedTime":"2022-10-26 13:00:00"}}
{"Body":{"Status":true,"Timestamp":"2022-10-26 14:00:00","volt":"150.759406037897"},"EnqueuedTimeUtc":"2022-10-26 14:00:00","Properties":{"messagetype":"Demo"},"SystemProperties":{"connectionAuthMethod":"{\"scope\":\"device\",\"type\":\"sas\",\"issuer\":\"iothub\",\"acceptingIpFilterRule\":null}","connectionDeviceGenerationId":"638052891151821842","connectionDeviceId":"IOTDevice_4_1","contentEncoding":"utf-8","contentType":"application/json","enqueuedTime":"2022-10-26 14:00:00"}}
{"Body":{"Status":true,"Timestamp":"2022-10-26 14:00:00","rotate":"427.850413285254"},"EnqueuedTimeUtc":"2022-10-26 14:00:00","Properties":{"messagetype":"Demo"},"SystemProperties":{"connectionAuthMethod":"{\"scope\":\"device\",\"type\":\"sas\",\"issuer\":\"iothub\",\"acceptingIpFilterRule\":null}","connectionDeviceGenerationId":"638052891151821842","connectionDeviceId":"IOTDevice_4_2","contentEncoding":"utf-8","contentType":"application/json","enqueuedTime":"2022-10-26 14:00:00"}}
{"Body":{"Status":true,"Timestamp":"2022-10-26 14:00:00","pressure":"84.4690455954828"},"EnqueuedTimeUtc":"2022-10-26 14:00:00","Properties":{"messagetype":"Demo"},"SystemProperties":{"connectionAuthMethod":"{\"scope\":\"device\",\"type\":\"sas\",\"issuer\":\"iothub\",\"acceptingIpFilterRule\":null}","connectionDeviceGenerationId":"638052891151821842","connectionDeviceId":"IOTDevice_4_3","contentEncoding":"utf-8","contentType":"application/json","enqueuedTime":"2022-10-26 14:00:00"}}
{"Body":{"Status":true,"Timestamp":"2022-10-26 14:00:00","vibration":"36.2480703750521"},"EnqueuedTimeUtc":"2022-10-26 14:00:00","Properties":{"messagetype":"Demo"},"SystemProperties":{"connectionAuthMethod":"{\"scope\":\"device\",\"type\":\"sas\",\"issuer\":\"iothub\",\"acceptingIpFilterRule\":null}","connectionDeviceGenerationId":"638052891151821842","connectionDeviceId":"IOTDevice_4_4","contentEncoding":"utf-8","contentType":"application/json","enqueuedTime":"2022-10-26 14:00:00"}}
{"Body":{"Status":true,"Timestamp":"2022-10-26 15:00:00","volt":"140.30070060083"},"EnqueuedTimeUtc":"2022-10-26 15:00:00","Properties":{"messagetype":"Demo"},"SystemProperties":{"connectionAuthMethod":"{\"scope\":\"device\",\"type\":\"sas\",\"issuer\":\"iothub\",\"acceptingIpFilterRule\":null}","connectionDeviceGenerationId":"638052891151821842","connectionDeviceId":"IOTDevice_4_1","contentEncoding":"utf-8","contentType":"application/json","enqueuedTime":"2022-10-26 15:00:00"}}
{"Body":{"Status":true,"Timestamp":"2022-10-26 15:00:00","rotate":"494.857293618962"},"EnqueuedTimeUtc":"2022-10-26 15:00:00","Properties":{"messagetype":"Demo"},"SystemProperties":{"connectionAuthMethod":"{\"scope\":\"device\",\"type\":\"sas\",\"issuer\":\"iothub\",\"acceptingIpFilterRule\":null}","connectionDeviceGenerationId":"638052891151821842","connectionDeviceId":"IOTDevice_4_2","contentEncoding":"utf-8","contentType":"application/json","enqueuedTime":"2022-10-26 15:00:00"}}
{"Body":{"Status":true,"Timestamp":"2022-10-26 15:00:00","pressure":"88.3490045803372"},"EnqueuedTimeUtc":"2022-10-26 15:00:00","Properties":{"messagetype":"Demo"},"SystemProperties":{"connectionAuthMethod":"{\"scope\":\"device\",\"type\":\"sas\",\"issuer\":\"iothub\",\"acceptingIpFilterRule\":null}","connectionDeviceGenerationId":"638052891151821842","connectionDeviceId":"IOTDevice_4_3","contentEncoding":"utf-8","contentType":"application/json","enqueuedTime":"2022-10-26 15:00:00"}}
{"Body":{"Status":true,"Timestamp":"2022-10-26 15:00:00","vibration":"39.121687023552"},"EnqueuedTimeUtc":"2022-10-26 15:00:00","Properties":{"messagetype":"Demo"},"SystemProperties":{"connectionAuthMethod":"{\"scope\":\"device\",\"type\":\"sas\",\"issuer\":\"iothub\",\"acceptingIpFilterRule\":null}","connectionDeviceGenerationId":"638052891151821842","connectionDeviceId":"IOTDevice_4_4","contentEncoding":"utf-8","contentType":"application/json","enqueuedTime":"2022-10-26 15:00:00"}}
{"Body":{"Status":true,"Timestamp":"2022-10-26 16:00:00","volt":"185.75509878678"},"EnqueuedTimeUtc":"2022-10-26 16:00:00","Properties":{"messagetype":"Demo"},"SystemProperties":{"connectionAuthMethod":"{\"scope\":\"device\",\"type\":\"sas\",\"issuer\":\"iothub\",\"acceptingIpFilterRule\":null}","connectionDeviceGenerationId":"638052891151821842","connectionDeviceId":"IOTDevice_4_1","contentEncoding":"utf-8","contentType":"application/json","enqueuedTime":"2022-10-26 16:00:00"}}
{"Body":{"Status":true,"Timestamp":"2022-10-26 16:00:00","rotate":"506.055461223291"},"EnqueuedTimeUtc":"2022-10-26 16:00:00","Properties":{"messagetype":"Demo"},"SystemProperties":{"connectionAuthMethod":"{\"scope\":\"device\",\"type\":\"sas\",\"issuer\":\"iothub\",\"acceptingIpFilterRule\":null}","connectionDeviceGenerationId":"638052891151821842","connectionDeviceId":"IOTDevice_4_2","contentEncoding":"utf-8","contentType":"application/json","enqueuedTime":"2022-10-26 16:00:00"}}
{"Body":{"Status":true,"Timestamp":"2022-10-26 16:00:00","pressure":"91.2562834085704"},"EnqueuedTimeUtc":"2022-10-26 16:00:00","Properties":{"messagetype":"Demo"},"SystemProperties":{"connectionAuthMethod":"{\"scope\":\"device\",\"type\":\"sas\",\"issuer\":\"iothub\",\"acceptingIpFilterRule\":null}","connectionDeviceGenerationId":"638052891151821842","connectionDeviceId":"IOTDevice_4_3","contentEncoding":"utf-8","contentType":"application/json","enqueuedTime":"2022-10-26 16:00:00"}}
{"Body":{"Status":true,"Timestamp":"2022-10-26 16:00:00","vibration":"36.0517129748643"},"EnqueuedTimeUtc":"2022-10-26 16:00:00","Properties":{"messagetype":"Demo"},"SystemProperties":{"connectionAuthMethod":"{\"scope\":\"device\",\"type\":\"sas\",\"issuer\":\"iothub\",\"acceptingIpFilterRule\":null}","connectionDeviceGenerationId":"638052891151821842","connectionDeviceId":"IOTDevice_4_4","contentEncoding":"utf-8","contentType":"application/json","enqueuedTime":"2022-10-26 16:00:00"}}
{"Body":{"Status":true,"Timestamp":"2022-10-26 17:00:00","volt":"175.568146425891"},"EnqueuedTimeUtc":"2022-10-26 17:00:00","Properties":{"messagetype":"Demo"},"SystemProperties":{"connectionAuthMethod":"{\"scope\":\"device\",\"type\":\"sas\",\"issuer\":\"iothub\",\"acceptingIpFilterRule\":null}","connectionDeviceGenerationId":"638052891151821842","connectionDeviceId":"IOTDevice_4_1","contentEncoding":"utf-8","contentType":"application/json","enqueuedTime":"2022-10-26 17:00:00"}}
{"Body":{"Status":true,"Timestamp":"2022-10-26 17:00:00","rotate":"532.061887635344"},"EnqueuedTimeUtc":"2022-10-26 17:00:00","Properties":{"messagetype":"Demo"},"SystemProperties":{"connectionAuthMethod":"{\"scope\":\"device\",\"type\":\"sas\",\"issuer\":\"iothub\",\"acceptingIpFilterRule\":null}","connectionDeviceGenerationId":"638052891151821842","connectionDeviceId":"IOTDevice_4_2","contentEncoding":"utf-8","contentType":"application/json","enqueuedTime":"2022-10-26 17:00:00"}}
{"Body":{"Status":true,"Timestamp":"2022-10-26 17:00:00","pressure":"108.626388492133"},"EnqueuedTimeUtc":"2022-10-26 17:00:00","Properties":{"messagetype":"Demo"},"SystemProperties":{"connectionAuthMethod":"{\"scope\":\"device\",\"type\":\"sas\",\"issuer\":\"iothub\",\"acceptingIpFilterRule\":null}","connectionDeviceGenerationId":"638052891151821842","connectionDeviceId":"IOTDevice_4_3","contentEncoding":"utf-8","contentType":"application/json","enqueuedTime":"2022-10-26 17:00:00"}}
{"Body":{"Status":true,"Timestamp":"2022-10-26 17:00:00","vibration":"45.3580480918477"},"EnqueuedTimeUtc":"2022-10-26 17:00:00","Properties":{"messagetype":"Demo"},"SystemProperties":{"connectionAuthMethod":"{\"scope\":\"device\",\"type\":\"sas\",\"issuer\":\"iothub\",\"acceptingIpFilterRule\":null}","connectionDeviceGenerationId":"638052891151821842","connectionDeviceId":"IOTDevice_4_4","contentEncoding":"utf-8","contentType":"application/json","enqueuedTime":"2022-10-26 17:00:00"}}
