{"Body":{"Status":true,"Timestamp":"2022-10-23 00:00:00","volt":"171.526472877278"},"EnqueuedTimeUtc":"2022-10-23 00:00:00","Properties":{"messagetype":"Demo"},"SystemProperties":{"connectionAuthMethod":"{\"scope\":\"device\",\"type\":\"sas\",\"issuer\":\"iothub\",\"acceptingIpFilterRule\":null}","connectionDeviceGenerationId":"638052891151821842","connectionDeviceId":"IOTDevice_1_1","contentEncoding":"utf-8","contentType":"application/json","enqueuedTime":"2022-10-23 00:00:00"}}
{"Body":{"Status":true,"Timestamp":"2022-10-23 00:00:00","rotate":"454.470984369748"},"EnqueuedTimeUtc":"2022-10-23 00:00:00","Properties":{"messagetype":"Demo"},"SystemProperties":{"connectionAuthMethod":"{\"scope\":\"device\",\"type\":\"sas\",\"issuer\":\"iothub\",\"acceptingIpFilterRule\":null}","connectionDeviceGenerationId":"638052891151821842","connectionDeviceId":"IOTDevice_1_2","contentEncoding":"utf-8","contentType":"application/json","enqueuedTime":"2022-10-23 00:00:00"}}
{"Body":{"Status":true,"Timestamp":"2022-10-23 00:00:00","pressure":"106.496979645753"},"EnqueuedTimeUtc":"2022-10-23 00:00:00","Properties":{"messagetype":"Demo"},"SystemProperties":{"connectionAuthMethod":"{\"scope\":\"device\",\"type\":\"sas\",\"issuer\":\"iothub\",\"acceptingIpFilterRule\":null}","connectionDeviceGenerationId":"638052891151821842","connectionDeviceId":"IOTDevice_1_3","contentEncoding":"utf-8","contentType":"application/json","enqueuedTime":"2022-10-23 00:00:00"}}
{"Body":{"Status":true,"Timestamp":"2022-10-23 00:00:00","vibration":"44.6749812600221"},"EnqueuedTimeUtc":"2022-10-23 00:00:00","Properties":{"messagetype":"Demo"},"SystemProperties":{"connectionAuthMethod":"{\"scope\":\"device\",\"type\":\"sas\",\"issuer\":\"iothub\",\"acceptingIpFilterRule\":null}","connectionDeviceGenerationId":"638052891151821842","connectionDeviceId":"IOTDevice_1_4","contentEncoding":"utf-8","contentType":"application/json","enqueuedTime":"2022-10-23 00:00:00"}}
{"Body":{"Status":true,"Timestamp":"2022-10-23 01:00:00","volt":"152.893496165337"},"EnqueuedTimeUtc":"2022-10-23 01:00:00","Properties":{"messagetype":"Demo"},"SystemProperties":{"connectionAuthMethod":"{\"scope\":\"device\",\"type\":\"sas\",\"issuer\":\"iothub\",\"acceptingIpFilterRule\":null}","connectionDeviceGenerationId":"638052891151821842","connectionDeviceId":"IOTDevice_1_1","contentEncoding":"utf-8","contentType":"application/json","enqueuedTime":"2022-10-23 01:00:00"}}
{"Body":{"Status":true,"Timestamp":"2022-10-23 01:00:00","rotate":"411.504293321078"},"EnqueuedTimeUtc":"2022-10-23 01:00:00","Properties":{"messagetype":"Demo"},"SystemProperties":{"connectionAuthMethod":"{\"scope\":\"device\",\"type\":\"sas\",\"issuer\":\"iothub\",\"acceptingIpFilterRule\":null}","connectionDeviceGenerationId":"638052891151821842","connectionDeviceId":"IOTDevice_1_2","contentEncoding":"utf-8","contentType":"application/json","enqueuedTime":"2022-10-23 01:00:00"}}
{"Body":{"Status":true,"Timestamp":"2022-10-23 01:00:00","pressure":"116.031885212222"},"EnqueuedTimeUtc":"2022-10-23 01:00:00","Properties":{"messagetype":"Demo"},"SystemProperties":{"connectionAuthMethod":"{\"scope\":\"device\",\"type\":\"sas\",\"issuer\":\"iothub\",\"acceptingIpFilterRule\":null}","connectionDeviceGenerationId":"638052891151821842","connectionDeviceId":"IOTDevice_1_3","contentEncoding":"utf-8","contentType":"application/json","enqueuedTime":"2022-10-23 01:00:00"}}
{"Body":{"Status":true,"Timestamp":"2022-10-23 01:00:00","vibration":"51.088557807688"},"EnqueuedTimeUtc":"2022-10-23 01:00:00","Properties":{"messagetype":"Demo"},"SystemProperties":{"connectionAuthMethod":"{\"scope\":\"device\",\"type\":\"sas\",\"issuer\":\"iothub\",\"acceptingIpFilterRule\":null}","connectionDeviceGenerationId":"638052891151821842","connectionDeviceId":"IOTDevice_1_4","contentEncoding":"utf-8","contentType":"application/json","enqueuedTime":"2022-10-23 01:00:00"}}
{"Body":{"Status":true,"Timestamp":"2022-10-23 02:00:00","volt":"179.236001749972"},"EnqueuedTimeUtc":"2022-10-23 02:00:00","Properties":{"messagetype":"Demo"},"SystemProperties":{"connectionAuthMethod":"{\"scope\":\"device\",\"type\":\"sas\",\"issuer\":\"iothub\",\"acceptingIpFilterRule\":null}","connectionDeviceGenerationId":"638052891151821842","connectionDeviceId":"IOTDevice_1_1","contentEncoding":"utf-8","contentType":"application/json","enqueuedTime":"2022-10-23 02:00:00"}}
{"Body":{"Status":true,"Timestamp":"2022-10-23 02:00:00","rotate":"401.634022221494"},"EnqueuedTimeUtc":"2022-10-23 02:00:00","Properties":{"messagetype":"Demo"},"SystemProperties":{"connectionAuthMethod":"{\"scope\":\"device\",\"type\":\"sas\",\"issuer\":\"iothub\",\"acceptingIpFilterRule\":null}","connectionDeviceGenerationId":"638052891151821842","connectionDeviceId":"IOTDevice_1_2","contentEncoding":"utf-8","contentType":"application/json","enqueuedTime":"2022-10-23 02:00:00"}}
{"Body":{"Status":true,"Timestamp":"2022-10-23 02:00:00","pressure":"120.862067691433"},"EnqueuedTimeUtc":"2022-10-23 02:00:00","Properties":{"messagetype":"Demo"},"SystemProperties":{"connectionAuthMethod":"{\"scope\":\"device\",\"type\":\"sas\",\"issuer\":\"iothub\",\"acceptingIpFilterRule\":null}","connectionDeviceGenerationId":"638052891151821842","connectionDeviceId":"IOTDevice_1_3","contentEncoding":"utf-8","contentType":"application/json","enqueuedTime":"2022-10-23 02:00:00"}}
{"Body":{"Status":true,"Timestamp":"2022-10-23 02:00:00","vibration":"55.168026907264"},"EnqueuedTimeUtc":"2022-10-23 02:00:00","Properties":{"messagetype":"Demo"},"SystemProperties":{"connectionAuthMethod":"{\"scope\":\"device\",\"type\":\"sas\",\"issuer\":\"iothub\",\"acceptingIpFilterRule\":null}","connectionDeviceGenerationId":"638052891151821842","connectionDeviceId":"IOTDevice_1_4","contentEncoding":"utf-8","contentType":"application/json","enqueuedTime":"2022-10-23 02:00:00"}}
{"Body":{"Status":true,"Timestamp":"2022-10-23 03:00:00","volt":"149.193688700689"},"EnqueuedTimeUtc":"2022-10-23 03:00:00","Properties":{"messagetype":"Demo"},"SystemProperties":{"connectionAuthMethod":"{\"scope\":\"device\",\"type\":\"sas\",\"issuer\":\"iothub\",\"acceptingIpFilterRule\":null}","connectionDeviceGenerationId":"638052891151821842","connectionDeviceId":"IOTDevice_1_1","contentEncoding":"utf-8","contentType":"application/json","enqueuedTime":"2022-10-23 03:00:00"}}
{"Body":{"Status":true,"Timestamp":"2022-10-23 03:00:00","rotate":"444.285845353328"},"EnqueuedTimeUtc":"2022-10-23 03:00:00","Properties":{"messagetype":"Demo"},"SystemProperties":{"connectionAuthMethod":"{\"scope\":\"device\",\"type\":\"sas\",\"issuer\":\"iothub\",\"acceptingIpFilterRule\":null}","connectionDeviceGenerationId":"638052891151821842","connectionDeviceId":"IOTDevice_1_2","contentEncoding":"utf-8","contentType":"application/json","enqueuedTime":"2022-10-23 03:00:00"}}
{"Body":{"Status":true,"Timestamp":"2022-10-23 03:00:00","pressure":"101.081635965714"},"EnqueuedTimeUtc":"2022-10-23 03:00:00","Properties":{"messagetype":"Demo"},"SystemProperties":{"connectionAuthMethod":"{\"scope\":\"device\",\"type\":\"sas\",\"issuer\":\"iothub\",\"acceptingIpFilterRule\":null}","connectionDeviceGenerationId":"638052891151821842","connectionDeviceId":"IOTDevice_1_3","contentEncoding":"utf-8","contentType":"application/json","enqueuedTime":"2022-10-23 03:00:00"}}
{"Body":{"Status":true,"Timestamp":"2022-10-23 03:00:00","vibration":"45.9535925792738"},"EnqueuedTimeUtc":"2022-10-23 03:00:00","Properties":{"messagetype":"Demo"},"SystemProperties":{"connectionAuthMethod":"{\"scope\":\"device\",\"type\":\"sas\",\"issuer\":\"iothub\",\"acceptingIpFilterRule\":null}","connectionDeviceGenerationId":"638052891151821842","connectionDeviceId":"IOTDevice_1_4","contentEncoding":"utf-8","contentType":"application/json","enqueuedTime":"2022-10-23 03:00:00"}}
{"Body":{"Status":true,"Timestamp":"2022-10-23 04:00:00","volt":"171.842848382629"},"EnqueuedTimeUtc":"2022-10-23 04:00:00","Properties":{"messagetype":"Demo"},"SystemProperties":{"connectionAuthMethod":"{\"scope\":\"device\",\"type\":\"sas\",\"issuer\":\"iothub\",\"acceptingIpFilterRule\":null}","connectionDeviceGenerationId":"638052891151821842","connectionDeviceId":"IOTDevice_1_1","contentEncoding":"utf-8","contentType":"application/json","enqueuedTime":"2022-10-23 04:00:00"}}
{"Body":{"Status":true,"Timestamp":"2022-10-23 04:00:00","rotate":"382.377079571227"},"EnqueuedTimeUtc":"2022-10-23 04:00:00","Properties":{"messagetype":"Demo"},"SystemProperties":{"connectionAuthMethod":"{\"scope\":\"device\",\"type\":\"sas\",\"issuer\":\"iothub\",\"acceptingIpFilterRule\":null}","connectionDeviceGenerationId":"638052891151821842","connectionDeviceId":"IOTDevice_1_2","contentEncoding":"utf-8","contentType":"application/json","enqueuedTime":"2022-10-23 04:00:00"}}
{"Body":{"Status":true,"Timestamp":"2022-10-23 04:00:00","pressure":"100.67696870628"},"EnqueuedTimeUtc":"2022-10-23 04:00:00","Properties":{"messagetype":"Demo"},"SystemProperties":{"connectionAuthMethod":"{\"scope\":\"device\",\"type\":\"sas\",\"issuer\":\"iothub\",\"acceptingIpFilterRule\":null}","connectionDeviceGenerationId":"638052891151821842","connectionDeviceId":"IOTDevice_1_3","contentEncoding":"utf-8","contentType":"application/json","enqueuedTime":"2022-10-23 04:00:00"}}
{"Body":{"Status":true,"Timestamp":"2022-10-23 04:00:00","vibration":"55.2886829429744"},"EnqueuedTimeUtc":"2022-10-23 04:00:00","Properties":{"messagetype":"Demo"},"SystemProperties":{"connectionAuthMethod":"{\"scope\":\"device\",\"type\":\"sas\",\"issuer\":\"iothub\",\"acceptingIpFilterRule\":null}","connectionDeviceGenerationId":"638052891151821842","connectionDeviceId":"IOTDevice_1_4","contentEncoding":"utf-8","contentType":"application/json","enqueuedTime":"2022-10-23 04:00:00"}}
{"Body":{"Status":true,"Timestamp":"2022-10-23 05:00:00","volt":"172.407564089533"},"EnqueuedTimeUtc":"2022-10-23 05:00:00","Properties":{"messagetype":"Demo"},"SystemProperties":{"connectionAuthMethod":"{\"scope\":\"device\",\"type\":\"sas\",\"issuer\":\"iothub\",\"acceptingIpFilterRule\":null}","connectionDeviceGenerationId":"638052891151821842","connectionDeviceId":"IOTDevice_1_1","contentEncoding":"utf-8","contentType":"application/json","enqueuedTime":"2022-10-23 05:00:00"}}
{"Body":{"Status":true,"Timestamp":"2022-10-23 05:00:00","rotate":"452.22139486411"},"EnqueuedTimeUtc":"2022-10-23 05:00:00","Properties":{"messagetype":"Demo"},"SystemProperties":{"connectionAuthMethod":"{\"scope\":\"device\",\"type\":\"sas\",\"issuer\":\"iothub\",\"acceptingIpFilterRule\":null}","connectionDeviceGenerationId":"638052891151821842","connectionDeviceId":"IOTDevice_1_2","contentEncoding":"utf-8","contentType":"application/json","enqueuedTime":"2022-10-23 05:00:00"}}
{"Body":{"Status":true,"Timestamp":"2022-10-23 05:00:00","pressure":"89.2912510641301"},"EnqueuedTimeUtc":"2022-10-23 05:00:00","Properties":{"messagetype":"Demo"},"SystemProperties":{"connectionAuthMethod":"{\"scope\":\"device\",\"type\":\"sas\",\"issuer\":\"iothub\",\"acceptingIpFilterRule\":null}","connectionDeviceGenerationId":"638052891151821842","connectionDeviceId":"IOTDevice_1_3","contentEncoding":"utf-8","contentType":"application/json","enqueuedTime":"2022-10-23 05:00:00"}}
{"Body":{"Status":true,"Timestamp":"2022-10-23 05:00:00","vibration":"47.7424618237669"},"EnqueuedTimeUtc":"2022-10-23 05:00:00","Properties":{"messagetype":"Demo"},"SystemProperties":{"connectionAuthMethod":"{\"scope\":\"device\",\"type\":\"sas\",\"issuer\":\"iothub\",\"acceptingIpFilterRule\":null}","connectionDeviceGenerationId":"638052891151821842","connectionDeviceId":"IOTDevice_1_4","contentEncoding":"utf-8","contentType":"application/json","enqueuedTime":"2022-10-23 05:00:00"}}
{"Body":{"Status":true,"Timestamp":"2022-10-23 06:00:00","volt":"188.266300041646"},"EnqueuedTimeUtc":"2022-10-23 06:00:00","Properties":{"messagetype":"Demo"},"SystemProperties":{"connectionAuthMethod":"{\"scope\":\"device\",\"type\":\"sas\",\"issuer\":\"iothub\",\"acceptingIpFilterRule\":null}","connectionDeviceGenerationId":"638052891151821842","connectionDeviceId":"IOTDevice_1_1","contentEncoding":"utf-8","contentType":"application/json","enqueuedTime":"2022-10-23 06:00:00"}}
{"Body":{"Status":true,"Timestamp":"2022-10-23 06:00:00","rotate":"361.217473965769"},"EnqueuedTimeUtc":"2022-10-23 06:00:00","Properties":{"messagetype":"Demo"},"SystemProperties":{"connectionAuthMethod":"{\"scope\":\"device\",\"type\":\"sas\",\"issuer\":\"iothub\",\"acceptingIpFilterRule\":null}","connectionDeviceGenerationId":"638052891151821842","connectionDeviceId":"IOTDevice_1_2","contentEncoding":"utf-8","contentType":"application/json","enqueuedTime":"2022-10-23 06:00:00"}}
{"Body":{"Status":true,"Timestamp":"2022-10-23 06:00:00","pressure":"102.098893271733"},"EnqueuedTimeUtc":"2022-10-23 06:00:00","Properties":{"messagetype":"Demo"},"SystemProperties":{"connectionAuthMethod":"{\"scope\":\"device\",\"type\":\"sas\",\"issuer\":\"iothub\",\"acceptingIpFilterRule\":null}","connectionDeviceGenerationId":"638052891151821842","connectionDeviceId":"IOTDevice_1_3","contentEncoding":"utf-8","contentType":"application/json","enqueuedTime":"2022-10-23 06:00:00"}}
{"Body":{"Status":true,"Timestamp":"2022-10-23 06:00:00","vibration":"42.4320137721043"},"EnqueuedTimeUtc":"2022-10-23 06:00:00","Properties":{"messagetype":"Demo"},"SystemProperties":{"connectionAuthMethod":"{\"scope\":\"device\",\"type\":\"sas\",\"issuer\":\"iothub\",\"acceptingIpFilterRule\":null}","connectionDeviceGenerationId":"638052891151821842","connectionDeviceId":"IOTDevice_1_4","contentEncoding":"utf-8","contentType":"application/json","enqueuedTime":"2022-10-23 06:00:00"}}
{"Body":{"Status":true,"Timestamp":"2022-10-23 07:00:00","volt":"143.081486896114"},"EnqueuedTimeUtc":"2022-10-23 07:00:00","Properties":{"messagetype":"Demo"},"SystemProperties":{"connectionAuthMethod":"{\"scope\":\"device\",\"type\":\"sas\",\"issuer\":\"iothub\",\"acceptingIpFilterRule\":null}","connectionDeviceGenerationId":"638052891151821842","connectionDeviceId":"IOTDevice_1_1","contentEncoding":"utf-8","contentType":"application/json","enqueuedTime":"2022-10-23 07:00:00"}}
{"Body":{"Status":true,"Timestamp":"2022-10-23 07:00:00","rotate":"456.561776847254"},"EnqueuedTimeUtc":"2022-10-23 07:00:00","Properties":{"messagetype":"Demo"},"SystemProperties":{"connectionAuthMethod":"{\"scope\":\"device\",\"type\":\"sas\",\"issuer\":\"iothub\",\"acceptingIpFilterRule\":null}","connectionDeviceGenerationId":"638052891151821842","connectionDeviceId":"IOTDevice_1_2","contentEncoding":"utf-8","contentType":"application/json","enqueuedTime":"2022-10-23 07:00:00"}}
{"Body":{"Status":true,"Timestamp":"2022-10-23 07:00:00","pressure":"91.5891704981496"},"EnqueuedTimeUtc":"2022-10-23 07:00:00","Properties":{"messagetype":"Demo"},"SystemProperties":{"connectionAuthMethod":"{\"scope\":\"device\",\"type\":\"sas\",\"issuer\":\"iothub\",\"acceptingIpFilterRule\":null}","connectionDeviceGenerationId":"638052891151821842","connectionDeviceId":"IOTDevice_1_3","contentEncoding":"utf-8","contentType":"application/json","enqueuedTime":"2022-10-23 07:00:00"}}
{"Body":{"Status":true,"Timestamp":"2022-10-23 07:00:00","vibration":"47.6906487346146"},"EnqueuedTimeUtc":"2022-10-23 07:00:00","Properties":{"messagetype":"Demo"},"SystemProperties":{"connectionAuthMethod":"{\"scope\":\"device\",\"type\":\"sas\",\"issuer\":\"iothub\",\"acceptingIpFilterRule\":null}","connectionDeviceGenerationId":"638052891151821842","connectionDeviceId":"IOTDevice_1_4","contentEncoding":"utf-8","contentType":"application/json","enqueuedTime":"2022-10-23 07:00:00"}}
{"Body":{"Status":true,"Timestamp":"2022-10-23 08:00:00","volt":"187.269587771006"},"EnqueuedTimeUtc":"2022-10-23 08:00:00","Properties":{"messagetype":"Demo"},"SystemProperties":{"connectionAuthMethod":"{\"scope\":\"device\",\"type\":\"sas\",\"issuer\":\"iothub\",\"acceptingIpFilterRule\":null}","connectionDeviceGenerationId":"638052891151821842","connectionDeviceId":"IOTDevice_1_1","contentEncoding":"utf-8","contentType":"application/json","enqueuedTime":"2022-10-23 08:00:00"}}
{"Body":{"Status":true,"Timestamp":"2022-10-23 08:00:00","rotate":"364.810188726454"},"EnqueuedTimeUtc":"2022-10-23 08:00:00","Properties":{"messagetype":"Demo"},"SystemProperties":{"connectionAuthMethod":"{\"scope\":\"device\",\"type\":\"sas\",\"issuer\":\"iothub\",\"acceptingIpFilterRule\":null}","connectionDeviceGenerationId":"638052891151821842","connectionDeviceId":"IOTDevice_1_2","contentEncoding":"utf-8","contentType":"application/json","enqueuedTime":"2022-10-23 08:00:00"}}
{"Body":{"Status":true,"Timestamp":"2022-10-23 08:00:00","pressure":"83.4645313026849"},"EnqueuedTimeUtc":"2022-10-23 08:00:00","Properties":{"messagetype":"Demo"},"SystemProperties":{"connectionAuthMethod":"{\"scope\":\"device\",\"type\":\"sas\",\"issuer\":\"iothub\",\"acceptingIpFilterRule\":null}","connectionDeviceGenerationId":"638052891151821842","connectionDeviceId":"IOTDevice_1_3","contentEncoding":"utf-8","contentType":"application/json","enqueuedTime":"2022-10-23 08:00:00"}}
{"Body":{"Status":true,"Timestamp":"2022-10-23 08:00:00","vibration":"63.2613103220614"},"EnqueuedTimeUtc":"2022-10-23 08:00:00","Properties":{"messagetype":"Demo"},"SystemProperties":{"connectionAuthMethod":"{\"scope\":\"device\",\"type\":\"sas\",\"issuer\":\"iothub\",\"acceptingIpFilterRule\":null}","connectionDeviceGenerationId":"638052891151821842","connectionDeviceId":"IOTDevice_1_4","contentEncoding":"utf-8","contentType":"application/json","enqueuedTime":"2022-10-23 08:00:00"}}
{"Body":{"Status":true,"Timestamp":"2022-10-23 09:00:00","volt":"179.59054929452"},"EnqueuedTimeUtc":"2022-10-23 09:00:00","Properties":{"messagetype":"Demo"},"SystemProperties":{"connectionAuthMethod":"{\"scope\":\"device\",\"type\":\"sas\",\"issuer\":\"iothub\",\"acceptingIpFilterRule\":null}","connectionDeviceGenerationId":"638052891151821842","connectionDeviceId":"IOTDevice_1_1","contentEncoding":"utf-8","contentType":"application/json","enqueuedTime":"2022-10-23 09:00:00"}}
{"Body":{"Status":true,"Timestamp":"2022-10-23 09:00:00","rotate":"419.617111855731"},"EnqueuedTimeUtc":"2022-10-23 09:00:00","Properties":{"messagetype":"Demo"},"SystemProperties":{"connectionAuthMethod":"{\"scope\":\"device\",\"type\":\"sas\",\"issuer\":\"iothub\",\"acceptingIpFilterRule\":null}","connectionDeviceGenerationId":"638052891151821842","connectionDeviceId":"IOTDevice_1_2","contentEncoding":"utf-8","contentType":"application/json","enqueuedTime":"2022-10-23 09:00:00"}}
{"Body":{"Status":true,"Timestamp":"2022-10-23 09:00:00","pressure":"93.9007420957383"},"EnqueuedTimeUtc":"2022-10-23 09:00:00","Properties":{"messagetype":"Demo"},"SystemProperties":{"connectionAuthMethod":"{\"scope\":\"device\",\"type\":\"sas\",\"issuer\":\"iothub\",\"acceptingIpFilterRule\":null}","connectionDeviceGenerationId":"638052891151821842","connectionDeviceId":"IOTDevice_1_3","contentEncoding":"utf-8","contentType":"application/json","enqueuedTime":"2022-10-23 09:00:00"}}
{"Body":{"Status":true,"Timestamp":"2022-10-23 09:00:00","vibration":"53.4436019099662"},"EnqueuedTimeUtc":"2022-10-23 09:00:00","Properties":{"messagetype":"Demo"},"SystemProperties":{"connectionAuthMethod":"{\"scope\":\"device\",\"type\":\"sas\",\"issuer\":\"iothub\",\"acceptingIpFilterRule\":null}","connectionDeviceGenerationId":"638052891151821842","connectionDeviceId":"IOTDevice_1_4","contentEncoding":"utf-8","contentType":"application/json","enqueuedTime":"2022-10-23 09:00:00"}}
{"Body":{"Status":true,"Timestamp":"2022-10-23 10:00:00","volt":"165.918998047729"},"EnqueuedTimeUtc":"2022-10-23 10:00:00","Properties":{"messagetype":"Demo"},"SystemProperties":{"connectionAuthMethod":"{\"scope\":\"device\",\"type\":\"sas\",\"issuer\":\"iothub\",\"acceptingIpFilterRule\":null}","connectionDeviceGenerationId":"638052891151821842","connectionDeviceId":"IOTDevice_1_1","contentEncoding":"utf-8","contentType":"application/json","enqueuedTime":"2022-10-23 10:00:00"}}
{"Body":{"Status":true,"Timestamp":"2022-10-23 10:00:00","rotate":"424.519183697975"},"EnqueuedTimeUtc":"2022-10-23 10:00:00","Properties":{"messagetype":"Demo"},"SystemProperties":{"connectionAuthMethod":"{\"scope\":\"device\",\"type\":\"sas\",\"issuer\":\"iothub\",\"acceptingIpFilterRule\":null}","connectionDeviceGenerationId":"638052891151821842","connectionDeviceId":"IOTDevice_1_2","contentEncoding":"utf-8","contentType":"application/json","enqueuedTime":"2022-10-23 10:00:00"}}
{"Body":{"Status":true,"Timestamp":"2022-10-23 10:00:00","pressure":"83.5112630636591"},"EnqueuedTimeUtc":"2022-10-23 10:00:00","Properties":{"messagetype":"Demo"},"SystemProperties":{"connectionAuthMethod":"{\"scope\":\"device\",\"type\":\"sas\",\"issuer\":\"iothub\",\"acceptingIpFilterRule\":null}","connectionDeviceGenerationId":"638052891151821842","connectionDeviceId":"IOTDevice_1_3","contentEncoding":"utf-8","contentType":"application/json","enqueuedTime":"2022-10-23 10:00:00"}}
{"Body":{"Status":true,"Timestamp":"2022-10-23 10:00:00","vibration":"47.9577220118052"},"EnqueuedTimeUtc":"2022-10-23 10:00:00","Properties":{"messagetype":"Demo"},"SystemProperties":{"connectionAuthMethod":"{\"scope\":\"device\",\"type\":\"sas\",\"issuer\":\"iothub\",\"acceptingIpFilterRule\":null}","connectionDeviceGenerationId":"638052891151821842","connectionDeviceId":"IOTDevice_1_4","contentEncoding":"utf-8","contentType":"application/json","enqueuedTime":"2022-10-23 10:00:00"}}
{"Body":{"Status":true,"Timestamp":"2022-10-23 11:00:00","volt":"170.519564176206"},"EnqueuedTimeUtc":"2022-10-23 11:00:00","Properties":{"messagetype":"Demo"},"SystemProperties":{"connectionAuthMethod":"{\"scope\":\"device\",\"type\":\"sas\",\"issuer\":\"iothub\",\"acceptingIpFilterRule\":null}","connectionDeviceGenerationId":"638052891151821842","connectionDeviceId":"IOTDevice_1_1","contentEncoding":"utf-8","contentType":"application/json","enqueuedTime":"2022-10-23 11:00:00"}}
{"Body":{"Status":true,"Timestamp":"2022-10-23 11:00:00","rotate":"459.55964690458"},"EnqueuedTimeUtc":"2022-10-23 11:00:00","Properties":{"messagetype":"Demo"},"SystemProperties":{"connectionAuthMethod":"{\"scope\":\"device\",\"type\":\"sas\",\"issuer\":\"iothub\",\"acceptingIpFilterRule\":null}","connectionDeviceGenerationId":"638052891151821842","connectionDeviceId":"IOTDevice_1_2","contentEncoding":"utf-8","contentType":"application/json","enqueuedTime":"2022-10-23 11:00:00"}}
{"Body":{"Status":true,"Timestamp":"2022-10-23 11:00:00","pressure":"93.8050616695871"},"EnqueuedTimeUtc":"2022-10-23 11:00:00","Properties":{"messagetype":"Demo"},"SystemProperties":{"connectionAuthMethod":"{\"scope\":\"device\",\"type\":\"sas\",\"issuer\":\"iothub\",\"acceptingIpFilterRule\":null}","connectionDeviceGenerationId":"638052891151821842","connectionDeviceId":"IOTDevice_1_3","contentEncoding":"utf-8","contentType":"application/json","enqueuedTime":"2022-10-23 11:00:00"}}
{"Body":{"Status":true,"Timestamp":"2022-10-23 11:00:00","vibration":"49.3309828646068"},"EnqueuedTimeUtc":"2022-10-23 11:00:00","Properties":{"messagetype":"Demo"},"SystemProperties":{"connectionAuthMethod":"{\"scope\":\"device\",\"type\":\"sas\",\"issuer\":\"iothub\",\"acceptingIpFilterRule\":null}","connectionDeviceGenerationId":"638052891151821842","connectionDeviceId":"IOTDevice_1_4","contentEncoding":"utf-8","contentType":"application/json","enqueuedTime":"2022-10-23 11:00:00"}}
{"Body":{"Status":true,"Timestamp":"2022-10-23 12:00:00","volt":"149.063024845229"},"EnqueuedTimeUtc":"2022-10-23 12:00:00","Properties":{"messagetype":"Demo"},"SystemProperties":{"connectionAuthMethod":"{\"scope\":\"device\",\"type\":\"sas\",\"issuer\":\"iothub\",\"acceptingIpFilterRule\":null}","connectionDeviceGenerationId":"638052891151821842","connectionDeviceId":"IOTDevice_1_1","contentEncoding":"utf-8","contentType":"application/json","enqueuedTime":"2022-10-23 12:00:00"}}
{"Body":{"Status":true,"Timestamp":"2022-10-23 12:00:00","rotate":"519.736031541779"},"EnqueuedTimeUtc":"2022-10-23 12:00:00","Properties":{"messagetype":"Demo"},"SystemProperties":{"connectionAuthMethod":"{\"scope\":\"device\",\"type\":\"sas\",\"issuer\":\"iothub\",\"acceptingIpFilterRule\":null}","connectionDeviceGenerationId":"638052891151821842","connectionDeviceId":"IOTDevice_1_2","contentEncoding":"utf-8","contentType":"application/json","enqueuedTime":"2022-10-23 12:00:00"}}
{"Body":{"Status":true,"Timestamp":"2022-10-23 12:00:00","pressure":"98.9991628805076"},"EnqueuedTimeUtc":"2022-10-23 12:00:00","Properties":{"messagetype":"Demo"},"SystemProperties":{"connectionAuthMethod":"{\"scope\":\"device\",\"type\":\"sas\",\"issuer\":\"iothub\",\"acceptingIpFilterRule\":null}","connectionDeviceGenerationId":"638052891151821842","connectionDeviceId":"IOTDevice_1_3","contentEncoding":"utf-8","contentType":"application/json","enqueuedTime":"2022-10-23 12:00:00"}}
{"Body":{"Status":true,"Timestamp":"2022-10-23 12:00:00","vibration":"50.8953644114417"},"EnqueuedTimeUtc":"2022-10-23 12:00:00","Properties":{"messagetype":"Demo"},"SystemProperties":{"connectionAuthMethod":"{\"scope\":\"device\",\"type\":\"sas\",\"issuer\":\"iothub\",\"acceptingIpFilterRule\":null}","connectionDeviceGenerationId":"638052891151821842","connectionDeviceId":"IOTDevice_1_4","contentEncoding":"utf-8","contentType":"application/json","enqueuedTime":"2022-10-23 12:00:00"}}
{"Body":{"Status":true,"Timestamp":"2022-10-23 13:00:00","volt":"142.276186574181"},"EnqueuedTimeUtc":"2022-10-23 13:00:00","Properties":{"messagetype":"Demo"},"SystemProperties":{"connectionAuthMethod":"{\"scope\":\"device\",\"type\":\"sas\",\"issuer\":\"iothub\",\"acceptingIpFilterRule\":null}","connectionDeviceGenerationId":"638052891151821842","connectionDeviceId":"IOTDevice_1_1","contentEncoding":"utf-8","contentType":"application/json","enqueuedTime":"2022-10-23 13:00:00"}}
{"Body":{"Status":true,"Timestamp":"2022-10-23 13:00:00","rotate":"462.710051382271"},"EnqueuedTimeUtc":"2022-10-23 13:00:00","Properties":{"messagetype":"Demo"},"SystemProperties":{"connectionAuthMethod":"{\"scope\":\"device\",\"type\":\"sas\",\"issuer\":\"iothub\",\"acceptingIpFilterRule\":null}","connectionDeviceGenerationId":"638052891151821842","connectionDeviceId":"IOTDevice_1_2","contentEncoding":"utf-8","contentType":"application/json","enqueuedTime":"2022-10-23 13:00:00"}}
{"Body":{"Status":true,"Timestamp":"2022-10-23 13:00:00","pressure":"100.401946834682"},"EnqueuedTimeUtc":"2022-10-23 13:00:00","Properties":{"messagetype":"Demo"},"SystemProperties":{"connectionAuthMethod":"{\"scope\":\"device\",\"type\":\"sas\",\"issuer\":\"iothub\",\"acceptingIpFilterRule\":null}","connectionDeviceGenerationId":"638052891151821842","connectionDeviceId":"IOTDevice_1_3","contentEncoding":"utf-8","contentType":"application/json","enqueuedTime":"2022-10-23 13:00:00"}}
{"Body":{"Status":true,"Timestamp":"2022-10-23 13:00:00","vibration":"55.8642603445716"},"EnqueuedTimeUtc":"2022-10-23 13:00:00","Properties":{"messagetype":"Demo"},"SystemProperties":{"connectionAuthMethod":"{\"scope\":\"device\",\"type\":\"sas\",\"issuer\":\"iothub\",\"acceptingIpFilterRule\":null}","connectionDeviceGenerationId":"638052891151821842","connectionDeviceId":"IOTDevice_1_4","contentEncoding":"utf-8","contentType":"application/json","enqueuedTime":"2022-10-23 13:00:00"}}
{"Body":{"Status":true,"Timestamp":"2022-10-23 14:00:00","volt":"150.157614006653"},"EnqueuedTimeUtc":"2022-10-23 14:00:00","Properties":{"messagetype":"Demo"},"SystemProperties":{"connectionAuthMethod":"{\"scope\":\"device\",\"type\":\"sas\",\"issuer\":\"iothub\",\"acceptingIpFilterRule\":null}","connectionDeviceGenerationId":"638052891151821842","connectionDeviceId":"IOTDevice_1_1","contentEncoding":"utf-8","contentType":"application/json","enqueuedTime":"2022-10-23 14:00:00"}}
{"Body":{"Status":true,"Timestamp":"2022-10-23 14:00:00","rotate":"529.129744986586"},"EnqueuedTimeUtc":"2022-10-23 14:00:00","Properties":{"messagetype":"Demo"},"SystemProperties":{"connectionAuthMethod":"{\"scope\":\"device\",\"type\":\"sas\",\"issuer\":\"iothub\",\"acceptingIpFilterRule\":null}","connectionDeviceGenerationId":"638052891151821842","connectionDeviceId":"IOTDevice_1_2","contentEncoding":"utf-8","contentType":"application/json","enqueuedTime":"2022-10-23 14:00:00"}}
{"Body":{"Status":true,"Timestamp":"2022-10-23 14:00:00","pressure":"105.394067334301"},"EnqueuedTimeUtc":"2022-10-23 14:00:00","Properties":{"messagetype":"Demo"},"SystemProperties":{"connectionAuthMethod":"{\"scope\":\"device\",\"type\":\"sas\",\"issuer\":\"iothub\",\"acceptingIpFilterRule\":null}","connectionDeviceGenerationId":"638052891151821842","connectionDeviceId":"IOTDevice_1_3","contentEncoding":"utf-8","contentType":"application/json","enqueuedTime":"2022-10-23 14:00:00"}}
{"Body":{"Status":true,"Timestamp":"2022-10-23 14:00:00","vibration":"46.9105707700846"},"EnqueuedTimeUtc":"2022-10-23 14:00:00","Properties":{"messagetype":"Demo"},"SystemProperties":{"connectionAuthMethod":"{\"scope\":\"device\",\"type\":\"sas\",\"issuer\":\"iothub\",\"acceptingIpFilterRule\":null}","connectionDeviceGenerationId":"638052891151821842","connectionDeviceId":"IOTDevice_1_4","contentEncoding":"utf-8","contentType":"application/json","enqueuedTime":"2022-10-23 14:00:00"}}
