{"Body":{"Status":true,"Timestamp":"2022-10-23 15:00:00","volt":"171.23299811827"},"EnqueuedTimeUtc":"2022-10-23 15:00:00","Properties":{"messagetype":"Demo"},"SystemProperties":{"connectionAuthMethod":"{\"scope\":\"device\",\"type\":\"sas\",\"issuer\":\"iothub\",\"acceptingIpFilterRule\":null}","connectionDeviceGenerationId":"638052891151821842","connectionDeviceId":"IOTDevice_1_1","contentEncoding":"utf-8","contentType":"application/json","enqueuedTime":"2022-10-23 15:00:00"}}
{"Body":{"Status":true,"Timestamp":"2022-10-23 15:00:00","rotate":"505.292836721183"},"EnqueuedTimeUtc":"2022-10-23 15:00:00","Properties":{"messagetype":"Demo"},"SystemProperties":{"connectionAuthMethod":"{\"scope\":\"device\",\"type\":\"sas\",\"issuer\":\"iothub\",\"acceptingIpFilterRule\":null}","connectionDeviceGenerationId":"638052891151821842","connectionDeviceId":"IOTDevice_1_2","contentEncoding":"utf-8","contentType":"application/json","enqueuedTime":"2022-10-23 15:00:00"}}
{"Body":{"Status":true,"Timestamp":"2022-10-23 15:00:00","pressure":"83.549923866158"},"EnqueuedTimeUtc":"2022-10-23 15:00:00","Properties":{"messagetype":"Demo"},"SystemProperties":{"connectionAuthMethod":"{\"scope\":\"device\",\"type\":\"sas\",\"issuer\":\"iothub\",\"acceptingIpFilterRule\":null}","connectionDeviceGenerationId":"638052891151821842","connectionDeviceId":"IOTDevice_1_3","contentEncoding":"utf-8","contentType":"application/json","enqueuedTime":"2022-10-23 15:00:00"}}
{"Body":{"Status":true,"Timestamp":"2022-10-23 15:00:00","vibration":"54.7384619616881"},"EnqueuedTimeUtc":"2022-10-23 15:00:00","Properties":{"messagetype":"Demo"},"SystemProperties":{"connectionAuthMethod":"{\"scope\":\"device\",\"type\":\"sas\",\"issuer\":\"iothub\",\"acceptingIpFilterRule\":null}","connectionDeviceGenerationId":"638052891151821842","connectionDeviceId":"IOTDevice_1_4","contentEncoding":"utf-8","contentType":"application/json","enqueuedTime":"2022-10-23 15:00:00"}}
{"Body":{"Status":true,"Timestamp":"2022-10-23 16:00:00","volt":"177.198843315662"},"EnqueuedTimeUtc":"2022-10-23 16:00:00","Properties":{"messagetype":"Demo"},"SystemProperties":{"connectionAuthMethod":"{\"scope\":\"device\",\"type\":\"sas\",\"issuer\":\"iothub\",\"acceptingIpFilterRule\":null}","connectionDeviceGenerationId":"638052891151821842","connectionDeviceId":"IOTDevice_1_1","contentEncoding":"utf-8","contentType":"application/json","enqueuedTime":"2022-10-23 16:00:00"}}
{"Body":{"Status":true,"Timestamp":"2022-10-23 16:00:00","rotate":"426.246929393083"},"EnqueuedTimeUtc":"2022-10-23 16:00:00","Properties":{"messagetype":"Demo"},"SystemProperties":{"connectionAuthMethod":"{\"scope\":\"device\",\"type\":\"sas\",\"issuer\":\"iothub\",\"acceptingIpFilterRule\":null}","connectionDeviceGenerationId":"638052891151821842","connectionDeviceId":"IOTDevice_1_2","contentEncoding":"utf-8","contentType":"application/json","enqueuedTime":"2022-10-23 16:00:00"}}
{"Body":{"Status":true,"Timestamp":"2022-10-23 16:00:00","pressure":"108.186918603421"},"EnqueuedTimeUtc":"2022-10-23 16:00:00","Properties":{"messagetype":"Demo"},"SystemProperties":{"connectionAuthMethod":"{\"scope\":\"device\",\"type\":\"sas\",\"issuer\":\"iothub\",\"acceptingIpFilterRule\":null}","connectionDeviceGenerationId":"638052891151821842","connectionDeviceId":"IOTDevice_1_3","contentEncoding":"utf-8","contentType":"application/json","enqueuedTime":"2022-10-23 16:00:00"}}
{"Body":{"Status":true,"Timestamp":"2022-10-23 16:00:00","vibration":"48.3760150082363"},"EnqueuedTimeUtc":"2022-10-23 16:00:00","Properties":{"messagetype":"Demo"},"SystemProperties":{"connectionAuthMethod":"{\"scope\":\"device\",\"type\":\"sas\",\"issuer\":\"iothub\",\"acceptingIpFilterRule\":null}","connectionDeviceGenerationId":"638052891151821842","connectionDeviceId":"IOTDevice_1_4","contentEncoding":"utf-8","contentType":"application/json","enqueuedTime":"2022-10-23 16:00:00"}}
{"Body":{"Status":true,"Timestamp":"2022-10-23 17:00:00","volt":"173.908130804728"},"EnqueuedTimeUtc":"2022-10-23 17:00:00","Properties":{"messagetype":"Demo"},"SystemProperties":{"connectionAuthMethod":"{\"scope\":\"device\",\"type\":\"sas\",\"issuer\":\"iothub\",\"acceptingIpFilterRule\":null}","connectionDeviceGenerationId":"638052891151821842","connectionDeviceId":"IOTDevice_1_1","contentEncoding":"utf-8","contentType":"application/json","enqueuedTime":"2022-10-23 17:00:00"}}
{"Body":{"Status":true,"Timestamp":"2022-10-23 17:00:00","rotate":"431.624113962887"},"EnqueuedTimeUtc":"2022-10-23 17:00:00","Properties":{"messagetype":"Demo"},"SystemProperties":{"connectionAuthMethod":"{\"scope\":\"device\",\"type\":\"sas\",\"issuer\":\"iothub\",\"acceptingIpFilterRule\":null}","connectionDeviceGenerationId":"638052891151821842","connectionDeviceId":"IOTDevice_1_2","contentEncoding":"utf-8","contentType":"application/json","enqueuedTime":"2022-10-23 17:00:00"}}
{"Body":{"Status":true,"Timestamp":"2022-10-23 17:00:00","pressure":"125.111094549099"},"EnqueuedTimeUtc":"2022-10-23 17:00:00","Properties":{"messagetype":"Demo"},"SystemProperties":{"connectionAuthMethod":"{\"scope\":\"device\",\"type\":\"sas\",\"issuer\":\"iothub\",\"acceptingIpFilterRule\":null}","connectionDeviceGenerationId":"638052891151821842","connectionDeviceId":"IOTDevice_1_3","contentEncoding":"utf-8","contentType":"application/json","enqueuedTime":"2022-10-23 17:00:00"}}
{"Body":{"Status":true,"Timestamp":"2022-10-23 17:00:00","vibration":"44.2237262406865"},"EnqueuedTimeUtc":"2022-10-23 17:00:00","Properties":{"messagetype":"Demo"},"SystemProperties":{"connectionAuthMethod":"{\"scope\":\"device\",\"type\":\"sas\",\"issuer\":\"iothub\",\"acceptingIpFilterRule\":null}","connectionDeviceGenerationId":"638052891151821842","connectionDeviceId":"IOTDevice_1_4","contentEncoding":"utf-8","contentType":"application/json","enqueuedTime":"2022-10-23 17:00:00"}}
{"Body":{"Status":true,"Timestamp":"2022-10-23 18:00:00","volt":"159.877918012702"},"EnqueuedTimeUtc":"2022-10-23 18:00:00","Properties":{"messagetype":"Demo"},"SystemProperties":{"connectionAuthMethod":"{\"scope\":\"device\",\"type\":\"sas\",\"issuer\":\"iothub\",\"acceptingIpFilterRule\":null}","connectionDeviceGenerationId":"638052891151821842","connectionDeviceId":"IOTDevice_1_1","contentEncoding":"utf-8","contentType":"application/json","enqueuedTime":"2022-10-23 18:00:00"}}
{"Body":{"Status":true,"Timestamp":"2022-10-23 18:00:00","rotate":"465.609817029393"},"EnqueuedTimeUtc":"2022-10-23 18:00:00","Properties":{"messagetype":"Demo"},"SystemProperties":{"connectionAuthMethod":"{\"scope\":\"device\",\"type\":\"sas\",\"issuer\":\"iothub\",\"acceptingIpFilterRule\":null}","connectionDeviceGenerationId":"638052891151821842","connectionDeviceId":"IOTDevice_1_2","contentEncoding":"utf-8","contentType":"application/json","enqueuedTime":"2022-10-23 18:00:00"}}
{"Body":{"Status":true,"Timestamp":"2022-10-23 18:00:00","pressure":"103.243256048748"},"EnqueuedTimeUtc":"2022-10-23 18:00:00","Properties":{"messagetype":"Demo"},"SystemProperties":{"connectionAuthMethod":"{\"scope\":\"device\",\"type\":\"sas\",\"issuer\":\"iothub\",\"acceptingIpFilterRule\":null}","connectionDeviceGenerationId":"638052891151821842","connectionDeviceId":"IOTDevice_1_3","contentEncoding":"utf-8","contentType":"application/json","enqueuedTime":"2022-10-23 18:00:00"}}
{"Body":{"Status":true,"Timestamp":"2022-10-23 18:00:00","vibration":"46.4839312644073"},"EnqueuedTimeUtc":"2022-10-23 18:00:00","Properties":{"messagetype":"Demo"},"SystemProperties":{"connectionAuthMethod":"{\"scope\":\"device\",\"type\":\"sas\",\"issuer\":\"iothub\",\"acceptingIpFilterRule\":null}","connectionDeviceGenerationId":"638052891151821842","connectionDeviceId":"IOTDevice_1_4","contentEncoding":"utf-8","contentType":"application/json","enqueuedTime":"2022-10-23 18:00:00"}}
{"Body":{"Status":true,"Timestamp":"2022-10-23 19:00:00","volt":"158.496065393"},"EnqueuedTimeUtc":"2022-10-23 19:00:00","Properties":{"messagetype":"Demo"},"SystemProperties":{"connectionAuthMethod":"{\"scope\":\"device\",\"type\":\"sas\",\"issuer\":\"iothub\",\"acceptingIpFilterRule\":null}","connectionDeviceGenerationId":"638052891151821842","connectionDeviceId":"IOTDevice_1_1","contentEncoding":"utf-8","contentType":"application/json","enqueuedTime":"2022-10-23 19:00:00"}}
{"Body":{"Status":true,"Timestamp":"2022-10-23 19:00:00","rotate":"419.657776762593"},"EnqueuedTimeUtc":"2022-10-23 19:00:00","Properties":{"messagetype":"Demo"},"SystemProperties":{"connectionAuthMethod":"{\"scope\":\"device\",\"type\":\"sas\",\"issuer\":\"iothub\",\"acceptingIpFilterRule\":null}","connectionDeviceGenerationId":"638052891151821842","connectionDeviceId":"IOTDevice_1_2","contentEncoding":"utf-8","contentType":"application/json","enqueuedTime":"2022-10-23 19:00:00"}}
{"Body":{"Status":true,"Timestamp":"2022-10-23 19:00:00","pressure":"99.2425467525601"},"EnqueuedTimeUtc":"2022-10-23 19:00:00","Properties":{"messagetype":"Demo"},"SystemProperties":{"connectionAuthMethod":"{\"scope\":\"device\",\"type\":\"sas\",\"issuer\":\"iothub\",\"acceptingIpFilterRule\":null}","connectionDeviceGenerationId":"638052891151821842","connectionDeviceId":"IOTDevice_1_3","contentEncoding":"utf-8","contentType":"application/json","enqueuedTime":"2022-10-23 19:00:00"}}
{"Body":{"Status":true,"Timestamp":"2022-10-23 19:00:00","vibration":"40.8301026648292"},"EnqueuedTimeUtc":"2022-10-23 19:00:00","Properties":{"messagetype":"Demo"},"SystemProperties":{"connectionAuthMethod":"{\"scope\":\"device\",\"type\":\"sas\",\"issuer\":\"iothub\",\"acceptingIpFilterRule\":null}","connectionDeviceGenerationId":"638052891151821842","connectionDeviceId":"IOTDevice_1_4","contentEncoding":"utf-8","contentType":"application/json","enqueuedTime":"2022-10-23 19:00:00"}}
{"Body":{"Status":true,"Timestamp":"2022-10-23 20:00:00","volt":"151.467030468823"},"EnqueuedTimeUtc":"2022-10-23 20:00:00","Properties":{"messagetype":"Demo"},"SystemProperties":{"connectionAuthMethod":"{\"scope\":\"device\",\"type\":\"sas\",\"issuer\":\"iothub\",\"acceptingIpFilterRule\":null}","connectionDeviceGenerationId":"638052891151821842","connectionDeviceId":"IOTDevice_1_1","contentEncoding":"utf-8","contentType":"application/json","enqueuedTime":"2022-10-23 20:00:00"}}
{"Body":{"Status":true,"Timestamp":"2022-10-23 20:00:00","rotate":"399.008390410307"},"EnqueuedTimeUtc":"2022-10-23 20:00:00","Properties":{"messagetype":"Demo"},"SystemProperties":{"connectionAuthMethod":"{\"scope\":\"device\",\"type\":\"sas\",\"issuer\":\"iothub\",\"acceptingIpFilterRule\":null}","connectionDeviceGenerationId":"638052891151821842","connectionDeviceId":"IOTDevice_1_2","contentEncoding":"utf-8","contentType":"application/json","enqueuedTime":"2022-10-23 20:00:00"}}
{"Body":{"Status":true,"Timestamp":"2022-10-23 20:00:00","pressure":"93.773705554987"},"EnqueuedTimeUtc":"2022-10-23 20:00:00","Properties":{"messagetype":"Demo"},"SystemProperties":{"connectionAuthMethod":"{\"scope\":\"device\",\"type\":\"sas\",\"issuer\":\"iothub\",\"acceptingIpFilterRule\":null}","connectionDeviceGenerationId":"638052891151821842","connectionDeviceId":"IOTDevice_1_3","contentEncoding":"utf-8","contentType":"application/json","enqueuedTime":"2022-10-23 20:00:00"}}
{"Body":{"Status":true,"Timestamp":"2022-10-23 20:00:00","vibration":"33.1965413656388"},"EnqueuedTimeUtc":"2022-10-23 20:00:00","Properties":{"messagetype":"Demo"},"SystemProperties":{"connectionAuthMethod":"{\"scope\":\"device\",\"type\":\"sas\",\"issuer\":\"iothub\",\"acceptingIpFilterRule\":null}","connectionDeviceGenerationId":"638052891151821842","connectionDeviceId":"IOTDevice_1_4","contentEncoding":"utf-8","contentType":"application/json","enqueuedTime":"2022-10-23 20:00:00"}}
{"Body":{"Status":true,"Timestamp":"2022-10-23 21:00:00","volt":"169.642806826992"},"EnqueuedTimeUtc":"2022-10-23 21:00:00","Properties":{"messagetype":"Demo"},"SystemProperties":{"connectionAuthMethod":"{\"scope\":\"device\",\"type\":\"sas\",\"issuer\":\"iothub\",\"acceptingIpFilterRule\":null}","connectionDeviceGenerationId":"638052891151821842","connectionDeviceId":"IOTDevice_1_1","contentEncoding":"utf-8","contentType":"application/json","enqueuedTime":"2022-10-23 21:00:00"}}
{"Body":{"Status":true,"Timestamp":"2022-10-23 21:00:00","rotate":"552.097822116058"},"EnqueuedTimeUtc":"2022-10-23 21:00:00","Properties":{"messagetype":"Demo"},"SystemProperties":{"connectionAuthMethod":"{\"scope\":\"device\",\"type\":\"sas\",\"issuer\":\"iothub\",\"acceptingIpFilterRule\":null}","connectionDeviceGenerationId":"638052891151821842","connectionDeviceId":"IOTDevice_1_2","contentEncoding":"utf-8","contentType":"application/json","enqueuedTime":"2022-10-23 21:00:00"}}
{"Body":{"Status":true,"Timestamp":"2022-10-23 21:00:00","pressure":"109.344501543134"},"EnqueuedTimeUtc":"2022-10-23 21:00:00","Properties":{"messagetype":"Demo"},"SystemProperties":{"connectionAuthMethod":"{\"scope\":\"device\",\"type\":\"sas\",\"issuer\":\"iothub\",\"acceptingIpFilterRule\":null}","connectionDeviceGenerationId":"638052891151821842","connectionDeviceId":"IOTDevice_1_3","contentEncoding":"utf-8","contentType":"application/json","enqueuedTime":"2022-10-23 21:00:00"}}
{"Body":{"Status":true,"Timestamp":"2022-10-23 21:00:00","vibration":"54.7590447350556"},"EnqueuedTimeUtc":"2022-10-23 21:00:00","Properties":{"messagetype":"Demo"},"SystemProperties":{"connectionAuthMethod":"{\"scope\":\"device\",\"type\":\"sas\",\"issuer\":\"iothub\",\"acceptingIpFilterRule\":null}","connectionDeviceGenerationId":"638052891151821842","connectionDeviceId":"IOTDevice_1_4","contentEncoding":"utf-8","contentType":"application/json","enqueuedTime":"2022-10-23 21:00:00"}}
{"Body":{"Status":true,"Timestamp":"2022-10-23 22:00:00","volt":"153.907260335451"},"EnqueuedTimeUtc":"2022-10-23 22:00:00","Properties":{"messagetype":"Demo"},"SystemProperties":{"connectionAuthMethod":"{\"scope\":\"device\",\"type\":\"sas\",\"issuer\":\"iothub\",\"acceptingIpFilterRule\":null}","connectionDeviceGenerationId":"638052891151821842","connectionDeviceId":"IOTDevice_1_1","contentEncoding":"utf-8","contentType":"application/json","enqueuedTime":"2022-10-23 22:00:00"}}
{"Body":{"Status":true,"Timestamp":"2022-10-23 22:00:00","rotate":"387.213865212454"},"EnqueuedTimeUtc":"2022-10-23 22:00:00","Properties":{"messagetype":"Demo"},"SystemProperties":{"connectionAuthMethod":"{\"scope\":\"device\",\"type\":\"sas\",\"issuer\":\"iothub\",\"acceptingIpFilterRule\":null}","connectionDeviceGenerationId":"638052891151821842","connectionDeviceId":"IOTDevice_1_2","contentEncoding":"utf-8","contentType":"application/json","enqueuedTime":"2022-10-23 22:00:00"}}
{"Body":{"Status":true,"Timestamp":"2022-10-23 22:00:00","pressure":"95.0544142931818"},"EnqueuedTimeUtc":"2022-10-23 22:00:00","Properties":{"messagetype":"Demo"},"SystemProperties":{"connectionAuthMethod":"{\"scope\":\"device\",\"type\":\"sas\",\"issuer\":\"iothub\",\"acceptingIpFilterRule\":null}","connectionDeviceGenerationId":"638052891151821842","connectionDeviceId":"IOTDevice_1_3","contentEncoding":"utf-8","contentType":"application/json","enqueuedTime":"2022-10-23 22:00:00"}}
{"Body":{"Status":true,"Timestamp":"2022-10-23 22:00:00","vibration":"41.4668921026459"},"EnqueuedTimeUtc":"2022-10-23 22:00:00","Properties":{"messagetype":"Demo"},"SystemProperties":{"connectionAuthMethod":"{\"scope\":\"device\",\"type\":\"sas\",\"issuer\":\"iothub\",\"acceptingIpFilterRule\":null}","connectionDeviceGenerationId":"638052891151821842","connectionDeviceId":"IOTDevice_1_4","contentEncoding":"utf-8","contentType":"application/json","enqueuedTime":"2022-10-23 22:00:00"}}
{"Body":{"Status":true,"Timestamp":"2022-10-23 23:00:00","volt":"180.525378035773"},"EnqueuedTimeUtc":"2022-10-23 23:00:00","Properties":{"messagetype":"Demo"},"SystemProperties":{"connectionAuthMethod":"{\"scope\":\"device\",\"type\":\"sas\",\"issuer\":\"iothub\",\"acceptingIpFilterRule\":null}","connectionDeviceGenerationId":"638052891151821842","connectionDeviceId":"IOTDevice_1_1","contentEncoding":"utf-8","contentType":"application/json","enqueuedTime":"2022-10-23 23:00:00"}}
{"Body":{"Status":true,"Timestamp":"2022-10-23 23:00:00","rotate":"446.081540725976"},"EnqueuedTimeUtc":"2022-10-23 23:00:00","Properties":{"messagetype":"Demo"},"SystemProperties":{"connectionAuthMethod":"{\"scope\":\"device\",\"type\":\"sas\",\"issuer\":\"iothub\",\"acceptingIpFilterRule\":null}","connectionDeviceGenerationId":"638052891151821842","connectionDeviceId":"IOTDevice_1_2","contentEncoding":"utf-8","contentType":"application/json","enqueuedTime":"2022-10-23 23:00:00"}}
{"Body":{"Status":true,"Timestamp":"2022-10-23 23:00:00","pressure":"87.4631036073135"},"EnqueuedTimeUtc":"2022-10-23 23:00:00","Properties":{"messagetype":"Demo"},"SystemProperties":{"connectionAuthMethod":"{\"scope\":\"device\",\"type\":\"sas\",\"issuer\":\"iothub\",\"acceptingIpFilterRule\":null}","connectionDeviceGenerationId":"638052891151821842","connectionDeviceId":"IOTDevice_1_3","contentEncoding":"utf-8","contentType":"application/json","enqueuedTime":"2022-10-23 23:00:00"}}
{"Body":{"Status":true,"Timestamp":"2022-10-23 23:00:00","vibration":"50.393836757584"},"EnqueuedTimeUtc":"2022-10-23 23:00:00","Properties":{"messagetype":"Demo"},"SystemProperties":{"connectionAuthMethod":"{\"scope\":\"device\",\"type\":\"sas\",\"issuer\":\"iothub\",\"acceptingIpFilterRule\":null}","connectionDeviceGenerationId":"638052891151821842","connectionDeviceId":"IOTDevice_1_4","contentEncoding":"utf-8","contentType":"application/json","enqueuedTime":"2022-10-23 23:00:00"}}
{"Body":{"Status":true,"Timestamp":"2022-10-23 00:00:00","volt":"180.421893170191"},"EnqueuedTimeUtc":"2022-10-23 00:00:00","Properties":{"messagetype":"Demo"},"SystemProperties":{"connectionAuthMethod":"{\"scope\":\"device\",\"type\":\"sas\",\"issuer\":\"iothub\",\"acceptingIpFilterRule\":null}","connectionDeviceGenerationId":"638052891151821842","connectionDeviceId":"IOTDevice_2_1","contentEncoding":"utf-8","contentType":"application/json","enqueuedTime":"2022-10-23 00:00:00"}}
{"Body":{"Status":true,"Timestamp":"2022-10-23 00:00:00","rotate":"535.477725084118"},"EnqueuedTimeUtc":"2022-10-23 00:00:00","Properties":{"messagetype":"Demo"},"SystemProperties":{"connectionAuthMethod":"{\"scope\":\"device\",\"type\":\"sas\",\"issuer\":\"iothub\",\"acceptingIpFilterRule\":null}","connectionDeviceGenerationId":"638052891151821842","connectionDeviceId":"IOTDevice_2_2","contentEncoding":"utf-8","contentType":"application/json","enqueuedTime":"2022-10-23 00:00:00"}}
{"Body":{"Status":true,"Timestamp":"2022-10-23 00:00:00","pressure":"89.3752374320428"},"EnqueuedTimeUtc":"2022-10-23 00:00:00","Properties":{"messagetype":"Demo"},"SystemProperties":{"connectionAuthMethod":"{\"scope\":\"device\",\"type\":\"sas\",\"issuer\":\"iothub\",\"acceptingIpFilterRule\":null}","connectionDeviceGenerationId":"638052891151821842","connectionDeviceId":"IOTDevice_2_3","contentEncoding":"utf-8","contentType":"application/json","enqueuedTime":"2022-10-23 00:00:00"}}
{"Body":{"Status":true,"Timestamp":"2022-10-23 00:00:00","vibration":"40.1769820561402"},"EnqueuedTimeUtc":"2022-10-23 00:00:00","Properties":{"messagetype":"Demo"},"SystemProperties":{"connectionAuthMethod":"{\"scope\":\"device\",\"type\":\"sas\",\"issuer\":\"iothub\",\"acceptingIpFilterRule\":null}","connectionDeviceGenerationId":"638052891151821842","connectionDeviceId":"IOTDevice_2_4","contentEncoding":"utf-8","contentType":"application/json","enqueuedTime":"2022-10-23 00:00:00"}}
{"Body":{"Status":true,"Timestamp":"2022-10-23 01:00:00","volt":"171.311272156713"},"EnqueuedTimeUtc":"2022-10-23 01:00:00","Properties":{"messagetype":"Demo"},"SystemProperties":{"connectionAuthMethod":"{\"scope\":\"device\",\"type\":\"sas\",\"issuer\":\"iothub\",\"acceptingIpFilterRule\":null}","connectionDeviceGenerationId":"638052891151821842","connectionDeviceId":"IOTDevice_2_1","contentEncoding":"utf-8","contentType":"application/json","enqueuedTime":"2022-10-23 01:00:00"}}
{"Body":{"Status":true,"Timestamp":"2022-10-23 01:00:00","rotate":"558.194788822971"},"EnqueuedTimeUtc":"2022-10-23 01:00:00","Properties":{"messagetype":"Demo"},"SystemProperties":{"connectionAuthMethod":"{\"scope\":\"device\",\"type\":\"sas\",\"issuer\":\"iothub\",\"acceptingIpFilterRule\":null}","connectionDeviceGenerationId":"638052891151821842","connectionDeviceId":"IOTDevice_2_2","contentEncoding":"utf-8","contentType":"application/json","enqueuedTime":"2022-10-23 01:00:00"}}
{"Body":{"Status":true,"Timestamp":"2022-10-23 01:00:00","pressure":"107.372966366109"},"EnqueuedTimeUtc":"2022-10-23 01:00:00","Properties":{"messagetype":"Demo"},"SystemProperties":{"connectionAuthMethod":"{\"scope\":\"device\",\"type\":\"sas\",\"issuer\":\"iothub\",\"acceptingIpFilterRule\":null}","connectionDeviceGenerationId":"638052891151821842","connectionDeviceId":"IOTDevice_2_3","contentEncoding":"utf-8","contentType":"application/json","enqueuedTime":"2022-10-23 01:00:00"}}
{"Body":{"Status":true,"Timestamp":"2022-10-23 01:00:00","vibration":"39.9070252257585"},"EnqueuedTimeUtc":"2022-10-23 01:00:00","Properties":{"messagetype":"Demo"},"SystemProperties":{"connectionAuthMethod":"{\"scope\":\"device\",\"type\":\"sas\",\"issuer\":\"iothub\",\"acceptingIpFilterRule\":null}","connectionDeviceGenerationId":"638052891151821842","connectionDeviceId":"IOTDevice_2_4","contentEncoding":"utf-8","contentType":"application/json","enqueuedTime":"2022-10-23 01:00:00"}}
{"Body":{"Status":true,"Timestamp":"2022-10-23 02:00:00","volt":"170.080747645634"},"EnqueuedTimeUtc":"2022-10-23 02:00:00","Properties":{"messagetype":"Demo"},"SystemProperties":{"connectionAuthMethod":"{\"scope\":\"device\",\"type\":\"sas\",\"issuer\":\"iothub\",\"acceptingIpFilterRule\":null}","connectionDeviceGenerationId":"638052891151821842","connectionDeviceId":"IOTDevice_2_1","contentEncoding":"utf-8","contentType":"application/json","enqueuedTime":"2022-10-23 02:00:00"}}
{"Body":{"Status":true,"Timestamp":"2022-10-23 02:00:00","rotate":"377.391244523386"},"EnqueuedTimeUtc":"2022-10-23 02:00:00","Properties":{"messagetype":"Demo"},"SystemProperties":{"connectionAuthMethod":"{\"scope\":\"device\",\"type\":\"sas\",\"issuer\":\"iothub\",\"acceptingIpFilterRule\":null}","connectionDeviceGenerationId":"638052891151821842","connectionDeviceId":"IOTDevice_2_2","contentEncoding":"utf-8","contentType":"application/json","enqueuedTime":"2022-10-23 02:00:00"}}
{"Body":{"Status":true,"Timestamp":"2022-10-23 02:00:00","pressure":"105.233488650403"},"EnqueuedTimeUtc":"2022-10-23 02:00:00","Properties":{"messagetype":"Demo"},"SystemProperties":{"connectionAuthMethod":"{\"scope\":\"device\",\"type\":\"sas\",\"issuer\":\"iothub\",\"acceptingIpFilterRule\":null}","connectionDeviceGenerationId":"638052891151821842","connectionDeviceId":"IOTDevice_2_3","contentEncoding":"utf-8","contentType":"application/json","enqueuedTime":"2022-10-23 02:00:00"}}
{"Body":{"Status":true,"Timestamp":"2022-10-23 02:00:00","vibration":"37.1256504897975"},"EnqueuedTimeUtc":"2022-10-23 02:00:00","Properties":{"messagetype":"Demo"},"SystemProperties":{"connectionAuthMethod":"{\"scope\":\"device\",\"type\":\"sas\",\"issuer\":\"iothub\",\"acceptingIpFilterRule\":null}","connectionDeviceGenerationId":"638052891151821842","connectionDeviceId":"IOTDevice_2_4","contentEncoding":"utf-8","contentType":"application/json","enqueuedTime":"2022-10-23 02:00:00"}}
{"Body":{"Status":true,"Timestamp":"2022-10-23 03:00:00","volt":"160.498513477091"},"EnqueuedTimeUtc":"2022-10-23 03:00:00","Properties":{"messagetype":"Demo"},"SystemProperties":{"connectionAuthMethod":"{\"scope\":\"device\",\"type\":\"sas\",\"issuer\":\"iothub\",\"acceptingIpFilterRule\":null}","connectionDeviceGenerationId":"638052891151821842","connectionDeviceId":"IOTDevice_2_1","contentEncoding":"utf-8","contentType":"application/json","enqueuedTime":"2022-10-23 03:00:00"}}
{"Body":{"Status":true,"Timestamp":"2022-10-23 03:00:00","rotate":"493.571960350997"},"EnqueuedTimeUtc":"2022-10-23 03:00:00","Properties":{"messagetype":"Demo"},"SystemProperties":{"connectionAuthMethod":"{\"scope\":\"device\",\"type\":\"sas\",\"issuer\":\"iothub\",\"acceptingIpFilterRule\":null}","connectionDeviceGenerationId":"638052891151821842","connectionDeviceId":"IOTDevice_2_2","contentEncoding":"utf-8","contentType":"application/json","enqueuedTime":"2022-10-23 03:00:00"}}
{"Body":{"Status":true,"Timestamp":"2022-10-23 03:00:00","pressure":"104.055421745594"},"EnqueuedTimeUtc":"2022-10-23 03:00:00","Properties":{"messagetype":"Demo"},"SystemProperties":{"connectionAuthMethod":"{\"scope\":\"device\",\"type\":\"sas\",\"issuer\":\"iothub\",\"acceptingIpFilterRule\":null}","connectionDeviceGenerationId":"638052891151821842","connectionDeviceId":"IOTDevice_2_3","contentEncoding":"utf-8","contentType":"application/json","enqueuedTime":"2022-10-23 03:00:00"}}
{"Body":{"Status":true,"Timestamp":"2022-10-23 03:00:00","vibration":"37.4769460666714"},"EnqueuedTimeUtc":"2022-10-23 03:00:00","Properties":{"messagetype":"Demo"},"SystemProperties":{"connectionAuthMethod":"{\"scope\":\"device\",\"type\":\"sas\",\"issuer\":\"iothub\",\"acceptingIpFilterRule\":null}","connectionDeviceGenerationId":"638052891151821842","connectionDeviceId":"IOTDevice_2_4","contentEncoding":"utf-8","contentType":"application/json","enqueuedTime":"2022-10-23 03:00:00"}}
{"Body":{"Status":true,"Timestamp":"2022-10-23 04:00:00","volt":"164.02218821987"},"EnqueuedTimeUtc":"2022-10-23 04:00:00","Properties":{"messagetype":"Demo"},"SystemProperties":{"connectionAuthMethod":"{\"scope\":\"device\",\"type\":\"sas\",\"issuer\":\"iothub\",\"acceptingIpFilterRule\":null}","connectionDeviceGenerationId":"638052891151821842","connectionDeviceId":"IOTDevice_2_1","contentEncoding":"utf-8","contentType":"application/json","enqueuedTime":"2022-10-23 04:00:00"}}
{"Body":{"Status":true,"Timestamp":"2022-10-23 04:00:00","rotate":"451.133443805559"},"EnqueuedTimeUtc":"2022-10-23 04:00:00","Properties":{"messagetype":"Demo"},"SystemProperties":{"connectionAuthMethod":"{\"scope\":\"device\",\"type\":\"sas\",\"issuer\":\"iothub\",\"acceptingIpFilterRule\":null}","connectionDeviceGenerationId":"638052891151821842","connectionDeviceId":"IOTDevice_2_2","contentEncoding":"utf-8","contentType":"application/json","enqueuedTime":"2022-10-23 04:00:00"}}
{"Body":{"Status":true,"Timestamp":"2022-10-23 04:00:00","pressure":"87.9583571678954"},"EnqueuedTimeUtc":"2022-10-23 04:00:00","Properties":{"messagetype":"Demo"},"SystemProperties":{"connectionAuthMethod":"{\"scope\":\"device\",\"type\":\"sas\",\"issuer\":\"iothub\",\"acceptingIpFilterRule\":null}","connectionDeviceGenerationId":"638052891151821842","connectionDeviceId":"IOTDevice_2_3","contentEncoding":"utf-8","contentType":"application/json","enqueuedTime":"2022-10-23 04:00:00"}}
{"Body":{"Status":true,"Timestamp":"2022-10-23 04:00:00","vibration":"34.6806412752867"},"EnqueuedTimeUtc":"2022-10-23 04:00:00","Properties":{"messagetype":"Demo"},"SystemProperties":{"connectionAuthMethod":"{\"scope\":\"device\",\"type\":\"sas\",\"issuer\":\"iothub\",\"acceptingIpFilterRule\":null}","connectionDeviceGenerationId":"638052891151821842","connectionDeviceId":"IOTDevice_2_4","contentEncoding":"utf-8","contentType":"application/json","enqueuedTime":"2022-10-23 04:00:00"}}
{"Body":{"Status":true,"Timestamp":"2022-10-23 05:00:00","volt":"176.028272932218"},"EnqueuedTimeUtc":"2022-10-23 05:00:00","Properties":{"messagetype":"Demo"},"SystemProperties":{"connectionAuthMethod":"{\"scope\":\"device\",\"type\":\"sas\",\"issuer\":\"iothub\",\"acceptingIpFilterRule\":null}","connectionDeviceGenerationId":"638052891151821842","connectionDeviceId":"IOTDevice_2_1","contentEncoding":"utf-8","contentType":"application/json","enqueuedTime":"2022-10-23 05:00:00"}}
{"Body":{"Status":true,"Timestamp":"2022-10-23 05:00:00","rotate":"489.642795585266"},"EnqueuedTimeUtc":"2022-10-23 05:00:00","Properties":{"messagetype":"Demo"},"SystemProperties":{"connectionAuthMethod":"{\"scope\":\"device\",\"type\":\"sas\",\"issuer\":\"iothub\",\"acceptingIpFilterRule\":null}","connectionDeviceGenerationId":"638052891151821842","connectionDeviceId":"IOTDevice_2_2","contentEncoding":"utf-8","contentType":"application/json","enqueuedTime":"2022-10-23 05:00:00"}}
{"Body":{"Status":true,"Timestamp":"2022-10-23 05:00:00","pressure":"111.780888570637"},"EnqueuedTimeUtc":"2022-10-23 05:00:00","Properties":{"messagetype":"Demo"},"SystemProperties":{"connectionAuthMethod":"{\"scope\":\"device\",\"type\":\"sas\",\"issuer\":\"iothub\",\"acceptingIpFilterRule\":null}","connectionDeviceGenerationId":"638052891151821842","connectionDeviceId":"IOTDevice_2_3","contentEncoding":"utf-8","contentType":"application/json","enqueuedTime":"2022-10-23 05:00:00"}}
{"Body":{"Status":true,"Timestamp":"2022-10-23 05:00:00","vibration":"35.9173287206871"},"EnqueuedTimeUtc":"2022-10-23 05:00:00","Properties":{"messagetype":"Demo"},"SystemProperties":{"connectionAuthMethod":"{\"scope\":\"device\",\"type\":\"sas\",\"issuer\":\"iothub\",\"acceptingIpFilterRule\":null}","connectionDeviceGenerationId":"638052891151821842","connectionDeviceId":"IOTDevice_2_4","contentEncoding":"utf-8","contentType":"application/json","enqueuedTime":"2022-10-23 05:00:00"}}
