{"Body":{"Status":true,"Timestamp":"2022-10-01 12:00:00","volt":"188.046735476862"},"EnqueuedTimeUtc":"2022-10-01 12:00:00","Properties":{"messagetype":"Demo"},"SystemProperties":{"connectionAuthMethod":"{\"scope\":\"device\",\"type\":\"sas\",\"issuer\":\"iothub\",\"acceptingIpFilterRule\":null}","connectionDeviceGenerationId":"638052891151821842","connectionDeviceId":"IOTDevice_3_1","contentEncoding":"utf-8","contentType":"application/json","enqueuedTime":"2022-10-01 12:00:00"}}
{"Body":{"Status":true,"Timestamp":"2022-10-01 12:00:00","rotate":"419.793990188368"},"EnqueuedTimeUtc":"2022-10-01 12:00:00","Properties":{"messagetype":"Demo"},"SystemProperties":{"connectionAuthMethod":"{\"scope\":\"device\",\"type\":\"sas\",\"issuer\":\"iothub\",\"acceptingIpFilterRule\":null}","connectionDeviceGenerationId":"638052891151821842","connectionDeviceId":"IOTDevice_3_2","contentEncoding":"utf-8","contentType":"application/json","enqueuedTime":"2022-10-01 12:00:00"}}
{"Body":{"Status":true,"Timestamp":"2022-10-01 12:00:00","pressure":"99.7723605103547"},"EnqueuedTimeUtc":"2022-10-01 12:00:00","Properties":{"messagetype":"Demo"},"SystemProperties":{"connectionAuthMethod":"{\"scope\":\"device\",\"type\":\"sas\",\"issuer\":\"iothub\",\"acceptingIpFilterRule\":null}","connectionDeviceGenerationId":"638052891151821842","connectionDeviceId":"IOTDevice_3_3","contentEncoding":"utf-8","contentType":"application/json","enqueuedTime":"2022-10-01 12:00:00"}}
{"Body":{"Status":true,"Timestamp":"2022-10-01 12:00:00","vibration":"51.4030463081252"},"EnqueuedTimeUtc":"2022-10-01 12:00:00","Properties":{"messagetype":"Demo"},"SystemProperties":{"connectionAuthMethod":"{\"scope\":\"device\",\"type\":\"sas\",\"issuer\":\"iothub\",\"acceptingIpFilterRule\":null}","connectionDeviceGenerationId":"638052891151821842","connectionDeviceId":"IOTDevice_3_4","contentEncoding":"utf-8","contentType":"application/json","enqueuedTime":"2022-10-01 12:00:00"}}
{"Body":{"Status":true,"Timestamp":"2022-10-01 13:00:00","volt":"186.266975495883"},"EnqueuedTimeUtc":"2022-10-01 13:00:00","Properties":{"messagetype":"Demo"},"SystemProperties":{"connectionAuthMethod":"{\"scope\":\"device\",\"type\":\"sas\",\"issuer\":\"iothub\",\"acceptingIpFilterRule\":null}","connectionDeviceGenerationId":"638052891151821842","connectionDeviceId":"IOTDevice_3_1","contentEncoding":"utf-8","contentType":"application/json","enqueuedTime":"2022-10-01 13:00:00"}}
{"Body":{"Status":true,"Timestamp":"2022-10-01 13:00:00","rotate":"530.807667304517"},"EnqueuedTimeUtc":"2022-10-01 13:00:00","Properties":{"messagetype":"Demo"},"SystemProperties":{"connectionAuthMethod":"{\"scope\":\"device\",\"type\":\"sas\",\"issuer\":\"iothub\",\"acceptingIpFilterRule\":null}","connectionDeviceGenerationId":"638052891151821842","connectionDeviceId":"IOTDevice_3_2","contentEncoding":"utf-8","contentType":"application/json","enqueuedTime":"2022-10-01 13:00:00"}}
{"Body":{"Status":true,"Timestamp":"2022-10-01 13:00:00","pressure":"93.5177664010697"},"EnqueuedTimeUtc":"2022-10-01 13:00:00","Properties":{"messagetype":"Demo"},"SystemProperties":{"connectionAuthMethod":"{\"scope\":\"device\",\"type\":\"sas\",\"issuer\":\"iothub\",\"acceptingIpFilterRule\":null}","connectionDeviceGenerationId":"638052891151821842","connectionDeviceId":"IOTDevice_3_3","contentEncoding":"utf-8","contentType":"application/json","enqueuedTime":"2022-10-01 13:00:00"}}
{"Body":{"Status":true,"Timestamp":"2022-10-01 13:00:00","vibration":"47.3732026749098"},"EnqueuedTimeUtc":"2022-10-01 13:00:00","Properties":{"messagetype":"Demo"},"SystemProperties":{"connectionAuthMethod":"{\"scope\":\"device\",\"type\":\"sas\",\"issuer\":\"iothub\",\"acceptingIpFilterRule\":null}","connectionDeviceGenerationId":"638052891151821842","connectionDeviceId":"IOTDevice_3_4","contentEncoding":"utf-8","contentType":"application/json","enqueuedTime":"2022-10-01 13:00:00"}}
{"Body":{"Status":true,"Timestamp":"2022-10-01 14:00:00","volt":"177.646845341343"},"EnqueuedTimeUtc":"2022-10-01 14:00:00","Properties":{"messagetype":"Demo"},"SystemProperties":{"connectionAuthMethod":"{\"scope\":\"device\",\"type\":\"sas\",\"issuer\":\"iothub\",\"acceptingIpFilterRule\":null}","connectionDeviceGenerationId":"638052891151821842","connectionDeviceId":"IOTDevice_3_1","contentEncoding":"utf-8","contentType":"application/json","enqueuedTime":"2022-10-01 14:00:00"}}
{"Body":{"Status":true,"Timestamp":"2022-10-01 14:00:00","rotate":"566.043558474441"},"EnqueuedTimeUtc":"2022-10-01 14:00:00","Properties":{"messagetype":"Demo"},"SystemProperties":{"connectionAuthMethod":"{\"scope\":\"device\",\"type\":\"sas\",\"issuer\":\"iothub\",\"acceptingIpFilterRule\":null}","connectionDeviceGenerationId":"638052891151821842","connectionDeviceId":"IOTDevice_3_2","contentEncoding":"utf-8","contentType":"application/json","enqueuedTime":"2022-10-01 14:00:00"}}
{"Body":{"Status":true,"Timestamp":"2022-10-01 14:00:00","pressure":"83.8633289648515"},"EnqueuedTimeUtc":"2022-10-01 14:00:00","Properties":{"messagetype":"Demo"},"SystemProperties":{"connectionAuthMethod":"{\"scope\":\"device\",\"type\":\"sas\",\"issuer\":\"iothub\",\"acceptingIpFilterRule\":null}","connectionDeviceGenerationId":"638052891151821842","connectionDeviceId":"IOTDevice_3_3","contentEncoding":"utf-8","contentType":"application/json","enqueuedTime":"2022-10-01 14:00:00"}}
{"Body":{"Status":true,"Timestamp":"2022-10-01 14:00:00","vibration":"45.1867217682437"},"EnqueuedTimeUtc":"2022-10-01 14:00:00","Properties":{"messagetype":"Demo"},"SystemProperties":{"connectionAuthMethod":"{\"scope\":\"device\",\"type\":\"sas\",\"issuer\":\"iothub\",\"acceptingIpFilterRule\":null}","connectionDeviceGenerationId":"638052891151821842","connectionDeviceId":"IOTDevice_3_4","contentEncoding":"utf-8","contentType":"application/json","enqueuedTime":"2022-10-01 14:00:00"}}
{"Body":{"Status":true,"Timestamp":"2022-10-01 15:00:00","volt":"161.318834660003"},"EnqueuedTimeUtc":"2022-10-01 15:00:00","Properties":{"messagetype":"Demo"},"SystemProperties":{"connectionAuthMethod":"{\"scope\":\"device\",\"type\":\"sas\",\"issuer\":\"iothub\",\"acceptingIpFilterRule\":null}","connectionDeviceGenerationId":"638052891151821842","connectionDeviceId":"IOTDevice_3_1","contentEncoding":"utf-8","contentType":"application/json","enqueuedTime":"2022-10-01 15:00:00"}}
{"Body":{"Status":true,"Timestamp":"2022-10-01 15:00:00","rotate":"444.471050014495"},"EnqueuedTimeUtc":"2022-10-01 15:00:00","Properties":{"messagetype":"Demo"},"SystemProperties":{"connectionAuthMethod":"{\"scope\":\"device\",\"type\":\"sas\",\"issuer\":\"iothub\",\"acceptingIpFilterRule\":null}","connectionDeviceGenerationId":"638052891151821842","connectionDeviceId":"IOTDevice_3_2","contentEncoding":"utf-8","contentType":"application/json","enqueuedTime":"2022-10-01 15:00:00"}}
{"Body":{"Status":true,"Timestamp":"2022-10-01 15:00:00","pressure":"105.561788648596"},"EnqueuedTimeUtc":"2022-10-01 15:00:00","Properties":{"messagetype":"Demo"},"SystemProperties":{"connectionAuthMethod":"{\"scope\":\"device\",\"type\":\"sas\",\"issuer\":\"iothub\",\"acceptingIpFilterRule\":null}","connectionDeviceGenerationId":"638052891151821842","connectionDeviceId":"IOTDevice_3_3","contentEncoding":"utf-8","contentType":"application/json","enqueuedTime":"2022-10-01 15:00:00"}}
{"Body":{"Status":true,"Timestamp":"2022-10-01 15:00:00","vibration":"54.3537265169405"},"EnqueuedTimeUtc":"2022-10-01 15:00:00","Properties":{"messagetype":"Demo"},"SystemProperties":{"connectionAuthMethod":"{\"scope\":\"device\",\"type\":\"sas\",\"issuer\":\"iothub\",\"acceptingIpFilterRule\":null}","connectionDeviceGenerationId":"638052891151821842","connectionDeviceId":"IOTDevice_3_4","contentEncoding":"utf-8","contentType":"application/json","enqueuedTime":"2022-10-01 15:00:00"}}
{"Body":{"Status":true,"Timestamp":"2022-10-01 16:00:00","volt":"139.730308006606"},"EnqueuedTimeUtc":"2022-10-01 16:00:00","Properties":{"messagetype":"Demo"},"SystemProperties":{"connectionAuthMethod":"{\"scope\":\"device\",\"type\":\"sas\",\"issuer\":\"iothub\",\"acceptingIpFilterRule\":null}","connectionDeviceGenerationId":"638052891151821842","connectionDeviceId":"IOTDevice_3_1","contentEncoding":"utf-8","contentType":"application/json","enqueuedTime":"2022-10-01 16:00:00"}}
{"Body":{"Status":true,"Timestamp":"2022-10-01 16:00:00","rotate":"485.662328854159"},"EnqueuedTimeUtc":"2022-10-01 16:00:00","Properties":{"messagetype":"Demo"},"SystemProperties":{"connectionAuthMethod":"{\"scope\":\"device\",\"type\":\"sas\",\"issuer\":\"iothub\",\"acceptingIpFilterRule\":null}","connectionDeviceGenerationId":"638052891151821842","connectionDeviceId":"IOTDevice_3_2","contentEncoding":"utf-8","contentType":"application/json","enqueuedTime":"2022-10-01 16:00:00"}}
{"Body":{"Status":true,"Timestamp":"2022-10-01 16:00:00","pressure":"106.309624631464"},"EnqueuedTimeUtc":"2022-10-01 16:00:00","Properties":{"messagetype":"Demo"},"SystemProperties":{"connectionAuthMethod":"{\"scope\":\"device\",\"type\":\"sas\",\"issuer\":\"iothub\",\"acceptingIpFilterRule\":null}","connectionDeviceGenerationId":"638052891151821842","connectionDeviceId":"IOTDevice_3_3","contentEncoding":"utf-8","contentType":"application/json","enqueuedTime":"2022-10-01 16:00:00"}}
{"Body":{"Status":true,"Timestamp":"2022-10-01 16:00:00","vibration":"49.2435727357216"},"EnqueuedTimeUtc":"2022-10-01 16:00:00","Properties":{"messagetype":"Demo"},"SystemProperties":{"connectionAuthMethod":"{\"scope\":\"device\",\"type\":\"sas\",\"issuer\":\"iothub\",\"acceptingIpFilterRule\":null}","connectionDeviceGenerationId":"638052891151821842","connectionDeviceId":"IOTDevice_3_4","contentEncoding":"utf-8","contentType":"application/json","enqueuedTime":"2022-10-01 16:00:00"}}
{"Body":{"Status":true,"Timestamp":"2022-10-01 17:00:00","volt":"174.573701673587"},"EnqueuedTimeUtc":"2022-10-01 17:00:00","Properties":{"messagetype":"Demo"},"SystemProperties":{"connectionAuthMethod":"{\"scope\":\"device\",\"type\":\"sas\",\"issuer\":\"iothub\",\"acceptingIpFilterRule\":null}","connectionDeviceGenerationId":"638052891151821842","connectionDeviceId":"IOTDevice_3_1","contentEncoding":"utf-8","contentType":"application/json","enqueuedTime":"2022-10-01 17:00:00"}}
{"Body":{"Status":true,"Timestamp":"2022-10-01 17:00:00","rotate":"417.600921656718"},"EnqueuedTimeUtc":"2022-10-01 17:00:00","Properties":{"messagetype":"Demo"},"SystemProperties":{"connectionAuthMethod":"{\"scope\":\"device\",\"type\":\"sas\",\"issuer\":\"iothub\",\"acceptingIpFilterRule\":null}","connectionDeviceGenerationId":"638052891151821842","connectionDeviceId":"IOTDevice_3_2","contentEncoding":"utf-8","contentType":"application/json","enqueuedTime":"2022-10-01 17:00:00"}}
{"Body":{"Status":true,"Timestamp":"2022-10-01 17:00:00","pressure":"108.130230552139"},"EnqueuedTimeUtc":"2022-10-01 17:00:00","Properties":{"messagetype":"Demo"},"SystemProperties":{"connectionAuthMethod":"{\"scope\":\"device\",\"type\":\"sas\",\"issuer\":\"iothub\",\"acceptingIpFilterRule\":null}","connectionDeviceGenerationId":"638052891151821842","connectionDeviceId":"IOTDevice_3_3","contentEncoding":"utf-8","contentType":"application/json","enqueuedTime":"2022-10-01 17:00:00"}}
{"Body":{"Status":true,"Timestamp":"2022-10-01 17:00:00","vibration":"56.419299237066"},"EnqueuedTimeUtc":"2022-10-01 17:00:00","Properties":{"messagetype":"Demo"},"SystemProperties":{"connectionAuthMethod":"{\"scope\":\"device\",\"type\":\"sas\",\"issuer\":\"iothub\",\"acceptingIpFilterRule\":null}","connectionDeviceGenerationId":"638052891151821842","connectionDeviceId":"IOTDevice_3_4","contentEncoding":"utf-8","contentType":"application/json","enqueuedTime":"2022-10-01 17:00:00"}}
{"Body":{"Status":true,"Timestamp":"2022-10-01 18:00:00","volt":"172.948014067656"},"EnqueuedTimeUtc":"2022-10-01 18:00:00","Properties":{"messagetype":"Demo"},"SystemProperties":{"connectionAuthMethod":"{\"scope\":\"device\",\"type\":\"sas\",\"issuer\":\"iothub\",\"acceptingIpFilterRule\":null}","connectionDeviceGenerationId":"638052891151821842","connectionDeviceId":"IOTDevice_3_1","contentEncoding":"utf-8","contentType":"application/json","enqueuedTime":"2022-10-01 18:00:00"}}
{"Body":{"Status":true,"Timestamp":"2022-10-01 18:00:00","rotate":"448.221731447549"},"EnqueuedTimeUtc":"2022-10-01 18:00:00","Properties":{"messagetype":"Demo"},"SystemProperties":{"connectionAuthMethod":"{\"scope\":\"device\",\"type\":\"sas\",\"issuer\":\"iothub\",\"acceptingIpFilterRule\":null}","connectionDeviceGenerationId":"638052891151821842","connectionDeviceId":"IOTDevice_3_2","contentEncoding":"utf-8","contentType":"application/json","enqueuedTime":"2022-10-01 18:00:00"}}
{"Body":{"Status":true,"Timestamp":"2022-10-01 18:00:00","pressure":"94.6112456572625"},"EnqueuedTimeUtc":"2022-10-01 18:00:00","Properties":{"messagetype":"Demo"},"SystemProperties":{"connectionAuthMethod":"{\"scope\":\"device\",\"type\":\"sas\",\"issuer\":\"iothub\",\"acceptingIpFilterRule\":null}","connectionDeviceGenerationId":"638052891151821842","connectionDeviceId":"IOTDevice_3_3","contentEncoding":"utf-8","contentType":"application/json","enqueuedTime":"2022-10-01 18:00:00"}}
{"Body":{"Status":true,"Timestamp":"2022-10-01 18:00:00","vibration":"57.6358876056294"},"EnqueuedTimeUtc":"2022-10-01 18:00:00","Properties":{"messagetype":"Demo"},"SystemProperties":{"connectionAuthMethod":"{\"scope\":\"device\",\"type\":\"sas\",\"issuer\":\"iothub\",\"acceptingIpFilterRule\":null}","connectionDeviceGenerationId":"638052891151821842","connectionDeviceId":"IOTDevice_3_4","contentEncoding":"utf-8","contentType":"application/json","enqueuedTime":"2022-10-01 18:00:00"}}
{"Body":{"Status":true,"Timestamp":"2022-10-01 19:00:00","volt":"180.362117360851"},"EnqueuedTimeUtc":"2022-10-01 19:00:00","Properties":{"messagetype":"Demo"},"SystemProperties":{"connectionAuthMethod":"{\"scope\":\"device\",\"type\":\"sas\",\"issuer\":\"iothub\",\"acceptingIpFilterRule\":null}","connectionDeviceGenerationId":"638052891151821842","connectionDeviceId":"IOTDevice_3_1","contentEncoding":"utf-8","contentType":"application/json","enqueuedTime":"2022-10-01 19:00:00"}}
{"Body":{"Status":true,"Timestamp":"2022-10-01 19:00:00","rotate":"412.931613720433"},"EnqueuedTimeUtc":"2022-10-01 19:00:00","Properties":{"messagetype":"Demo"},"SystemProperties":{"connectionAuthMethod":"{\"scope\":\"device\",\"type\":\"sas\",\"issuer\":\"iothub\",\"acceptingIpFilterRule\":null}","connectionDeviceGenerationId":"638052891151821842","connectionDeviceId":"IOTDevice_3_2","contentEncoding":"utf-8","contentType":"application/json","enqueuedTime":"2022-10-01 19:00:00"}}
{"Body":{"Status":true,"Timestamp":"2022-10-01 19:00:00","pressure":"85.9480467983592"},"EnqueuedTimeUtc":"2022-10-01 19:00:00","Properties":{"messagetype":"Demo"},"SystemProperties":{"connectionAuthMethod":"{\"scope\":\"device\",\"type\":\"sas\",\"issuer\":\"iothub\",\"acceptingIpFilterRule\":null}","connectionDeviceGenerationId":"638052891151821842","connectionDeviceId":"IOTDevice_3_3","contentEncoding":"utf-8","contentType":"application/json","enqueuedTime":"2022-10-01 19:00:00"}}
{"Body":{"Status":true,"Timestamp":"2022-10-01 19:00:00","vibration":"49.6877933649063"},"EnqueuedTimeUtc":"2022-10-01 19:00:00","Properties":{"messagetype":"Demo"},"SystemProperties":{"connectionAuthMethod":"{\"scope\":\"device\",\"type\":\"sas\",\"issuer\":\"iothub\",\"acceptingIpFilterRule\":null}","connectionDeviceGenerationId":"638052891151821842","connectionDeviceId":"IOTDevice_3_4","contentEncoding":"utf-8","contentType":"application/json","enqueuedTime":"2022-10-01 19:00:00"}}
{"Body":{"Status":true,"Timestamp":"2022-10-01 20:00:00","volt":"150.386103762256"},"EnqueuedTimeUtc":"2022-10-01 20:00:00","Properties":{"messagetype":"Demo"},"SystemProperties":{"connectionAuthMethod":"{\"scope\":\"device\",\"type\":\"sas\",\"issuer\":\"iothub\",\"acceptingIpFilterRule\":null}","connectionDeviceGenerationId":"638052891151821842","connectionDeviceId":"IOTDevice_3_1","contentEncoding":"utf-8","contentType":"application/json","enqueuedTime":"2022-10-01 20:00:00"}}
{"Body":{"Status":true,"Timestamp":"2022-10-01 20:00:00","rotate":"389.662804194454"},"EnqueuedTimeUtc":"2022-10-01 20:00:00","Properties":{"messagetype":"Demo"},"SystemProperties":{"connectionAuthMethod":"{\"scope\":\"device\",\"type\":\"sas\",\"issuer\":\"iothub\",\"acceptingIpFilterRule\":null}","connectionDeviceGenerationId":"638052891151821842","connectionDeviceId":"IOTDevice_3_2","contentEncoding":"utf-8","contentType":"application/json","enqueuedTime":"2022-10-01 20:00:00"}}
{"Body":{"Status":true,"Timestamp":"2022-10-01 20:00:00","pressure":"91.6726941533225"},"EnqueuedTimeUtc":"2022-10-01 20:00:00","Properties":{"messagetype":"Demo"},"SystemProperties":{"connectionAuthMethod":"{\"scope\":\"device\",\"type\":\"sas\",\"issuer\":\"iothub\",\"acceptingIpFilterRule\":null}","connectionDeviceGenerationId":"638052891151821842","connectionDeviceId":"IOTDevice_3_3","contentEncoding":"utf-8","contentType":"application/json","enqueuedTime":"2022-10-01 20:00:00"}}
{"Body":{"Status":true,"Timestamp":"2022-10-01 20:00:00","vibration":"47.8261602652073"},"EnqueuedTimeUtc":"2022-10-01 20:00:00","Properties":{"messagetype":"Demo"},"SystemProperties":{"connectionAuthMethod":"{\"scope\":\"device\",\"type\":\"sas\",\"issuer\":\"iothub\",\"acceptingIpFilterRule\":null}","connectionDeviceGenerationId":"638052891151821842","connectionDeviceId":"IOTDevice_3_4","contentEncoding":"utf-8","contentType":"application/json","enqueuedTime":"2022-10-01 20:00:00"}}
{"Body":{"Status":true,"Timestamp":"2022-10-01 21:00:00","volt":"168.609216314534"},"EnqueuedTimeUtc":"2022-10-01 21:00:00","Properties":{"messagetype":"Demo"},"SystemProperties":{"connectionAuthMethod":"{\"scope\":\"device\",\"type\":\"sas\",\"issuer\":\"iothub\",\"acceptingIpFilterRule\":null}","connectionDeviceGenerationId":"638052891151821842","connectionDeviceId":"IOTDevice_3_1","contentEncoding":"utf-8","contentType":"application/json","enqueuedTime":"2022-10-01 21:00:00"}}
{"Body":{"Status":true,"Timestamp":"2022-10-01 21:00:00","rotate":"403.171937813834"},"EnqueuedTimeUtc":"2022-10-01 21:00:00","Properties":{"messagetype":"Demo"},"SystemProperties":{"connectionAuthMethod":"{\"scope\":\"device\",\"type\":\"sas\",\"issuer\":\"iothub\",\"acceptingIpFilterRule\":null}","connectionDeviceGenerationId":"638052891151821842","connectionDeviceId":"IOTDevice_3_2","contentEncoding":"utf-8","contentType":"application/json","enqueuedTime":"2022-10-01 21:00:00"}}
{"Body":{"Status":true,"Timestamp":"2022-10-01 21:00:00","pressure":"97.8019265971431"},"EnqueuedTimeUtc":"2022-10-01 21:00:00","Properties":{"messagetype":"Demo"},"SystemProperties":{"connectionAuthMethod":"{\"scope\":\"device\",\"type\":\"sas\",\"issuer\":\"iothub\",\"acceptingIpFilterRule\":null}","connectionDeviceGenerationId":"638052891151821842","connectionDeviceId":"IOTDevice_3_3","contentEncoding":"utf-8","contentType":"application/json","enqueuedTime":"2022-10-01 21:00:00"}}
{"Body":{"Status":true,"Timestamp":"2022-10-01 21:00:00","vibration":"44.206698541631"},"EnqueuedTimeUtc":"2022-10-01 21:00:00","Properties":{"messagetype":"Demo"},"SystemProperties":{"connectionAuthMethod":"{\"scope\":\"device\",\"type\":\"sas\",\"issuer\":\"iothub\",\"acceptingIpFilterRule\":null}","connectionDeviceGenerationId":"638052891151821842","connectionDeviceId":"IOTDevice_3_4","contentEncoding":"utf-8","contentType":"application/json","enqueuedTime":"2022-10-01 21:00:00"}}
{"Body":{"Status":true,"Timestamp":"2022-10-01 22:00:00","volt":"178.764263491962"},"EnqueuedTimeUtc":"2022-10-01 22:00:00","Properties":{"messagetype":"Demo"},"SystemProperties":{"connectionAuthMethod":"{\"scope\":\"device\",\"type\":\"sas\",\"issuer\":\"iothub\",\"acceptingIpFilterRule\":null}","connectionDeviceGenerationId":"638052891151821842","connectionDeviceId":"IOTDevice_3_1","contentEncoding":"utf-8","contentType":"application/json","enqueuedTime":"2022-10-01 22:00:00"}}
{"Body":{"Status":true,"Timestamp":"2022-10-01 22:00:00","rotate":"456.970199997208"},"EnqueuedTimeUtc":"2022-10-01 22:00:00","Properties":{"messagetype":"Demo"},"SystemProperties":{"connectionAuthMethod":"{\"scope\":\"device\",\"type\":\"sas\",\"issuer\":\"iothub\",\"acceptingIpFilterRule\":null}","connectionDeviceGenerationId":"638052891151821842","connectionDeviceId":"IOTDevice_3_2","contentEncoding":"utf-8","contentType":"application/json","enqueuedTime":"2022-10-01 22:00:00"}}
{"Body":{"Status":true,"Timestamp":"2022-10-01 22:00:00","pressure":"79.8014558562992"},"EnqueuedTimeUtc":"2022-10-01 22:00:00","Properties":{"messagetype":"Demo"},"SystemProperties":{"connectionAuthMethod":"{\"scope\":\"device\",\"type\":\"sas\",\"issuer\":\"iothub\",\"acceptingIpFilterRule\":null}","connectionDeviceGenerationId":"638052891151821842","connectionDeviceId":"IOTDevice_3_3","contentEncoding":"utf-8","contentType":"application/json","enqueuedTime":"2022-10-01 22:00:00"}}
{"Body":{"Status":true,"Timestamp":"2022-10-01 22:00:00","vibration":"51.8809259449312"},"EnqueuedTimeUtc":"2022-10-01 22:00:00","Properties":{"messagetype":"Demo"},"SystemProperties":{"connectionAuthMethod":"{\"scope\":\"device\",\"type\":\"sas\",\"issuer\":\"iothub\",\"acceptingIpFilterRule\":null}","connectionDeviceGenerationId":"638052891151821842","connectionDeviceId":"IOTDevice_3_4","contentEncoding":"utf-8","contentType":"application/json","enqueuedTime":"2022-10-01 22:00:00"}}
{"Body":{"Status":true,"Timestamp":"2022-10-01 23:00:00","volt":"183.381248628008"},"EnqueuedTimeUtc":"2022-10-01 23:00:00","Properties":{"messagetype":"Demo"},"SystemProperties":{"connectionAuthMethod":"{\"scope\":\"device\",\"type\":\"sas\",\"issuer\":\"iothub\",\"acceptingIpFilterRule\":null}","connectionDeviceGenerationId":"638052891151821842","connectionDeviceId":"IOTDevice_3_1","contentEncoding":"utf-8","contentType":"application/json","enqueuedTime":"2022-10-01 23:00:00"}}
{"Body":{"Status":true,"Timestamp":"2022-10-01 23:00:00","rotate":"348.592216079745"},"EnqueuedTimeUtc":"2022-10-01 23:00:00","Properties":{"messagetype":"Demo"},"SystemProperties":{"connectionAuthMethod":"{\"scope\":\"device\",\"type\":\"sas\",\"issuer\":\"iothub\",\"acceptingIpFilterRule\":null}","connectionDeviceGenerationId":"638052891151821842","connectionDeviceId":"IOTDevice_3_2","contentEncoding":"utf-8","contentType":"application/json","enqueuedTime":"2022-10-01 23:00:00"}}
{"Body":{"Status":true,"Timestamp":"2022-10-01 23:00:00","pressure":"101.710056363676"},"EnqueuedTimeUtc":"2022-10-01 23:00:00","Properties":{"messagetype":"Demo"},"SystemProperties":{"connectionAuthMethod":"{\"scope\":\"device\",\"type\":\"sas\",\"issuer\":\"iothub\",\"acceptingIpFilterRule\":null}","connectionDeviceGenerationId":"638052891151821842","connectionDeviceId":"IOTDevice_3_3","contentEncoding":"utf-8","contentType":"application/json","enqueuedTime":"2022-10-01 23:00:00"}}
{"Body":{"Status":true,"Timestamp":"2022-10-01 23:00:00","vibration":"42.1597615989045"},"EnqueuedTimeUtc":"2022-10-01 23:00:00","Properties":{"messagetype":"Demo"},"SystemProperties":{"connectionAuthMethod":"{\"scope\":\"device\",\"type\":\"sas\",\"issuer\":\"iothub\",\"acceptingIpFilterRule\":null}","connectionDeviceGenerationId":"638052891151821842","connectionDeviceId":"IOTDevice_3_4","contentEncoding":"utf-8","contentType":"application/json","enqueuedTime":"2022-10-01 23:00:00"}}
{"Body":{"Status":true,"Timestamp":"2022-10-01 00:00:00","volt":"140.984125102484"},"EnqueuedTimeUtc":"2022-10-01 00:00:00","Properties":{"messagetype":"Demo"},"SystemProperties":{"connectionAuthMethod":"{\"scope\":\"device\",\"type\":\"sas\",\"issuer\":\"iothub\",\"acceptingIpFilterRule\":null}","connectionDeviceGenerationId":"638052891151821842","connectionDeviceId":"IOTDevice_4_1","contentEncoding":"utf-8","contentType":"application/json","enqueuedTime":"2022-10-01 00:00:00"}}
{"Body":{"Status":true,"Timestamp":"2022-10-01 00:00:00","rotate":"484.151268564215"},"EnqueuedTimeUtc":"2022-10-01 00:00:00","Properties":{"messagetype":"Demo"},"SystemProperties":{"connectionAuthMethod":"{\"scope\":\"device\",\"type\":\"sas\",\"issuer\":\"iothub\",\"acceptingIpFilterRule\":null}","connectionDeviceGenerationId":"638052891151821842","connectionDeviceId":"IOTDevice_4_2","contentEncoding":"utf-8","contentType":"application/json","enqueuedTime":"2022-10-01 00:00:00"}}
{"Body":{"Status":true,"Timestamp":"2022-10-01 00:00:00","pressure":"109.174394935227"},"EnqueuedTimeUtc":"2022-10-01 00:00:00","Properties":{"messagetype":"Demo"},"SystemProperties":{"connectionAuthMethod":"{\"scope\":\"device\",\"type\":\"sas\",\"issuer\":\"iothub\",\"acceptingIpFilterRule\":null}","connectionDeviceGenerationId":"638052891151821842","connectionDeviceId":"IOTDevice_4_3","contentEncoding":"utf-8","contentType":"application/json","enqueuedTime":"2022-10-01 00:00:00"}}
{"Body":{"Status":true,"Timestamp":"2022-10-01 00:00:00","vibration":"36.5003469790803"},"EnqueuedTimeUtc":"2022-10-01 00:00:00","Properties":{"messagetype":"Demo"},"SystemProperties":{"connectionAuthMethod":"{\"scope\":\"device\",\"type\":\"sas\",\"issuer\":\"iothub\",\"acceptingIpFilterRule\":null}","connectionDeviceGenerationId":"638052891151821842","connectionDeviceId":"IOTDevice_4_4","contentEncoding":"utf-8","contentType":"application/json","enqueuedTime":"2022-10-01 00:00:00"}}
{"Body":{"Status":true,"Timestamp":"2022-10-01 01:00:00","volt":"165.811402673768"},"EnqueuedTimeUtc":"2022-10-01 01:00:00","Properties":{"messagetype":"Demo"},"SystemProperties":{"connectionAuthMethod":"{\"scope\":\"device\",\"type\":\"sas\",\"issuer\":\"iothub\",\"acceptingIpFilterRule\":null}","connectionDeviceGenerationId":"638052891151821842","connectionDeviceId":"IOTDevice_4_1","contentEncoding":"utf-8","contentType":"application/json","enqueuedTime":"2022-10-01 01:00:00"}}
{"Body":{"Status":true,"Timestamp":"2022-10-01 01:00:00","rotate":"453.663654560661"},"EnqueuedTimeUtc":"2022-10-01 01:00:00","Properties":{"messagetype":"Demo"},"SystemProperties":{"connectionAuthMethod":"{\"scope\":\"device\",\"type\":\"sas\",\"issuer\":\"iothub\",\"acceptingIpFilterRule\":null}","connectionDeviceGenerationId":"638052891151821842","connectionDeviceId":"IOTDevice_4_2","contentEncoding":"utf-8","contentType":"application/json","enqueuedTime":"2022-10-01 01:00:00"}}
{"Body":{"Status":true,"Timestamp":"2022-10-01 01:00:00","pressure":"102.963531476976"},"EnqueuedTimeUtc":"2022-10-01 01:00:00","Properties":{"messagetype":"Demo"},"SystemProperties":{"connectionAuthMethod":"{\"scope\":\"device\",\"type\":\"sas\",\"issuer\":\"iothub\",\"acceptingIpFilterRule\":null}","connectionDeviceGenerationId":"638052891151821842","connectionDeviceId":"IOTDevice_4_3","contentEncoding":"utf-8","contentType":"application/json","enqueuedTime":"2022-10-01 01:00:00"}}
{"Body":{"Status":true,"Timestamp":"2022-10-01 01:00:00","vibration":"39.175567905254"},"EnqueuedTimeUtc":"2022-10-01 01:00:00","Properties":{"messagetype":"Demo"},"SystemProperties":{"connectionAuthMethod":"{\"scope\":\"device\",\"type\":\"sas\",\"issuer\":\"iothub\",\"acceptingIpFilterRule\":null}","connectionDeviceGenerationId":"638052891151821842","connectionDeviceId":"IOTDevice_4_4","contentEncoding":"utf-8","contentType":"application/json","enqueuedTime":"2022-10-01 01:00:00"}}
{"Body":{"Status":true,"Timestamp":"2022-10-01 02:00:00","volt":"191.666185743075"},"EnqueuedTimeUtc":"2022-10-01 02:00:00","Properties":{"messagetype":"Demo"},"SystemProperties":{"connectionAuthMethod":"{\"scope\":\"device\",\"type\":\"sas\",\"issuer\":\"iothub\",\"acceptingIpFilterRule\":null}","connectionDeviceGenerationId":"638052891151821842","connectionDeviceId":"IOTDevice_4_1","contentEncoding":"utf-8","contentType":"application/json","enqueuedTime":"2022-10-01 02:00:00"}}
{"Body":{"Status":true,"Timestamp":"2022-10-01 02:00:00","rotate":"391.075749671226"},"EnqueuedTimeUtc":"2022-10-01 02:00:00","Properties":{"messagetype":"Demo"},"SystemProperties":{"connectionAuthMethod":"{\"scope\":\"device\",\"type\":\"sas\",\"issuer\":\"iothub\",\"acceptingIpFilterRule\":null}","connectionDeviceGenerationId":"638052891151821842","connectionDeviceId":"IOTDevice_4_2","contentEncoding":"utf-8","contentType":"application/json","enqueuedTime":"2022-10-01 02:00:00"}}
{"Body":{"Status":true,"Timestamp":"2022-10-01 02:00:00","pressure":"71.0018777853353"},"EnqueuedTimeUtc":"2022-10-01 02:00:00","Properties":{"messagetype":"Demo"},"SystemProperties":{"connectionAuthMethod":"{\"scope\":\"device\",\"type\":\"sas\",\"issuer\":\"iothub\",\"acceptingIpFilterRule\":null}","connectionDeviceGenerationId":"638052891151821842","connectionDeviceId":"IOTDevice_4_3","contentEncoding":"utf-8","contentType":"application/json","enqueuedTime":"2022-10-01 02:00:00"}}
{"Body":{"Status":true,"Timestamp":"2022-10-01 02:00:00","vibration":"44.1779902961386"},"EnqueuedTimeUtc":"2022-10-01 02:00:00","Properties":{"messagetype":"Demo"},"SystemProperties":{"connectionAuthMethod":"{\"scope\":\"device\",\"type\":\"sas\",\"issuer\":\"iothub\",\"acceptingIpFilterRule\":null}","connectionDeviceGenerationId":"638052891151821842","connectionDeviceId":"IOTDevice_4_4","contentEncoding":"utf-8","contentType":"application/json","enqueuedTime":"2022-10-01 02:00:00"}}
