{"Body":{"Status":true,"Timestamp":"2022-10-01 03:00:00","volt":"167.182343879957"},"EnqueuedTimeUtc":"2022-10-01 03:00:00","Properties":{"messagetype":"Demo"},"SystemProperties":{"connectionAuthMethod":"{\"scope\":\"device\",\"type\":\"sas\",\"issuer\":\"iothub\",\"acceptingIpFilterRule\":null}","connectionDeviceGenerationId":"638052891151821842","connectionDeviceId":"IOTDevice_9_1","contentEncoding":"utf-8","contentType":"application/json","enqueuedTime":"2022-10-01 03:00:00"}}
{"Body":{"Status":true,"Timestamp":"2022-10-01 03:00:00","rotate":"441.654908302791"},"EnqueuedTimeUtc":"2022-10-01 03:00:00","Properties":{"messagetype":"Demo"},"SystemProperties":{"connectionAuthMethod":"{\"scope\":\"device\",\"type\":\"sas\",\"issuer\":\"iothub\",\"acceptingIpFilterRule\":null}","connectionDeviceGenerationId":"638052891151821842","connectionDeviceId":"IOTDevice_9_2","contentEncoding":"utf-8","contentType":"application/json","enqueuedTime":"2022-10-01 03:00:00"}}
{"Body":{"Status":true,"Timestamp":"2022-10-01 03:00:00","pressure":"134.002174871248"},"EnqueuedTimeUtc":"2022-10-01 03:00:00","Properties":{"messagetype":"Demo"},"SystemProperties":{"connectionAuthMethod":"{\"scope\":\"device\",\"type\":\"sas\",\"issuer\":\"iothub\",\"acceptingIpFilterRule\":null}","connectionDeviceGenerationId":"638052891151821842","connectionDeviceId":"IOTDevice_9_3","contentEncoding":"utf-8","contentType":"application/json","enqueuedTime":"2022-10-01 03:00:00"}}
{"Body":{"Status":true,"Timestamp":"2022-10-01 03:00:00","vibration":"37.8105475189727"},"EnqueuedTimeUtc":"2022-10-01 03:00:00","Properties":{"messagetype":"Demo"},"SystemProperties":{"connectionAuthMethod":"{\"scope\":\"device\",\"type\":\"sas\",\"issuer\":\"iothub\",\"acceptingIpFilterRule\":null}","connectionDeviceGenerationId":"638052891151821842","connectionDeviceId":"IOTDevice_9_4","contentEncoding":"utf-8","contentType":"application/json","enqueuedTime":"2022-10-01 03:00:00"}}
{"Body":{"Status":true,"Timestamp":"2022-10-01 04:00:00","volt":"164.598142897456"},"EnqueuedTimeUtc":"2022-10-01 04:00:00","Properties":{"messagetype":"Demo"},"SystemProperties":{"connectionAuthMethod":"{\"scope\":\"device\",\"type\":\"sas\",\"issuer\":\"iothub\",\"acceptingIpFilterRule\":null}","connectionDeviceGenerationId":"638052891151821842","connectionDeviceId":"IOTDevice_9_1","contentEncoding":"utf-8","contentType":"application/json","enqueuedTime":"2022-10-01 04:00:00"}}
{"Body":{"Status":true,"Timestamp":"2022-10-01 04:00:00","rotate":"557.709762435625"},"EnqueuedTimeUtc":"2022-10-01 04:00:00","Properties":{"messagetype":"Demo"},"SystemProperties":{"connectionAuthMethod":"{\"scope\":\"device\",\"type\":\"sas\",\"issuer\":\"iothub\",\"acceptingIpFilterRule\":null}","connectionDeviceGenerationId":"638052891151821842","connectionDeviceId":"IOTDevice_9_2","contentEncoding":"utf-8","contentType":"application/json","enqueuedTime":"2022-10-01 04:00:00"}}
{"Body":{"Status":true,"Timestamp":"2022-10-01 04:00:00","pressure":"132.658247330744"},"EnqueuedTimeUtc":"2022-10-01 04:00:00","Properties":{"messagetype":"Demo"},"SystemProperties":{"connectionAuthMethod":"{\"scope\":\"device\",\"type\":\"sas\",\"issuer\":\"iothub\",\"acceptingIpFilterRule\":null}","connectionDeviceGenerationId":"638052891151821842","connectionDeviceId":"IOTDevice_9_3","contentEncoding":"utf-8","contentType":"application/json","enqueuedTime":"2022-10-01 04:00:00"}}
{"Body":{"Status":true,"Timestamp":"2022-10-01 04:00:00","vibration":"42.795760553841"},"EnqueuedTimeUtc":"2022-10-01 04:00:00","Properties":{"messagetype":"Demo"},"SystemProperties":{"connectionAuthMethod":"{\"scope\":\"device\",\"type\":\"sas\",\"issuer\":\"iothub\",\"acceptingIpFilterRule\":null}","connectionDeviceGenerationId":"638052891151821842","connectionDeviceId":"IOTDevice_9_4","contentEncoding":"utf-8","contentType":"application/json","enqueuedTime":"2022-10-01 04:00:00"}}
{"Body":{"Status":true,"Timestamp":"2022-10-01 05:00:00","volt":"166.162589328578"},"EnqueuedTimeUtc":"2022-10-01 05:00:00","Properties":{"messagetype":"Demo"},"SystemProperties":{"connectionAuthMethod":"{\"scope\":\"device\",\"type\":\"sas\",\"issuer\":\"iothub\",\"acceptingIpFilterRule\":null}","connectionDeviceGenerationId":"638052891151821842","connectionDeviceId":"IOTDevice_9_1","contentEncoding":"utf-8","contentType":"application/json","enqueuedTime":"2022-10-01 05:00:00"}}
{"Body":{"Status":true,"Timestamp":"2022-10-01 05:00:00","rotate":"509.115237000108"},"EnqueuedTimeUtc":"2022-10-01 05:00:00","Properties":{"messagetype":"Demo"},"SystemProperties":{"connectionAuthMethod":"{\"scope\":\"device\",\"type\":\"sas\",\"issuer\":\"iothub\",\"acceptingIpFilterRule\":null}","connectionDeviceGenerationId":"638052891151821842","connectionDeviceId":"IOTDevice_9_2","contentEncoding":"utf-8","contentType":"application/json","enqueuedTime":"2022-10-01 05:00:00"}}
{"Body":{"Status":true,"Timestamp":"2022-10-01 05:00:00","pressure":"134.584798459691"},"EnqueuedTimeUtc":"2022-10-01 05:00:00","Properties":{"messagetype":"Demo"},"SystemProperties":{"connectionAuthMethod":"{\"scope\":\"device\",\"type\":\"sas\",\"issuer\":\"iothub\",\"acceptingIpFilterRule\":null}","connectionDeviceGenerationId":"638052891151821842","connectionDeviceId":"IOTDevice_9_3","contentEncoding":"utf-8","contentType":"application/json","enqueuedTime":"2022-10-01 05:00:00"}}
{"Body":{"Status":true,"Timestamp":"2022-10-01 05:00:00","vibration":"40.9034955853916"},"EnqueuedTimeUtc":"2022-10-01 05:00:00","Properties":{"messagetype":"Demo"},"SystemProperties":{"connectionAuthMethod":"{\"scope\":\"device\",\"type\":\"sas\",\"issuer\":\"iothub\",\"acceptingIpFilterRule\":null}","connectionDeviceGenerationId":"638052891151821842","connectionDeviceId":"IOTDevice_9_4","contentEncoding":"utf-8","contentType":"application/json","enqueuedTime":"2022-10-01 05:00:00"}}
{"Body":{"Status":true,"Timestamp":"2022-10-01 06:00:00","volt":"168.464530759026"},"EnqueuedTimeUtc":"2022-10-01 06:00:00","Properties":{"messagetype":"Demo"},"SystemProperties":{"connectionAuthMethod":"{\"scope\":\"device\",\"type\":\"sas\",\"issuer\":\"iothub\",\"acceptingIpFilterRule\":null}","connectionDeviceGenerationId":"638052891151821842","connectionDeviceId":"IOTDevice_9_1","contentEncoding":"utf-8","contentType":"application/json","enqueuedTime":"2022-10-01 06:00:00"}}
{"Body":{"Status":true,"Timestamp":"2022-10-01 06:00:00","rotate":"551.863307727701"},"EnqueuedTimeUtc":"2022-10-01 06:00:00","Properties":{"messagetype":"Demo"},"SystemProperties":{"connectionAuthMethod":"{\"scope\":\"device\",\"type\":\"sas\",\"issuer\":\"iothub\",\"acceptingIpFilterRule\":null}","connectionDeviceGenerationId":"638052891151821842","connectionDeviceId":"IOTDevice_9_2","contentEncoding":"utf-8","contentType":"application/json","enqueuedTime":"2022-10-01 06:00:00"}}
{"Body":{"Status":true,"Timestamp":"2022-10-01 06:00:00","pressure":"105.706799725065"},"EnqueuedTimeUtc":"2022-10-01 06:00:00","Properties":{"messagetype":"Demo"},"SystemProperties":{"connectionAuthMethod":"{\"scope\":\"device\",\"type\":\"sas\",\"issuer\":\"iothub\",\"acceptingIpFilterRule\":null}","connectionDeviceGenerationId":"638052891151821842","connectionDeviceId":"IOTDevice_9_3","contentEncoding":"utf-8","contentType":"application/json","enqueuedTime":"2022-10-01 06:00:00"}}
{"Body":{"Status":true,"Timestamp":"2022-10-01 06:00:00","vibration":"41.3194118877332"},"EnqueuedTimeUtc":"2022-10-01 06:00:00","Properties":{"messagetype":"Demo"},"SystemProperties":{"connectionAuthMethod":"{\"scope\":\"device\",\"type\":\"sas\",\"issuer\":\"iothub\",\"acceptingIpFilterRule\":null}","connectionDeviceGenerationId":"638052891151821842","connectionDeviceId":"IOTDevice_9_4","contentEncoding":"utf-8","contentType":"application/json","enqueuedTime":"2022-10-01 06:00:00"}}
{"Body":{"Status":true,"Timestamp":"2022-10-01 07:00:00","volt":"172.495902136179"},"EnqueuedTimeUtc":"2022-10-01 07:00:00","Properties":{"messagetype":"Demo"},"SystemProperties":{"connectionAuthMethod":"{\"scope\":\"device\",\"type\":\"sas\",\"issuer\":\"iothub\",\"acceptingIpFilterRule\":null}","connectionDeviceGenerationId":"638052891151821842","connectionDeviceId":"IOTDevice_9_1","contentEncoding":"utf-8","contentType":"application/json","enqueuedTime":"2022-10-01 07:00:00"}}
{"Body":{"Status":true,"Timestamp":"2022-10-01 07:00:00","rotate":"483.703092924379"},"EnqueuedTimeUtc":"2022-10-01 07:00:00","Properties":{"messagetype":"Demo"},"SystemProperties":{"connectionAuthMethod":"{\"scope\":\"device\",\"type\":\"sas\",\"issuer\":\"iothub\",\"acceptingIpFilterRule\":null}","connectionDeviceGenerationId":"638052891151821842","connectionDeviceId":"IOTDevice_9_2","contentEncoding":"utf-8","contentType":"application/json","enqueuedTime":"2022-10-01 07:00:00"}}
{"Body":{"Status":true,"Timestamp":"2022-10-01 07:00:00","pressure":"125.229844603856"},"EnqueuedTimeUtc":"2022-10-01 07:00:00","Properties":{"messagetype":"Demo"},"SystemProperties":{"connectionAuthMethod":"{\"scope\":\"device\",\"type\":\"sas\",\"issuer\":\"iothub\",\"acceptingIpFilterRule\":null}","connectionDeviceGenerationId":"638052891151821842","connectionDeviceId":"IOTDevice_9_3","contentEncoding":"utf-8","contentType":"application/json","enqueuedTime":"2022-10-01 07:00:00"}}
{"Body":{"Status":true,"Timestamp":"2022-10-01 07:00:00","vibration":"41.7666521586496"},"EnqueuedTimeUtc":"2022-10-01 07:00:00","Properties":{"messagetype":"Demo"},"SystemProperties":{"connectionAuthMethod":"{\"scope\":\"device\",\"type\":\"sas\",\"issuer\":\"iothub\",\"acceptingIpFilterRule\":null}","connectionDeviceGenerationId":"638052891151821842","connectionDeviceId":"IOTDevice_9_4","contentEncoding":"utf-8","contentType":"application/json","enqueuedTime":"2022-10-01 07:00:00"}}
{"Body":{"Status":true,"Timestamp":"2022-10-01 08:00:00","volt":"168.569202541593"},"EnqueuedTimeUtc":"2022-10-01 08:00:00","Properties":{"messagetype":"Demo"},"SystemProperties":{"connectionAuthMethod":"{\"scope\":\"device\",\"type\":\"sas\",\"issuer\":\"iothub\",\"acceptingIpFilterRule\":null}","connectionDeviceGenerationId":"638052891151821842","connectionDeviceId":"IOTDevice_9_1","contentEncoding":"utf-8","contentType":"application/json","enqueuedTime":"2022-10-01 08:00:00"}}
{"Body":{"Status":true,"Timestamp":"2022-10-01 08:00:00","rotate":"491.888506455057"},"EnqueuedTimeUtc":"2022-10-01 08:00:00","Properties":{"messagetype":"Demo"},"SystemProperties":{"connectionAuthMethod":"{\"scope\":\"device\",\"type\":\"sas\",\"issuer\":\"iothub\",\"acceptingIpFilterRule\":null}","connectionDeviceGenerationId":"638052891151821842","connectionDeviceId":"IOTDevice_9_2","contentEncoding":"utf-8","contentType":"application/json","enqueuedTime":"2022-10-01 08:00:00"}}
{"Body":{"Status":true,"Timestamp":"2022-10-01 08:00:00","pressure":"120.758361385115"},"EnqueuedTimeUtc":"2022-10-01 08:00:00","Properties":{"messagetype":"Demo"},"SystemProperties":{"connectionAuthMethod":"{\"scope\":\"device\",\"type\":\"sas\",\"issuer\":\"iothub\",\"acceptingIpFilterRule\":null}","connectionDeviceGenerationId":"638052891151821842","connectionDeviceId":"IOTDevice_9_3","contentEncoding":"utf-8","contentType":"application/json","enqueuedTime":"2022-10-01 08:00:00"}}
{"Body":{"Status":true,"Timestamp":"2022-10-01 08:00:00","vibration":"38.0617818847114"},"EnqueuedTimeUtc":"2022-10-01 08:00:00","Properties":{"messagetype":"Demo"},"SystemProperties":{"connectionAuthMethod":"{\"scope\":\"device\",\"type\":\"sas\",\"issuer\":\"iothub\",\"acceptingIpFilterRule\":null}","connectionDeviceGenerationId":"638052891151821842","connectionDeviceId":"IOTDevice_9_4","contentEncoding":"utf-8","contentType":"application/json","enqueuedTime":"2022-10-01 08:00:00"}}
{"Body":{"Status":true,"Timestamp":"2022-10-01 09:00:00","volt":"161.04701821179"},"EnqueuedTimeUtc":"2022-10-01 09:00:00","Properties":{"messagetype":"Demo"},"SystemProperties":{"connectionAuthMethod":"{\"scope\":\"device\",\"type\":\"sas\",\"issuer\":\"iothub\",\"acceptingIpFilterRule\":null}","connectionDeviceGenerationId":"638052891151821842","connectionDeviceId":"IOTDevice_9_1","contentEncoding":"utf-8","contentType":"application/json","enqueuedTime":"2022-10-01 09:00:00"}}
{"Body":{"Status":true,"Timestamp":"2022-10-01 09:00:00","rotate":"441.517357354118"},"EnqueuedTimeUtc":"2022-10-01 09:00:00","Properties":{"messagetype":"Demo"},"SystemProperties":{"connectionAuthMethod":"{\"scope\":\"device\",\"type\":\"sas\",\"issuer\":\"iothub\",\"acceptingIpFilterRule\":null}","connectionDeviceGenerationId":"638052891151821842","connectionDeviceId":"IOTDevice_9_2","contentEncoding":"utf-8","contentType":"application/json","enqueuedTime":"2022-10-01 09:00:00"}}
{"Body":{"Status":true,"Timestamp":"2022-10-01 09:00:00","pressure":"120.834183484129"},"EnqueuedTimeUtc":"2022-10-01 09:00:00","Properties":{"messagetype":"Demo"},"SystemProperties":{"connectionAuthMethod":"{\"scope\":\"device\",\"type\":\"sas\",\"issuer\":\"iothub\",\"acceptingIpFilterRule\":null}","connectionDeviceGenerationId":"638052891151821842","connectionDeviceId":"IOTDevice_9_3","contentEncoding":"utf-8","contentType":"application/json","enqueuedTime":"2022-10-01 09:00:00"}}
{"Body":{"Status":true,"Timestamp":"2022-10-01 09:00:00","vibration":"30.1691963070338"},"EnqueuedTimeUtc":"2022-10-01 09:00:00","Properties":{"messagetype":"Demo"},"SystemProperties":{"connectionAuthMethod":"{\"scope\":\"device\",\"type\":\"sas\",\"issuer\":\"iothub\",\"acceptingIpFilterRule\":null}","connectionDeviceGenerationId":"638052891151821842","connectionDeviceId":"IOTDevice_9_4","contentEncoding":"utf-8","contentType":"application/json","enqueuedTime":"2022-10-01 09:00:00"}}
{"Body":{"Status":true,"Timestamp":"2022-10-01 10:00:00","volt":"191.998322856383"},"EnqueuedTimeUtc":"2022-10-01 10:00:00","Properties":{"messagetype":"Demo"},"SystemProperties":{"connectionAuthMethod":"{\"scope\":\"device\",\"type\":\"sas\",\"issuer\":\"iothub\",\"acceptingIpFilterRule\":null}","connectionDeviceGenerationId":"638052891151821842","connectionDeviceId":"IOTDevice_9_1","contentEncoding":"utf-8","contentType":"application/json","enqueuedTime":"2022-10-01 10:00:00"}}
{"Body":{"Status":true,"Timestamp":"2022-10-01 10:00:00","rotate":"455.534716140779"},"EnqueuedTimeUtc":"2022-10-01 10:00:00","Properties":{"messagetype":"Demo"},"SystemProperties":{"connectionAuthMethod":"{\"scope\":\"device\",\"type\":\"sas\",\"issuer\":\"iothub\",\"acceptingIpFilterRule\":null}","connectionDeviceGenerationId":"638052891151821842","connectionDeviceId":"IOTDevice_9_2","contentEncoding":"utf-8","contentType":"application/json","enqueuedTime":"2022-10-01 10:00:00"}}
{"Body":{"Status":true,"Timestamp":"2022-10-01 10:00:00","pressure":"135.14184090718"},"EnqueuedTimeUtc":"2022-10-01 10:00:00","Properties":{"messagetype":"Demo"},"SystemProperties":{"connectionAuthMethod":"{\"scope\":\"device\",\"type\":\"sas\",\"issuer\":\"iothub\",\"acceptingIpFilterRule\":null}","connectionDeviceGenerationId":"638052891151821842","connectionDeviceId":"IOTDevice_9_3","contentEncoding":"utf-8","contentType":"application/json","enqueuedTime":"2022-10-01 10:00:00"}}
{"Body":{"Status":true,"Timestamp":"2022-10-01 10:00:00","vibration":"33.2095976957838"},"EnqueuedTimeUtc":"2022-10-01 10:00:00","Properties":{"messagetype":"Demo"},"SystemProperties":{"connectionAuthMethod":"{\"scope\":\"device\",\"type\":\"sas\",\"issuer\":\"iothub\",\"acceptingIpFilterRule\":null}","connectionDeviceGenerationId":"638052891151821842","connectionDeviceId":"IOTDevice_9_4","contentEncoding":"utf-8","contentType":"application/json","enqueuedTime":"2022-10-01 10:00:00"}}
{"Body":{"Status":true,"Timestamp":"2022-10-01 11:00:00","volt":"168.833427784578"},"EnqueuedTimeUtc":"2022-10-01 11:00:00","Properties":{"messagetype":"Demo"},"SystemProperties":{"connectionAuthMethod":"{\"scope\":\"device\",\"type\":\"sas\",\"issuer\":\"iothub\",\"acceptingIpFilterRule\":null}","connectionDeviceGenerationId":"638052891151821842","connectionDeviceId":"IOTDevice_9_1","contentEncoding":"utf-8","contentType":"application/json","enqueuedTime":"2022-10-01 11:00:00"}}
{"Body":{"Status":true,"Timestamp":"2022-10-01 11:00:00","rotate":"439.887455572374"},"EnqueuedTimeUtc":"2022-10-01 11:00:00","Properties":{"messagetype":"Demo"},"SystemProperties":{"connectionAuthMethod":"{\"scope\":\"device\",\"type\":\"sas\",\"issuer\":\"iothub\",\"acceptingIpFilterRule\":null}","connectionDeviceGenerationId":"638052891151821842","connectionDeviceId":"IOTDevice_9_2","contentEncoding":"utf-8","contentType":"application/json","enqueuedTime":"2022-10-01 11:00:00"}}
{"Body":{"Status":true,"Timestamp":"2022-10-01 11:00:00","pressure":"139.224581670082"},"EnqueuedTimeUtc":"2022-10-01 11:00:00","Properties":{"messagetype":"Demo"},"SystemProperties":{"connectionAuthMethod":"{\"scope\":\"device\",\"type\":\"sas\",\"issuer\":\"iothub\",\"acceptingIpFilterRule\":null}","connectionDeviceGenerationId":"638052891151821842","connectionDeviceId":"IOTDevice_9_3","contentEncoding":"utf-8","contentType":"application/json","enqueuedTime":"2022-10-01 11:00:00"}}
{"Body":{"Status":true,"Timestamp":"2022-10-01 11:00:00","vibration":"50.2292175453619"},"EnqueuedTimeUtc":"2022-10-01 11:00:00","Properties":{"messagetype":"Demo"},"SystemProperties":{"connectionAuthMethod":"{\"scope\":\"device\",\"type\":\"sas\",\"issuer\":\"iothub\",\"acceptingIpFilterRule\":null}","connectionDeviceGenerationId":"638052891151821842","connectionDeviceId":"IOTDevice_9_4","contentEncoding":"utf-8","contentType":"application/json","enqueuedTime":"2022-10-01 11:00:00"}}
{"Body":{"Status":true,"Timestamp":"2022-10-01 12:00:00","volt":"157.846433701642"},"EnqueuedTimeUtc":"2022-10-01 12:00:00","Properties":{"messagetype":"Demo"},"SystemProperties":{"connectionAuthMethod":"{\"scope\":\"device\",\"type\":\"sas\",\"issuer\":\"iothub\",\"acceptingIpFilterRule\":null}","connectionDeviceGenerationId":"638052891151821842","connectionDeviceId":"IOTDevice_9_1","contentEncoding":"utf-8","contentType":"application/json","enqueuedTime":"2022-10-01 12:00:00"}}
{"Body":{"Status":true,"Timestamp":"2022-10-01 12:00:00","rotate":"487.064328018615"},"EnqueuedTimeUtc":"2022-10-01 12:00:00","Properties":{"messagetype":"Demo"},"SystemProperties":{"connectionAuthMethod":"{\"scope\":\"device\",\"type\":\"sas\",\"issuer\":\"iothub\",\"acceptingIpFilterRule\":null}","connectionDeviceGenerationId":"638052891151821842","connectionDeviceId":"IOTDevice_9_2","contentEncoding":"utf-8","contentType":"application/json","enqueuedTime":"2022-10-01 12:00:00"}}
{"Body":{"Status":true,"Timestamp":"2022-10-01 12:00:00","pressure":"137.038717966277"},"EnqueuedTimeUtc":"2022-10-01 12:00:00","Properties":{"messagetype":"Demo"},"SystemProperties":{"connectionAuthMethod":"{\"scope\":\"device\",\"type\":\"sas\",\"issuer\":\"iothub\",\"acceptingIpFilterRule\":null}","connectionDeviceGenerationId":"638052891151821842","connectionDeviceId":"IOTDevice_9_3","contentEncoding":"utf-8","contentType":"application/json","enqueuedTime":"2022-10-01 12:00:00"}}
{"Body":{"Status":true,"Timestamp":"2022-10-01 12:00:00","vibration":"43.9146556331614"},"EnqueuedTimeUtc":"2022-10-01 12:00:00","Properties":{"messagetype":"Demo"},"SystemProperties":{"connectionAuthMethod":"{\"scope\":\"device\",\"type\":\"sas\",\"issuer\":\"iothub\",\"acceptingIpFilterRule\":null}","connectionDeviceGenerationId":"638052891151821842","connectionDeviceId":"IOTDevice_9_4","contentEncoding":"utf-8","contentType":"application/json","enqueuedTime":"2022-10-01 12:00:00"}}
{"Body":{"Status":true,"Timestamp":"2022-10-01 13:00:00","volt":"170.41549074645"},"EnqueuedTimeUtc":"2022-10-01 13:00:00","Properties":{"messagetype":"Demo"},"SystemProperties":{"connectionAuthMethod":"{\"scope\":\"device\",\"type\":\"sas\",\"issuer\":\"iothub\",\"acceptingIpFilterRule\":null}","connectionDeviceGenerationId":"638052891151821842","connectionDeviceId":"IOTDevice_9_1","contentEncoding":"utf-8","contentType":"application/json","enqueuedTime":"2022-10-01 13:00:00"}}
{"Body":{"Status":true,"Timestamp":"2022-10-01 13:00:00","rotate":"417.840407910587"},"EnqueuedTimeUtc":"2022-10-01 13:00:00","Properties":{"messagetype":"Demo"},"SystemProperties":{"connectionAuthMethod":"{\"scope\":\"device\",\"type\":\"sas\",\"issuer\":\"iothub\",\"acceptingIpFilterRule\":null}","connectionDeviceGenerationId":"638052891151821842","connectionDeviceId":"IOTDevice_9_2","contentEncoding":"utf-8","contentType":"application/json","enqueuedTime":"2022-10-01 13:00:00"}}
{"Body":{"Status":true,"Timestamp":"2022-10-01 13:00:00","pressure":"128.705868901161"},"EnqueuedTimeUtc":"2022-10-01 13:00:00","Properties":{"messagetype":"Demo"},"SystemProperties":{"connectionAuthMethod":"{\"scope\":\"device\",\"type\":\"sas\",\"issuer\":\"iothub\",\"acceptingIpFilterRule\":null}","connectionDeviceGenerationId":"638052891151821842","connectionDeviceId":"IOTDevice_9_3","contentEncoding":"utf-8","contentType":"application/json","enqueuedTime":"2022-10-01 13:00:00"}}
{"Body":{"Status":true,"Timestamp":"2022-10-01 13:00:00","vibration":"38.5164426439748"},"EnqueuedTimeUtc":"2022-10-01 13:00:00","Properties":{"messagetype":"Demo"},"SystemProperties":{"connectionAuthMethod":"{\"scope\":\"device\",\"type\":\"sas\",\"issuer\":\"iothub\",\"acceptingIpFilterRule\":null}","connectionDeviceGenerationId":"638052891151821842","connectionDeviceId":"IOTDevice_9_4","contentEncoding":"utf-8","contentType":"application/json","enqueuedTime":"2022-10-01 13:00:00"}}
{"Body":{"Status":true,"Timestamp":"2022-10-01 14:00:00","volt":"194.336883052861"},"EnqueuedTimeUtc":"2022-10-01 14:00:00","Properties":{"messagetype":"Demo"},"SystemProperties":{"connectionAuthMethod":"{\"scope\":\"device\",\"type\":\"sas\",\"issuer\":\"iothub\",\"acceptingIpFilterRule\":null}","connectionDeviceGenerationId":"638052891151821842","connectionDeviceId":"IOTDevice_9_1","contentEncoding":"utf-8","contentType":"application/json","enqueuedTime":"2022-10-01 14:00:00"}}
{"Body":{"Status":true,"Timestamp":"2022-10-01 14:00:00","rotate":"358.417815511089"},"EnqueuedTimeUtc":"2022-10-01 14:00:00","Properties":{"messagetype":"Demo"},"SystemProperties":{"connectionAuthMethod":"{\"scope\":\"device\",\"type\":\"sas\",\"issuer\":\"iothub\",\"acceptingIpFilterRule\":null}","connectionDeviceGenerationId":"638052891151821842","connectionDeviceId":"IOTDevice_9_2","contentEncoding":"utf-8","contentType":"application/json","enqueuedTime":"2022-10-01 14:00:00"}}
{"Body":{"Status":true,"Timestamp":"2022-10-01 14:00:00","pressure":"117.878070881913"},"EnqueuedTimeUtc":"2022-10-01 14:00:00","Properties":{"messagetype":"Demo"},"SystemProperties":{"connectionAuthMethod":"{\"scope\":\"device\",\"type\":\"sas\",\"issuer\":\"iothub\",\"acceptingIpFilterRule\":null}","connectionDeviceGenerationId":"638052891151821842","connectionDeviceId":"IOTDevice_9_3","contentEncoding":"utf-8","contentType":"application/json","enqueuedTime":"2022-10-01 14:00:00"}}
{"Body":{"Status":true,"Timestamp":"2022-10-01 14:00:00","vibration":"42.5671878178181"},"EnqueuedTimeUtc":"2022-10-01 14:00:00","Properties":{"messagetype":"Demo"},"SystemProperties":{"connectionAuthMethod":"{\"scope\":\"device\",\"type\":\"sas\",\"issuer\":\"iothub\",\"acceptingIpFilterRule\":null}","connectionDeviceGenerationId":"638052891151821842","connectionDeviceId":"IOTDevice_9_4","contentEncoding":"utf-8","contentType":"application/json","enqueuedTime":"2022-10-01 14:00:00"}}
{"Body":{"Status":true,"Timestamp":"2022-10-01 15:00:00","volt":"174.003500599095"},"EnqueuedTimeUtc":"2022-10-01 15:00:00","Properties":{"messagetype":"Demo"},"SystemProperties":{"connectionAuthMethod":"{\"scope\":\"device\",\"type\":\"sas\",\"issuer\":\"iothub\",\"acceptingIpFilterRule\":null}","connectionDeviceGenerationId":"638052891151821842","connectionDeviceId":"IOTDevice_9_1","contentEncoding":"utf-8","contentType":"application/json","enqueuedTime":"2022-10-01 15:00:00"}}
{"Body":{"Status":true,"Timestamp":"2022-10-01 15:00:00","rotate":"429.427793945084"},"EnqueuedTimeUtc":"2022-10-01 15:00:00","Properties":{"messagetype":"Demo"},"SystemProperties":{"connectionAuthMethod":"{\"scope\":\"device\",\"type\":\"sas\",\"issuer\":\"iothub\",\"acceptingIpFilterRule\":null}","connectionDeviceGenerationId":"638052891151821842","connectionDeviceId":"IOTDevice_9_2","contentEncoding":"utf-8","contentType":"application/json","enqueuedTime":"2022-10-01 15:00:00"}}
{"Body":{"Status":true,"Timestamp":"2022-10-01 15:00:00","pressure":"116.102432250392"},"EnqueuedTimeUtc":"2022-10-01 15:00:00","Properties":{"messagetype":"Demo"},"SystemProperties":{"connectionAuthMethod":"{\"scope\":\"device\",\"type\":\"sas\",\"issuer\":\"iothub\",\"acceptingIpFilterRule\":null}","connectionDeviceGenerationId":"638052891151821842","connectionDeviceId":"IOTDevice_9_3","contentEncoding":"utf-8","contentType":"application/json","enqueuedTime":"2022-10-01 15:00:00"}}
{"Body":{"Status":true,"Timestamp":"2022-10-01 15:00:00","vibration":"50.7257820744475"},"EnqueuedTimeUtc":"2022-10-01 15:00:00","Properties":{"messagetype":"Demo"},"SystemProperties":{"connectionAuthMethod":"{\"scope\":\"device\",\"type\":\"sas\",\"issuer\":\"iothub\",\"acceptingIpFilterRule\":null}","connectionDeviceGenerationId":"638052891151821842","connectionDeviceId":"IOTDevice_9_4","contentEncoding":"utf-8","contentType":"application/json","enqueuedTime":"2022-10-01 15:00:00"}}
{"Body":{"Status":true,"Timestamp":"2022-10-01 16:00:00","volt":"184.170721239847"},"EnqueuedTimeUtc":"2022-10-01 16:00:00","Properties":{"messagetype":"Demo"},"SystemProperties":{"connectionAuthMethod":"{\"scope\":\"device\",\"type\":\"sas\",\"issuer\":\"iothub\",\"acceptingIpFilterRule\":null}","connectionDeviceGenerationId":"638052891151821842","connectionDeviceId":"IOTDevice_9_1","contentEncoding":"utf-8","contentType":"application/json","enqueuedTime":"2022-10-01 16:00:00"}}
{"Body":{"Status":true,"Timestamp":"2022-10-01 16:00:00","rotate":"413.784656091913"},"EnqueuedTimeUtc":"2022-10-01 16:00:00","Properties":{"messagetype":"Demo"},"SystemProperties":{"connectionAuthMethod":"{\"scope\":\"device\",\"type\":\"sas\",\"issuer\":\"iothub\",\"acceptingIpFilterRule\":null}","connectionDeviceGenerationId":"638052891151821842","connectionDeviceId":"IOTDevice_9_2","contentEncoding":"utf-8","contentType":"application/json","enqueuedTime":"2022-10-01 16:00:00"}}
{"Body":{"Status":true,"Timestamp":"2022-10-01 16:00:00","pressure":"122.101340904323"},"EnqueuedTimeUtc":"2022-10-01 16:00:00","Properties":{"messagetype":"Demo"},"SystemProperties":{"connectionAuthMethod":"{\"scope\":\"device\",\"type\":\"sas\",\"issuer\":\"iothub\",\"acceptingIpFilterRule\":null}","connectionDeviceGenerationId":"638052891151821842","connectionDeviceId":"IOTDevice_9_3","contentEncoding":"utf-8","contentType":"application/json","enqueuedTime":"2022-10-01 16:00:00"}}
{"Body":{"Status":true,"Timestamp":"2022-10-01 16:00:00","vibration":"37.8963685733632"},"EnqueuedTimeUtc":"2022-10-01 16:00:00","Properties":{"messagetype":"Demo"},"SystemProperties":{"connectionAuthMethod":"{\"scope\":\"device\",\"type\":\"sas\",\"issuer\":\"iothub\",\"acceptingIpFilterRule\":null}","connectionDeviceGenerationId":"638052891151821842","connectionDeviceId":"IOTDevice_9_4","contentEncoding":"utf-8","contentType":"application/json","enqueuedTime":"2022-10-01 16:00:00"}}
{"Body":{"Status":true,"Timestamp":"2022-10-01 17:00:00","volt":"191.107445393451"},"EnqueuedTimeUtc":"2022-10-01 17:00:00","Properties":{"messagetype":"Demo"},"SystemProperties":{"connectionAuthMethod":"{\"scope\":\"device\",\"type\":\"sas\",\"issuer\":\"iothub\",\"acceptingIpFilterRule\":null}","connectionDeviceGenerationId":"638052891151821842","connectionDeviceId":"IOTDevice_9_1","contentEncoding":"utf-8","contentType":"application/json","enqueuedTime":"2022-10-01 17:00:00"}}
{"Body":{"Status":true,"Timestamp":"2022-10-01 17:00:00","rotate":"454.274184630073"},"EnqueuedTimeUtc":"2022-10-01 17:00:00","Properties":{"messagetype":"Demo"},"SystemProperties":{"connectionAuthMethod":"{\"scope\":\"device\",\"type\":\"sas\",\"issuer\":\"iothub\",\"acceptingIpFilterRule\":null}","connectionDeviceGenerationId":"638052891151821842","connectionDeviceId":"IOTDevice_9_2","contentEncoding":"utf-8","contentType":"application/json","enqueuedTime":"2022-10-01 17:00:00"}}
{"Body":{"Status":true,"Timestamp":"2022-10-01 17:00:00","pressure":"133.561236101919"},"EnqueuedTimeUtc":"2022-10-01 17:00:00","Properties":{"messagetype":"Demo"},"SystemProperties":{"connectionAuthMethod":"{\"scope\":\"device\",\"type\":\"sas\",\"issuer\":\"iothub\",\"acceptingIpFilterRule\":null}","connectionDeviceGenerationId":"638052891151821842","connectionDeviceId":"IOTDevice_9_3","contentEncoding":"utf-8","contentType":"application/json","enqueuedTime":"2022-10-01 17:00:00"}}
{"Body":{"Status":true,"Timestamp":"2022-10-01 17:00:00","vibration":"38.3752059427007"},"EnqueuedTimeUtc":"2022-10-01 17:00:00","Properties":{"messagetype":"Demo"},"SystemProperties":{"connectionAuthMethod":"{\"scope\":\"device\",\"type\":\"sas\",\"issuer\":\"iothub\",\"acceptingIpFilterRule\":null}","connectionDeviceGenerationId":"638052891151821842","connectionDeviceId":"IOTDevice_9_4","contentEncoding":"utf-8","contentType":"application/json","enqueuedTime":"2022-10-01 17:00:00"}}
