{"Body":{"Status":true,"Timestamp":"2022-10-01 15:00:00","volt":"189.595931070237"},"EnqueuedTimeUtc":"2022-10-01 15:00:00","Properties":{"messagetype":"Demo"},"SystemProperties":{"connectionAuthMethod":"{\"scope\":\"device\",\"type\":\"sas\",\"issuer\":\"iothub\",\"acceptingIpFilterRule\":null}","connectionDeviceGenerationId":"638052891151821842","connectionDeviceId":"IOTDevice_6_1","contentEncoding":"utf-8","contentType":"application/json","enqueuedTime":"2022-10-01 15:00:00"}}
{"Body":{"Status":true,"Timestamp":"2022-10-01 15:00:00","rotate":"400.448945410903"},"EnqueuedTimeUtc":"2022-10-01 15:00:00","Properties":{"messagetype":"Demo"},"SystemProperties":{"connectionAuthMethod":"{\"scope\":\"device\",\"type\":\"sas\",\"issuer\":\"iothub\",\"acceptingIpFilterRule\":null}","connectionDeviceGenerationId":"638052891151821842","connectionDeviceId":"IOTDevice_6_2","contentEncoding":"utf-8","contentType":"application/json","enqueuedTime":"2022-10-01 15:00:00"}}
{"Body":{"Status":true,"Timestamp":"2022-10-01 15:00:00","pressure":"88.1297313427336"},"EnqueuedTimeUtc":"2022-10-01 15:00:00","Properties":{"messagetype":"Demo"},"SystemProperties":{"connectionAuthMethod":"{\"scope\":\"device\",\"type\":\"sas\",\"issuer\":\"iothub\",\"acceptingIpFilterRule\":null}","connectionDeviceGenerationId":"638052891151821842","connectionDeviceId":"IOTDevice_6_3","contentEncoding":"utf-8","contentType":"application/json","enqueuedTime":"2022-10-01 15:00:00"}}
{"Body":{"Status":true,"Timestamp":"2022-10-01 15:00:00","vibration":"47.5335016150949"},"EnqueuedTimeUtc":"2022-10-01 15:00:00","Properties":{"messagetype":"Demo"},"SystemProperties":{"connectionAuthMethod":"{\"scope\":\"device\",\"type\":\"sas\",\"issuer\":\"iothub\",\"acceptingIpFilterRule\":null}","connectionDeviceGenerationId":"638052891151821842","connectionDeviceId":"IOTDevice_6_4","contentEncoding":"utf-8","contentType":"application/json","enqueuedTime":"2022-10-01 15:00:00"}}
{"Body":{"Status":true,"Timestamp":"2022-10-01 16:00:00","volt":"164.794236108319"},"EnqueuedTimeUtc":"2022-10-01 16:00:00","Properties":{"messagetype":"Demo"},"SystemProperties":{"connectionAuthMethod":"{\"scope\":\"device\",\"type\":\"sas\",\"issuer\":\"iothub\",\"acceptingIpFilterRule\":null}","connectionDeviceGenerationId":"638052891151821842","connectionDeviceId":"IOTDevice_6_1","contentEncoding":"utf-8","contentType":"application/json","enqueuedTime":"2022-10-01 16:00:00"}}
{"Body":{"Status":true,"Timestamp":"2022-10-01 16:00:00","rotate":"403.107380075732"},"EnqueuedTimeUtc":"2022-10-01 16:00:00","Properties":{"messagetype":"Demo"},"SystemProperties":{"connectionAuthMethod":"{\"scope\":\"device\",\"type\":\"sas\",\"issuer\":\"iothub\",\"acceptingIpFilterRule\":null}","connectionDeviceGenerationId":"638052891151821842","connectionDeviceId":"IOTDevice_6_2","contentEncoding":"utf-8","contentType":"application/json","enqueuedTime":"2022-10-01 16:00:00"}}
{"Body":{"Status":true,"Timestamp":"2022-10-01 16:00:00","pressure":"103.95683038408"},"EnqueuedTimeUtc":"2022-10-01 16:00:00","Properties":{"messagetype":"Demo"},"SystemProperties":{"connectionAuthMethod":"{\"scope\":\"device\",\"type\":\"sas\",\"issuer\":\"iothub\",\"acceptingIpFilterRule\":null}","connectionDeviceGenerationId":"638052891151821842","connectionDeviceId":"IOTDevice_6_3","contentEncoding":"utf-8","contentType":"application/json","enqueuedTime":"2022-10-01 16:00:00"}}
{"Body":{"Status":true,"Timestamp":"2022-10-01 16:00:00","vibration":"42.8839704753954"},"EnqueuedTimeUtc":"2022-10-01 16:00:00","Properties":{"messagetype":"Demo"},"SystemProperties":{"connectionAuthMethod":"{\"scope\":\"device\",\"type\":\"sas\",\"issuer\":\"iothub\",\"acceptingIpFilterRule\":null}","connectionDeviceGenerationId":"638052891151821842","connectionDeviceId":"IOTDevice_6_4","contentEncoding":"utf-8","contentType":"application/json","enqueuedTime":"2022-10-01 16:00:00"}}
{"Body":{"Status":true,"Timestamp":"2022-10-01 17:00:00","volt":"173.028922613976"},"EnqueuedTimeUtc":"2022-10-01 17:00:00","Properties":{"messagetype":"Demo"},"SystemProperties":{"connectionAuthMethod":"{\"scope\":\"device\",\"type\":\"sas\",\"issuer\":\"iothub\",\"acceptingIpFilterRule\":null}","connectionDeviceGenerationId":"638052891151821842","connectionDeviceId":"IOTDevice_6_1","contentEncoding":"utf-8","contentType":"application/json","enqueuedTime":"2022-10-01 17:00:00"}}
{"Body":{"Status":true,"Timestamp":"2022-10-01 17:00:00","rotate":"443.011137671344"},"EnqueuedTimeUtc":"2022-10-01 17:00:00","Properties":{"messagetype":"Demo"},"SystemProperties":{"connectionAuthMethod":"{\"scope\":\"device\",\"type\":\"sas\",\"issuer\":\"iothub\",\"acceptingIpFilterRule\":null}","connectionDeviceGenerationId":"638052891151821842","connectionDeviceId":"IOTDevice_6_2","contentEncoding":"utf-8","contentType":"application/json","enqueuedTime":"2022-10-01 17:00:00"}}
{"Body":{"Status":true,"Timestamp":"2022-10-01 17:00:00","pressure":"99.8231354962065"},"EnqueuedTimeUtc":"2022-10-01 17:00:00","Properties":{"messagetype":"Demo"},"SystemProperties":{"connectionAuthMethod":"{\"scope\":\"device\",\"type\":\"sas\",\"issuer\":\"iothub\",\"acceptingIpFilterRule\":null}","connectionDeviceGenerationId":"638052891151821842","connectionDeviceId":"IOTDevice_6_3","contentEncoding":"utf-8","contentType":"application/json","enqueuedTime":"2022-10-01 17:00:00"}}
{"Body":{"Status":true,"Timestamp":"2022-10-01 17:00:00","vibration":"43.1902091273569"},"EnqueuedTimeUtc":"2022-10-01 17:00:00","Properties":{"messagetype":"Demo"},"SystemProperties":{"connectionAuthMethod":"{\"scope\":\"device\",\"type\":\"sas\",\"issuer\":\"iothub\",\"acceptingIpFilterRule\":null}","connectionDeviceGenerationId":"638052891151821842","connectionDeviceId":"IOTDevice_6_4","contentEncoding":"utf-8","contentType":"application/json","enqueuedTime":"2022-10-01 17:00:00"}}
{"Body":{"Status":true,"Timestamp":"2022-10-01 18:00:00","volt":"168.405415027304"},"EnqueuedTimeUtc":"2022-10-01 18:00:00","Properties":{"messagetype":"Demo"},"SystemProperties":{"connectionAuthMethod":"{\"scope\":\"device\",\"type\":\"sas\",\"issuer\":\"iothub\",\"acceptingIpFilterRule\":null}","connectionDeviceGenerationId":"638052891151821842","connectionDeviceId":"IOTDevice_6_1","contentEncoding":"utf-8","contentType":"application/json","enqueuedTime":"2022-10-01 18:00:00"}}
{"Body":{"Status":true,"Timestamp":"2022-10-01 18:00:00","rotate":"480.604420590534"},"EnqueuedTimeUtc":"2022-10-01 18:00:00","Properties":{"messagetype":"Demo"},"SystemProperties":{"connectionAuthMethod":"{\"scope\":\"device\",\"type\":\"sas\",\"issuer\":\"iothub\",\"acceptingIpFilterRule\":null}","connectionDeviceGenerationId":"638052891151821842","connectionDeviceId":"IOTDevice_6_2","contentEncoding":"utf-8","contentType":"application/json","enqueuedTime":"2022-10-01 18:00:00"}}
{"Body":{"Status":true,"Timestamp":"2022-10-01 18:00:00","pressure":"100.106815068052"},"EnqueuedTimeUtc":"2022-10-01 18:00:00","Properties":{"messagetype":"Demo"},"SystemProperties":{"connectionAuthMethod":"{\"scope\":\"device\",\"type\":\"sas\",\"issuer\":\"iothub\",\"acceptingIpFilterRule\":null}","connectionDeviceGenerationId":"638052891151821842","connectionDeviceId":"IOTDevice_6_3","contentEncoding":"utf-8","contentType":"application/json","enqueuedTime":"2022-10-01 18:00:00"}}
{"Body":{"Status":true,"Timestamp":"2022-10-01 18:00:00","vibration":"36.9984510153589"},"EnqueuedTimeUtc":"2022-10-01 18:00:00","Properties":{"messagetype":"Demo"},"SystemProperties":{"connectionAuthMethod":"{\"scope\":\"device\",\"type\":\"sas\",\"issuer\":\"iothub\",\"acceptingIpFilterRule\":null}","connectionDeviceGenerationId":"638052891151821842","connectionDeviceId":"IOTDevice_6_4","contentEncoding":"utf-8","contentType":"application/json","enqueuedTime":"2022-10-01 18:00:00"}}
{"Body":{"Status":true,"Timestamp":"2022-10-01 19:00:00","volt":"149.463537226358"},"EnqueuedTimeUtc":"2022-10-01 19:00:00","Properties":{"messagetype":"Demo"},"SystemProperties":{"connectionAuthMethod":"{\"scope\":\"device\",\"type\":\"sas\",\"issuer\":\"iothub\",\"acceptingIpFilterRule\":null}","connectionDeviceGenerationId":"638052891151821842","connectionDeviceId":"IOTDevice_6_1","contentEncoding":"utf-8","contentType":"application/json","enqueuedTime":"2022-10-01 19:00:00"}}
{"Body":{"Status":true,"Timestamp":"2022-10-01 19:00:00","rotate":"454.383986695473"},"EnqueuedTimeUtc":"2022-10-01 19:00:00","Properties":{"messagetype":"Demo"},"SystemProperties":{"connectionAuthMethod":"{\"scope\":\"device\",\"type\":\"sas\",\"issuer\":\"iothub\",\"acceptingIpFilterRule\":null}","connectionDeviceGenerationId":"638052891151821842","connectionDeviceId":"IOTDevice_6_2","contentEncoding":"utf-8","contentType":"application/json","enqueuedTime":"2022-10-01 19:00:00"}}
{"Body":{"Status":true,"Timestamp":"2022-10-01 19:00:00","pressure":"90.5766414250352"},"EnqueuedTimeUtc":"2022-10-01 19:00:00","Properties":{"messagetype":"Demo"},"SystemProperties":{"connectionAuthMethod":"{\"scope\":\"device\",\"type\":\"sas\",\"issuer\":\"iothub\",\"acceptingIpFilterRule\":null}","connectionDeviceGenerationId":"638052891151821842","connectionDeviceId":"IOTDevice_6_3","contentEncoding":"utf-8","contentType":"application/json","enqueuedTime":"2022-10-01 19:00:00"}}
{"Body":{"Status":true,"Timestamp":"2022-10-01 19:00:00","vibration":"40.3864438428275"},"EnqueuedTimeUtc":"2022-10-01 19:00:00","Properties":{"messagetype":"Demo"},"SystemProperties":{"connectionAuthMethod":"{\"scope\":\"device\",\"type\":\"sas\",\"issuer\":\"iothub\",\"acceptingIpFilterRule\":null}","connectionDeviceGenerationId":"638052891151821842","connectionDeviceId":"IOTDevice_6_4","contentEncoding":"utf-8","contentType":"application/json","enqueuedTime":"2022-10-01 19:00:00"}}
{"Body":{"Status":true,"Timestamp":"2022-10-01 20:00:00","volt":"182.747703996796"},"EnqueuedTimeUtc":"2022-10-01 20:00:00","Properties":{"messagetype":"Demo"},"SystemProperties":{"connectionAuthMethod":"{\"scope\":\"device\",\"type\":\"sas\",\"issuer\":\"iothub\",\"acceptingIpFilterRule\":null}","connectionDeviceGenerationId":"638052891151821842","connectionDeviceId":"IOTDevice_6_1","contentEncoding":"utf-8","contentType":"application/json","enqueuedTime":"2022-10-01 20:00:00"}}
{"Body":{"Status":true,"Timestamp":"2022-10-01 20:00:00","rotate":"444.460641727808"},"EnqueuedTimeUtc":"2022-10-01 20:00:00","Properties":{"messagetype":"Demo"},"SystemProperties":{"connectionAuthMethod":"{\"scope\":\"device\",\"type\":\"sas\",\"issuer\":\"iothub\",\"acceptingIpFilterRule\":null}","connectionDeviceGenerationId":"638052891151821842","connectionDeviceId":"IOTDevice_6_2","contentEncoding":"utf-8","contentType":"application/json","enqueuedTime":"2022-10-01 20:00:00"}}
{"Body":{"Status":true,"Timestamp":"2022-10-01 20:00:00","pressure":"110.015117472223"},"EnqueuedTimeUtc":"2022-10-01 20:00:00","Properties":{"messagetype":"Demo"},"SystemProperties":{"connectionAuthMethod":"{\"scope\":\"device\",\"type\":\"sas\",\"issuer\":\"iothub\",\"acceptingIpFilterRule\":null}","connectionDeviceGenerationId":"638052891151821842","connectionDeviceId":"IOTDevice_6_3","contentEncoding":"utf-8","contentType":"application/json","enqueuedTime":"2022-10-01 20:00:00"}}
{"Body":{"Status":true,"Timestamp":"2022-10-01 20:00:00","vibration":"45.084813242257"},"EnqueuedTimeUtc":"2022-10-01 20:00:00","Properties":{"messagetype":"Demo"},"SystemProperties":{"connectionAuthMethod":"{\"scope\":\"device\",\"type\":\"sas\",\"issuer\":\"iothub\",\"acceptingIpFilterRule\":null}","connectionDeviceGenerationId":"638052891151821842","connectionDeviceId":"IOTDevice_6_4","contentEncoding":"utf-8","contentType":"application/json","enqueuedTime":"2022-10-01 20:00:00"}}
{"Body":{"Status":true,"Timestamp":"2022-10-01 21:00:00","volt":"165.038661838019"},"EnqueuedTimeUtc":"2022-10-01 21:00:00","Properties":{"messagetype":"Demo"},"SystemProperties":{"connectionAuthMethod":"{\"scope\":\"device\",\"type\":\"sas\",\"issuer\":\"iothub\",\"acceptingIpFilterRule\":null}","connectionDeviceGenerationId":"638052891151821842","connectionDeviceId":"IOTDevice_6_1","contentEncoding":"utf-8","contentType":"application/json","enqueuedTime":"2022-10-01 21:00:00"}}
{"Body":{"Status":true,"Timestamp":"2022-10-01 21:00:00","rotate":"416.526427505328"},"EnqueuedTimeUtc":"2022-10-01 21:00:00","Properties":{"messagetype":"Demo"},"SystemProperties":{"connectionAuthMethod":"{\"scope\":\"device\",\"type\":\"sas\",\"issuer\":\"iothub\",\"acceptingIpFilterRule\":null}","connectionDeviceGenerationId":"638052891151821842","connectionDeviceId":"IOTDevice_6_2","contentEncoding":"utf-8","contentType":"application/json","enqueuedTime":"2022-10-01 21:00:00"}}
{"Body":{"Status":true,"Timestamp":"2022-10-01 21:00:00","pressure":"106.287102118848"},"EnqueuedTimeUtc":"2022-10-01 21:00:00","Properties":{"messagetype":"Demo"},"SystemProperties":{"connectionAuthMethod":"{\"scope\":\"device\",\"type\":\"sas\",\"issuer\":\"iothub\",\"acceptingIpFilterRule\":null}","connectionDeviceGenerationId":"638052891151821842","connectionDeviceId":"IOTDevice_6_3","contentEncoding":"utf-8","contentType":"application/json","enqueuedTime":"2022-10-01 21:00:00"}}
{"Body":{"Status":true,"Timestamp":"2022-10-01 21:00:00","vibration":"34.5475108158308"},"EnqueuedTimeUtc":"2022-10-01 21:00:00","Properties":{"messagetype":"Demo"},"SystemProperties":{"connectionAuthMethod":"{\"scope\":\"device\",\"type\":\"sas\",\"issuer\":\"iothub\",\"acceptingIpFilterRule\":null}","connectionDeviceGenerationId":"638052891151821842","connectionDeviceId":"IOTDevice_6_4","contentEncoding":"utf-8","contentType":"application/json","enqueuedTime":"2022-10-01 21:00:00"}}
{"Body":{"Status":true,"Timestamp":"2022-10-01 22:00:00","volt":"207.544495983228"},"EnqueuedTimeUtc":"2022-10-01 22:00:00","Properties":{"messagetype":"Demo"},"SystemProperties":{"connectionAuthMethod":"{\"scope\":\"device\",\"type\":\"sas\",\"issuer\":\"iothub\",\"acceptingIpFilterRule\":null}","connectionDeviceGenerationId":"638052891151821842","connectionDeviceId":"IOTDevice_6_1","contentEncoding":"utf-8","contentType":"application/json","enqueuedTime":"2022-10-01 22:00:00"}}
{"Body":{"Status":true,"Timestamp":"2022-10-01 22:00:00","rotate":"500.485562107316"},"EnqueuedTimeUtc":"2022-10-01 22:00:00","Properties":{"messagetype":"Demo"},"SystemProperties":{"connectionAuthMethod":"{\"scope\":\"device\",\"type\":\"sas\",\"issuer\":\"iothub\",\"acceptingIpFilterRule\":null}","connectionDeviceGenerationId":"638052891151821842","connectionDeviceId":"IOTDevice_6_2","contentEncoding":"utf-8","contentType":"application/json","enqueuedTime":"2022-10-01 22:00:00"}}
{"Body":{"Status":true,"Timestamp":"2022-10-01 22:00:00","pressure":"89.7358222006813"},"EnqueuedTimeUtc":"2022-10-01 22:00:00","Properties":{"messagetype":"Demo"},"SystemProperties":{"connectionAuthMethod":"{\"scope\":\"device\",\"type\":\"sas\",\"issuer\":\"iothub\",\"acceptingIpFilterRule\":null}","connectionDeviceGenerationId":"638052891151821842","connectionDeviceId":"IOTDevice_6_3","contentEncoding":"utf-8","contentType":"application/json","enqueuedTime":"2022-10-01 22:00:00"}}
{"Body":{"Status":true,"Timestamp":"2022-10-01 22:00:00","vibration":"45.3309253149113"},"EnqueuedTimeUtc":"2022-10-01 22:00:00","Properties":{"messagetype":"Demo"},"SystemProperties":{"connectionAuthMethod":"{\"scope\":\"device\",\"type\":\"sas\",\"issuer\":\"iothub\",\"acceptingIpFilterRule\":null}","connectionDeviceGenerationId":"638052891151821842","connectionDeviceId":"IOTDevice_6_4","contentEncoding":"utf-8","contentType":"application/json","enqueuedTime":"2022-10-01 22:00:00"}}
{"Body":{"Status":true,"Timestamp":"2022-10-01 23:00:00","volt":"167.408309096502"},"EnqueuedTimeUtc":"2022-10-01 23:00:00","Properties":{"messagetype":"Demo"},"SystemProperties":{"connectionAuthMethod":"{\"scope\":\"device\",\"type\":\"sas\",\"issuer\":\"iothub\",\"acceptingIpFilterRule\":null}","connectionDeviceGenerationId":"638052891151821842","connectionDeviceId":"IOTDevice_6_1","contentEncoding":"utf-8","contentType":"application/json","enqueuedTime":"2022-10-01 23:00:00"}}
{"Body":{"Status":true,"Timestamp":"2022-10-01 23:00:00","rotate":"426.616799145888"},"EnqueuedTimeUtc":"2022-10-01 23:00:00","Properties":{"messagetype":"Demo"},"SystemProperties":{"connectionAuthMethod":"{\"scope\":\"device\",\"type\":\"sas\",\"issuer\":\"iothub\",\"acceptingIpFilterRule\":null}","connectionDeviceGenerationId":"638052891151821842","connectionDeviceId":"IOTDevice_6_2","contentEncoding":"utf-8","contentType":"application/json","enqueuedTime":"2022-10-01 23:00:00"}}
{"Body":{"Status":true,"Timestamp":"2022-10-01 23:00:00","pressure":"98.2775034271552"},"EnqueuedTimeUtc":"2022-10-01 23:00:00","Properties":{"messagetype":"Demo"},"SystemProperties":{"connectionAuthMethod":"{\"scope\":\"device\",\"type\":\"sas\",\"issuer\":\"iothub\",\"acceptingIpFilterRule\":null}","connectionDeviceGenerationId":"638052891151821842","connectionDeviceId":"IOTDevice_6_3","contentEncoding":"utf-8","contentType":"application/json","enqueuedTime":"2022-10-01 23:00:00"}}
{"Body":{"Status":true,"Timestamp":"2022-10-01 23:00:00","vibration":"42.9188948613888"},"EnqueuedTimeUtc":"2022-10-01 23:00:00","Properties":{"messagetype":"Demo"},"SystemProperties":{"connectionAuthMethod":"{\"scope\":\"device\",\"type\":\"sas\",\"issuer\":\"iothub\",\"acceptingIpFilterRule\":null}","connectionDeviceGenerationId":"638052891151821842","connectionDeviceId":"IOTDevice_6_4","contentEncoding":"utf-8","contentType":"application/json","enqueuedTime":"2022-10-01 23:00:00"}}
{"Body":{"Status":true,"Timestamp":"2022-10-01 00:00:00","volt":"164.231436183904"},"EnqueuedTimeUtc":"2022-10-01 00:00:00","Properties":{"messagetype":"Demo"},"SystemProperties":{"connectionAuthMethod":"{\"scope\":\"device\",\"type\":\"sas\",\"issuer\":\"iothub\",\"acceptingIpFilterRule\":null}","connectionDeviceGenerationId":"638052891151821842","connectionDeviceId":"IOTDevice_7_1","contentEncoding":"utf-8","contentType":"application/json","enqueuedTime":"2022-10-01 00:00:00"}}
{"Body":{"Status":true,"Timestamp":"2022-10-01 00:00:00","rotate":"530.51494994717"},"EnqueuedTimeUtc":"2022-10-01 00:00:00","Properties":{"messagetype":"Demo"},"SystemProperties":{"connectionAuthMethod":"{\"scope\":\"device\",\"type\":\"sas\",\"issuer\":\"iothub\",\"acceptingIpFilterRule\":null}","connectionDeviceGenerationId":"638052891151821842","connectionDeviceId":"IOTDevice_7_2","contentEncoding":"utf-8","contentType":"application/json","enqueuedTime":"2022-10-01 00:00:00"}}
{"Body":{"Status":true,"Timestamp":"2022-10-01 00:00:00","pressure":"103.01527723141"},"EnqueuedTimeUtc":"2022-10-01 00:00:00","Properties":{"messagetype":"Demo"},"SystemProperties":{"connectionAuthMethod":"{\"scope\":\"device\",\"type\":\"sas\",\"issuer\":\"iothub\",\"acceptingIpFilterRule\":null}","connectionDeviceGenerationId":"638052891151821842","connectionDeviceId":"IOTDevice_7_3","contentEncoding":"utf-8","contentType":"application/json","enqueuedTime":"2022-10-01 00:00:00"}}
{"Body":{"Status":true,"Timestamp":"2022-10-01 00:00:00","vibration":"46.8413952443824"},"EnqueuedTimeUtc":"2022-10-01 00:00:00","Properties":{"messagetype":"Demo"},"SystemProperties":{"connectionAuthMethod":"{\"scope\":\"device\",\"type\":\"sas\",\"issuer\":\"iothub\",\"acceptingIpFilterRule\":null}","connectionDeviceGenerationId":"638052891151821842","connectionDeviceId":"IOTDevice_7_4","contentEncoding":"utf-8","contentType":"application/json","enqueuedTime":"2022-10-01 00:00:00"}}
{"Body":{"Status":true,"Timestamp":"2022-10-01 01:00:00","volt":"162.56459642528"},"EnqueuedTimeUtc":"2022-10-01 01:00:00","Properties":{"messagetype":"Demo"},"SystemProperties":{"connectionAuthMethod":"{\"scope\":\"device\",\"type\":\"sas\",\"issuer\":\"iothub\",\"acceptingIpFilterRule\":null}","connectionDeviceGenerationId":"638052891151821842","connectionDeviceId":"IOTDevice_7_1","contentEncoding":"utf-8","contentType":"application/json","enqueuedTime":"2022-10-01 01:00:00"}}
{"Body":{"Status":true,"Timestamp":"2022-10-01 01:00:00","rotate":"538.480383945472"},"EnqueuedTimeUtc":"2022-10-01 01:00:00","Properties":{"messagetype":"Demo"},"SystemProperties":{"connectionAuthMethod":"{\"scope\":\"device\",\"type\":\"sas\",\"issuer\":\"iothub\",\"acceptingIpFilterRule\":null}","connectionDeviceGenerationId":"638052891151821842","connectionDeviceId":"IOTDevice_7_2","contentEncoding":"utf-8","contentType":"application/json","enqueuedTime":"2022-10-01 01:00:00"}}
{"Body":{"Status":true,"Timestamp":"2022-10-01 01:00:00","pressure":"93.8735607408517"},"EnqueuedTimeUtc":"2022-10-01 01:00:00","Properties":{"messagetype":"Demo"},"SystemProperties":{"connectionAuthMethod":"{\"scope\":\"device\",\"type\":\"sas\",\"issuer\":\"iothub\",\"acceptingIpFilterRule\":null}","connectionDeviceGenerationId":"638052891151821842","connectionDeviceId":"IOTDevice_7_3","contentEncoding":"utf-8","contentType":"application/json","enqueuedTime":"2022-10-01 01:00:00"}}
{"Body":{"Status":true,"Timestamp":"2022-10-01 01:00:00","vibration":"36.0139661331143"},"EnqueuedTimeUtc":"2022-10-01 01:00:00","Properties":{"messagetype":"Demo"},"SystemProperties":{"connectionAuthMethod":"{\"scope\":\"device\",\"type\":\"sas\",\"issuer\":\"iothub\",\"acceptingIpFilterRule\":null}","connectionDeviceGenerationId":"638052891151821842","connectionDeviceId":"IOTDevice_7_4","contentEncoding":"utf-8","contentType":"application/json","enqueuedTime":"2022-10-01 01:00:00"}}
{"Body":{"Status":true,"Timestamp":"2022-10-01 02:00:00","volt":"141.092373306863"},"EnqueuedTimeUtc":"2022-10-01 02:00:00","Properties":{"messagetype":"Demo"},"SystemProperties":{"connectionAuthMethod":"{\"scope\":\"device\",\"type\":\"sas\",\"issuer\":\"iothub\",\"acceptingIpFilterRule\":null}","connectionDeviceGenerationId":"638052891151821842","connectionDeviceId":"IOTDevice_7_1","contentEncoding":"utf-8","contentType":"application/json","enqueuedTime":"2022-10-01 02:00:00"}}
{"Body":{"Status":true,"Timestamp":"2022-10-01 02:00:00","rotate":"486.549193910025"},"EnqueuedTimeUtc":"2022-10-01 02:00:00","Properties":{"messagetype":"Demo"},"SystemProperties":{"connectionAuthMethod":"{\"scope\":\"device\",\"type\":\"sas\",\"issuer\":\"iothub\",\"acceptingIpFilterRule\":null}","connectionDeviceGenerationId":"638052891151821842","connectionDeviceId":"IOTDevice_7_2","contentEncoding":"utf-8","contentType":"application/json","enqueuedTime":"2022-10-01 02:00:00"}}
{"Body":{"Status":true,"Timestamp":"2022-10-01 02:00:00","pressure":"106.282139593684"},"EnqueuedTimeUtc":"2022-10-01 02:00:00","Properties":{"messagetype":"Demo"},"SystemProperties":{"connectionAuthMethod":"{\"scope\":\"device\",\"type\":\"sas\",\"issuer\":\"iothub\",\"acceptingIpFilterRule\":null}","connectionDeviceGenerationId":"638052891151821842","connectionDeviceId":"IOTDevice_7_3","contentEncoding":"utf-8","contentType":"application/json","enqueuedTime":"2022-10-01 02:00:00"}}
{"Body":{"Status":true,"Timestamp":"2022-10-01 02:00:00","vibration":"37.5446141351413"},"EnqueuedTimeUtc":"2022-10-01 02:00:00","Properties":{"messagetype":"Demo"},"SystemProperties":{"connectionAuthMethod":"{\"scope\":\"device\",\"type\":\"sas\",\"issuer\":\"iothub\",\"acceptingIpFilterRule\":null}","connectionDeviceGenerationId":"638052891151821842","connectionDeviceId":"IOTDevice_7_4","contentEncoding":"utf-8","contentType":"application/json","enqueuedTime":"2022-10-01 02:00:00"}}
{"Body":{"Status":true,"Timestamp":"2022-10-01 03:00:00","volt":"171.849892191499"},"EnqueuedTimeUtc":"2022-10-01 03:00:00","Properties":{"messagetype":"Demo"},"SystemProperties":{"connectionAuthMethod":"{\"scope\":\"device\",\"type\":\"sas\",\"issuer\":\"iothub\",\"acceptingIpFilterRule\":null}","connectionDeviceGenerationId":"638052891151821842","connectionDeviceId":"IOTDevice_7_1","contentEncoding":"utf-8","contentType":"application/json","enqueuedTime":"2022-10-01 03:00:00"}}
{"Body":{"Status":true,"Timestamp":"2022-10-01 03:00:00","rotate":"431.834618415472"},"EnqueuedTimeUtc":"2022-10-01 03:00:00","Properties":{"messagetype":"Demo"},"SystemProperties":{"connectionAuthMethod":"{\"scope\":\"device\",\"type\":\"sas\",\"issuer\":\"iothub\",\"acceptingIpFilterRule\":null}","connectionDeviceGenerationId":"638052891151821842","connectionDeviceId":"IOTDevice_7_2","contentEncoding":"utf-8","contentType":"application/json","enqueuedTime":"2022-10-01 03:00:00"}}
{"Body":{"Status":true,"Timestamp":"2022-10-01 03:00:00","pressure":"88.8856368251275"},"EnqueuedTimeUtc":"2022-10-01 03:00:00","Properties":{"messagetype":"Demo"},"SystemProperties":{"connectionAuthMethod":"{\"scope\":\"device\",\"type\":\"sas\",\"issuer\":\"iothub\",\"acceptingIpFilterRule\":null}","connectionDeviceGenerationId":"638052891151821842","connectionDeviceId":"IOTDevice_7_3","contentEncoding":"utf-8","contentType":"application/json","enqueuedTime":"2022-10-01 03:00:00"}}
{"Body":{"Status":true,"Timestamp":"2022-10-01 03:00:00","vibration":"46.5952178404095"},"EnqueuedTimeUtc":"2022-10-01 03:00:00","Properties":{"messagetype":"Demo"},"SystemProperties":{"connectionAuthMethod":"{\"scope\":\"device\",\"type\":\"sas\",\"issuer\":\"iothub\",\"acceptingIpFilterRule\":null}","connectionDeviceGenerationId":"638052891151821842","connectionDeviceId":"IOTDevice_7_4","contentEncoding":"utf-8","contentType":"application/json","enqueuedTime":"2022-10-01 03:00:00"}}
{"Body":{"Status":true,"Timestamp":"2022-10-01 04:00:00","volt":"179.193692363247"},"EnqueuedTimeUtc":"2022-10-01 04:00:00","Properties":{"messagetype":"Demo"},"SystemProperties":{"connectionAuthMethod":"{\"scope\":\"device\",\"type\":\"sas\",\"issuer\":\"iothub\",\"acceptingIpFilterRule\":null}","connectionDeviceGenerationId":"638052891151821842","connectionDeviceId":"IOTDevice_7_1","contentEncoding":"utf-8","contentType":"application/json","enqueuedTime":"2022-10-01 04:00:00"}}
{"Body":{"Status":true,"Timestamp":"2022-10-01 04:00:00","rotate":"423.793090027223"},"EnqueuedTimeUtc":"2022-10-01 04:00:00","Properties":{"messagetype":"Demo"},"SystemProperties":{"connectionAuthMethod":"{\"scope\":\"device\",\"type\":\"sas\",\"issuer\":\"iothub\",\"acceptingIpFilterRule\":null}","connectionDeviceGenerationId":"638052891151821842","connectionDeviceId":"IOTDevice_7_2","contentEncoding":"utf-8","contentType":"application/json","enqueuedTime":"2022-10-01 04:00:00"}}
{"Body":{"Status":true,"Timestamp":"2022-10-01 04:00:00","pressure":"94.1395880645654"},"EnqueuedTimeUtc":"2022-10-01 04:00:00","Properties":{"messagetype":"Demo"},"SystemProperties":{"connectionAuthMethod":"{\"scope\":\"device\",\"type\":\"sas\",\"issuer\":\"iothub\",\"acceptingIpFilterRule\":null}","connectionDeviceGenerationId":"638052891151821842","connectionDeviceId":"IOTDevice_7_3","contentEncoding":"utf-8","contentType":"application/json","enqueuedTime":"2022-10-01 04:00:00"}}
{"Body":{"Status":true,"Timestamp":"2022-10-01 04:00:00","vibration":"38.9477827381588"},"EnqueuedTimeUtc":"2022-10-01 04:00:00","Properties":{"messagetype":"Demo"},"SystemProperties":{"connectionAuthMethod":"{\"scope\":\"device\",\"type\":\"sas\",\"issuer\":\"iothub\",\"acceptingIpFilterRule\":null}","connectionDeviceGenerationId":"638052891151821842","connectionDeviceId":"IOTDevice_7_4","contentEncoding":"utf-8","contentType":"application/json","enqueuedTime":"2022-10-01 04:00:00"}}
{"Body":{"Status":true,"Timestamp":"2022-10-01 05:00:00","volt":"167.662240988405"},"EnqueuedTimeUtc":"2022-10-01 05:00:00","Properties":{"messagetype":"Demo"},"SystemProperties":{"connectionAuthMethod":"{\"scope\":\"device\",\"type\":\"sas\",\"issuer\":\"iothub\",\"acceptingIpFilterRule\":null}","connectionDeviceGenerationId":"638052891151821842","connectionDeviceId":"IOTDevice_7_1","contentEncoding":"utf-8","contentType":"application/json","enqueuedTime":"2022-10-01 05:00:00"}}
{"Body":{"Status":true,"Timestamp":"2022-10-01 05:00:00","rotate":"355.269648346547"},"EnqueuedTimeUtc":"2022-10-01 05:00:00","Properties":{"messagetype":"Demo"},"SystemProperties":{"connectionAuthMethod":"{\"scope\":\"device\",\"type\":\"sas\",\"issuer\":\"iothub\",\"acceptingIpFilterRule\":null}","connectionDeviceGenerationId":"638052891151821842","connectionDeviceId":"IOTDevice_7_2","contentEncoding":"utf-8","contentType":"application/json","enqueuedTime":"2022-10-01 05:00:00"}}
{"Body":{"Status":true,"Timestamp":"2022-10-01 05:00:00","pressure":"110.102834877076"},"EnqueuedTimeUtc":"2022-10-01 05:00:00","Properties":{"messagetype":"Demo"},"SystemProperties":{"connectionAuthMethod":"{\"scope\":\"device\",\"type\":\"sas\",\"issuer\":\"iothub\",\"acceptingIpFilterRule\":null}","connectionDeviceGenerationId":"638052891151821842","connectionDeviceId":"IOTDevice_7_3","contentEncoding":"utf-8","contentType":"application/json","enqueuedTime":"2022-10-01 05:00:00"}}
{"Body":{"Status":true,"Timestamp":"2022-10-01 05:00:00","vibration":"44.2648358830484"},"EnqueuedTimeUtc":"2022-10-01 05:00:00","Properties":{"messagetype":"Demo"},"SystemProperties":{"connectionAuthMethod":"{\"scope\":\"device\",\"type\":\"sas\",\"issuer\":\"iothub\",\"acceptingIpFilterRule\":null}","connectionDeviceGenerationId":"638052891151821842","connectionDeviceId":"IOTDevice_7_4","contentEncoding":"utf-8","contentType":"application/json","enqueuedTime":"2022-10-01 05:00:00"}}
