{"Body":{"Status":true,"Timestamp":"2022-10-01 00:00:00","volt":"171.764155165523"},"EnqueuedTimeUtc":"2022-10-01 00:00:00","Properties":{"messagetype":"Demo"},"SystemProperties":{"connectionAuthMethod":"{\"scope\":\"device\",\"type\":\"sas\",\"issuer\":\"iothub\",\"acceptingIpFilterRule\":null}","connectionDeviceGenerationId":"638052891151821842","connectionDeviceId":"IOTDevice_6_1","contentEncoding":"utf-8","contentType":"application/json","enqueuedTime":"2022-10-01 00:00:00"}}
{"Body":{"Status":true,"Timestamp":"2022-10-01 00:00:00","rotate":"399.378342287903"},"EnqueuedTimeUtc":"2022-10-01 00:00:00","Properties":{"messagetype":"Demo"},"SystemProperties":{"connectionAuthMethod":"{\"scope\":\"device\",\"type\":\"sas\",\"issuer\":\"iothub\",\"acceptingIpFilterRule\":null}","connectionDeviceGenerationId":"638052891151821842","connectionDeviceId":"IOTDevice_6_2","contentEncoding":"utf-8","contentType":"application/json","enqueuedTime":"2022-10-01 00:00:00"}}
{"Body":{"Status":true,"Timestamp":"2022-10-01 00:00:00","pressure":"103.838285609837"},"EnqueuedTimeUtc":"2022-10-01 00:00:00","Properties":{"messagetype":"Demo"},"SystemProperties":{"connectionAuthMethod":"{\"scope\":\"device\",\"type\":\"sas\",\"issuer\":\"iothub\",\"acceptingIpFilterRule\":null}","connectionDeviceGenerationId":"638052891151821842","connectionDeviceId":"IOTDevice_6_3","contentEncoding":"utf-8","contentType":"application/json","enqueuedTime":"2022-10-01 00:00:00"}}
{"Body":{"Status":true,"Timestamp":"2022-10-01 00:00:00","vibration":"42.5849327385197"},"EnqueuedTimeUtc":"2022-10-01 00:00:00","Properties":{"messagetype":"Demo"},"SystemProperties":{"connectionAuthMethod":"{\"scope\":\"device\",\"type\":\"sas\",\"issuer\":\"iothub\",\"acceptingIpFilterRule\":null}","connectionDeviceGenerationId":"638052891151821842","connectionDeviceId":"IOTDevice_6_4","contentEncoding":"utf-8","contentType":"application/json","enqueuedTime":"2022-10-01 00:00:00"}}
{"Body":{"Status":true,"Timestamp":"2022-10-01 01:00:00","volt":"148.930463541745"},"EnqueuedTimeUtc":"2022-10-01 01:00:00","Properties":{"messagetype":"Demo"},"SystemProperties":{"connectionAuthMethod":"{\"scope\":\"device\",\"type\":\"sas\",\"issuer\":\"iothub\",\"acceptingIpFilterRule\":null}","connectionDeviceGenerationId":"638052891151821842","connectionDeviceId":"IOTDevice_6_1","contentEncoding":"utf-8","contentType":"application/json","enqueuedTime":"2022-10-01 01:00:00"}}
{"Body":{"Status":true,"Timestamp":"2022-10-01 01:00:00","rotate":"419.338307344974"},"EnqueuedTimeUtc":"2022-10-01 01:00:00","Properties":{"messagetype":"Demo"},"SystemProperties":{"connectionAuthMethod":"{\"scope\":\"device\",\"type\":\"sas\",\"issuer\":\"iothub\",\"acceptingIpFilterRule\":null}","connectionDeviceGenerationId":"638052891151821842","connectionDeviceId":"IOTDevice_6_2","contentEncoding":"utf-8","contentType":"application/json","enqueuedTime":"2022-10-01 01:00:00"}}
{"Body":{"Status":true,"Timestamp":"2022-10-01 01:00:00","pressure":"99.0451727223454"},"EnqueuedTimeUtc":"2022-10-01 01:00:00","Properties":{"messagetype":"Demo"},"SystemProperties":{"connectionAuthMethod":"{\"scope\":\"device\",\"type\":\"sas\",\"issuer\":\"iothub\",\"acceptingIpFilterRule\":null}","connectionDeviceGenerationId":"638052891151821842","connectionDeviceId":"IOTDevice_6_3","contentEncoding":"utf-8","contentType":"application/json","enqueuedTime":"2022-10-01 01:00:00"}}
{"Body":{"Status":true,"Timestamp":"2022-10-01 01:00:00","vibration":"44.8700695069816"},"EnqueuedTimeUtc":"2022-10-01 01:00:00","Properties":{"messagetype":"Demo"},"SystemProperties":{"connectionAuthMethod":"{\"scope\":\"device\",\"type\":\"sas\",\"issuer\":\"iothub\",\"acceptingIpFilterRule\":null}","connectionDeviceGenerationId":"638052891151821842","connectionDeviceId":"IOTDevice_6_4","contentEncoding":"utf-8","contentType":"application/json","enqueuedTime":"2022-10-01 01:00:00"}}
{"Body":{"Status":true,"Timestamp":"2022-10-01 02:00:00","volt":"162.237168246025"},"EnqueuedTimeUtc":"2022-10-01 02:00:00","Properties":{"messagetype":"Demo"},"SystemProperties":{"connectionAuthMethod":"{\"scope\":\"device\",\"type\":\"sas\",\"issuer\":\"iothub\",\"acceptingIpFilterRule\":null}","connectionDeviceGenerationId":"638052891151821842","connectionDeviceId":"IOTDevice_6_1","contentEncoding":"utf-8","contentType":"application/json","enqueuedTime":"2022-10-01 02:00:00"}}
{"Body":{"Status":true,"Timestamp":"2022-10-01 02:00:00","rotate":"471.249206191885"},"EnqueuedTimeUtc":"2022-10-01 02:00:00","Properties":{"messagetype":"Demo"},"SystemProperties":{"connectionAuthMethod":"{\"scope\":\"device\",\"type\":\"sas\",\"issuer\":\"iothub\",\"acceptingIpFilterRule\":null}","connectionDeviceGenerationId":"638052891151821842","connectionDeviceId":"IOTDevice_6_2","contentEncoding":"utf-8","contentType":"application/json","enqueuedTime":"2022-10-01 02:00:00"}}
{"Body":{"Status":true,"Timestamp":"2022-10-01 02:00:00","pressure":"101.433065729786"},"EnqueuedTimeUtc":"2022-10-01 02:00:00","Properties":{"messagetype":"Demo"},"SystemProperties":{"connectionAuthMethod":"{\"scope\":\"device\",\"type\":\"sas\",\"issuer\":\"iothub\",\"acceptingIpFilterRule\":null}","connectionDeviceGenerationId":"638052891151821842","connectionDeviceId":"IOTDevice_6_3","contentEncoding":"utf-8","contentType":"application/json","enqueuedTime":"2022-10-01 02:00:00"}}
{"Body":{"Status":true,"Timestamp":"2022-10-01 02:00:00","vibration":"49.4869700562187"},"EnqueuedTimeUtc":"2022-10-01 02:00:00","Properties":{"messagetype":"Demo"},"SystemProperties":{"connectionAuthMethod":"{\"scope\":\"device\",\"type\":\"sas\",\"issuer\":\"iothub\",\"acceptingIpFilterRule\":null}","connectionDeviceGenerationId":"638052891151821842","connectionDeviceId":"IOTDevice_6_4","contentEncoding":"utf-8","contentType":"application/json","enqueuedTime":"2022-10-01 02:00:00"}}
{"Body":{"Status":true,"Timestamp":"2022-10-01 03:00:00","volt":"168.037998648887"},"EnqueuedTimeUtc":"2022-10-01 03:00:00","Properties":{"messagetype":"Demo"},"SystemProperties":{"connectionAuthMethod":"{\"scope\":\"device\",\"type\":\"sas\",\"issuer\":\"iothub\",\"acceptingIpFilterRule\":null}","connectionDeviceGenerationId":"638052891151821842","connectionDeviceId":"IOTDevice_6_1","contentEncoding":"utf-8","contentType":"application/json","enqueuedTime":"2022-10-01 03:00:00"}}
{"Body":{"Status":true,"Timestamp":"2022-10-01 03:00:00","rotate":"452.747550476183"},"EnqueuedTimeUtc":"2022-10-01 03:00:00","Properties":{"messagetype":"Demo"},"SystemProperties":{"connectionAuthMethod":"{\"scope\":\"device\",\"type\":\"sas\",\"issuer\":\"iothub\",\"acceptingIpFilterRule\":null}","connectionDeviceGenerationId":"638052891151821842","connectionDeviceId":"IOTDevice_6_2","contentEncoding":"utf-8","contentType":"application/json","enqueuedTime":"2022-10-01 03:00:00"}}
{"Body":{"Status":true,"Timestamp":"2022-10-01 03:00:00","pressure":"95.7935806928608"},"EnqueuedTimeUtc":"2022-10-01 03:00:00","Properties":{"messagetype":"Demo"},"SystemProperties":{"connectionAuthMethod":"{\"scope\":\"device\",\"type\":\"sas\",\"issuer\":\"iothub\",\"acceptingIpFilterRule\":null}","connectionDeviceGenerationId":"638052891151821842","connectionDeviceId":"IOTDevice_6_3","contentEncoding":"utf-8","contentType":"application/json","enqueuedTime":"2022-10-01 03:00:00"}}
{"Body":{"Status":true,"Timestamp":"2022-10-01 03:00:00","vibration":"47.838201795229"},"EnqueuedTimeUtc":"2022-10-01 03:00:00","Properties":{"messagetype":"Demo"},"SystemProperties":{"connectionAuthMethod":"{\"scope\":\"device\",\"type\":\"sas\",\"issuer\":\"iothub\",\"acceptingIpFilterRule\":null}","connectionDeviceGenerationId":"638052891151821842","connectionDeviceId":"IOTDevice_6_4","contentEncoding":"utf-8","contentType":"application/json","enqueuedTime":"2022-10-01 03:00:00"}}
{"Body":{"Status":true,"Timestamp":"2022-10-01 04:00:00","volt":"149.604224802222"},"EnqueuedTimeUtc":"2022-10-01 04:00:00","Properties":{"messagetype":"Demo"},"SystemProperties":{"connectionAuthMethod":"{\"scope\":\"device\",\"type\":\"sas\",\"issuer\":\"iothub\",\"acceptingIpFilterRule\":null}","connectionDeviceGenerationId":"638052891151821842","connectionDeviceId":"IOTDevice_6_1","contentEncoding":"utf-8","contentType":"application/json","enqueuedTime":"2022-10-01 04:00:00"}}
{"Body":{"Status":true,"Timestamp":"2022-10-01 04:00:00","rotate":"420.512146151906"},"EnqueuedTimeUtc":"2022-10-01 04:00:00","Properties":{"messagetype":"Demo"},"SystemProperties":{"connectionAuthMethod":"{\"scope\":\"device\",\"type\":\"sas\",\"issuer\":\"iothub\",\"acceptingIpFilterRule\":null}","connectionDeviceGenerationId":"638052891151821842","connectionDeviceId":"IOTDevice_6_2","contentEncoding":"utf-8","contentType":"application/json","enqueuedTime":"2022-10-01 04:00:00"}}
{"Body":{"Status":true,"Timestamp":"2022-10-01 04:00:00","pressure":"104.383501080259"},"EnqueuedTimeUtc":"2022-10-01 04:00:00","Properties":{"messagetype":"Demo"},"SystemProperties":{"connectionAuthMethod":"{\"scope\":\"device\",\"type\":\"sas\",\"issuer\":\"iothub\",\"acceptingIpFilterRule\":null}","connectionDeviceGenerationId":"638052891151821842","connectionDeviceId":"IOTDevice_6_3","contentEncoding":"utf-8","contentType":"application/json","enqueuedTime":"2022-10-01 04:00:00"}}
{"Body":{"Status":true,"Timestamp":"2022-10-01 04:00:00","vibration":"39.8702579457578"},"EnqueuedTimeUtc":"2022-10-01 04:00:00","Properties":{"messagetype":"Demo"},"SystemProperties":{"connectionAuthMethod":"{\"scope\":\"device\",\"type\":\"sas\",\"issuer\":\"iothub\",\"acceptingIpFilterRule\":null}","connectionDeviceGenerationId":"638052891151821842","connectionDeviceId":"IOTDevice_6_4","contentEncoding":"utf-8","contentType":"application/json","enqueuedTime":"2022-10-01 04:00:00"}}
{"Body":{"Status":true,"Timestamp":"2022-10-01 05:00:00","volt":"173.426934672971"},"EnqueuedTimeUtc":"2022-10-01 05:00:00","Properties":{"messagetype":"Demo"},"SystemProperties":{"connectionAuthMethod":"{\"scope\":\"device\",\"type\":\"sas\",\"issuer\":\"iothub\",\"acceptingIpFilterRule\":null}","connectionDeviceGenerationId":"638052891151821842","connectionDeviceId":"IOTDevice_6_1","contentEncoding":"utf-8","contentType":"application/json","enqueuedTime":"2022-10-01 05:00:00"}}
{"Body":{"Status":true,"Timestamp":"2022-10-01 05:00:00","rotate":"526.113829545214"},"EnqueuedTimeUtc":"2022-10-01 05:00:00","Properties":{"messagetype":"Demo"},"SystemProperties":{"connectionAuthMethod":"{\"scope\":\"device\",\"type\":\"sas\",\"issuer\":\"iothub\",\"acceptingIpFilterRule\":null}","connectionDeviceGenerationId":"638052891151821842","connectionDeviceId":"IOTDevice_6_2","contentEncoding":"utf-8","contentType":"application/json","enqueuedTime":"2022-10-01 05:00:00"}}
{"Body":{"Status":true,"Timestamp":"2022-10-01 05:00:00","pressure":"84.8011044478011"},"EnqueuedTimeUtc":"2022-10-01 05:00:00","Properties":{"messagetype":"Demo"},"SystemProperties":{"connectionAuthMethod":"{\"scope\":\"device\",\"type\":\"sas\",\"issuer\":\"iothub\",\"acceptingIpFilterRule\":null}","connectionDeviceGenerationId":"638052891151821842","connectionDeviceId":"IOTDevice_6_3","contentEncoding":"utf-8","contentType":"application/json","enqueuedTime":"2022-10-01 05:00:00"}}
{"Body":{"Status":true,"Timestamp":"2022-10-01 05:00:00","vibration":"40.1180176686113"},"EnqueuedTimeUtc":"2022-10-01 05:00:00","Properties":{"messagetype":"Demo"},"SystemProperties":{"connectionAuthMethod":"{\"scope\":\"device\",\"type\":\"sas\",\"issuer\":\"iothub\",\"acceptingIpFilterRule\":null}","connectionDeviceGenerationId":"638052891151821842","connectionDeviceId":"IOTDevice_6_4","contentEncoding":"utf-8","contentType":"application/json","enqueuedTime":"2022-10-01 05:00:00"}}
{"Body":{"Status":true,"Timestamp":"2022-10-01 06:00:00","volt":"150.604106115045"},"EnqueuedTimeUtc":"2022-10-01 06:00:00","Properties":{"messagetype":"Demo"},"SystemProperties":{"connectionAuthMethod":"{\"scope\":\"device\",\"type\":\"sas\",\"issuer\":\"iothub\",\"acceptingIpFilterRule\":null}","connectionDeviceGenerationId":"638052891151821842","connectionDeviceId":"IOTDevice_6_1","contentEncoding":"utf-8","contentType":"application/json","enqueuedTime":"2022-10-01 06:00:00"}}
{"Body":{"Status":true,"Timestamp":"2022-10-01 06:00:00","rotate":"466.048095260851"},"EnqueuedTimeUtc":"2022-10-01 06:00:00","Properties":{"messagetype":"Demo"},"SystemProperties":{"connectionAuthMethod":"{\"scope\":\"device\",\"type\":\"sas\",\"issuer\":\"iothub\",\"acceptingIpFilterRule\":null}","connectionDeviceGenerationId":"638052891151821842","connectionDeviceId":"IOTDevice_6_2","contentEncoding":"utf-8","contentType":"application/json","enqueuedTime":"2022-10-01 06:00:00"}}
{"Body":{"Status":true,"Timestamp":"2022-10-01 06:00:00","pressure":"102.835494782555"},"EnqueuedTimeUtc":"2022-10-01 06:00:00","Properties":{"messagetype":"Demo"},"SystemProperties":{"connectionAuthMethod":"{\"scope\":\"device\",\"type\":\"sas\",\"issuer\":\"iothub\",\"acceptingIpFilterRule\":null}","connectionDeviceGenerationId":"638052891151821842","connectionDeviceId":"IOTDevice_6_3","contentEncoding":"utf-8","contentType":"application/json","enqueuedTime":"2022-10-01 06:00:00"}}
{"Body":{"Status":true,"Timestamp":"2022-10-01 06:00:00","vibration":"39.2904006345561"},"EnqueuedTimeUtc":"2022-10-01 06:00:00","Properties":{"messagetype":"Demo"},"SystemProperties":{"connectionAuthMethod":"{\"scope\":\"device\",\"type\":\"sas\",\"issuer\":\"iothub\",\"acceptingIpFilterRule\":null}","connectionDeviceGenerationId":"638052891151821842","connectionDeviceId":"IOTDevice_6_4","contentEncoding":"utf-8","contentType":"application/json","enqueuedTime":"2022-10-01 06:00:00"}}
{"Body":{"Status":true,"Timestamp":"2022-10-01 07:00:00","volt":"159.26815060224"},"EnqueuedTimeUtc":"2022-10-01 07:00:00","Properties":{"messagetype":"Demo"},"SystemProperties":{"connectionAuthMethod":"{\"scope\":\"device\",\"type\":\"sas\",\"issuer\":\"iothub\",\"acceptingIpFilterRule\":null}","connectionDeviceGenerationId":"638052891151821842","connectionDeviceId":"IOTDevice_6_1","contentEncoding":"utf-8","contentType":"application/json","enqueuedTime":"2022-10-01 07:00:00"}}
{"Body":{"Status":true,"Timestamp":"2022-10-01 07:00:00","rotate":"404.67174802911"},"EnqueuedTimeUtc":"2022-10-01 07:00:00","Properties":{"messagetype":"Demo"},"SystemProperties":{"connectionAuthMethod":"{\"scope\":\"device\",\"type\":\"sas\",\"issuer\":\"iothub\",\"acceptingIpFilterRule\":null}","connectionDeviceGenerationId":"638052891151821842","connectionDeviceId":"IOTDevice_6_2","contentEncoding":"utf-8","contentType":"application/json","enqueuedTime":"2022-10-01 07:00:00"}}
{"Body":{"Status":true,"Timestamp":"2022-10-01 07:00:00","pressure":"102.490115498529"},"EnqueuedTimeUtc":"2022-10-01 07:00:00","Properties":{"messagetype":"Demo"},"SystemProperties":{"connectionAuthMethod":"{\"scope\":\"device\",\"type\":\"sas\",\"issuer\":\"iothub\",\"acceptingIpFilterRule\":null}","connectionDeviceGenerationId":"638052891151821842","connectionDeviceId":"IOTDevice_6_3","contentEncoding":"utf-8","contentType":"application/json","enqueuedTime":"2022-10-01 07:00:00"}}
{"Body":{"Status":true,"Timestamp":"2022-10-01 07:00:00","vibration":"34.268187200003"},"EnqueuedTimeUtc":"2022-10-01 07:00:00","Properties":{"messagetype":"Demo"},"SystemProperties":{"connectionAuthMethod":"{\"scope\":\"device\",\"type\":\"sas\",\"issuer\":\"iothub\",\"acceptingIpFilterRule\":null}","connectionDeviceGenerationId":"638052891151821842","connectionDeviceId":"IOTDevice_6_4","contentEncoding":"utf-8","contentType":"application/json","enqueuedTime":"2022-10-01 07:00:00"}}
{"Body":{"Status":true,"Timestamp":"2022-10-01 08:00:00","volt":"175.005088077912"},"EnqueuedTimeUtc":"2022-10-01 08:00:00","Properties":{"messagetype":"Demo"},"SystemProperties":{"connectionAuthMethod":"{\"scope\":\"device\",\"type\":\"sas\",\"issuer\":\"iothub\",\"acceptingIpFilterRule\":null}","connectionDeviceGenerationId":"638052891151821842","connectionDeviceId":"IOTDevice_6_1","contentEncoding":"utf-8","contentType":"application/json","enqueuedTime":"2022-10-01 08:00:00"}}
{"Body":{"Status":true,"Timestamp":"2022-10-01 08:00:00","rotate":"498.430737315992"},"EnqueuedTimeUtc":"2022-10-01 08:00:00","Properties":{"messagetype":"Demo"},"SystemProperties":{"connectionAuthMethod":"{\"scope\":\"device\",\"type\":\"sas\",\"issuer\":\"iothub\",\"acceptingIpFilterRule\":null}","connectionDeviceGenerationId":"638052891151821842","connectionDeviceId":"IOTDevice_6_2","contentEncoding":"utf-8","contentType":"application/json","enqueuedTime":"2022-10-01 08:00:00"}}
{"Body":{"Status":true,"Timestamp":"2022-10-01 08:00:00","pressure":"85.6599050793943"},"EnqueuedTimeUtc":"2022-10-01 08:00:00","Properties":{"messagetype":"Demo"},"SystemProperties":{"connectionAuthMethod":"{\"scope\":\"device\",\"type\":\"sas\",\"issuer\":\"iothub\",\"acceptingIpFilterRule\":null}","connectionDeviceGenerationId":"638052891151821842","connectionDeviceId":"IOTDevice_6_3","contentEncoding":"utf-8","contentType":"application/json","enqueuedTime":"2022-10-01 08:00:00"}}
{"Body":{"Status":true,"Timestamp":"2022-10-01 08:00:00","vibration":"39.8895679555418"},"EnqueuedTimeUtc":"2022-10-01 08:00:00","Properties":{"messagetype":"Demo"},"SystemProperties":{"connectionAuthMethod":"{\"scope\":\"device\",\"type\":\"sas\",\"issuer\":\"iothub\",\"acceptingIpFilterRule\":null}","connectionDeviceGenerationId":"638052891151821842","connectionDeviceId":"IOTDevice_6_4","contentEncoding":"utf-8","contentType":"application/json","enqueuedTime":"2022-10-01 08:00:00"}}
{"Body":{"Status":true,"Timestamp":"2022-10-01 09:00:00","volt":"175.38144534038"},"EnqueuedTimeUtc":"2022-10-01 09:00:00","Properties":{"messagetype":"Demo"},"SystemProperties":{"connectionAuthMethod":"{\"scope\":\"device\",\"type\":\"sas\",\"issuer\":\"iothub\",\"acceptingIpFilterRule\":null}","connectionDeviceGenerationId":"638052891151821842","connectionDeviceId":"IOTDevice_6_1","contentEncoding":"utf-8","contentType":"application/json","enqueuedTime":"2022-10-01 09:00:00"}}
{"Body":{"Status":true,"Timestamp":"2022-10-01 09:00:00","rotate":"440.901822190795"},"EnqueuedTimeUtc":"2022-10-01 09:00:00","Properties":{"messagetype":"Demo"},"SystemProperties":{"connectionAuthMethod":"{\"scope\":\"device\",\"type\":\"sas\",\"issuer\":\"iothub\",\"acceptingIpFilterRule\":null}","connectionDeviceGenerationId":"638052891151821842","connectionDeviceId":"IOTDevice_6_2","contentEncoding":"utf-8","contentType":"application/json","enqueuedTime":"2022-10-01 09:00:00"}}
{"Body":{"Status":true,"Timestamp":"2022-10-01 09:00:00","pressure":"108.324321778737"},"EnqueuedTimeUtc":"2022-10-01 09:00:00","Properties":{"messagetype":"Demo"},"SystemProperties":{"connectionAuthMethod":"{\"scope\":\"device\",\"type\":\"sas\",\"issuer\":\"iothub\",\"acceptingIpFilterRule\":null}","connectionDeviceGenerationId":"638052891151821842","connectionDeviceId":"IOTDevice_6_3","contentEncoding":"utf-8","contentType":"application/json","enqueuedTime":"2022-10-01 09:00:00"}}
{"Body":{"Status":true,"Timestamp":"2022-10-01 09:00:00","vibration":"42.8010047551846"},"EnqueuedTimeUtc":"2022-10-01 09:00:00","Properties":{"messagetype":"Demo"},"SystemProperties":{"connectionAuthMethod":"{\"scope\":\"device\",\"type\":\"sas\",\"issuer\":\"iothub\",\"acceptingIpFilterRule\":null}","connectionDeviceGenerationId":"638052891151821842","connectionDeviceId":"IOTDevice_6_4","contentEncoding":"utf-8","contentType":"application/json","enqueuedTime":"2022-10-01 09:00:00"}}
{"Body":{"Status":true,"Timestamp":"2022-10-01 10:00:00","volt":"158.000237612183"},"EnqueuedTimeUtc":"2022-10-01 10:00:00","Properties":{"messagetype":"Demo"},"SystemProperties":{"connectionAuthMethod":"{\"scope\":\"device\",\"type\":\"sas\",\"issuer\":\"iothub\",\"acceptingIpFilterRule\":null}","connectionDeviceGenerationId":"638052891151821842","connectionDeviceId":"IOTDevice_6_1","contentEncoding":"utf-8","contentType":"application/json","enqueuedTime":"2022-10-01 10:00:00"}}
{"Body":{"Status":true,"Timestamp":"2022-10-01 10:00:00","rotate":"466.1699917489"},"EnqueuedTimeUtc":"2022-10-01 10:00:00","Properties":{"messagetype":"Demo"},"SystemProperties":{"connectionAuthMethod":"{\"scope\":\"device\",\"type\":\"sas\",\"issuer\":\"iothub\",\"acceptingIpFilterRule\":null}","connectionDeviceGenerationId":"638052891151821842","connectionDeviceId":"IOTDevice_6_2","contentEncoding":"utf-8","contentType":"application/json","enqueuedTime":"2022-10-01 10:00:00"}}
{"Body":{"Status":true,"Timestamp":"2022-10-01 10:00:00","pressure":"99.0482318277785"},"EnqueuedTimeUtc":"2022-10-01 10:00:00","Properties":{"messagetype":"Demo"},"SystemProperties":{"connectionAuthMethod":"{\"scope\":\"device\",\"type\":\"sas\",\"issuer\":\"iothub\",\"acceptingIpFilterRule\":null}","connectionDeviceGenerationId":"638052891151821842","connectionDeviceId":"IOTDevice_6_3","contentEncoding":"utf-8","contentType":"application/json","enqueuedTime":"2022-10-01 10:00:00"}}
{"Body":{"Status":true,"Timestamp":"2022-10-01 10:00:00","vibration":"34.3673326219329"},"EnqueuedTimeUtc":"2022-10-01 10:00:00","Properties":{"messagetype":"Demo"},"SystemProperties":{"connectionAuthMethod":"{\"scope\":\"device\",\"type\":\"sas\",\"issuer\":\"iothub\",\"acceptingIpFilterRule\":null}","connectionDeviceGenerationId":"638052891151821842","connectionDeviceId":"IOTDevice_6_4","contentEncoding":"utf-8","contentType":"application/json","enqueuedTime":"2022-10-01 10:00:00"}}
{"Body":{"Status":true,"Timestamp":"2022-10-01 11:00:00","volt":"153.424575876557"},"EnqueuedTimeUtc":"2022-10-01 11:00:00","Properties":{"messagetype":"Demo"},"SystemProperties":{"connectionAuthMethod":"{\"scope\":\"device\",\"type\":\"sas\",\"issuer\":\"iothub\",\"acceptingIpFilterRule\":null}","connectionDeviceGenerationId":"638052891151821842","connectionDeviceId":"IOTDevice_6_1","contentEncoding":"utf-8","contentType":"application/json","enqueuedTime":"2022-10-01 11:00:00"}}
{"Body":{"Status":true,"Timestamp":"2022-10-01 11:00:00","rotate":"513.791084445913"},"EnqueuedTimeUtc":"2022-10-01 11:00:00","Properties":{"messagetype":"Demo"},"SystemProperties":{"connectionAuthMethod":"{\"scope\":\"device\",\"type\":\"sas\",\"issuer\":\"iothub\",\"acceptingIpFilterRule\":null}","connectionDeviceGenerationId":"638052891151821842","connectionDeviceId":"IOTDevice_6_2","contentEncoding":"utf-8","contentType":"application/json","enqueuedTime":"2022-10-01 11:00:00"}}
{"Body":{"Status":true,"Timestamp":"2022-10-01 11:00:00","pressure":"91.1590442299726"},"EnqueuedTimeUtc":"2022-10-01 11:00:00","Properties":{"messagetype":"Demo"},"SystemProperties":{"connectionAuthMethod":"{\"scope\":\"device\",\"type\":\"sas\",\"issuer\":\"iothub\",\"acceptingIpFilterRule\":null}","connectionDeviceGenerationId":"638052891151821842","connectionDeviceId":"IOTDevice_6_3","contentEncoding":"utf-8","contentType":"application/json","enqueuedTime":"2022-10-01 11:00:00"}}
{"Body":{"Status":true,"Timestamp":"2022-10-01 11:00:00","vibration":"47.6658188448316"},"EnqueuedTimeUtc":"2022-10-01 11:00:00","Properties":{"messagetype":"Demo"},"SystemProperties":{"connectionAuthMethod":"{\"scope\":\"device\",\"type\":\"sas\",\"issuer\":\"iothub\",\"acceptingIpFilterRule\":null}","connectionDeviceGenerationId":"638052891151821842","connectionDeviceId":"IOTDevice_6_4","contentEncoding":"utf-8","contentType":"application/json","enqueuedTime":"2022-10-01 11:00:00"}}
{"Body":{"Status":true,"Timestamp":"2022-10-01 12:00:00","volt":"185.302098991865"},"EnqueuedTimeUtc":"2022-10-01 12:00:00","Properties":{"messagetype":"Demo"},"SystemProperties":{"connectionAuthMethod":"{\"scope\":\"device\",\"type\":\"sas\",\"issuer\":\"iothub\",\"acceptingIpFilterRule\":null}","connectionDeviceGenerationId":"638052891151821842","connectionDeviceId":"IOTDevice_6_1","contentEncoding":"utf-8","contentType":"application/json","enqueuedTime":"2022-10-01 12:00:00"}}
{"Body":{"Status":true,"Timestamp":"2022-10-01 12:00:00","rotate":"411.978585925382"},"EnqueuedTimeUtc":"2022-10-01 12:00:00","Properties":{"messagetype":"Demo"},"SystemProperties":{"connectionAuthMethod":"{\"scope\":\"device\",\"type\":\"sas\",\"issuer\":\"iothub\",\"acceptingIpFilterRule\":null}","connectionDeviceGenerationId":"638052891151821842","connectionDeviceId":"IOTDevice_6_2","contentEncoding":"utf-8","contentType":"application/json","enqueuedTime":"2022-10-01 12:00:00"}}
{"Body":{"Status":true,"Timestamp":"2022-10-01 12:00:00","pressure":"81.7624013364419"},"EnqueuedTimeUtc":"2022-10-01 12:00:00","Properties":{"messagetype":"Demo"},"SystemProperties":{"connectionAuthMethod":"{\"scope\":\"device\",\"type\":\"sas\",\"issuer\":\"iothub\",\"acceptingIpFilterRule\":null}","connectionDeviceGenerationId":"638052891151821842","connectionDeviceId":"IOTDevice_6_3","contentEncoding":"utf-8","contentType":"application/json","enqueuedTime":"2022-10-01 12:00:00"}}
{"Body":{"Status":true,"Timestamp":"2022-10-01 12:00:00","vibration":"41.4691645546983"},"EnqueuedTimeUtc":"2022-10-01 12:00:00","Properties":{"messagetype":"Demo"},"SystemProperties":{"connectionAuthMethod":"{\"scope\":\"device\",\"type\":\"sas\",\"issuer\":\"iothub\",\"acceptingIpFilterRule\":null}","connectionDeviceGenerationId":"638052891151821842","connectionDeviceId":"IOTDevice_6_4","contentEncoding":"utf-8","contentType":"application/json","enqueuedTime":"2022-10-01 12:00:00"}}
{"Body":{"Status":true,"Timestamp":"2022-10-01 13:00:00","volt":"165.916737891106"},"EnqueuedTimeUtc":"2022-10-01 13:00:00","Properties":{"messagetype":"Demo"},"SystemProperties":{"connectionAuthMethod":"{\"scope\":\"device\",\"type\":\"sas\",\"issuer\":\"iothub\",\"acceptingIpFilterRule\":null}","connectionDeviceGenerationId":"638052891151821842","connectionDeviceId":"IOTDevice_6_1","contentEncoding":"utf-8","contentType":"application/json","enqueuedTime":"2022-10-01 13:00:00"}}
{"Body":{"Status":true,"Timestamp":"2022-10-01 13:00:00","rotate":"329.747056933721"},"EnqueuedTimeUtc":"2022-10-01 13:00:00","Properties":{"messagetype":"Demo"},"SystemProperties":{"connectionAuthMethod":"{\"scope\":\"device\",\"type\":\"sas\",\"issuer\":\"iothub\",\"acceptingIpFilterRule\":null}","connectionDeviceGenerationId":"638052891151821842","connectionDeviceId":"IOTDevice_6_2","contentEncoding":"utf-8","contentType":"application/json","enqueuedTime":"2022-10-01 13:00:00"}}
{"Body":{"Status":true,"Timestamp":"2022-10-01 13:00:00","pressure":"106.647575239993"},"EnqueuedTimeUtc":"2022-10-01 13:00:00","Properties":{"messagetype":"Demo"},"SystemProperties":{"connectionAuthMethod":"{\"scope\":\"device\",\"type\":\"sas\",\"issuer\":\"iothub\",\"acceptingIpFilterRule\":null}","connectionDeviceGenerationId":"638052891151821842","connectionDeviceId":"IOTDevice_6_3","contentEncoding":"utf-8","contentType":"application/json","enqueuedTime":"2022-10-01 13:00:00"}}
{"Body":{"Status":true,"Timestamp":"2022-10-01 13:00:00","vibration":"46.843152601004"},"EnqueuedTimeUtc":"2022-10-01 13:00:00","Properties":{"messagetype":"Demo"},"SystemProperties":{"connectionAuthMethod":"{\"scope\":\"device\",\"type\":\"sas\",\"issuer\":\"iothub\",\"acceptingIpFilterRule\":null}","connectionDeviceGenerationId":"638052891151821842","connectionDeviceId":"IOTDevice_6_4","contentEncoding":"utf-8","contentType":"application/json","enqueuedTime":"2022-10-01 13:00:00"}}
{"Body":{"Status":true,"Timestamp":"2022-10-01 14:00:00","volt":"156.597390527016"},"EnqueuedTimeUtc":"2022-10-01 14:00:00","Properties":{"messagetype":"Demo"},"SystemProperties":{"connectionAuthMethod":"{\"scope\":\"device\",\"type\":\"sas\",\"issuer\":\"iothub\",\"acceptingIpFilterRule\":null}","connectionDeviceGenerationId":"638052891151821842","connectionDeviceId":"IOTDevice_6_1","contentEncoding":"utf-8","contentType":"application/json","enqueuedTime":"2022-10-01 14:00:00"}}
{"Body":{"Status":true,"Timestamp":"2022-10-01 14:00:00","rotate":"392.19046467807"},"EnqueuedTimeUtc":"2022-10-01 14:00:00","Properties":{"messagetype":"Demo"},"SystemProperties":{"connectionAuthMethod":"{\"scope\":\"device\",\"type\":\"sas\",\"issuer\":\"iothub\",\"acceptingIpFilterRule\":null}","connectionDeviceGenerationId":"638052891151821842","connectionDeviceId":"IOTDevice_6_2","contentEncoding":"utf-8","contentType":"application/json","enqueuedTime":"2022-10-01 14:00:00"}}
{"Body":{"Status":true,"Timestamp":"2022-10-01 14:00:00","pressure":"102.623147832805"},"EnqueuedTimeUtc":"2022-10-01 14:00:00","Properties":{"messagetype":"Demo"},"SystemProperties":{"connectionAuthMethod":"{\"scope\":\"device\",\"type\":\"sas\",\"issuer\":\"iothub\",\"acceptingIpFilterRule\":null}","connectionDeviceGenerationId":"638052891151821842","connectionDeviceId":"IOTDevice_6_3","contentEncoding":"utf-8","contentType":"application/json","enqueuedTime":"2022-10-01 14:00:00"}}
{"Body":{"Status":true,"Timestamp":"2022-10-01 14:00:00","vibration":"56.3144596027592"},"EnqueuedTimeUtc":"2022-10-01 14:00:00","Properties":{"messagetype":"Demo"},"SystemProperties":{"connectionAuthMethod":"{\"scope\":\"device\",\"type\":\"sas\",\"issuer\":\"iothub\",\"acceptingIpFilterRule\":null}","connectionDeviceGenerationId":"638052891151821842","connectionDeviceId":"IOTDevice_6_4","contentEncoding":"utf-8","contentType":"application/json","enqueuedTime":"2022-10-01 14:00:00"}}
