{"Body":{"Status":true,"Timestamp":"2022-10-01 03:00:00","volt":"137.422864790667"},"EnqueuedTimeUtc":"2022-10-01 03:00:00","Properties":{"messagetype":"Demo"},"SystemProperties":{"connectionAuthMethod":"{\"scope\":\"device\",\"type\":\"sas\",\"issuer\":\"iothub\",\"acceptingIpFilterRule\":null}","connectionDeviceGenerationId":"638052891151821842","connectionDeviceId":"IOTDevice_4_1","contentEncoding":"utf-8","contentType":"application/json","enqueuedTime":"2022-10-01 03:00:00"}}
{"Body":{"Status":true,"Timestamp":"2022-10-01 03:00:00","rotate":"425.651509431824"},"EnqueuedTimeUtc":"2022-10-01 03:00:00","Properties":{"messagetype":"Demo"},"SystemProperties":{"connectionAuthMethod":"{\"scope\":\"device\",\"type\":\"sas\",\"issuer\":\"iothub\",\"acceptingIpFilterRule\":null}","connectionDeviceGenerationId":"638052891151821842","connectionDeviceId":"IOTDevice_4_2","contentEncoding":"utf-8","contentType":"application/json","enqueuedTime":"2022-10-01 03:00:00"}}
{"Body":{"Status":true,"Timestamp":"2022-10-01 03:00:00","pressure":"96.0927310370097"},"EnqueuedTimeUtc":"2022-10-01 03:00:00","Properties":{"messagetype":"Demo"},"SystemProperties":{"connectionAuthMethod":"{\"scope\":\"device\",\"type\":\"sas\",\"issuer\":\"iothub\",\"acceptingIpFilterRule\":null}","connectionDeviceGenerationId":"638052891151821842","connectionDeviceId":"IOTDevice_4_3","contentEncoding":"utf-8","contentType":"application/json","enqueuedTime":"2022-10-01 03:00:00"}}
{"Body":{"Status":true,"Timestamp":"2022-10-01 03:00:00","vibration":"49.5089784112299"},"EnqueuedTimeUtc":"2022-10-01 03:00:00","Properties":{"messagetype":"Demo"},"SystemProperties":{"connectionAuthMethod":"{\"scope\":\"device\",\"type\":\"sas\",\"issuer\":\"iothub\",\"acceptingIpFilterRule\":null}","connectionDeviceGenerationId":"638052891151821842","connectionDeviceId":"IOTDevice_4_4","contentEncoding":"utf-8","contentType":"application/json","enqueuedTime":"2022-10-01 03:00:00"}}
{"Body":{"Status":true,"Timestamp":"2022-10-01 04:00:00","volt":"167.763987197395"},"EnqueuedTimeUtc":"2022-10-01 04:00:00","Properties":{"messagetype":"Demo"},"SystemProperties":{"connectionAuthMethod":"{\"scope\":\"device\",\"type\":\"sas\",\"issuer\":\"iothub\",\"acceptingIpFilterRule\":null}","connectionDeviceGenerationId":"638052891151821842","connectionDeviceId":"IOTDevice_4_1","contentEncoding":"utf-8","contentType":"application/json","enqueuedTime":"2022-10-01 04:00:00"}}
{"Body":{"Status":true,"Timestamp":"2022-10-01 04:00:00","rotate":"437.825623346241"},"EnqueuedTimeUtc":"2022-10-01 04:00:00","Properties":{"messagetype":"Demo"},"SystemProperties":{"connectionAuthMethod":"{\"scope\":\"device\",\"type\":\"sas\",\"issuer\":\"iothub\",\"acceptingIpFilterRule\":null}","connectionDeviceGenerationId":"638052891151821842","connectionDeviceId":"IOTDevice_4_2","contentEncoding":"utf-8","contentType":"application/json","enqueuedTime":"2022-10-01 04:00:00"}}
{"Body":{"Status":true,"Timestamp":"2022-10-01 04:00:00","pressure":"107.500555013876"},"EnqueuedTimeUtc":"2022-10-01 04:00:00","Properties":{"messagetype":"Demo"},"SystemProperties":{"connectionAuthMethod":"{\"scope\":\"device\",\"type\":\"sas\",\"issuer\":\"iothub\",\"acceptingIpFilterRule\":null}","connectionDeviceGenerationId":"638052891151821842","connectionDeviceId":"IOTDevice_4_3","contentEncoding":"utf-8","contentType":"application/json","enqueuedTime":"2022-10-01 04:00:00"}}
{"Body":{"Status":true,"Timestamp":"2022-10-01 04:00:00","vibration":"40.6025243937504"},"EnqueuedTimeUtc":"2022-10-01 04:00:00","Properties":{"messagetype":"Demo"},"SystemProperties":{"connectionAuthMethod":"{\"scope\":\"device\",\"type\":\"sas\",\"issuer\":\"iothub\",\"acceptingIpFilterRule\":null}","connectionDeviceGenerationId":"638052891151821842","connectionDeviceId":"IOTDevice_4_4","contentEncoding":"utf-8","contentType":"application/json","enqueuedTime":"2022-10-01 04:00:00"}}
{"Body":{"Status":true,"Timestamp":"2022-10-01 05:00:00","volt":"195.912781459796"},"EnqueuedTimeUtc":"2022-10-01 05:00:00","Properties":{"messagetype":"Demo"},"SystemProperties":{"connectionAuthMethod":"{\"scope\":\"device\",\"type\":\"sas\",\"issuer\":\"iothub\",\"acceptingIpFilterRule\":null}","connectionDeviceGenerationId":"638052891151821842","connectionDeviceId":"IOTDevice_4_1","contentEncoding":"utf-8","contentType":"application/json","enqueuedTime":"2022-10-01 05:00:00"}}
{"Body":{"Status":true,"Timestamp":"2022-10-01 05:00:00","rotate":"398.518356157159"},"EnqueuedTimeUtc":"2022-10-01 05:00:00","Properties":{"messagetype":"Demo"},"SystemProperties":{"connectionAuthMethod":"{\"scope\":\"device\",\"type\":\"sas\",\"issuer\":\"iothub\",\"acceptingIpFilterRule\":null}","connectionDeviceGenerationId":"638052891151821842","connectionDeviceId":"IOTDevice_4_2","contentEncoding":"utf-8","contentType":"application/json","enqueuedTime":"2022-10-01 05:00:00"}}
{"Body":{"Status":true,"Timestamp":"2022-10-01 05:00:00","pressure":"106.976533709436"},"EnqueuedTimeUtc":"2022-10-01 05:00:00","Properties":{"messagetype":"Demo"},"SystemProperties":{"connectionAuthMethod":"{\"scope\":\"device\",\"type\":\"sas\",\"issuer\":\"iothub\",\"acceptingIpFilterRule\":null}","connectionDeviceGenerationId":"638052891151821842","connectionDeviceId":"IOTDevice_4_3","contentEncoding":"utf-8","contentType":"application/json","enqueuedTime":"2022-10-01 05:00:00"}}
{"Body":{"Status":true,"Timestamp":"2022-10-01 05:00:00","vibration":"45.1761980666155"},"EnqueuedTimeUtc":"2022-10-01 05:00:00","Properties":{"messagetype":"Demo"},"SystemProperties":{"connectionAuthMethod":"{\"scope\":\"device\",\"type\":\"sas\",\"issuer\":\"iothub\",\"acceptingIpFilterRule\":null}","connectionDeviceGenerationId":"638052891151821842","connectionDeviceId":"IOTDevice_4_4","contentEncoding":"utf-8","contentType":"application/json","enqueuedTime":"2022-10-01 05:00:00"}}
{"Body":{"Status":true,"Timestamp":"2022-10-01 06:00:00","volt":"166.97413974163"},"EnqueuedTimeUtc":"2022-10-01 06:00:00","Properties":{"messagetype":"Demo"},"SystemProperties":{"connectionAuthMethod":"{\"scope\":\"device\",\"type\":\"sas\",\"issuer\":\"iothub\",\"acceptingIpFilterRule\":null}","connectionDeviceGenerationId":"638052891151821842","connectionDeviceId":"IOTDevice_4_1","contentEncoding":"utf-8","contentType":"application/json","enqueuedTime":"2022-10-01 06:00:00"}}
{"Body":{"Status":true,"Timestamp":"2022-10-01 06:00:00","rotate":"464.039156948221"},"EnqueuedTimeUtc":"2022-10-01 06:00:00","Properties":{"messagetype":"Demo"},"SystemProperties":{"connectionAuthMethod":"{\"scope\":\"device\",\"type\":\"sas\",\"issuer\":\"iothub\",\"acceptingIpFilterRule\":null}","connectionDeviceGenerationId":"638052891151821842","connectionDeviceId":"IOTDevice_4_2","contentEncoding":"utf-8","contentType":"application/json","enqueuedTime":"2022-10-01 06:00:00"}}
{"Body":{"Status":true,"Timestamp":"2022-10-01 06:00:00","pressure":"78.5895547871042"},"EnqueuedTimeUtc":"2022-10-01 06:00:00","Properties":{"messagetype":"Demo"},"SystemProperties":{"connectionAuthMethod":"{\"scope\":\"device\",\"type\":\"sas\",\"issuer\":\"iothub\",\"acceptingIpFilterRule\":null}","connectionDeviceGenerationId":"638052891151821842","connectionDeviceId":"IOTDevice_4_3","contentEncoding":"utf-8","contentType":"application/json","enqueuedTime":"2022-10-01 06:00:00"}}
{"Body":{"Status":true,"Timestamp":"2022-10-01 06:00:00","vibration":"45.8097011276603"},"EnqueuedTimeUtc":"2022-10-01 06:00:00","Properties":{"messagetype":"Demo"},"SystemProperties":{"connectionAuthMethod":"{\"scope\":\"device\",\"type\":\"sas\",\"issuer\":\"iothub\",\"acceptingIpFilterRule\":null}","connectionDeviceGenerationId":"638052891151821842","connectionDeviceId":"IOTDevice_4_4","contentEncoding":"utf-8","contentType":"application/json","enqueuedTime":"2022-10-01 06:00:00"}}
{"Body":{"Status":true,"Timestamp":"2022-10-01 07:00:00","volt":"186.446450125522"},"EnqueuedTimeUtc":"2022-10-01 07:00:00","Properties":{"messagetype":"Demo"},"SystemProperties":{"connectionAuthMethod":"{\"scope\":\"device\",\"type\":\"sas\",\"issuer\":\"iothub\",\"acceptingIpFilterRule\":null}","connectionDeviceGenerationId":"638052891151821842","connectionDeviceId":"IOTDevice_4_1","contentEncoding":"utf-8","contentType":"application/json","enqueuedTime":"2022-10-01 07:00:00"}}
{"Body":{"Status":true,"Timestamp":"2022-10-01 07:00:00","rotate":"476.388445651383"},"EnqueuedTimeUtc":"2022-10-01 07:00:00","Properties":{"messagetype":"Demo"},"SystemProperties":{"connectionAuthMethod":"{\"scope\":\"device\",\"type\":\"sas\",\"issuer\":\"iothub\",\"acceptingIpFilterRule\":null}","connectionDeviceGenerationId":"638052891151821842","connectionDeviceId":"IOTDevice_4_2","contentEncoding":"utf-8","contentType":"application/json","enqueuedTime":"2022-10-01 07:00:00"}}
{"Body":{"Status":true,"Timestamp":"2022-10-01 07:00:00","pressure":"104.54288429774"},"EnqueuedTimeUtc":"2022-10-01 07:00:00","Properties":{"messagetype":"Demo"},"SystemProperties":{"connectionAuthMethod":"{\"scope\":\"device\",\"type\":\"sas\",\"issuer\":\"iothub\",\"acceptingIpFilterRule\":null}","connectionDeviceGenerationId":"638052891151821842","connectionDeviceId":"IOTDevice_4_3","contentEncoding":"utf-8","contentType":"application/json","enqueuedTime":"2022-10-01 07:00:00"}}
{"Body":{"Status":true,"Timestamp":"2022-10-01 07:00:00","vibration":"38.9100792432668"},"EnqueuedTimeUtc":"2022-10-01 07:00:00","Properties":{"messagetype":"Demo"},"SystemProperties":{"connectionAuthMethod":"{\"scope\":\"device\",\"type\":\"sas\",\"issuer\":\"iothub\",\"acceptingIpFilterRule\":null}","connectionDeviceGenerationId":"638052891151821842","connectionDeviceId":"IOTDevice_4_4","contentEncoding":"utf-8","contentType":"application/json","enqueuedTime":"2022-10-01 07:00:00"}}
{"Body":{"Status":true,"Timestamp":"2022-10-01 08:00:00","volt":"162.223070557443"},"EnqueuedTimeUtc":"2022-10-01 08:00:00","Properties":{"messagetype":"Demo"},"SystemProperties":{"connectionAuthMethod":"{\"scope\":\"device\",\"type\":\"sas\",\"issuer\":\"iothub\",\"acceptingIpFilterRule\":null}","connectionDeviceGenerationId":"638052891151821842","connectionDeviceId":"IOTDevice_4_1","contentEncoding":"utf-8","contentType":"application/json","enqueuedTime":"2022-10-01 08:00:00"}}
{"Body":{"Status":true,"Timestamp":"2022-10-01 08:00:00","rotate":"448.414919303632"},"EnqueuedTimeUtc":"2022-10-01 08:00:00","Properties":{"messagetype":"Demo"},"SystemProperties":{"connectionAuthMethod":"{\"scope\":\"device\",\"type\":\"sas\",\"issuer\":\"iothub\",\"acceptingIpFilterRule\":null}","connectionDeviceGenerationId":"638052891151821842","connectionDeviceId":"IOTDevice_4_2","contentEncoding":"utf-8","contentType":"application/json","enqueuedTime":"2022-10-01 08:00:00"}}
{"Body":{"Status":true,"Timestamp":"2022-10-01 08:00:00","pressure":"108.122386490305"},"EnqueuedTimeUtc":"2022-10-01 08:00:00","Properties":{"messagetype":"Demo"},"SystemProperties":{"connectionAuthMethod":"{\"scope\":\"device\",\"type\":\"sas\",\"issuer\":\"iothub\",\"acceptingIpFilterRule\":null}","connectionDeviceGenerationId":"638052891151821842","connectionDeviceId":"IOTDevice_4_3","contentEncoding":"utf-8","contentType":"application/json","enqueuedTime":"2022-10-01 08:00:00"}}
{"Body":{"Status":true,"Timestamp":"2022-10-01 08:00:00","vibration":"39.2930414186854"},"EnqueuedTimeUtc":"2022-10-01 08:00:00","Properties":{"messagetype":"Demo"},"SystemProperties":{"connectionAuthMethod":"{\"scope\":\"device\",\"type\":\"sas\",\"issuer\":\"iothub\",\"acceptingIpFilterRule\":null}","connectionDeviceGenerationId":"638052891151821842","connectionDeviceId":"IOTDevice_4_4","contentEncoding":"utf-8","contentType":"application/json","enqueuedTime":"2022-10-01 08:00:00"}}
{"Body":{"Status":true,"Timestamp":"2022-10-01 09:00:00","volt":"178.969737413603"},"EnqueuedTimeUtc":"2022-10-01 09:00:00","Properties":{"messagetype":"Demo"},"SystemProperties":{"connectionAuthMethod":"{\"scope\":\"device\",\"type\":\"sas\",\"issuer\":\"iothub\",\"acceptingIpFilterRule\":null}","connectionDeviceGenerationId":"638052891151821842","connectionDeviceId":"IOTDevice_4_1","contentEncoding":"utf-8","contentType":"application/json","enqueuedTime":"2022-10-01 09:00:00"}}
{"Body":{"Status":true,"Timestamp":"2022-10-01 09:00:00","rotate":"473.0694378837"},"EnqueuedTimeUtc":"2022-10-01 09:00:00","Properties":{"messagetype":"Demo"},"SystemProperties":{"connectionAuthMethod":"{\"scope\":\"device\",\"type\":\"sas\",\"issuer\":\"iothub\",\"acceptingIpFilterRule\":null}","connectionDeviceGenerationId":"638052891151821842","connectionDeviceId":"IOTDevice_4_2","contentEncoding":"utf-8","contentType":"application/json","enqueuedTime":"2022-10-01 09:00:00"}}
{"Body":{"Status":true,"Timestamp":"2022-10-01 09:00:00","pressure":"75.1566296970032"},"EnqueuedTimeUtc":"2022-10-01 09:00:00","Properties":{"messagetype":"Demo"},"SystemProperties":{"connectionAuthMethod":"{\"scope\":\"device\",\"type\":\"sas\",\"issuer\":\"iothub\",\"acceptingIpFilterRule\":null}","connectionDeviceGenerationId":"638052891151821842","connectionDeviceId":"IOTDevice_4_3","contentEncoding":"utf-8","contentType":"application/json","enqueuedTime":"2022-10-01 09:00:00"}}
{"Body":{"Status":true,"Timestamp":"2022-10-01 09:00:00","vibration":"47.8898246617315"},"EnqueuedTimeUtc":"2022-10-01 09:00:00","Properties":{"messagetype":"Demo"},"SystemProperties":{"connectionAuthMethod":"{\"scope\":\"device\",\"type\":\"sas\",\"issuer\":\"iothub\",\"acceptingIpFilterRule\":null}","connectionDeviceGenerationId":"638052891151821842","connectionDeviceId":"IOTDevice_4_4","contentEncoding":"utf-8","contentType":"application/json","enqueuedTime":"2022-10-01 09:00:00"}}
{"Body":{"Status":true,"Timestamp":"2022-10-01 10:00:00","volt":"155.865322410621"},"EnqueuedTimeUtc":"2022-10-01 10:00:00","Properties":{"messagetype":"Demo"},"SystemProperties":{"connectionAuthMethod":"{\"scope\":\"device\",\"type\":\"sas\",\"issuer\":\"iothub\",\"acceptingIpFilterRule\":null}","connectionDeviceGenerationId":"638052891151821842","connectionDeviceId":"IOTDevice_4_1","contentEncoding":"utf-8","contentType":"application/json","enqueuedTime":"2022-10-01 10:00:00"}}
{"Body":{"Status":true,"Timestamp":"2022-10-01 10:00:00","rotate":"529.406973289639"},"EnqueuedTimeUtc":"2022-10-01 10:00:00","Properties":{"messagetype":"Demo"},"SystemProperties":{"connectionAuthMethod":"{\"scope\":\"device\",\"type\":\"sas\",\"issuer\":\"iothub\",\"acceptingIpFilterRule\":null}","connectionDeviceGenerationId":"638052891151821842","connectionDeviceId":"IOTDevice_4_2","contentEncoding":"utf-8","contentType":"application/json","enqueuedTime":"2022-10-01 10:00:00"}}
{"Body":{"Status":true,"Timestamp":"2022-10-01 10:00:00","pressure":"105.684706275799"},"EnqueuedTimeUtc":"2022-10-01 10:00:00","Properties":{"messagetype":"Demo"},"SystemProperties":{"connectionAuthMethod":"{\"scope\":\"device\",\"type\":\"sas\",\"issuer\":\"iothub\",\"acceptingIpFilterRule\":null}","connectionDeviceGenerationId":"638052891151821842","connectionDeviceId":"IOTDevice_4_3","contentEncoding":"utf-8","contentType":"application/json","enqueuedTime":"2022-10-01 10:00:00"}}
{"Body":{"Status":true,"Timestamp":"2022-10-01 10:00:00","vibration":"44.1896068739058"},"EnqueuedTimeUtc":"2022-10-01 10:00:00","Properties":{"messagetype":"Demo"},"SystemProperties":{"connectionAuthMethod":"{\"scope\":\"device\",\"type\":\"sas\",\"issuer\":\"iothub\",\"acceptingIpFilterRule\":null}","connectionDeviceGenerationId":"638052891151821842","connectionDeviceId":"IOTDevice_4_4","contentEncoding":"utf-8","contentType":"application/json","enqueuedTime":"2022-10-01 10:00:00"}}
{"Body":{"Status":true,"Timestamp":"2022-10-01 11:00:00","volt":"178.087409769336"},"EnqueuedTimeUtc":"2022-10-01 11:00:00","Properties":{"messagetype":"Demo"},"SystemProperties":{"connectionAuthMethod":"{\"scope\":\"device\",\"type\":\"sas\",\"issuer\":\"iothub\",\"acceptingIpFilterRule\":null}","connectionDeviceGenerationId":"638052891151821842","connectionDeviceId":"IOTDevice_4_1","contentEncoding":"utf-8","contentType":"application/json","enqueuedTime":"2022-10-01 11:00:00"}}
{"Body":{"Status":true,"Timestamp":"2022-10-01 11:00:00","rotate":"424.735549117102"},"EnqueuedTimeUtc":"2022-10-01 11:00:00","Properties":{"messagetype":"Demo"},"SystemProperties":{"connectionAuthMethod":"{\"scope\":\"device\",\"type\":\"sas\",\"issuer\":\"iothub\",\"acceptingIpFilterRule\":null}","connectionDeviceGenerationId":"638052891151821842","connectionDeviceId":"IOTDevice_4_2","contentEncoding":"utf-8","contentType":"application/json","enqueuedTime":"2022-10-01 11:00:00"}}
{"Body":{"Status":true,"Timestamp":"2022-10-01 11:00:00","pressure":"102.77039190486"},"EnqueuedTimeUtc":"2022-10-01 11:00:00","Properties":{"messagetype":"Demo"},"SystemProperties":{"connectionAuthMethod":"{\"scope\":\"device\",\"type\":\"sas\",\"issuer\":\"iothub\",\"acceptingIpFilterRule\":null}","connectionDeviceGenerationId":"638052891151821842","connectionDeviceId":"IOTDevice_4_3","contentEncoding":"utf-8","contentType":"application/json","enqueuedTime":"2022-10-01 11:00:00"}}
{"Body":{"Status":true,"Timestamp":"2022-10-01 11:00:00","vibration":"33.7559329185877"},"EnqueuedTimeUtc":"2022-10-01 11:00:00","Properties":{"messagetype":"Demo"},"SystemProperties":{"connectionAuthMethod":"{\"scope\":\"device\",\"type\":\"sas\",\"issuer\":\"iothub\",\"acceptingIpFilterRule\":null}","connectionDeviceGenerationId":"638052891151821842","connectionDeviceId":"IOTDevice_4_4","contentEncoding":"utf-8","contentType":"application/json","enqueuedTime":"2022-10-01 11:00:00"}}
{"Body":{"Status":true,"Timestamp":"2022-10-01 12:00:00","volt":"159.462456003846"},"EnqueuedTimeUtc":"2022-10-01 12:00:00","Properties":{"messagetype":"Demo"},"SystemProperties":{"connectionAuthMethod":"{\"scope\":\"device\",\"type\":\"sas\",\"issuer\":\"iothub\",\"acceptingIpFilterRule\":null}","connectionDeviceGenerationId":"638052891151821842","connectionDeviceId":"IOTDevice_4_1","contentEncoding":"utf-8","contentType":"application/json","enqueuedTime":"2022-10-01 12:00:00"}}
{"Body":{"Status":true,"Timestamp":"2022-10-01 12:00:00","rotate":"499.6539492301"},"EnqueuedTimeUtc":"2022-10-01 12:00:00","Properties":{"messagetype":"Demo"},"SystemProperties":{"connectionAuthMethod":"{\"scope\":\"device\",\"type\":\"sas\",\"issuer\":\"iothub\",\"acceptingIpFilterRule\":null}","connectionDeviceGenerationId":"638052891151821842","connectionDeviceId":"IOTDevice_4_2","contentEncoding":"utf-8","contentType":"application/json","enqueuedTime":"2022-10-01 12:00:00"}}
{"Body":{"Status":true,"Timestamp":"2022-10-01 12:00:00","pressure":"87.2090337092068"},"EnqueuedTimeUtc":"2022-10-01 12:00:00","Properties":{"messagetype":"Demo"},"SystemProperties":{"connectionAuthMethod":"{\"scope\":\"device\",\"type\":\"sas\",\"issuer\":\"iothub\",\"acceptingIpFilterRule\":null}","connectionDeviceGenerationId":"638052891151821842","connectionDeviceId":"IOTDevice_4_3","contentEncoding":"utf-8","contentType":"application/json","enqueuedTime":"2022-10-01 12:00:00"}}
{"Body":{"Status":true,"Timestamp":"2022-10-01 12:00:00","vibration":"50.1320736767252"},"EnqueuedTimeUtc":"2022-10-01 12:00:00","Properties":{"messagetype":"Demo"},"SystemProperties":{"connectionAuthMethod":"{\"scope\":\"device\",\"type\":\"sas\",\"issuer\":\"iothub\",\"acceptingIpFilterRule\":null}","connectionDeviceGenerationId":"638052891151821842","connectionDeviceId":"IOTDevice_4_4","contentEncoding":"utf-8","contentType":"application/json","enqueuedTime":"2022-10-01 12:00:00"}}
{"Body":{"Status":true,"Timestamp":"2022-10-01 13:00:00","volt":"186.482264070522"},"EnqueuedTimeUtc":"2022-10-01 13:00:00","Properties":{"messagetype":"Demo"},"SystemProperties":{"connectionAuthMethod":"{\"scope\":\"device\",\"type\":\"sas\",\"issuer\":\"iothub\",\"acceptingIpFilterRule\":null}","connectionDeviceGenerationId":"638052891151821842","connectionDeviceId":"IOTDevice_4_1","contentEncoding":"utf-8","contentType":"application/json","enqueuedTime":"2022-10-01 13:00:00"}}
{"Body":{"Status":true,"Timestamp":"2022-10-01 13:00:00","rotate":"403.070674188674"},"EnqueuedTimeUtc":"2022-10-01 13:00:00","Properties":{"messagetype":"Demo"},"SystemProperties":{"connectionAuthMethod":"{\"scope\":\"device\",\"type\":\"sas\",\"issuer\":\"iothub\",\"acceptingIpFilterRule\":null}","connectionDeviceGenerationId":"638052891151821842","connectionDeviceId":"IOTDevice_4_2","contentEncoding":"utf-8","contentType":"application/json","enqueuedTime":"2022-10-01 13:00:00"}}
{"Body":{"Status":true,"Timestamp":"2022-10-01 13:00:00","pressure":"103.657962103255"},"EnqueuedTimeUtc":"2022-10-01 13:00:00","Properties":{"messagetype":"Demo"},"SystemProperties":{"connectionAuthMethod":"{\"scope\":\"device\",\"type\":\"sas\",\"issuer\":\"iothub\",\"acceptingIpFilterRule\":null}","connectionDeviceGenerationId":"638052891151821842","connectionDeviceId":"IOTDevice_4_3","contentEncoding":"utf-8","contentType":"application/json","enqueuedTime":"2022-10-01 13:00:00"}}
{"Body":{"Status":true,"Timestamp":"2022-10-01 13:00:00","vibration":"38.2383059682099"},"EnqueuedTimeUtc":"2022-10-01 13:00:00","Properties":{"messagetype":"Demo"},"SystemProperties":{"connectionAuthMethod":"{\"scope\":\"device\",\"type\":\"sas\",\"issuer\":\"iothub\",\"acceptingIpFilterRule\":null}","connectionDeviceGenerationId":"638052891151821842","connectionDeviceId":"IOTDevice_4_4","contentEncoding":"utf-8","contentType":"application/json","enqueuedTime":"2022-10-01 13:00:00"}}
{"Body":{"Status":true,"Timestamp":"2022-10-01 14:00:00","volt":"173.597898368003"},"EnqueuedTimeUtc":"2022-10-01 14:00:00","Properties":{"messagetype":"Demo"},"SystemProperties":{"connectionAuthMethod":"{\"scope\":\"device\",\"type\":\"sas\",\"issuer\":\"iothub\",\"acceptingIpFilterRule\":null}","connectionDeviceGenerationId":"638052891151821842","connectionDeviceId":"IOTDevice_4_1","contentEncoding":"utf-8","contentType":"application/json","enqueuedTime":"2022-10-01 14:00:00"}}
{"Body":{"Status":true,"Timestamp":"2022-10-01 14:00:00","rotate":"437.628634913271"},"EnqueuedTimeUtc":"2022-10-01 14:00:00","Properties":{"messagetype":"Demo"},"SystemProperties":{"connectionAuthMethod":"{\"scope\":\"device\",\"type\":\"sas\",\"issuer\":\"iothub\",\"acceptingIpFilterRule\":null}","connectionDeviceGenerationId":"638052891151821842","connectionDeviceId":"IOTDevice_4_2","contentEncoding":"utf-8","contentType":"application/json","enqueuedTime":"2022-10-01 14:00:00"}}
{"Body":{"Status":true,"Timestamp":"2022-10-01 14:00:00","pressure":"92.6763669680377"},"EnqueuedTimeUtc":"2022-10-01 14:00:00","Properties":{"messagetype":"Demo"},"SystemProperties":{"connectionAuthMethod":"{\"scope\":\"device\",\"type\":\"sas\",\"issuer\":\"iothub\",\"acceptingIpFilterRule\":null}","connectionDeviceGenerationId":"638052891151821842","connectionDeviceId":"IOTDevice_4_3","contentEncoding":"utf-8","contentType":"application/json","enqueuedTime":"2022-10-01 14:00:00"}}
{"Body":{"Status":true,"Timestamp":"2022-10-01 14:00:00","vibration":"36.7607776512992"},"EnqueuedTimeUtc":"2022-10-01 14:00:00","Properties":{"messagetype":"Demo"},"SystemProperties":{"connectionAuthMethod":"{\"scope\":\"device\",\"type\":\"sas\",\"issuer\":\"iothub\",\"acceptingIpFilterRule\":null}","connectionDeviceGenerationId":"638052891151821842","connectionDeviceId":"IOTDevice_4_4","contentEncoding":"utf-8","contentType":"application/json","enqueuedTime":"2022-10-01 14:00:00"}}
{"Body":{"Status":true,"Timestamp":"2022-10-01 15:00:00","volt":"176.79622464436"},"EnqueuedTimeUtc":"2022-10-01 15:00:00","Properties":{"messagetype":"Demo"},"SystemProperties":{"connectionAuthMethod":"{\"scope\":\"device\",\"type\":\"sas\",\"issuer\":\"iothub\",\"acceptingIpFilterRule\":null}","connectionDeviceGenerationId":"638052891151821842","connectionDeviceId":"IOTDevice_4_1","contentEncoding":"utf-8","contentType":"application/json","enqueuedTime":"2022-10-01 15:00:00"}}
{"Body":{"Status":true,"Timestamp":"2022-10-01 15:00:00","rotate":"452.800739442648"},"EnqueuedTimeUtc":"2022-10-01 15:00:00","Properties":{"messagetype":"Demo"},"SystemProperties":{"connectionAuthMethod":"{\"scope\":\"device\",\"type\":\"sas\",\"issuer\":\"iothub\",\"acceptingIpFilterRule\":null}","connectionDeviceGenerationId":"638052891151821842","connectionDeviceId":"IOTDevice_4_2","contentEncoding":"utf-8","contentType":"application/json","enqueuedTime":"2022-10-01 15:00:00"}}
{"Body":{"Status":true,"Timestamp":"2022-10-01 15:00:00","pressure":"126.63971818771"},"EnqueuedTimeUtc":"2022-10-01 15:00:00","Properties":{"messagetype":"Demo"},"SystemProperties":{"connectionAuthMethod":"{\"scope\":\"device\",\"type\":\"sas\",\"issuer\":\"iothub\",\"acceptingIpFilterRule\":null}","connectionDeviceGenerationId":"638052891151821842","connectionDeviceId":"IOTDevice_4_3","contentEncoding":"utf-8","contentType":"application/json","enqueuedTime":"2022-10-01 15:00:00"}}
{"Body":{"Status":true,"Timestamp":"2022-10-01 15:00:00","vibration":"34.5724099889781"},"EnqueuedTimeUtc":"2022-10-01 15:00:00","Properties":{"messagetype":"Demo"},"SystemProperties":{"connectionAuthMethod":"{\"scope\":\"device\",\"type\":\"sas\",\"issuer\":\"iothub\",\"acceptingIpFilterRule\":null}","connectionDeviceGenerationId":"638052891151821842","connectionDeviceId":"IOTDevice_4_4","contentEncoding":"utf-8","contentType":"application/json","enqueuedTime":"2022-10-01 15:00:00"}}
{"Body":{"Status":true,"Timestamp":"2022-10-01 16:00:00","volt":"164.139016117716"},"EnqueuedTimeUtc":"2022-10-01 16:00:00","Properties":{"messagetype":"Demo"},"SystemProperties":{"connectionAuthMethod":"{\"scope\":\"device\",\"type\":\"sas\",\"issuer\":\"iothub\",\"acceptingIpFilterRule\":null}","connectionDeviceGenerationId":"638052891151821842","connectionDeviceId":"IOTDevice_4_1","contentEncoding":"utf-8","contentType":"application/json","enqueuedTime":"2022-10-01 16:00:00"}}
{"Body":{"Status":true,"Timestamp":"2022-10-01 16:00:00","rotate":"461.294164468563"},"EnqueuedTimeUtc":"2022-10-01 16:00:00","Properties":{"messagetype":"Demo"},"SystemProperties":{"connectionAuthMethod":"{\"scope\":\"device\",\"type\":\"sas\",\"issuer\":\"iothub\",\"acceptingIpFilterRule\":null}","connectionDeviceGenerationId":"638052891151821842","connectionDeviceId":"IOTDevice_4_2","contentEncoding":"utf-8","contentType":"application/json","enqueuedTime":"2022-10-01 16:00:00"}}
{"Body":{"Status":true,"Timestamp":"2022-10-01 16:00:00","pressure":"133.748465315342"},"EnqueuedTimeUtc":"2022-10-01 16:00:00","Properties":{"messagetype":"Demo"},"SystemProperties":{"connectionAuthMethod":"{\"scope\":\"device\",\"type\":\"sas\",\"issuer\":\"iothub\",\"acceptingIpFilterRule\":null}","connectionDeviceGenerationId":"638052891151821842","connectionDeviceId":"IOTDevice_4_3","contentEncoding":"utf-8","contentType":"application/json","enqueuedTime":"2022-10-01 16:00:00"}}
{"Body":{"Status":true,"Timestamp":"2022-10-01 16:00:00","vibration":"33.1588022568553"},"EnqueuedTimeUtc":"2022-10-01 16:00:00","Properties":{"messagetype":"Demo"},"SystemProperties":{"connectionAuthMethod":"{\"scope\":\"device\",\"type\":\"sas\",\"issuer\":\"iothub\",\"acceptingIpFilterRule\":null}","connectionDeviceGenerationId":"638052891151821842","connectionDeviceId":"IOTDevice_4_4","contentEncoding":"utf-8","contentType":"application/json","enqueuedTime":"2022-10-01 16:00:00"}}
{"Body":{"Status":true,"Timestamp":"2022-10-01 17:00:00","volt":"173.624993630887"},"EnqueuedTimeUtc":"2022-10-01 17:00:00","Properties":{"messagetype":"Demo"},"SystemProperties":{"connectionAuthMethod":"{\"scope\":\"device\",\"type\":\"sas\",\"issuer\":\"iothub\",\"acceptingIpFilterRule\":null}","connectionDeviceGenerationId":"638052891151821842","connectionDeviceId":"IOTDevice_4_1","contentEncoding":"utf-8","contentType":"application/json","enqueuedTime":"2022-10-01 17:00:00"}}
{"Body":{"Status":true,"Timestamp":"2022-10-01 17:00:00","rotate":"404.443623442689"},"EnqueuedTimeUtc":"2022-10-01 17:00:00","Properties":{"messagetype":"Demo"},"SystemProperties":{"connectionAuthMethod":"{\"scope\":\"device\",\"type\":\"sas\",\"issuer\":\"iothub\",\"acceptingIpFilterRule\":null}","connectionDeviceGenerationId":"638052891151821842","connectionDeviceId":"IOTDevice_4_2","contentEncoding":"utf-8","contentType":"application/json","enqueuedTime":"2022-10-01 17:00:00"}}
{"Body":{"Status":true,"Timestamp":"2022-10-01 17:00:00","pressure":"99.8302140192508"},"EnqueuedTimeUtc":"2022-10-01 17:00:00","Properties":{"messagetype":"Demo"},"SystemProperties":{"connectionAuthMethod":"{\"scope\":\"device\",\"type\":\"sas\",\"issuer\":\"iothub\",\"acceptingIpFilterRule\":null}","connectionDeviceGenerationId":"638052891151821842","connectionDeviceId":"IOTDevice_4_3","contentEncoding":"utf-8","contentType":"application/json","enqueuedTime":"2022-10-01 17:00:00"}}
{"Body":{"Status":true,"Timestamp":"2022-10-01 17:00:00","vibration":"44.1040731327341"},"EnqueuedTimeUtc":"2022-10-01 17:00:00","Properties":{"messagetype":"Demo"},"SystemProperties":{"connectionAuthMethod":"{\"scope\":\"device\",\"type\":\"sas\",\"issuer\":\"iothub\",\"acceptingIpFilterRule\":null}","connectionDeviceGenerationId":"638052891151821842","connectionDeviceId":"IOTDevice_4_4","contentEncoding":"utf-8","contentType":"application/json","enqueuedTime":"2022-10-01 17:00:00"}}
