{"Body":{"Status":true,"Timestamp":"2022-10-01 09:00:00","volt":"171.449353264514"},"EnqueuedTimeUtc":"2022-10-01 09:00:00","Properties":{"messagetype":"Demo"},"SystemProperties":{"connectionAuthMethod":"{\"scope\":\"device\",\"type\":\"sas\",\"issuer\":\"iothub\",\"acceptingIpFilterRule\":null}","connectionDeviceGenerationId":"638052891151821842","connectionDeviceId":"IOTDevice_5_1","contentEncoding":"utf-8","contentType":"application/json","enqueuedTime":"2022-10-01 09:00:00"}}
{"Body":{"Status":true,"Timestamp":"2022-10-01 09:00:00","rotate":"477.95959497851"},"EnqueuedTimeUtc":"2022-10-01 09:00:00","Properties":{"messagetype":"Demo"},"SystemProperties":{"connectionAuthMethod":"{\"scope\":\"device\",\"type\":\"sas\",\"issuer\":\"iothub\",\"acceptingIpFilterRule\":null}","connectionDeviceGenerationId":"638052891151821842","connectionDeviceId":"IOTDevice_5_2","contentEncoding":"utf-8","contentType":"application/json","enqueuedTime":"2022-10-01 09:00:00"}}
{"Body":{"Status":true,"Timestamp":"2022-10-01 09:00:00","pressure":"100.556069523976"},"EnqueuedTimeUtc":"2022-10-01 09:00:00","Properties":{"messagetype":"Demo"},"SystemProperties":{"connectionAuthMethod":"{\"scope\":\"device\",\"type\":\"sas\",\"issuer\":\"iothub\",\"acceptingIpFilterRule\":null}","connectionDeviceGenerationId":"638052891151821842","connectionDeviceId":"IOTDevice_5_3","contentEncoding":"utf-8","contentType":"application/json","enqueuedTime":"2022-10-01 09:00:00"}}
{"Body":{"Status":true,"Timestamp":"2022-10-01 09:00:00","vibration":"45.1154117055126"},"EnqueuedTimeUtc":"2022-10-01 09:00:00","Properties":{"messagetype":"Demo"},"SystemProperties":{"connectionAuthMethod":"{\"scope\":\"device\",\"type\":\"sas\",\"issuer\":\"iothub\",\"acceptingIpFilterRule\":null}","connectionDeviceGenerationId":"638052891151821842","connectionDeviceId":"IOTDevice_5_4","contentEncoding":"utf-8","contentType":"application/json","enqueuedTime":"2022-10-01 09:00:00"}}
{"Body":{"Status":true,"Timestamp":"2022-10-01 10:00:00","volt":"170.619906927122"},"EnqueuedTimeUtc":"2022-10-01 10:00:00","Properties":{"messagetype":"Demo"},"SystemProperties":{"connectionAuthMethod":"{\"scope\":\"device\",\"type\":\"sas\",\"issuer\":\"iothub\",\"acceptingIpFilterRule\":null}","connectionDeviceGenerationId":"638052891151821842","connectionDeviceId":"IOTDevice_5_1","contentEncoding":"utf-8","contentType":"application/json","enqueuedTime":"2022-10-01 10:00:00"}}
{"Body":{"Status":true,"Timestamp":"2022-10-01 10:00:00","rotate":"518.258836243918"},"EnqueuedTimeUtc":"2022-10-01 10:00:00","Properties":{"messagetype":"Demo"},"SystemProperties":{"connectionAuthMethod":"{\"scope\":\"device\",\"type\":\"sas\",\"issuer\":\"iothub\",\"acceptingIpFilterRule\":null}","connectionDeviceGenerationId":"638052891151821842","connectionDeviceId":"IOTDevice_5_2","contentEncoding":"utf-8","contentType":"application/json","enqueuedTime":"2022-10-01 10:00:00"}}
{"Body":{"Status":true,"Timestamp":"2022-10-01 10:00:00","pressure":"108.364535317096"},"EnqueuedTimeUtc":"2022-10-01 10:00:00","Properties":{"messagetype":"Demo"},"SystemProperties":{"connectionAuthMethod":"{\"scope\":\"device\",\"type\":\"sas\",\"issuer\":\"iothub\",\"acceptingIpFilterRule\":null}","connectionDeviceGenerationId":"638052891151821842","connectionDeviceId":"IOTDevice_5_3","contentEncoding":"utf-8","contentType":"application/json","enqueuedTime":"2022-10-01 10:00:00"}}
{"Body":{"Status":true,"Timestamp":"2022-10-01 10:00:00","vibration":"41.3082429585618"},"EnqueuedTimeUtc":"2022-10-01 10:00:00","Properties":{"messagetype":"Demo"},"SystemProperties":{"connectionAuthMethod":"{\"scope\":\"device\",\"type\":\"sas\",\"issuer\":\"iothub\",\"acceptingIpFilterRule\":null}","connectionDeviceGenerationId":"638052891151821842","connectionDeviceId":"IOTDevice_5_4","contentEncoding":"utf-8","contentType":"application/json","enqueuedTime":"2022-10-01 10:00:00"}}
{"Body":{"Status":true,"Timestamp":"2022-10-01 11:00:00","volt":"187.965810373982"},"EnqueuedTimeUtc":"2022-10-01 11:00:00","Properties":{"messagetype":"Demo"},"SystemProperties":{"connectionAuthMethod":"{\"scope\":\"device\",\"type\":\"sas\",\"issuer\":\"iothub\",\"acceptingIpFilterRule\":null}","connectionDeviceGenerationId":"638052891151821842","connectionDeviceId":"IOTDevice_5_1","contentEncoding":"utf-8","contentType":"application/json","enqueuedTime":"2022-10-01 11:00:00"}}
{"Body":{"Status":true,"Timestamp":"2022-10-01 11:00:00","rotate":"439.995341999216"},"EnqueuedTimeUtc":"2022-10-01 11:00:00","Properties":{"messagetype":"Demo"},"SystemProperties":{"connectionAuthMethod":"{\"scope\":\"device\",\"type\":\"sas\",\"issuer\":\"iothub\",\"acceptingIpFilterRule\":null}","connectionDeviceGenerationId":"638052891151821842","connectionDeviceId":"IOTDevice_5_2","contentEncoding":"utf-8","contentType":"application/json","enqueuedTime":"2022-10-01 11:00:00"}}
{"Body":{"Status":true,"Timestamp":"2022-10-01 11:00:00","pressure":"115.897421379875"},"EnqueuedTimeUtc":"2022-10-01 11:00:00","Properties":{"messagetype":"Demo"},"SystemProperties":{"connectionAuthMethod":"{\"scope\":\"device\",\"type\":\"sas\",\"issuer\":\"iothub\",\"acceptingIpFilterRule\":null}","connectionDeviceGenerationId":"638052891151821842","connectionDeviceId":"IOTDevice_5_3","contentEncoding":"utf-8","contentType":"application/json","enqueuedTime":"2022-10-01 11:00:00"}}
{"Body":{"Status":true,"Timestamp":"2022-10-01 11:00:00","vibration":"42.6622211455321"},"EnqueuedTimeUtc":"2022-10-01 11:00:00","Properties":{"messagetype":"Demo"},"SystemProperties":{"connectionAuthMethod":"{\"scope\":\"device\",\"type\":\"sas\",\"issuer\":\"iothub\",\"acceptingIpFilterRule\":null}","connectionDeviceGenerationId":"638052891151821842","connectionDeviceId":"IOTDevice_5_4","contentEncoding":"utf-8","contentType":"application/json","enqueuedTime":"2022-10-01 11:00:00"}}
{"Body":{"Status":true,"Timestamp":"2022-10-01 12:00:00","volt":"187.585486225624"},"EnqueuedTimeUtc":"2022-10-01 12:00:00","Properties":{"messagetype":"Demo"},"SystemProperties":{"connectionAuthMethod":"{\"scope\":\"device\",\"type\":\"sas\",\"issuer\":\"iothub\",\"acceptingIpFilterRule\":null}","connectionDeviceGenerationId":"638052891151821842","connectionDeviceId":"IOTDevice_5_1","contentEncoding":"utf-8","contentType":"application/json","enqueuedTime":"2022-10-01 12:00:00"}}
{"Body":{"Status":true,"Timestamp":"2022-10-01 12:00:00","rotate":"476.672139739744"},"EnqueuedTimeUtc":"2022-10-01 12:00:00","Properties":{"messagetype":"Demo"},"SystemProperties":{"connectionAuthMethod":"{\"scope\":\"device\",\"type\":\"sas\",\"issuer\":\"iothub\",\"acceptingIpFilterRule\":null}","connectionDeviceGenerationId":"638052891151821842","connectionDeviceId":"IOTDevice_5_2","contentEncoding":"utf-8","contentType":"application/json","enqueuedTime":"2022-10-01 12:00:00"}}
{"Body":{"Status":true,"Timestamp":"2022-10-01 12:00:00","pressure":"91.0557406263059"},"EnqueuedTimeUtc":"2022-10-01 12:00:00","Properties":{"messagetype":"Demo"},"SystemProperties":{"connectionAuthMethod":"{\"scope\":\"device\",\"type\":\"sas\",\"issuer\":\"iothub\",\"acceptingIpFilterRule\":null}","connectionDeviceGenerationId":"638052891151821842","connectionDeviceId":"IOTDevice_5_3","contentEncoding":"utf-8","contentType":"application/json","enqueuedTime":"2022-10-01 12:00:00"}}
{"Body":{"Status":true,"Timestamp":"2022-10-01 12:00:00","vibration":"37.3028438424027"},"EnqueuedTimeUtc":"2022-10-01 12:00:00","Properties":{"messagetype":"Demo"},"SystemProperties":{"connectionAuthMethod":"{\"scope\":\"device\",\"type\":\"sas\",\"issuer\":\"iothub\",\"acceptingIpFilterRule\":null}","connectionDeviceGenerationId":"638052891151821842","connectionDeviceId":"IOTDevice_5_4","contentEncoding":"utf-8","contentType":"application/json","enqueuedTime":"2022-10-01 12:00:00"}}
{"Body":{"Status":true,"Timestamp":"2022-10-01 13:00:00","volt":"154.869232641171"},"EnqueuedTimeUtc":"2022-10-01 13:00:00","Properties":{"messagetype":"Demo"},"SystemProperties":{"connectionAuthMethod":"{\"scope\":\"device\",\"type\":\"sas\",\"issuer\":\"iothub\",\"acceptingIpFilterRule\":null}","connectionDeviceGenerationId":"638052891151821842","connectionDeviceId":"IOTDevice_5_1","contentEncoding":"utf-8","contentType":"application/json","enqueuedTime":"2022-10-01 13:00:00"}}
{"Body":{"Status":true,"Timestamp":"2022-10-01 13:00:00","rotate":"447.876049420702"},"EnqueuedTimeUtc":"2022-10-01 13:00:00","Properties":{"messagetype":"Demo"},"SystemProperties":{"connectionAuthMethod":"{\"scope\":\"device\",\"type\":\"sas\",\"issuer\":\"iothub\",\"acceptingIpFilterRule\":null}","connectionDeviceGenerationId":"638052891151821842","connectionDeviceId":"IOTDevice_5_2","contentEncoding":"utf-8","contentType":"application/json","enqueuedTime":"2022-10-01 13:00:00"}}
{"Body":{"Status":true,"Timestamp":"2022-10-01 13:00:00","pressure":"100.345682189407"},"EnqueuedTimeUtc":"2022-10-01 13:00:00","Properties":{"messagetype":"Demo"},"SystemProperties":{"connectionAuthMethod":"{\"scope\":\"device\",\"type\":\"sas\",\"issuer\":\"iothub\",\"acceptingIpFilterRule\":null}","connectionDeviceGenerationId":"638052891151821842","connectionDeviceId":"IOTDevice_5_3","contentEncoding":"utf-8","contentType":"application/json","enqueuedTime":"2022-10-01 13:00:00"}}
{"Body":{"Status":true,"Timestamp":"2022-10-01 13:00:00","vibration":"37.7807297683514"},"EnqueuedTimeUtc":"2022-10-01 13:00:00","Properties":{"messagetype":"Demo"},"SystemProperties":{"connectionAuthMethod":"{\"scope\":\"device\",\"type\":\"sas\",\"issuer\":\"iothub\",\"acceptingIpFilterRule\":null}","connectionDeviceGenerationId":"638052891151821842","connectionDeviceId":"IOTDevice_5_4","contentEncoding":"utf-8","contentType":"application/json","enqueuedTime":"2022-10-01 13:00:00"}}
{"Body":{"Status":true,"Timestamp":"2022-10-01 14:00:00","volt":"176.704469671876"},"EnqueuedTimeUtc":"2022-10-01 14:00:00","Properties":{"messagetype":"Demo"},"SystemProperties":{"connectionAuthMethod":"{\"scope\":\"device\",\"type\":\"sas\",\"issuer\":\"iothub\",\"acceptingIpFilterRule\":null}","connectionDeviceGenerationId":"638052891151821842","connectionDeviceId":"IOTDevice_5_1","contentEncoding":"utf-8","contentType":"application/json","enqueuedTime":"2022-10-01 14:00:00"}}
{"Body":{"Status":true,"Timestamp":"2022-10-01 14:00:00","rotate":"455.234885787002"},"EnqueuedTimeUtc":"2022-10-01 14:00:00","Properties":{"messagetype":"Demo"},"SystemProperties":{"connectionAuthMethod":"{\"scope\":\"device\",\"type\":\"sas\",\"issuer\":\"iothub\",\"acceptingIpFilterRule\":null}","connectionDeviceGenerationId":"638052891151821842","connectionDeviceId":"IOTDevice_5_2","contentEncoding":"utf-8","contentType":"application/json","enqueuedTime":"2022-10-01 14:00:00"}}
{"Body":{"Status":true,"Timestamp":"2022-10-01 14:00:00","pressure":"111.566644105788"},"EnqueuedTimeUtc":"2022-10-01 14:00:00","Properties":{"messagetype":"Demo"},"SystemProperties":{"connectionAuthMethod":"{\"scope\":\"device\",\"type\":\"sas\",\"issuer\":\"iothub\",\"acceptingIpFilterRule\":null}","connectionDeviceGenerationId":"638052891151821842","connectionDeviceId":"IOTDevice_5_3","contentEncoding":"utf-8","contentType":"application/json","enqueuedTime":"2022-10-01 14:00:00"}}
{"Body":{"Status":true,"Timestamp":"2022-10-01 14:00:00","vibration":"38.1002655231397"},"EnqueuedTimeUtc":"2022-10-01 14:00:00","Properties":{"messagetype":"Demo"},"SystemProperties":{"connectionAuthMethod":"{\"scope\":\"device\",\"type\":\"sas\",\"issuer\":\"iothub\",\"acceptingIpFilterRule\":null}","connectionDeviceGenerationId":"638052891151821842","connectionDeviceId":"IOTDevice_5_4","contentEncoding":"utf-8","contentType":"application/json","enqueuedTime":"2022-10-01 14:00:00"}}
{"Body":{"Status":true,"Timestamp":"2022-10-01 15:00:00","volt":"160.557167572225"},"EnqueuedTimeUtc":"2022-10-01 15:00:00","Properties":{"messagetype":"Demo"},"SystemProperties":{"connectionAuthMethod":"{\"scope\":\"device\",\"type\":\"sas\",\"issuer\":\"iothub\",\"acceptingIpFilterRule\":null}","connectionDeviceGenerationId":"638052891151821842","connectionDeviceId":"IOTDevice_5_1","contentEncoding":"utf-8","contentType":"application/json","enqueuedTime":"2022-10-01 15:00:00"}}
{"Body":{"Status":true,"Timestamp":"2022-10-01 15:00:00","rotate":"404.989257721226"},"EnqueuedTimeUtc":"2022-10-01 15:00:00","Properties":{"messagetype":"Demo"},"SystemProperties":{"connectionAuthMethod":"{\"scope\":\"device\",\"type\":\"sas\",\"issuer\":\"iothub\",\"acceptingIpFilterRule\":null}","connectionDeviceGenerationId":"638052891151821842","connectionDeviceId":"IOTDevice_5_2","contentEncoding":"utf-8","contentType":"application/json","enqueuedTime":"2022-10-01 15:00:00"}}
{"Body":{"Status":true,"Timestamp":"2022-10-01 15:00:00","pressure":"107.774955101493"},"EnqueuedTimeUtc":"2022-10-01 15:00:00","Properties":{"messagetype":"Demo"},"SystemProperties":{"connectionAuthMethod":"{\"scope\":\"device\",\"type\":\"sas\",\"issuer\":\"iothub\",\"acceptingIpFilterRule\":null}","connectionDeviceGenerationId":"638052891151821842","connectionDeviceId":"IOTDevice_5_3","contentEncoding":"utf-8","contentType":"application/json","enqueuedTime":"2022-10-01 15:00:00"}}
{"Body":{"Status":true,"Timestamp":"2022-10-01 15:00:00","vibration":"39.7410554997836"},"EnqueuedTimeUtc":"2022-10-01 15:00:00","Properties":{"messagetype":"Demo"},"SystemProperties":{"connectionAuthMethod":"{\"scope\":\"device\",\"type\":\"sas\",\"issuer\":\"iothub\",\"acceptingIpFilterRule\":null}","connectionDeviceGenerationId":"638052891151821842","connectionDeviceId":"IOTDevice_5_4","contentEncoding":"utf-8","contentType":"application/json","enqueuedTime":"2022-10-01 15:00:00"}}
{"Body":{"Status":true,"Timestamp":"2022-10-01 16:00:00","volt":"130.412696105599"},"EnqueuedTimeUtc":"2022-10-01 16:00:00","Properties":{"messagetype":"Demo"},"SystemProperties":{"connectionAuthMethod":"{\"scope\":\"device\",\"type\":\"sas\",\"issuer\":\"iothub\",\"acceptingIpFilterRule\":null}","connectionDeviceGenerationId":"638052891151821842","connectionDeviceId":"IOTDevice_5_1","contentEncoding":"utf-8","contentType":"application/json","enqueuedTime":"2022-10-01 16:00:00"}}
{"Body":{"Status":true,"Timestamp":"2022-10-01 16:00:00","rotate":"503.71785796405"},"EnqueuedTimeUtc":"2022-10-01 16:00:00","Properties":{"messagetype":"Demo"},"SystemProperties":{"connectionAuthMethod":"{\"scope\":\"device\",\"type\":\"sas\",\"issuer\":\"iothub\",\"acceptingIpFilterRule\":null}","connectionDeviceGenerationId":"638052891151821842","connectionDeviceId":"IOTDevice_5_2","contentEncoding":"utf-8","contentType":"application/json","enqueuedTime":"2022-10-01 16:00:00"}}
{"Body":{"Status":true,"Timestamp":"2022-10-01 16:00:00","pressure":"105.045354501714"},"EnqueuedTimeUtc":"2022-10-01 16:00:00","Properties":{"messagetype":"Demo"},"SystemProperties":{"connectionAuthMethod":"{\"scope\":\"device\",\"type\":\"sas\",\"issuer\":\"iothub\",\"acceptingIpFilterRule\":null}","connectionDeviceGenerationId":"638052891151821842","connectionDeviceId":"IOTDevice_5_3","contentEncoding":"utf-8","contentType":"application/json","enqueuedTime":"2022-10-01 16:00:00"}}
{"Body":{"Status":true,"Timestamp":"2022-10-01 16:00:00","vibration":"33.6778913803765"},"EnqueuedTimeUtc":"2022-10-01 16:00:00","Properties":{"messagetype":"Demo"},"SystemProperties":{"connectionAuthMethod":"{\"scope\":\"device\",\"type\":\"sas\",\"issuer\":\"iothub\",\"acceptingIpFilterRule\":null}","connectionDeviceGenerationId":"638052891151821842","connectionDeviceId":"IOTDevice_5_4","contentEncoding":"utf-8","contentType":"application/json","enqueuedTime":"2022-10-01 16:00:00"}}
{"Body":{"Status":true,"Timestamp":"2022-10-01 17:00:00","volt":"139.863262072966"},"EnqueuedTimeUtc":"2022-10-01 17:00:00","Properties":{"messagetype":"Demo"},"SystemProperties":{"connectionAuthMethod":"{\"scope\":\"device\",\"type\":\"sas\",\"issuer\":\"iothub\",\"acceptingIpFilterRule\":null}","connectionDeviceGenerationId":"638052891151821842","connectionDeviceId":"IOTDevice_5_1","contentEncoding":"utf-8","contentType":"application/json","enqueuedTime":"2022-10-01 17:00:00"}}
{"Body":{"Status":true,"Timestamp":"2022-10-01 17:00:00","rotate":"523.254740065812"},"EnqueuedTimeUtc":"2022-10-01 17:00:00","Properties":{"messagetype":"Demo"},"SystemProperties":{"connectionAuthMethod":"{\"scope\":\"device\",\"type\":\"sas\",\"issuer\":\"iothub\",\"acceptingIpFilterRule\":null}","connectionDeviceGenerationId":"638052891151821842","connectionDeviceId":"IOTDevice_5_2","contentEncoding":"utf-8","contentType":"application/json","enqueuedTime":"2022-10-01 17:00:00"}}
{"Body":{"Status":true,"Timestamp":"2022-10-01 17:00:00","pressure":"116.106758165041"},"EnqueuedTimeUtc":"2022-10-01 17:00:00","Properties":{"messagetype":"Demo"},"SystemProperties":{"connectionAuthMethod":"{\"scope\":\"device\",\"type\":\"sas\",\"issuer\":\"iothub\",\"acceptingIpFilterRule\":null}","connectionDeviceGenerationId":"638052891151821842","connectionDeviceId":"IOTDevice_5_3","contentEncoding":"utf-8","contentType":"application/json","enqueuedTime":"2022-10-01 17:00:00"}}
{"Body":{"Status":true,"Timestamp":"2022-10-01 17:00:00","vibration":"38.5689276144067"},"EnqueuedTimeUtc":"2022-10-01 17:00:00","Properties":{"messagetype":"Demo"},"SystemProperties":{"connectionAuthMethod":"{\"scope\":\"device\",\"type\":\"sas\",\"issuer\":\"iothub\",\"acceptingIpFilterRule\":null}","connectionDeviceGenerationId":"638052891151821842","connectionDeviceId":"IOTDevice_5_4","contentEncoding":"utf-8","contentType":"application/json","enqueuedTime":"2022-10-01 17:00:00"}}
{"Body":{"Status":true,"Timestamp":"2022-10-01 18:00:00","volt":"165.900229821198"},"EnqueuedTimeUtc":"2022-10-01 18:00:00","Properties":{"messagetype":"Demo"},"SystemProperties":{"connectionAuthMethod":"{\"scope\":\"device\",\"type\":\"sas\",\"issuer\":\"iothub\",\"acceptingIpFilterRule\":null}","connectionDeviceGenerationId":"638052891151821842","connectionDeviceId":"IOTDevice_5_1","contentEncoding":"utf-8","contentType":"application/json","enqueuedTime":"2022-10-01 18:00:00"}}
{"Body":{"Status":true,"Timestamp":"2022-10-01 18:00:00","rotate":"353.159303534556"},"EnqueuedTimeUtc":"2022-10-01 18:00:00","Properties":{"messagetype":"Demo"},"SystemProperties":{"connectionAuthMethod":"{\"scope\":\"device\",\"type\":\"sas\",\"issuer\":\"iothub\",\"acceptingIpFilterRule\":null}","connectionDeviceGenerationId":"638052891151821842","connectionDeviceId":"IOTDevice_5_2","contentEncoding":"utf-8","contentType":"application/json","enqueuedTime":"2022-10-01 18:00:00"}}
{"Body":{"Status":true,"Timestamp":"2022-10-01 18:00:00","pressure":"110.144791705758"},"EnqueuedTimeUtc":"2022-10-01 18:00:00","Properties":{"messagetype":"Demo"},"SystemProperties":{"connectionAuthMethod":"{\"scope\":\"device\",\"type\":\"sas\",\"issuer\":\"iothub\",\"acceptingIpFilterRule\":null}","connectionDeviceGenerationId":"638052891151821842","connectionDeviceId":"IOTDevice_5_3","contentEncoding":"utf-8","contentType":"application/json","enqueuedTime":"2022-10-01 18:00:00"}}
{"Body":{"Status":true,"Timestamp":"2022-10-01 18:00:00","vibration":"41.9827078953552"},"EnqueuedTimeUtc":"2022-10-01 18:00:00","Properties":{"messagetype":"Demo"},"SystemProperties":{"connectionAuthMethod":"{\"scope\":\"device\",\"type\":\"sas\",\"issuer\":\"iothub\",\"acceptingIpFilterRule\":null}","connectionDeviceGenerationId":"638052891151821842","connectionDeviceId":"IOTDevice_5_4","contentEncoding":"utf-8","contentType":"application/json","enqueuedTime":"2022-10-01 18:00:00"}}
{"Body":{"Status":true,"Timestamp":"2022-10-01 19:00:00","volt":"175.755077966141"},"EnqueuedTimeUtc":"2022-10-01 19:00:00","Properties":{"messagetype":"Demo"},"SystemProperties":{"connectionAuthMethod":"{\"scope\":\"device\",\"type\":\"sas\",\"issuer\":\"iothub\",\"acceptingIpFilterRule\":null}","connectionDeviceGenerationId":"638052891151821842","connectionDeviceId":"IOTDevice_5_1","contentEncoding":"utf-8","contentType":"application/json","enqueuedTime":"2022-10-01 19:00:00"}}
{"Body":{"Status":true,"Timestamp":"2022-10-01 19:00:00","rotate":"428.317820543047"},"EnqueuedTimeUtc":"2022-10-01 19:00:00","Properties":{"messagetype":"Demo"},"SystemProperties":{"connectionAuthMethod":"{\"scope\":\"device\",\"type\":\"sas\",\"issuer\":\"iothub\",\"acceptingIpFilterRule\":null}","connectionDeviceGenerationId":"638052891151821842","connectionDeviceId":"IOTDevice_5_2","contentEncoding":"utf-8","contentType":"application/json","enqueuedTime":"2022-10-01 19:00:00"}}
{"Body":{"Status":true,"Timestamp":"2022-10-01 19:00:00","pressure":"101.648308428582"},"EnqueuedTimeUtc":"2022-10-01 19:00:00","Properties":{"messagetype":"Demo"},"SystemProperties":{"connectionAuthMethod":"{\"scope\":\"device\",\"type\":\"sas\",\"issuer\":\"iothub\",\"acceptingIpFilterRule\":null}","connectionDeviceGenerationId":"638052891151821842","connectionDeviceId":"IOTDevice_5_3","contentEncoding":"utf-8","contentType":"application/json","enqueuedTime":"2022-10-01 19:00:00"}}
{"Body":{"Status":true,"Timestamp":"2022-10-01 19:00:00","vibration":"42.7597844924102"},"EnqueuedTimeUtc":"2022-10-01 19:00:00","Properties":{"messagetype":"Demo"},"SystemProperties":{"connectionAuthMethod":"{\"scope\":\"device\",\"type\":\"sas\",\"issuer\":\"iothub\",\"acceptingIpFilterRule\":null}","connectionDeviceGenerationId":"638052891151821842","connectionDeviceId":"IOTDevice_5_4","contentEncoding":"utf-8","contentType":"application/json","enqueuedTime":"2022-10-01 19:00:00"}}
{"Body":{"Status":true,"Timestamp":"2022-10-01 20:00:00","volt":"160.653988662466"},"EnqueuedTimeUtc":"2022-10-01 20:00:00","Properties":{"messagetype":"Demo"},"SystemProperties":{"connectionAuthMethod":"{\"scope\":\"device\",\"type\":\"sas\",\"issuer\":\"iothub\",\"acceptingIpFilterRule\":null}","connectionDeviceGenerationId":"638052891151821842","connectionDeviceId":"IOTDevice_5_1","contentEncoding":"utf-8","contentType":"application/json","enqueuedTime":"2022-10-01 20:00:00"}}
{"Body":{"Status":true,"Timestamp":"2022-10-01 20:00:00","rotate":"388.887604201972"},"EnqueuedTimeUtc":"2022-10-01 20:00:00","Properties":{"messagetype":"Demo"},"SystemProperties":{"connectionAuthMethod":"{\"scope\":\"device\",\"type\":\"sas\",\"issuer\":\"iothub\",\"acceptingIpFilterRule\":null}","connectionDeviceGenerationId":"638052891151821842","connectionDeviceId":"IOTDevice_5_2","contentEncoding":"utf-8","contentType":"application/json","enqueuedTime":"2022-10-01 20:00:00"}}
{"Body":{"Status":true,"Timestamp":"2022-10-01 20:00:00","pressure":"94.2732158631233"},"EnqueuedTimeUtc":"2022-10-01 20:00:00","Properties":{"messagetype":"Demo"},"SystemProperties":{"connectionAuthMethod":"{\"scope\":\"device\",\"type\":\"sas\",\"issuer\":\"iothub\",\"acceptingIpFilterRule\":null}","connectionDeviceGenerationId":"638052891151821842","connectionDeviceId":"IOTDevice_5_3","contentEncoding":"utf-8","contentType":"application/json","enqueuedTime":"2022-10-01 20:00:00"}}
{"Body":{"Status":true,"Timestamp":"2022-10-01 20:00:00","vibration":"36.4801022354781"},"EnqueuedTimeUtc":"2022-10-01 20:00:00","Properties":{"messagetype":"Demo"},"SystemProperties":{"connectionAuthMethod":"{\"scope\":\"device\",\"type\":\"sas\",\"issuer\":\"iothub\",\"acceptingIpFilterRule\":null}","connectionDeviceGenerationId":"638052891151821842","connectionDeviceId":"IOTDevice_5_4","contentEncoding":"utf-8","contentType":"application/json","enqueuedTime":"2022-10-01 20:00:00"}}
{"Body":{"Status":true,"Timestamp":"2022-10-01 21:00:00","volt":"186.238057283126"},"EnqueuedTimeUtc":"2022-10-01 21:00:00","Properties":{"messagetype":"Demo"},"SystemProperties":{"connectionAuthMethod":"{\"scope\":\"device\",\"type\":\"sas\",\"issuer\":\"iothub\",\"acceptingIpFilterRule\":null}","connectionDeviceGenerationId":"638052891151821842","connectionDeviceId":"IOTDevice_5_1","contentEncoding":"utf-8","contentType":"application/json","enqueuedTime":"2022-10-01 21:00:00"}}
{"Body":{"Status":true,"Timestamp":"2022-10-01 21:00:00","rotate":"470.163476209292"},"EnqueuedTimeUtc":"2022-10-01 21:00:00","Properties":{"messagetype":"Demo"},"SystemProperties":{"connectionAuthMethod":"{\"scope\":\"device\",\"type\":\"sas\",\"issuer\":\"iothub\",\"acceptingIpFilterRule\":null}","connectionDeviceGenerationId":"638052891151821842","connectionDeviceId":"IOTDevice_5_2","contentEncoding":"utf-8","contentType":"application/json","enqueuedTime":"2022-10-01 21:00:00"}}
{"Body":{"Status":true,"Timestamp":"2022-10-01 21:00:00","pressure":"96.721725429854"},"EnqueuedTimeUtc":"2022-10-01 21:00:00","Properties":{"messagetype":"Demo"},"SystemProperties":{"connectionAuthMethod":"{\"scope\":\"device\",\"type\":\"sas\",\"issuer\":\"iothub\",\"acceptingIpFilterRule\":null}","connectionDeviceGenerationId":"638052891151821842","connectionDeviceId":"IOTDevice_5_3","contentEncoding":"utf-8","contentType":"application/json","enqueuedTime":"2022-10-01 21:00:00"}}
{"Body":{"Status":true,"Timestamp":"2022-10-01 21:00:00","vibration":"36.9716164885983"},"EnqueuedTimeUtc":"2022-10-01 21:00:00","Properties":{"messagetype":"Demo"},"SystemProperties":{"connectionAuthMethod":"{\"scope\":\"device\",\"type\":\"sas\",\"issuer\":\"iothub\",\"acceptingIpFilterRule\":null}","connectionDeviceGenerationId":"638052891151821842","connectionDeviceId":"IOTDevice_5_4","contentEncoding":"utf-8","contentType":"application/json","enqueuedTime":"2022-10-01 21:00:00"}}
{"Body":{"Status":true,"Timestamp":"2022-10-01 22:00:00","volt":"166.639997998495"},"EnqueuedTimeUtc":"2022-10-01 22:00:00","Properties":{"messagetype":"Demo"},"SystemProperties":{"connectionAuthMethod":"{\"scope\":\"device\",\"type\":\"sas\",\"issuer\":\"iothub\",\"acceptingIpFilterRule\":null}","connectionDeviceGenerationId":"638052891151821842","connectionDeviceId":"IOTDevice_5_1","contentEncoding":"utf-8","contentType":"application/json","enqueuedTime":"2022-10-01 22:00:00"}}
{"Body":{"Status":true,"Timestamp":"2022-10-01 22:00:00","rotate":"444.877527470727"},"EnqueuedTimeUtc":"2022-10-01 22:00:00","Properties":{"messagetype":"Demo"},"SystemProperties":{"connectionAuthMethod":"{\"scope\":\"device\",\"type\":\"sas\",\"issuer\":\"iothub\",\"acceptingIpFilterRule\":null}","connectionDeviceGenerationId":"638052891151821842","connectionDeviceId":"IOTDevice_5_2","contentEncoding":"utf-8","contentType":"application/json","enqueuedTime":"2022-10-01 22:00:00"}}
{"Body":{"Status":true,"Timestamp":"2022-10-01 22:00:00","pressure":"99.9708661660208"},"EnqueuedTimeUtc":"2022-10-01 22:00:00","Properties":{"messagetype":"Demo"},"SystemProperties":{"connectionAuthMethod":"{\"scope\":\"device\",\"type\":\"sas\",\"issuer\":\"iothub\",\"acceptingIpFilterRule\":null}","connectionDeviceGenerationId":"638052891151821842","connectionDeviceId":"IOTDevice_5_3","contentEncoding":"utf-8","contentType":"application/json","enqueuedTime":"2022-10-01 22:00:00"}}
{"Body":{"Status":true,"Timestamp":"2022-10-01 22:00:00","vibration":"39.6139411310498"},"EnqueuedTimeUtc":"2022-10-01 22:00:00","Properties":{"messagetype":"Demo"},"SystemProperties":{"connectionAuthMethod":"{\"scope\":\"device\",\"type\":\"sas\",\"issuer\":\"iothub\",\"acceptingIpFilterRule\":null}","connectionDeviceGenerationId":"638052891151821842","connectionDeviceId":"IOTDevice_5_4","contentEncoding":"utf-8","contentType":"application/json","enqueuedTime":"2022-10-01 22:00:00"}}
{"Body":{"Status":true,"Timestamp":"2022-10-01 23:00:00","volt":"167.479291006579"},"EnqueuedTimeUtc":"2022-10-01 23:00:00","Properties":{"messagetype":"Demo"},"SystemProperties":{"connectionAuthMethod":"{\"scope\":\"device\",\"type\":\"sas\",\"issuer\":\"iothub\",\"acceptingIpFilterRule\":null}","connectionDeviceGenerationId":"638052891151821842","connectionDeviceId":"IOTDevice_5_1","contentEncoding":"utf-8","contentType":"application/json","enqueuedTime":"2022-10-01 23:00:00"}}
{"Body":{"Status":true,"Timestamp":"2022-10-01 23:00:00","rotate":"475.315300247029"},"EnqueuedTimeUtc":"2022-10-01 23:00:00","Properties":{"messagetype":"Demo"},"SystemProperties":{"connectionAuthMethod":"{\"scope\":\"device\",\"type\":\"sas\",\"issuer\":\"iothub\",\"acceptingIpFilterRule\":null}","connectionDeviceGenerationId":"638052891151821842","connectionDeviceId":"IOTDevice_5_2","contentEncoding":"utf-8","contentType":"application/json","enqueuedTime":"2022-10-01 23:00:00"}}
{"Body":{"Status":true,"Timestamp":"2022-10-01 23:00:00","pressure":"87.677594634968"},"EnqueuedTimeUtc":"2022-10-01 23:00:00","Properties":{"messagetype":"Demo"},"SystemProperties":{"connectionAuthMethod":"{\"scope\":\"device\",\"type\":\"sas\",\"issuer\":\"iothub\",\"acceptingIpFilterRule\":null}","connectionDeviceGenerationId":"638052891151821842","connectionDeviceId":"IOTDevice_5_3","contentEncoding":"utf-8","contentType":"application/json","enqueuedTime":"2022-10-01 23:00:00"}}
{"Body":{"Status":true,"Timestamp":"2022-10-01 23:00:00","vibration":"41.4864042017297"},"EnqueuedTimeUtc":"2022-10-01 23:00:00","Properties":{"messagetype":"Demo"},"SystemProperties":{"connectionAuthMethod":"{\"scope\":\"device\",\"type\":\"sas\",\"issuer\":\"iothub\",\"acceptingIpFilterRule\":null}","connectionDeviceGenerationId":"638052891151821842","connectionDeviceId":"IOTDevice_5_4","contentEncoding":"utf-8","contentType":"application/json","enqueuedTime":"2022-10-01 23:00:00"}}
