{"Body":{"Status":true,"Timestamp":"2022-10-01 21:00:00","volt":"150.895099325978"},"EnqueuedTimeUtc":"2022-10-01 21:00:00","Properties":{"messagetype":"Demo"},"SystemProperties":{"connectionAuthMethod":"{\"scope\":\"device\",\"type\":\"sas\",\"issuer\":\"iothub\",\"acceptingIpFilterRule\":null}","connectionDeviceGenerationId":"638052891151821842","connectionDeviceId":"IOTDevice_7_1","contentEncoding":"utf-8","contentType":"application/json","enqueuedTime":"2022-10-01 21:00:00"}}
{"Body":{"Status":true,"Timestamp":"2022-10-01 21:00:00","rotate":"393.325726330925"},"EnqueuedTimeUtc":"2022-10-01 21:00:00","Properties":{"messagetype":"Demo"},"SystemProperties":{"connectionAuthMethod":"{\"scope\":\"device\",\"type\":\"sas\",\"issuer\":\"iothub\",\"acceptingIpFilterRule\":null}","connectionDeviceGenerationId":"638052891151821842","connectionDeviceId":"IOTDevice_7_2","contentEncoding":"utf-8","contentType":"application/json","enqueuedTime":"2022-10-01 21:00:00"}}
{"Body":{"Status":true,"Timestamp":"2022-10-01 21:00:00","pressure":"109.167689531768"},"EnqueuedTimeUtc":"2022-10-01 21:00:00","Properties":{"messagetype":"Demo"},"SystemProperties":{"connectionAuthMethod":"{\"scope\":\"device\",\"type\":\"sas\",\"issuer\":\"iothub\",\"acceptingIpFilterRule\":null}","connectionDeviceGenerationId":"638052891151821842","connectionDeviceId":"IOTDevice_7_3","contentEncoding":"utf-8","contentType":"application/json","enqueuedTime":"2022-10-01 21:00:00"}}
{"Body":{"Status":true,"Timestamp":"2022-10-01 21:00:00","vibration":"42.5714302238995"},"EnqueuedTimeUtc":"2022-10-01 21:00:00","Properties":{"messagetype":"Demo"},"SystemProperties":{"connectionAuthMethod":"{\"scope\":\"device\",\"type\":\"sas\",\"issuer\":\"iothub\",\"acceptingIpFilterRule\":null}","connectionDeviceGenerationId":"638052891151821842","connectionDeviceId":"IOTDevice_7_4","contentEncoding":"utf-8","contentType":"application/json","enqueuedTime":"2022-10-01 21:00:00"}}
{"Body":{"Status":true,"Timestamp":"2022-10-01 22:00:00","volt":"160.906914325539"},"EnqueuedTimeUtc":"2022-10-01 22:00:00","Properties":{"messagetype":"Demo"},"SystemProperties":{"connectionAuthMethod":"{\"scope\":\"device\",\"type\":\"sas\",\"issuer\":\"iothub\",\"acceptingIpFilterRule\":null}","connectionDeviceGenerationId":"638052891151821842","connectionDeviceId":"IOTDevice_7_1","contentEncoding":"utf-8","contentType":"application/json","enqueuedTime":"2022-10-01 22:00:00"}}
{"Body":{"Status":true,"Timestamp":"2022-10-01 22:00:00","rotate":"547.779993786977"},"EnqueuedTimeUtc":"2022-10-01 22:00:00","Properties":{"messagetype":"Demo"},"SystemProperties":{"connectionAuthMethod":"{\"scope\":\"device\",\"type\":\"sas\",\"issuer\":\"iothub\",\"acceptingIpFilterRule\":null}","connectionDeviceGenerationId":"638052891151821842","connectionDeviceId":"IOTDevice_7_2","contentEncoding":"utf-8","contentType":"application/json","enqueuedTime":"2022-10-01 22:00:00"}}
{"Body":{"Status":true,"Timestamp":"2022-10-01 22:00:00","pressure":"86.8461573854967"},"EnqueuedTimeUtc":"2022-10-01 22:00:00","Properties":{"messagetype":"Demo"},"SystemProperties":{"connectionAuthMethod":"{\"scope\":\"device\",\"type\":\"sas\",\"issuer\":\"iothub\",\"acceptingIpFilterRule\":null}","connectionDeviceGenerationId":"638052891151821842","connectionDeviceId":"IOTDevice_7_3","contentEncoding":"utf-8","contentType":"application/json","enqueuedTime":"2022-10-01 22:00:00"}}
{"Body":{"Status":true,"Timestamp":"2022-10-01 22:00:00","vibration":"28.5913946523997"},"EnqueuedTimeUtc":"2022-10-01 22:00:00","Properties":{"messagetype":"Demo"},"SystemProperties":{"connectionAuthMethod":"{\"scope\":\"device\",\"type\":\"sas\",\"issuer\":\"iothub\",\"acceptingIpFilterRule\":null}","connectionDeviceGenerationId":"638052891151821842","connectionDeviceId":"IOTDevice_7_4","contentEncoding":"utf-8","contentType":"application/json","enqueuedTime":"2022-10-01 22:00:00"}}
{"Body":{"Status":true,"Timestamp":"2022-10-01 23:00:00","volt":"192.610951057178"},"EnqueuedTimeUtc":"2022-10-01 23:00:00","Properties":{"messagetype":"Demo"},"SystemProperties":{"connectionAuthMethod":"{\"scope\":\"device\",\"type\":\"sas\",\"issuer\":\"iothub\",\"acceptingIpFilterRule\":null}","connectionDeviceGenerationId":"638052891151821842","connectionDeviceId":"IOTDevice_7_1","contentEncoding":"utf-8","contentType":"application/json","enqueuedTime":"2022-10-01 23:00:00"}}
{"Body":{"Status":true,"Timestamp":"2022-10-01 23:00:00","rotate":"488.407209300491"},"EnqueuedTimeUtc":"2022-10-01 23:00:00","Properties":{"messagetype":"Demo"},"SystemProperties":{"connectionAuthMethod":"{\"scope\":\"device\",\"type\":\"sas\",\"issuer\":\"iothub\",\"acceptingIpFilterRule\":null}","connectionDeviceGenerationId":"638052891151821842","connectionDeviceId":"IOTDevice_7_2","contentEncoding":"utf-8","contentType":"application/json","enqueuedTime":"2022-10-01 23:00:00"}}
{"Body":{"Status":true,"Timestamp":"2022-10-01 23:00:00","pressure":"96.1075035660847"},"EnqueuedTimeUtc":"2022-10-01 23:00:00","Properties":{"messagetype":"Demo"},"SystemProperties":{"connectionAuthMethod":"{\"scope\":\"device\",\"type\":\"sas\",\"issuer\":\"iothub\",\"acceptingIpFilterRule\":null}","connectionDeviceGenerationId":"638052891151821842","connectionDeviceId":"IOTDevice_7_3","contentEncoding":"utf-8","contentType":"application/json","enqueuedTime":"2022-10-01 23:00:00"}}
{"Body":{"Status":true,"Timestamp":"2022-10-01 23:00:00","vibration":"51.199068486191"},"EnqueuedTimeUtc":"2022-10-01 23:00:00","Properties":{"messagetype":"Demo"},"SystemProperties":{"connectionAuthMethod":"{\"scope\":\"device\",\"type\":\"sas\",\"issuer\":\"iothub\",\"acceptingIpFilterRule\":null}","connectionDeviceGenerationId":"638052891151821842","connectionDeviceId":"IOTDevice_7_4","contentEncoding":"utf-8","contentType":"application/json","enqueuedTime":"2022-10-01 23:00:00"}}
{"Body":{"Status":true,"Timestamp":"2022-10-01 00:00:00","volt":"152.066899032999"},"EnqueuedTimeUtc":"2022-10-01 00:00:00","Properties":{"messagetype":"Demo"},"SystemProperties":{"connectionAuthMethod":"{\"scope\":\"device\",\"type\":\"sas\",\"issuer\":\"iothub\",\"acceptingIpFilterRule\":null}","connectionDeviceGenerationId":"638052891151821842","connectionDeviceId":"IOTDevice_8_1","contentEncoding":"utf-8","contentType":"application/json","enqueuedTime":"2022-10-01 00:00:00"}}
{"Body":{"Status":true,"Timestamp":"2022-10-01 00:00:00","rotate":"306.170601893592"},"EnqueuedTimeUtc":"2022-10-01 00:00:00","Properties":{"messagetype":"Demo"},"SystemProperties":{"connectionAuthMethod":"{\"scope\":\"device\",\"type\":\"sas\",\"issuer\":\"iothub\",\"acceptingIpFilterRule\":null}","connectionDeviceGenerationId":"638052891151821842","connectionDeviceId":"IOTDevice_8_2","contentEncoding":"utf-8","contentType":"application/json","enqueuedTime":"2022-10-01 00:00:00"}}
{"Body":{"Status":true,"Timestamp":"2022-10-01 00:00:00","pressure":"95.3480135880113"},"EnqueuedTimeUtc":"2022-10-01 00:00:00","Properties":{"messagetype":"Demo"},"SystemProperties":{"connectionAuthMethod":"{\"scope\":\"device\",\"type\":\"sas\",\"issuer\":\"iothub\",\"acceptingIpFilterRule\":null}","connectionDeviceGenerationId":"638052891151821842","connectionDeviceId":"IOTDevice_8_3","contentEncoding":"utf-8","contentType":"application/json","enqueuedTime":"2022-10-01 00:00:00"}}
{"Body":{"Status":true,"Timestamp":"2022-10-01 00:00:00","vibration":"53.8523050741251"},"EnqueuedTimeUtc":"2022-10-01 00:00:00","Properties":{"messagetype":"Demo"},"SystemProperties":{"connectionAuthMethod":"{\"scope\":\"device\",\"type\":\"sas\",\"issuer\":\"iothub\",\"acceptingIpFilterRule\":null}","connectionDeviceGenerationId":"638052891151821842","connectionDeviceId":"IOTDevice_8_4","contentEncoding":"utf-8","contentType":"application/json","enqueuedTime":"2022-10-01 00:00:00"}}
{"Body":{"Status":true,"Timestamp":"2022-10-01 01:00:00","volt":"179.326470958267"},"EnqueuedTimeUtc":"2022-10-01 01:00:00","Properties":{"messagetype":"Demo"},"SystemProperties":{"connectionAuthMethod":"{\"scope\":\"device\",\"type\":\"sas\",\"issuer\":\"iothub\",\"acceptingIpFilterRule\":null}","connectionDeviceGenerationId":"638052891151821842","connectionDeviceId":"IOTDevice_8_1","contentEncoding":"utf-8","contentType":"application/json","enqueuedTime":"2022-10-01 01:00:00"}}
{"Body":{"Status":true,"Timestamp":"2022-10-01 01:00:00","rotate":"524.80896236148"},"EnqueuedTimeUtc":"2022-10-01 01:00:00","Properties":{"messagetype":"Demo"},"SystemProperties":{"connectionAuthMethod":"{\"scope\":\"device\",\"type\":\"sas\",\"issuer\":\"iothub\",\"acceptingIpFilterRule\":null}","connectionDeviceGenerationId":"638052891151821842","connectionDeviceId":"IOTDevice_8_2","contentEncoding":"utf-8","contentType":"application/json","enqueuedTime":"2022-10-01 01:00:00"}}
{"Body":{"Status":true,"Timestamp":"2022-10-01 01:00:00","pressure":"110.285435896438"},"EnqueuedTimeUtc":"2022-10-01 01:00:00","Properties":{"messagetype":"Demo"},"SystemProperties":{"connectionAuthMethod":"{\"scope\":\"device\",\"type\":\"sas\",\"issuer\":\"iothub\",\"acceptingIpFilterRule\":null}","connectionDeviceGenerationId":"638052891151821842","connectionDeviceId":"IOTDevice_8_3","contentEncoding":"utf-8","contentType":"application/json","enqueuedTime":"2022-10-01 01:00:00"}}
{"Body":{"Status":true,"Timestamp":"2022-10-01 01:00:00","vibration":"39.2638426973868"},"EnqueuedTimeUtc":"2022-10-01 01:00:00","Properties":{"messagetype":"Demo"},"SystemProperties":{"connectionAuthMethod":"{\"scope\":\"device\",\"type\":\"sas\",\"issuer\":\"iothub\",\"acceptingIpFilterRule\":null}","connectionDeviceGenerationId":"638052891151821842","connectionDeviceId":"IOTDevice_8_4","contentEncoding":"utf-8","contentType":"application/json","enqueuedTime":"2022-10-01 01:00:00"}}
{"Body":{"Status":true,"Timestamp":"2022-10-01 02:00:00","volt":"176.702454854319"},"EnqueuedTimeUtc":"2022-10-01 02:00:00","Properties":{"messagetype":"Demo"},"SystemProperties":{"connectionAuthMethod":"{\"scope\":\"device\",\"type\":\"sas\",\"issuer\":\"iothub\",\"acceptingIpFilterRule\":null}","connectionDeviceGenerationId":"638052891151821842","connectionDeviceId":"IOTDevice_8_1","contentEncoding":"utf-8","contentType":"application/json","enqueuedTime":"2022-10-01 02:00:00"}}
{"Body":{"Status":true,"Timestamp":"2022-10-01 02:00:00","rotate":"349.208657046551"},"EnqueuedTimeUtc":"2022-10-01 02:00:00","Properties":{"messagetype":"Demo"},"SystemProperties":{"connectionAuthMethod":"{\"scope\":\"device\",\"type\":\"sas\",\"issuer\":\"iothub\",\"acceptingIpFilterRule\":null}","connectionDeviceGenerationId":"638052891151821842","connectionDeviceId":"IOTDevice_8_2","contentEncoding":"utf-8","contentType":"application/json","enqueuedTime":"2022-10-01 02:00:00"}}
{"Body":{"Status":true,"Timestamp":"2022-10-01 02:00:00","pressure":"104.642593917918"},"EnqueuedTimeUtc":"2022-10-01 02:00:00","Properties":{"messagetype":"Demo"},"SystemProperties":{"connectionAuthMethod":"{\"scope\":\"device\",\"type\":\"sas\",\"issuer\":\"iothub\",\"acceptingIpFilterRule\":null}","connectionDeviceGenerationId":"638052891151821842","connectionDeviceId":"IOTDevice_8_3","contentEncoding":"utf-8","contentType":"application/json","enqueuedTime":"2022-10-01 02:00:00"}}
{"Body":{"Status":true,"Timestamp":"2022-10-01 02:00:00","vibration":"39.586692988904"},"EnqueuedTimeUtc":"2022-10-01 02:00:00","Properties":{"messagetype":"Demo"},"SystemProperties":{"connectionAuthMethod":"{\"scope\":\"device\",\"type\":\"sas\",\"issuer\":\"iothub\",\"acceptingIpFilterRule\":null}","connectionDeviceGenerationId":"638052891151821842","connectionDeviceId":"IOTDevice_8_4","contentEncoding":"utf-8","contentType":"application/json","enqueuedTime":"2022-10-01 02:00:00"}}
{"Body":{"Status":true,"Timestamp":"2022-10-01 03:00:00","volt":"165.34587589177"},"EnqueuedTimeUtc":"2022-10-01 03:00:00","Properties":{"messagetype":"Demo"},"SystemProperties":{"connectionAuthMethod":"{\"scope\":\"device\",\"type\":\"sas\",\"issuer\":\"iothub\",\"acceptingIpFilterRule\":null}","connectionDeviceGenerationId":"638052891151821842","connectionDeviceId":"IOTDevice_8_1","contentEncoding":"utf-8","contentType":"application/json","enqueuedTime":"2022-10-01 03:00:00"}}
{"Body":{"Status":true,"Timestamp":"2022-10-01 03:00:00","rotate":"483.803335256949"},"EnqueuedTimeUtc":"2022-10-01 03:00:00","Properties":{"messagetype":"Demo"},"SystemProperties":{"connectionAuthMethod":"{\"scope\":\"device\",\"type\":\"sas\",\"issuer\":\"iothub\",\"acceptingIpFilterRule\":null}","connectionDeviceGenerationId":"638052891151821842","connectionDeviceId":"IOTDevice_8_2","contentEncoding":"utf-8","contentType":"application/json","enqueuedTime":"2022-10-01 03:00:00"}}
{"Body":{"Status":true,"Timestamp":"2022-10-01 03:00:00","pressure":"103.875634925793"},"EnqueuedTimeUtc":"2022-10-01 03:00:00","Properties":{"messagetype":"Demo"},"SystemProperties":{"connectionAuthMethod":"{\"scope\":\"device\",\"type\":\"sas\",\"issuer\":\"iothub\",\"acceptingIpFilterRule\":null}","connectionDeviceGenerationId":"638052891151821842","connectionDeviceId":"IOTDevice_8_3","contentEncoding":"utf-8","contentType":"application/json","enqueuedTime":"2022-10-01 03:00:00"}}
{"Body":{"Status":true,"Timestamp":"2022-10-01 03:00:00","vibration":"38.80788410097"},"EnqueuedTimeUtc":"2022-10-01 03:00:00","Properties":{"messagetype":"Demo"},"SystemProperties":{"connectionAuthMethod":"{\"scope\":\"device\",\"type\":\"sas\",\"issuer\":\"iothub\",\"acceptingIpFilterRule\":null}","connectionDeviceGenerationId":"638052891151821842","connectionDeviceId":"IOTDevice_8_4","contentEncoding":"utf-8","contentType":"application/json","enqueuedTime":"2022-10-01 03:00:00"}}
{"Body":{"Status":true,"Timestamp":"2022-10-01 04:00:00","volt":"176.064618365183"},"EnqueuedTimeUtc":"2022-10-01 04:00:00","Properties":{"messagetype":"Demo"},"SystemProperties":{"connectionAuthMethod":"{\"scope\":\"device\",\"type\":\"sas\",\"issuer\":\"iothub\",\"acceptingIpFilterRule\":null}","connectionDeviceGenerationId":"638052891151821842","connectionDeviceId":"IOTDevice_8_1","contentEncoding":"utf-8","contentType":"application/json","enqueuedTime":"2022-10-01 04:00:00"}}
{"Body":{"Status":true,"Timestamp":"2022-10-01 04:00:00","rotate":"319.342572353346"},"EnqueuedTimeUtc":"2022-10-01 04:00:00","Properties":{"messagetype":"Demo"},"SystemProperties":{"connectionAuthMethod":"{\"scope\":\"device\",\"type\":\"sas\",\"issuer\":\"iothub\",\"acceptingIpFilterRule\":null}","connectionDeviceGenerationId":"638052891151821842","connectionDeviceId":"IOTDevice_8_2","contentEncoding":"utf-8","contentType":"application/json","enqueuedTime":"2022-10-01 04:00:00"}}
{"Body":{"Status":true,"Timestamp":"2022-10-01 04:00:00","pressure":"115.183157688221"},"EnqueuedTimeUtc":"2022-10-01 04:00:00","Properties":{"messagetype":"Demo"},"SystemProperties":{"connectionAuthMethod":"{\"scope\":\"device\",\"type\":\"sas\",\"issuer\":\"iothub\",\"acceptingIpFilterRule\":null}","connectionDeviceGenerationId":"638052891151821842","connectionDeviceId":"IOTDevice_8_3","contentEncoding":"utf-8","contentType":"application/json","enqueuedTime":"2022-10-01 04:00:00"}}
{"Body":{"Status":true,"Timestamp":"2022-10-01 04:00:00","vibration":"44.1461560898852"},"EnqueuedTimeUtc":"2022-10-01 04:00:00","Properties":{"messagetype":"Demo"},"SystemProperties":{"connectionAuthMethod":"{\"scope\":\"device\",\"type\":\"sas\",\"issuer\":\"iothub\",\"acceptingIpFilterRule\":null}","connectionDeviceGenerationId":"638052891151821842","connectionDeviceId":"IOTDevice_8_4","contentEncoding":"utf-8","contentType":"application/json","enqueuedTime":"2022-10-01 04:00:00"}}
{"Body":{"Status":true,"Timestamp":"2022-10-01 05:00:00","volt":"172.817573884328"},"EnqueuedTimeUtc":"2022-10-01 05:00:00","Properties":{"messagetype":"Demo"},"SystemProperties":{"connectionAuthMethod":"{\"scope\":\"device\",\"type\":\"sas\",\"issuer\":\"iothub\",\"acceptingIpFilterRule\":null}","connectionDeviceGenerationId":"638052891151821842","connectionDeviceId":"IOTDevice_8_1","contentEncoding":"utf-8","contentType":"application/json","enqueuedTime":"2022-10-01 05:00:00"}}
{"Body":{"Status":true,"Timestamp":"2022-10-01 05:00:00","rotate":"495.008454324855"},"EnqueuedTimeUtc":"2022-10-01 05:00:00","Properties":{"messagetype":"Demo"},"SystemProperties":{"connectionAuthMethod":"{\"scope\":\"device\",\"type\":\"sas\",\"issuer\":\"iothub\",\"acceptingIpFilterRule\":null}","connectionDeviceGenerationId":"638052891151821842","connectionDeviceId":"IOTDevice_8_2","contentEncoding":"utf-8","contentType":"application/json","enqueuedTime":"2022-10-01 05:00:00"}}
{"Body":{"Status":true,"Timestamp":"2022-10-01 05:00:00","pressure":"115.442832820302"},"EnqueuedTimeUtc":"2022-10-01 05:00:00","Properties":{"messagetype":"Demo"},"SystemProperties":{"connectionAuthMethod":"{\"scope\":\"device\",\"type\":\"sas\",\"issuer\":\"iothub\",\"acceptingIpFilterRule\":null}","connectionDeviceGenerationId":"638052891151821842","connectionDeviceId":"IOTDevice_8_3","contentEncoding":"utf-8","contentType":"application/json","enqueuedTime":"2022-10-01 05:00:00"}}
{"Body":{"Status":true,"Timestamp":"2022-10-01 05:00:00","vibration":"37.1959202403683"},"EnqueuedTimeUtc":"2022-10-01 05:00:00","Properties":{"messagetype":"Demo"},"SystemProperties":{"connectionAuthMethod":"{\"scope\":\"device\",\"type\":\"sas\",\"issuer\":\"iothub\",\"acceptingIpFilterRule\":null}","connectionDeviceGenerationId":"638052891151821842","connectionDeviceId":"IOTDevice_8_4","contentEncoding":"utf-8","contentType":"application/json","enqueuedTime":"2022-10-01 05:00:00"}}
{"Body":{"Status":true,"Timestamp":"2022-10-01 06:00:00","volt":"177.783139103635"},"EnqueuedTimeUtc":"2022-10-01 06:00:00","Properties":{"messagetype":"Demo"},"SystemProperties":{"connectionAuthMethod":"{\"scope\":\"device\",\"type\":\"sas\",\"issuer\":\"iothub\",\"acceptingIpFilterRule\":null}","connectionDeviceGenerationId":"638052891151821842","connectionDeviceId":"IOTDevice_8_1","contentEncoding":"utf-8","contentType":"application/json","enqueuedTime":"2022-10-01 06:00:00"}}
{"Body":{"Status":true,"Timestamp":"2022-10-01 06:00:00","rotate":"340.320008865175"},"EnqueuedTimeUtc":"2022-10-01 06:00:00","Properties":{"messagetype":"Demo"},"SystemProperties":{"connectionAuthMethod":"{\"scope\":\"device\",\"type\":\"sas\",\"issuer\":\"iothub\",\"acceptingIpFilterRule\":null}","connectionDeviceGenerationId":"638052891151821842","connectionDeviceId":"IOTDevice_8_2","contentEncoding":"utf-8","contentType":"application/json","enqueuedTime":"2022-10-01 06:00:00"}}
{"Body":{"Status":true,"Timestamp":"2022-10-01 06:00:00","pressure":"93.959075725811"},"EnqueuedTimeUtc":"2022-10-01 06:00:00","Properties":{"messagetype":"Demo"},"SystemProperties":{"connectionAuthMethod":"{\"scope\":\"device\",\"type\":\"sas\",\"issuer\":\"iothub\",\"acceptingIpFilterRule\":null}","connectionDeviceGenerationId":"638052891151821842","connectionDeviceId":"IOTDevice_8_3","contentEncoding":"utf-8","contentType":"application/json","enqueuedTime":"2022-10-01 06:00:00"}}
{"Body":{"Status":true,"Timestamp":"2022-10-01 06:00:00","vibration":"22.7962626079325"},"EnqueuedTimeUtc":"2022-10-01 06:00:00","Properties":{"messagetype":"Demo"},"SystemProperties":{"connectionAuthMethod":"{\"scope\":\"device\",\"type\":\"sas\",\"issuer\":\"iothub\",\"acceptingIpFilterRule\":null}","connectionDeviceGenerationId":"638052891151821842","connectionDeviceId":"IOTDevice_8_4","contentEncoding":"utf-8","contentType":"application/json","enqueuedTime":"2022-10-01 06:00:00"}}
{"Body":{"Status":true,"Timestamp":"2022-10-01 07:00:00","volt":"154.310157272767"},"EnqueuedTimeUtc":"2022-10-01 07:00:00","Properties":{"messagetype":"Demo"},"SystemProperties":{"connectionAuthMethod":"{\"scope\":\"device\",\"type\":\"sas\",\"issuer\":\"iothub\",\"acceptingIpFilterRule\":null}","connectionDeviceGenerationId":"638052891151821842","connectionDeviceId":"IOTDevice_8_1","contentEncoding":"utf-8","contentType":"application/json","enqueuedTime":"2022-10-01 07:00:00"}}
{"Body":{"Status":true,"Timestamp":"2022-10-01 07:00:00","rotate":"395.735739171163"},"EnqueuedTimeUtc":"2022-10-01 07:00:00","Properties":{"messagetype":"Demo"},"SystemProperties":{"connectionAuthMethod":"{\"scope\":\"device\",\"type\":\"sas\",\"issuer\":\"iothub\",\"acceptingIpFilterRule\":null}","connectionDeviceGenerationId":"638052891151821842","connectionDeviceId":"IOTDevice_8_2","contentEncoding":"utf-8","contentType":"application/json","enqueuedTime":"2022-10-01 07:00:00"}}
{"Body":{"Status":true,"Timestamp":"2022-10-01 07:00:00","pressure":"105.593085817399"},"EnqueuedTimeUtc":"2022-10-01 07:00:00","Properties":{"messagetype":"Demo"},"SystemProperties":{"connectionAuthMethod":"{\"scope\":\"device\",\"type\":\"sas\",\"issuer\":\"iothub\",\"acceptingIpFilterRule\":null}","connectionDeviceGenerationId":"638052891151821842","connectionDeviceId":"IOTDevice_8_3","contentEncoding":"utf-8","contentType":"application/json","enqueuedTime":"2022-10-01 07:00:00"}}
{"Body":{"Status":true,"Timestamp":"2022-10-01 07:00:00","vibration":"44.1350054295552"},"EnqueuedTimeUtc":"2022-10-01 07:00:00","Properties":{"messagetype":"Demo"},"SystemProperties":{"connectionAuthMethod":"{\"scope\":\"device\",\"type\":\"sas\",\"issuer\":\"iothub\",\"acceptingIpFilterRule\":null}","connectionDeviceGenerationId":"638052891151821842","connectionDeviceId":"IOTDevice_8_4","contentEncoding":"utf-8","contentType":"application/json","enqueuedTime":"2022-10-01 07:00:00"}}
{"Body":{"Status":true,"Timestamp":"2022-10-01 08:00:00","volt":"155.437539903099"},"EnqueuedTimeUtc":"2022-10-01 08:00:00","Properties":{"messagetype":"Demo"},"SystemProperties":{"connectionAuthMethod":"{\"scope\":\"device\",\"type\":\"sas\",\"issuer\":\"iothub\",\"acceptingIpFilterRule\":null}","connectionDeviceGenerationId":"638052891151821842","connectionDeviceId":"IOTDevice_8_1","contentEncoding":"utf-8","contentType":"application/json","enqueuedTime":"2022-10-01 08:00:00"}}
{"Body":{"Status":true,"Timestamp":"2022-10-01 08:00:00","rotate":"363.967823942448"},"EnqueuedTimeUtc":"2022-10-01 08:00:00","Properties":{"messagetype":"Demo"},"SystemProperties":{"connectionAuthMethod":"{\"scope\":\"device\",\"type\":\"sas\",\"issuer\":\"iothub\",\"acceptingIpFilterRule\":null}","connectionDeviceGenerationId":"638052891151821842","connectionDeviceId":"IOTDevice_8_2","contentEncoding":"utf-8","contentType":"application/json","enqueuedTime":"2022-10-01 08:00:00"}}
{"Body":{"Status":true,"Timestamp":"2022-10-01 08:00:00","pressure":"74.5195287553893"},"EnqueuedTimeUtc":"2022-10-01 08:00:00","Properties":{"messagetype":"Demo"},"SystemProperties":{"connectionAuthMethod":"{\"scope\":\"device\",\"type\":\"sas\",\"issuer\":\"iothub\",\"acceptingIpFilterRule\":null}","connectionDeviceGenerationId":"638052891151821842","connectionDeviceId":"IOTDevice_8_3","contentEncoding":"utf-8","contentType":"application/json","enqueuedTime":"2022-10-01 08:00:00"}}
{"Body":{"Status":true,"Timestamp":"2022-10-01 08:00:00","vibration":"44.7220504344026"},"EnqueuedTimeUtc":"2022-10-01 08:00:00","Properties":{"messagetype":"Demo"},"SystemProperties":{"connectionAuthMethod":"{\"scope\":\"device\",\"type\":\"sas\",\"issuer\":\"iothub\",\"acceptingIpFilterRule\":null}","connectionDeviceGenerationId":"638052891151821842","connectionDeviceId":"IOTDevice_8_4","contentEncoding":"utf-8","contentType":"application/json","enqueuedTime":"2022-10-01 08:00:00"}}
{"Body":{"Status":true,"Timestamp":"2022-10-01 09:00:00","volt":"168.283461980448"},"EnqueuedTimeUtc":"2022-10-01 09:00:00","Properties":{"messagetype":"Demo"},"SystemProperties":{"connectionAuthMethod":"{\"scope\":\"device\",\"type\":\"sas\",\"issuer\":\"iothub\",\"acceptingIpFilterRule\":null}","connectionDeviceGenerationId":"638052891151821842","connectionDeviceId":"IOTDevice_8_1","contentEncoding":"utf-8","contentType":"application/json","enqueuedTime":"2022-10-01 09:00:00"}}
{"Body":{"Status":true,"Timestamp":"2022-10-01 09:00:00","rotate":"358.39991651294"},"EnqueuedTimeUtc":"2022-10-01 09:00:00","Properties":{"messagetype":"Demo"},"SystemProperties":{"connectionAuthMethod":"{\"scope\":\"device\",\"type\":\"sas\",\"issuer\":\"iothub\",\"acceptingIpFilterRule\":null}","connectionDeviceGenerationId":"638052891151821842","connectionDeviceId":"IOTDevice_8_2","contentEncoding":"utf-8","contentType":"application/json","enqueuedTime":"2022-10-01 09:00:00"}}
{"Body":{"Status":true,"Timestamp":"2022-10-01 09:00:00","pressure":"106.333934311096"},"EnqueuedTimeUtc":"2022-10-01 09:00:00","Properties":{"messagetype":"Demo"},"SystemProperties":{"connectionAuthMethod":"{\"scope\":\"device\",\"type\":\"sas\",\"issuer\":\"iothub\",\"acceptingIpFilterRule\":null}","connectionDeviceGenerationId":"638052891151821842","connectionDeviceId":"IOTDevice_8_3","contentEncoding":"utf-8","contentType":"application/json","enqueuedTime":"2022-10-01 09:00:00"}}
{"Body":{"Status":true,"Timestamp":"2022-10-01 09:00:00","vibration":"34.604194644828"},"EnqueuedTimeUtc":"2022-10-01 09:00:00","Properties":{"messagetype":"Demo"},"SystemProperties":{"connectionAuthMethod":"{\"scope\":\"device\",\"type\":\"sas\",\"issuer\":\"iothub\",\"acceptingIpFilterRule\":null}","connectionDeviceGenerationId":"638052891151821842","connectionDeviceId":"IOTDevice_8_4","contentEncoding":"utf-8","contentType":"application/json","enqueuedTime":"2022-10-01 09:00:00"}}
{"Body":{"Status":true,"Timestamp":"2022-10-01 10:00:00","volt":"152.760018861881"},"EnqueuedTimeUtc":"2022-10-01 10:00:00","Properties":{"messagetype":"Demo"},"SystemProperties":{"connectionAuthMethod":"{\"scope\":\"device\",\"type\":\"sas\",\"issuer\":\"iothub\",\"acceptingIpFilterRule\":null}","connectionDeviceGenerationId":"638052891151821842","connectionDeviceId":"IOTDevice_8_1","contentEncoding":"utf-8","contentType":"application/json","enqueuedTime":"2022-10-01 10:00:00"}}
{"Body":{"Status":true,"Timestamp":"2022-10-01 10:00:00","rotate":"430.782365873469"},"EnqueuedTimeUtc":"2022-10-01 10:00:00","Properties":{"messagetype":"Demo"},"SystemProperties":{"connectionAuthMethod":"{\"scope\":\"device\",\"type\":\"sas\",\"issuer\":\"iothub\",\"acceptingIpFilterRule\":null}","connectionDeviceGenerationId":"638052891151821842","connectionDeviceId":"IOTDevice_8_2","contentEncoding":"utf-8","contentType":"application/json","enqueuedTime":"2022-10-01 10:00:00"}}
{"Body":{"Status":true,"Timestamp":"2022-10-01 10:00:00","pressure":"96.637710442959"},"EnqueuedTimeUtc":"2022-10-01 10:00:00","Properties":{"messagetype":"Demo"},"SystemProperties":{"connectionAuthMethod":"{\"scope\":\"device\",\"type\":\"sas\",\"issuer\":\"iothub\",\"acceptingIpFilterRule\":null}","connectionDeviceGenerationId":"638052891151821842","connectionDeviceId":"IOTDevice_8_3","contentEncoding":"utf-8","contentType":"application/json","enqueuedTime":"2022-10-01 10:00:00"}}
{"Body":{"Status":true,"Timestamp":"2022-10-01 10:00:00","vibration":"42.706527153819"},"EnqueuedTimeUtc":"2022-10-01 10:00:00","Properties":{"messagetype":"Demo"},"SystemProperties":{"connectionAuthMethod":"{\"scope\":\"device\",\"type\":\"sas\",\"issuer\":\"iothub\",\"acceptingIpFilterRule\":null}","connectionDeviceGenerationId":"638052891151821842","connectionDeviceId":"IOTDevice_8_4","contentEncoding":"utf-8","contentType":"application/json","enqueuedTime":"2022-10-01 10:00:00"}}
{"Body":{"Status":true,"Timestamp":"2022-10-01 11:00:00","volt":"184.463790539579"},"EnqueuedTimeUtc":"2022-10-01 11:00:00","Properties":{"messagetype":"Demo"},"SystemProperties":{"connectionAuthMethod":"{\"scope\":\"device\",\"type\":\"sas\",\"issuer\":\"iothub\",\"acceptingIpFilterRule\":null}","connectionDeviceGenerationId":"638052891151821842","connectionDeviceId":"IOTDevice_8_1","contentEncoding":"utf-8","contentType":"application/json","enqueuedTime":"2022-10-01 11:00:00"}}
{"Body":{"Status":true,"Timestamp":"2022-10-01 11:00:00","rotate":"371.131689730347"},"EnqueuedTimeUtc":"2022-10-01 11:00:00","Properties":{"messagetype":"Demo"},"SystemProperties":{"connectionAuthMethod":"{\"scope\":\"device\",\"type\":\"sas\",\"issuer\":\"iothub\",\"acceptingIpFilterRule\":null}","connectionDeviceGenerationId":"638052891151821842","connectionDeviceId":"IOTDevice_8_2","contentEncoding":"utf-8","contentType":"application/json","enqueuedTime":"2022-10-01 11:00:00"}}
{"Body":{"Status":true,"Timestamp":"2022-10-01 11:00:00","pressure":"112.764502820602"},"EnqueuedTimeUtc":"2022-10-01 11:00:00","Properties":{"messagetype":"Demo"},"SystemProperties":{"connectionAuthMethod":"{\"scope\":\"device\",\"type\":\"sas\",\"issuer\":\"iothub\",\"acceptingIpFilterRule\":null}","connectionDeviceGenerationId":"638052891151821842","connectionDeviceId":"IOTDevice_8_3","contentEncoding":"utf-8","contentType":"application/json","enqueuedTime":"2022-10-01 11:00:00"}}
{"Body":{"Status":true,"Timestamp":"2022-10-01 11:00:00","vibration":"36.9734164552882"},"EnqueuedTimeUtc":"2022-10-01 11:00:00","Properties":{"messagetype":"Demo"},"SystemProperties":{"connectionAuthMethod":"{\"scope\":\"device\",\"type\":\"sas\",\"issuer\":\"iothub\",\"acceptingIpFilterRule\":null}","connectionDeviceGenerationId":"638052891151821842","connectionDeviceId":"IOTDevice_8_4","contentEncoding":"utf-8","contentType":"application/json","enqueuedTime":"2022-10-01 11:00:00"}}
