{"Body":{"Status":true,"Timestamp":"2022-10-16 06:00:00","volt":"169.011616217102"},"EnqueuedTimeUtc":"2022-10-16 06:00:00","Properties":{"messagetype":"Demo"},"SystemProperties":{"connectionAuthMethod":"{\"scope\":\"device\",\"type\":\"sas\",\"issuer\":\"iothub\",\"acceptingIpFilterRule\":null}","connectionDeviceGenerationId":"638052891151821842","connectionDeviceId":"IOTDevice_2_1","contentEncoding":"utf-8","contentType":"application/json","enqueuedTime":"2022-10-16 06:00:00"}}
{"Body":{"Status":true,"Timestamp":"2022-10-16 06:00:00","rotate":"579.660426304398"},"EnqueuedTimeUtc":"2022-10-16 06:00:00","Properties":{"messagetype":"Demo"},"SystemProperties":{"connectionAuthMethod":"{\"scope\":\"device\",\"type\":\"sas\",\"issuer\":\"iothub\",\"acceptingIpFilterRule\":null}","connectionDeviceGenerationId":"638052891151821842","connectionDeviceId":"IOTDevice_2_2","contentEncoding":"utf-8","contentType":"application/json","enqueuedTime":"2022-10-16 06:00:00"}}
{"Body":{"Status":true,"Timestamp":"2022-10-16 06:00:00","pressure":"108.007961285252"},"EnqueuedTimeUtc":"2022-10-16 06:00:00","Properties":{"messagetype":"Demo"},"SystemProperties":{"connectionAuthMethod":"{\"scope\":\"device\",\"type\":\"sas\",\"issuer\":\"iothub\",\"acceptingIpFilterRule\":null}","connectionDeviceGenerationId":"638052891151821842","connectionDeviceId":"IOTDevice_2_3","contentEncoding":"utf-8","contentType":"application/json","enqueuedTime":"2022-10-16 06:00:00"}}
{"Body":{"Status":true,"Timestamp":"2022-10-16 06:00:00","vibration":"43.6713807142856"},"EnqueuedTimeUtc":"2022-10-16 06:00:00","Properties":{"messagetype":"Demo"},"SystemProperties":{"connectionAuthMethod":"{\"scope\":\"device\",\"type\":\"sas\",\"issuer\":\"iothub\",\"acceptingIpFilterRule\":null}","connectionDeviceGenerationId":"638052891151821842","connectionDeviceId":"IOTDevice_2_4","contentEncoding":"utf-8","contentType":"application/json","enqueuedTime":"2022-10-16 06:00:00"}}
{"Body":{"Status":true,"Timestamp":"2022-10-16 07:00:00","volt":"153.104574084924"},"EnqueuedTimeUtc":"2022-10-16 07:00:00","Properties":{"messagetype":"Demo"},"SystemProperties":{"connectionAuthMethod":"{\"scope\":\"device\",\"type\":\"sas\",\"issuer\":\"iothub\",\"acceptingIpFilterRule\":null}","connectionDeviceGenerationId":"638052891151821842","connectionDeviceId":"IOTDevice_2_1","contentEncoding":"utf-8","contentType":"application/json","enqueuedTime":"2022-10-16 07:00:00"}}
{"Body":{"Status":true,"Timestamp":"2022-10-16 07:00:00","rotate":"411.438506464389"},"EnqueuedTimeUtc":"2022-10-16 07:00:00","Properties":{"messagetype":"Demo"},"SystemProperties":{"connectionAuthMethod":"{\"scope\":\"device\",\"type\":\"sas\",\"issuer\":\"iothub\",\"acceptingIpFilterRule\":null}","connectionDeviceGenerationId":"638052891151821842","connectionDeviceId":"IOTDevice_2_2","contentEncoding":"utf-8","contentType":"application/json","enqueuedTime":"2022-10-16 07:00:00"}}
{"Body":{"Status":true,"Timestamp":"2022-10-16 07:00:00","pressure":"98.7429664805527"},"EnqueuedTimeUtc":"2022-10-16 07:00:00","Properties":{"messagetype":"Demo"},"SystemProperties":{"connectionAuthMethod":"{\"scope\":\"device\",\"type\":\"sas\",\"issuer\":\"iothub\",\"acceptingIpFilterRule\":null}","connectionDeviceGenerationId":"638052891151821842","connectionDeviceId":"IOTDevice_2_3","contentEncoding":"utf-8","contentType":"application/json","enqueuedTime":"2022-10-16 07:00:00"}}
{"Body":{"Status":true,"Timestamp":"2022-10-16 07:00:00","vibration":"35.5684777740915"},"EnqueuedTimeUtc":"2022-10-16 07:00:00","Properties":{"messagetype":"Demo"},"SystemProperties":{"connectionAuthMethod":"{\"scope\":\"device\",\"type\":\"sas\",\"issuer\":\"iothub\",\"acceptingIpFilterRule\":null}","connectionDeviceGenerationId":"638052891151821842","connectionDeviceId":"IOTDevice_2_4","contentEncoding":"utf-8","contentType":"application/json","enqueuedTime":"2022-10-16 07:00:00"}}
{"Body":{"Status":true,"Timestamp":"2022-10-16 08:00:00","volt":"179.453353533062"},"EnqueuedTimeUtc":"2022-10-16 08:00:00","Properties":{"messagetype":"Demo"},"SystemProperties":{"connectionAuthMethod":"{\"scope\":\"device\",\"type\":\"sas\",\"issuer\":\"iothub\",\"acceptingIpFilterRule\":null}","connectionDeviceGenerationId":"638052891151821842","connectionDeviceId":"IOTDevice_2_1","contentEncoding":"utf-8","contentType":"application/json","enqueuedTime":"2022-10-16 08:00:00"}}
{"Body":{"Status":true,"Timestamp":"2022-10-16 08:00:00","rotate":"453.353108802851"},"EnqueuedTimeUtc":"2022-10-16 08:00:00","Properties":{"messagetype":"Demo"},"SystemProperties":{"connectionAuthMethod":"{\"scope\":\"device\",\"type\":\"sas\",\"issuer\":\"iothub\",\"acceptingIpFilterRule\":null}","connectionDeviceGenerationId":"638052891151821842","connectionDeviceId":"IOTDevice_2_2","contentEncoding":"utf-8","contentType":"application/json","enqueuedTime":"2022-10-16 08:00:00"}}
{"Body":{"Status":true,"Timestamp":"2022-10-16 08:00:00","pressure":"102.802670147467"},"EnqueuedTimeUtc":"2022-10-16 08:00:00","Properties":{"messagetype":"Demo"},"SystemProperties":{"connectionAuthMethod":"{\"scope\":\"device\",\"type\":\"sas\",\"issuer\":\"iothub\",\"acceptingIpFilterRule\":null}","connectionDeviceGenerationId":"638052891151821842","connectionDeviceId":"IOTDevice_2_3","contentEncoding":"utf-8","contentType":"application/json","enqueuedTime":"2022-10-16 08:00:00"}}
{"Body":{"Status":true,"Timestamp":"2022-10-16 08:00:00","vibration":"41.1063384656706"},"EnqueuedTimeUtc":"2022-10-16 08:00:00","Properties":{"messagetype":"Demo"},"SystemProperties":{"connectionAuthMethod":"{\"scope\":\"device\",\"type\":\"sas\",\"issuer\":\"iothub\",\"acceptingIpFilterRule\":null}","connectionDeviceGenerationId":"638052891151821842","connectionDeviceId":"IOTDevice_2_4","contentEncoding":"utf-8","contentType":"application/json","enqueuedTime":"2022-10-16 08:00:00"}}
{"Body":{"Status":true,"Timestamp":"2022-10-16 09:00:00","volt":"181.008724945173"},"EnqueuedTimeUtc":"2022-10-16 09:00:00","Properties":{"messagetype":"Demo"},"SystemProperties":{"connectionAuthMethod":"{\"scope\":\"device\",\"type\":\"sas\",\"issuer\":\"iothub\",\"acceptingIpFilterRule\":null}","connectionDeviceGenerationId":"638052891151821842","connectionDeviceId":"IOTDevice_2_1","contentEncoding":"utf-8","contentType":"application/json","enqueuedTime":"2022-10-16 09:00:00"}}
{"Body":{"Status":true,"Timestamp":"2022-10-16 09:00:00","rotate":"531.139121669318"},"EnqueuedTimeUtc":"2022-10-16 09:00:00","Properties":{"messagetype":"Demo"},"SystemProperties":{"connectionAuthMethod":"{\"scope\":\"device\",\"type\":\"sas\",\"issuer\":\"iothub\",\"acceptingIpFilterRule\":null}","connectionDeviceGenerationId":"638052891151821842","connectionDeviceId":"IOTDevice_2_2","contentEncoding":"utf-8","contentType":"application/json","enqueuedTime":"2022-10-16 09:00:00"}}
{"Body":{"Status":true,"Timestamp":"2022-10-16 09:00:00","pressure":"79.8693620484378"},"EnqueuedTimeUtc":"2022-10-16 09:00:00","Properties":{"messagetype":"Demo"},"SystemProperties":{"connectionAuthMethod":"{\"scope\":\"device\",\"type\":\"sas\",\"issuer\":\"iothub\",\"acceptingIpFilterRule\":null}","connectionDeviceGenerationId":"638052891151821842","connectionDeviceId":"IOTDevice_2_3","contentEncoding":"utf-8","contentType":"application/json","enqueuedTime":"2022-10-16 09:00:00"}}
{"Body":{"Status":true,"Timestamp":"2022-10-16 09:00:00","vibration":"44.5892578765473"},"EnqueuedTimeUtc":"2022-10-16 09:00:00","Properties":{"messagetype":"Demo"},"SystemProperties":{"connectionAuthMethod":"{\"scope\":\"device\",\"type\":\"sas\",\"issuer\":\"iothub\",\"acceptingIpFilterRule\":null}","connectionDeviceGenerationId":"638052891151821842","connectionDeviceId":"IOTDevice_2_4","contentEncoding":"utf-8","contentType":"application/json","enqueuedTime":"2022-10-16 09:00:00"}}
{"Body":{"Status":true,"Timestamp":"2022-10-16 10:00:00","volt":"180.202440849666"},"EnqueuedTimeUtc":"2022-10-16 10:00:00","Properties":{"messagetype":"Demo"},"SystemProperties":{"connectionAuthMethod":"{\"scope\":\"device\",\"type\":\"sas\",\"issuer\":\"iothub\",\"acceptingIpFilterRule\":null}","connectionDeviceGenerationId":"638052891151821842","connectionDeviceId":"IOTDevice_2_1","contentEncoding":"utf-8","contentType":"application/json","enqueuedTime":"2022-10-16 10:00:00"}}
{"Body":{"Status":true,"Timestamp":"2022-10-16 10:00:00","rotate":"373.975139915171"},"EnqueuedTimeUtc":"2022-10-16 10:00:00","Properties":{"messagetype":"Demo"},"SystemProperties":{"connectionAuthMethod":"{\"scope\":\"device\",\"type\":\"sas\",\"issuer\":\"iothub\",\"acceptingIpFilterRule\":null}","connectionDeviceGenerationId":"638052891151821842","connectionDeviceId":"IOTDevice_2_2","contentEncoding":"utf-8","contentType":"application/json","enqueuedTime":"2022-10-16 10:00:00"}}
{"Body":{"Status":true,"Timestamp":"2022-10-16 10:00:00","pressure":"94.3769570601742"},"EnqueuedTimeUtc":"2022-10-16 10:00:00","Properties":{"messagetype":"Demo"},"SystemProperties":{"connectionAuthMethod":"{\"scope\":\"device\",\"type\":\"sas\",\"issuer\":\"iothub\",\"acceptingIpFilterRule\":null}","connectionDeviceGenerationId":"638052891151821842","connectionDeviceId":"IOTDevice_2_3","contentEncoding":"utf-8","contentType":"application/json","enqueuedTime":"2022-10-16 10:00:00"}}
{"Body":{"Status":true,"Timestamp":"2022-10-16 10:00:00","vibration":"40.2094913212137"},"EnqueuedTimeUtc":"2022-10-16 10:00:00","Properties":{"messagetype":"Demo"},"SystemProperties":{"connectionAuthMethod":"{\"scope\":\"device\",\"type\":\"sas\",\"issuer\":\"iothub\",\"acceptingIpFilterRule\":null}","connectionDeviceGenerationId":"638052891151821842","connectionDeviceId":"IOTDevice_2_4","contentEncoding":"utf-8","contentType":"application/json","enqueuedTime":"2022-10-16 10:00:00"}}
{"Body":{"Status":true,"Timestamp":"2022-10-16 11:00:00","volt":"176.527184489421"},"EnqueuedTimeUtc":"2022-10-16 11:00:00","Properties":{"messagetype":"Demo"},"SystemProperties":{"connectionAuthMethod":"{\"scope\":\"device\",\"type\":\"sas\",\"issuer\":\"iothub\",\"acceptingIpFilterRule\":null}","connectionDeviceGenerationId":"638052891151821842","connectionDeviceId":"IOTDevice_2_1","contentEncoding":"utf-8","contentType":"application/json","enqueuedTime":"2022-10-16 11:00:00"}}
{"Body":{"Status":true,"Timestamp":"2022-10-16 11:00:00","rotate":"456.691931626789"},"EnqueuedTimeUtc":"2022-10-16 11:00:00","Properties":{"messagetype":"Demo"},"SystemProperties":{"connectionAuthMethod":"{\"scope\":\"device\",\"type\":\"sas\",\"issuer\":\"iothub\",\"acceptingIpFilterRule\":null}","connectionDeviceGenerationId":"638052891151821842","connectionDeviceId":"IOTDevice_2_2","contentEncoding":"utf-8","contentType":"application/json","enqueuedTime":"2022-10-16 11:00:00"}}
{"Body":{"Status":true,"Timestamp":"2022-10-16 11:00:00","pressure":"100.879529603821"},"EnqueuedTimeUtc":"2022-10-16 11:00:00","Properties":{"messagetype":"Demo"},"SystemProperties":{"connectionAuthMethod":"{\"scope\":\"device\",\"type\":\"sas\",\"issuer\":\"iothub\",\"acceptingIpFilterRule\":null}","connectionDeviceGenerationId":"638052891151821842","connectionDeviceId":"IOTDevice_2_3","contentEncoding":"utf-8","contentType":"application/json","enqueuedTime":"2022-10-16 11:00:00"}}
{"Body":{"Status":true,"Timestamp":"2022-10-16 11:00:00","vibration":"31.3182451783135"},"EnqueuedTimeUtc":"2022-10-16 11:00:00","Properties":{"messagetype":"Demo"},"SystemProperties":{"connectionAuthMethod":"{\"scope\":\"device\",\"type\":\"sas\",\"issuer\":\"iothub\",\"acceptingIpFilterRule\":null}","connectionDeviceGenerationId":"638052891151821842","connectionDeviceId":"IOTDevice_2_4","contentEncoding":"utf-8","contentType":"application/json","enqueuedTime":"2022-10-16 11:00:00"}}
{"Body":{"Status":true,"Timestamp":"2022-10-16 12:00:00","volt":"161.63521172357"},"EnqueuedTimeUtc":"2022-10-16 12:00:00","Properties":{"messagetype":"Demo"},"SystemProperties":{"connectionAuthMethod":"{\"scope\":\"device\",\"type\":\"sas\",\"issuer\":\"iothub\",\"acceptingIpFilterRule\":null}","connectionDeviceGenerationId":"638052891151821842","connectionDeviceId":"IOTDevice_2_1","contentEncoding":"utf-8","contentType":"application/json","enqueuedTime":"2022-10-16 12:00:00"}}
{"Body":{"Status":true,"Timestamp":"2022-10-16 12:00:00","rotate":"485.778745777289"},"EnqueuedTimeUtc":"2022-10-16 12:00:00","Properties":{"messagetype":"Demo"},"SystemProperties":{"connectionAuthMethod":"{\"scope\":\"device\",\"type\":\"sas\",\"issuer\":\"iothub\",\"acceptingIpFilterRule\":null}","connectionDeviceGenerationId":"638052891151821842","connectionDeviceId":"IOTDevice_2_2","contentEncoding":"utf-8","contentType":"application/json","enqueuedTime":"2022-10-16 12:00:00"}}
{"Body":{"Status":true,"Timestamp":"2022-10-16 12:00:00","pressure":"95.6484280459718"},"EnqueuedTimeUtc":"2022-10-16 12:00:00","Properties":{"messagetype":"Demo"},"SystemProperties":{"connectionAuthMethod":"{\"scope\":\"device\",\"type\":\"sas\",\"issuer\":\"iothub\",\"acceptingIpFilterRule\":null}","connectionDeviceGenerationId":"638052891151821842","connectionDeviceId":"IOTDevice_2_3","contentEncoding":"utf-8","contentType":"application/json","enqueuedTime":"2022-10-16 12:00:00"}}
{"Body":{"Status":true,"Timestamp":"2022-10-16 12:00:00","vibration":"36.2009374746653"},"EnqueuedTimeUtc":"2022-10-16 12:00:00","Properties":{"messagetype":"Demo"},"SystemProperties":{"connectionAuthMethod":"{\"scope\":\"device\",\"type\":\"sas\",\"issuer\":\"iothub\",\"acceptingIpFilterRule\":null}","connectionDeviceGenerationId":"638052891151821842","connectionDeviceId":"IOTDevice_2_4","contentEncoding":"utf-8","contentType":"application/json","enqueuedTime":"2022-10-16 12:00:00"}}
{"Body":{"Status":true,"Timestamp":"2022-10-16 13:00:00","volt":"161.478857908361"},"EnqueuedTimeUtc":"2022-10-16 13:00:00","Properties":{"messagetype":"Demo"},"SystemProperties":{"connectionAuthMethod":"{\"scope\":\"device\",\"type\":\"sas\",\"issuer\":\"iothub\",\"acceptingIpFilterRule\":null}","connectionDeviceGenerationId":"638052891151821842","connectionDeviceId":"IOTDevice_2_1","contentEncoding":"utf-8","contentType":"application/json","enqueuedTime":"2022-10-16 13:00:00"}}
{"Body":{"Status":true,"Timestamp":"2022-10-16 13:00:00","rotate":"452.723697268153"},"EnqueuedTimeUtc":"2022-10-16 13:00:00","Properties":{"messagetype":"Demo"},"SystemProperties":{"connectionAuthMethod":"{\"scope\":\"device\",\"type\":\"sas\",\"issuer\":\"iothub\",\"acceptingIpFilterRule\":null}","connectionDeviceGenerationId":"638052891151821842","connectionDeviceId":"IOTDevice_2_2","contentEncoding":"utf-8","contentType":"application/json","enqueuedTime":"2022-10-16 13:00:00"}}
{"Body":{"Status":true,"Timestamp":"2022-10-16 13:00:00","pressure":"91.588949268084"},"EnqueuedTimeUtc":"2022-10-16 13:00:00","Properties":{"messagetype":"Demo"},"SystemProperties":{"connectionAuthMethod":"{\"scope\":\"device\",\"type\":\"sas\",\"issuer\":\"iothub\",\"acceptingIpFilterRule\":null}","connectionDeviceGenerationId":"638052891151821842","connectionDeviceId":"IOTDevice_2_3","contentEncoding":"utf-8","contentType":"application/json","enqueuedTime":"2022-10-16 13:00:00"}}
{"Body":{"Status":true,"Timestamp":"2022-10-16 13:00:00","vibration":"45.5426902087018"},"EnqueuedTimeUtc":"2022-10-16 13:00:00","Properties":{"messagetype":"Demo"},"SystemProperties":{"connectionAuthMethod":"{\"scope\":\"device\",\"type\":\"sas\",\"issuer\":\"iothub\",\"acceptingIpFilterRule\":null}","connectionDeviceGenerationId":"638052891151821842","connectionDeviceId":"IOTDevice_2_4","contentEncoding":"utf-8","contentType":"application/json","enqueuedTime":"2022-10-16 13:00:00"}}
{"Body":{"Status":true,"Timestamp":"2022-10-16 14:00:00","volt":"143.228277941619"},"EnqueuedTimeUtc":"2022-10-16 14:00:00","Properties":{"messagetype":"Demo"},"SystemProperties":{"connectionAuthMethod":"{\"scope\":\"device\",\"type\":\"sas\",\"issuer\":\"iothub\",\"acceptingIpFilterRule\":null}","connectionDeviceGenerationId":"638052891151821842","connectionDeviceId":"IOTDevice_2_1","contentEncoding":"utf-8","contentType":"application/json","enqueuedTime":"2022-10-16 14:00:00"}}
{"Body":{"Status":true,"Timestamp":"2022-10-16 14:00:00","rotate":"443.993588947553"},"EnqueuedTimeUtc":"2022-10-16 14:00:00","Properties":{"messagetype":"Demo"},"SystemProperties":{"connectionAuthMethod":"{\"scope\":\"device\",\"type\":\"sas\",\"issuer\":\"iothub\",\"acceptingIpFilterRule\":null}","connectionDeviceGenerationId":"638052891151821842","connectionDeviceId":"IOTDevice_2_2","contentEncoding":"utf-8","contentType":"application/json","enqueuedTime":"2022-10-16 14:00:00"}}
{"Body":{"Status":true,"Timestamp":"2022-10-16 14:00:00","pressure":"93.5161503914611"},"EnqueuedTimeUtc":"2022-10-16 14:00:00","Properties":{"messagetype":"Demo"},"SystemProperties":{"connectionAuthMethod":"{\"scope\":\"device\",\"type\":\"sas\",\"issuer\":\"iothub\",\"acceptingIpFilterRule\":null}","connectionDeviceGenerationId":"638052891151821842","connectionDeviceId":"IOTDevice_2_3","contentEncoding":"utf-8","contentType":"application/json","enqueuedTime":"2022-10-16 14:00:00"}}
{"Body":{"Status":true,"Timestamp":"2022-10-16 14:00:00","vibration":"36.8442261511483"},"EnqueuedTimeUtc":"2022-10-16 14:00:00","Properties":{"messagetype":"Demo"},"SystemProperties":{"connectionAuthMethod":"{\"scope\":\"device\",\"type\":\"sas\",\"issuer\":\"iothub\",\"acceptingIpFilterRule\":null}","connectionDeviceGenerationId":"638052891151821842","connectionDeviceId":"IOTDevice_2_4","contentEncoding":"utf-8","contentType":"application/json","enqueuedTime":"2022-10-16 14:00:00"}}
{"Body":{"Status":true,"Timestamp":"2022-10-16 15:00:00","volt":"164.830541174233"},"EnqueuedTimeUtc":"2022-10-16 15:00:00","Properties":{"messagetype":"Demo"},"SystemProperties":{"connectionAuthMethod":"{\"scope\":\"device\",\"type\":\"sas\",\"issuer\":\"iothub\",\"acceptingIpFilterRule\":null}","connectionDeviceGenerationId":"638052891151821842","connectionDeviceId":"IOTDevice_2_1","contentEncoding":"utf-8","contentType":"application/json","enqueuedTime":"2022-10-16 15:00:00"}}
{"Body":{"Status":true,"Timestamp":"2022-10-16 15:00:00","rotate":"375.669476451201"},"EnqueuedTimeUtc":"2022-10-16 15:00:00","Properties":{"messagetype":"Demo"},"SystemProperties":{"connectionAuthMethod":"{\"scope\":\"device\",\"type\":\"sas\",\"issuer\":\"iothub\",\"acceptingIpFilterRule\":null}","connectionDeviceGenerationId":"638052891151821842","connectionDeviceId":"IOTDevice_2_2","contentEncoding":"utf-8","contentType":"application/json","enqueuedTime":"2022-10-16 15:00:00"}}
{"Body":{"Status":true,"Timestamp":"2022-10-16 15:00:00","pressure":"99.9045763915916"},"EnqueuedTimeUtc":"2022-10-16 15:00:00","Properties":{"messagetype":"Demo"},"SystemProperties":{"connectionAuthMethod":"{\"scope\":\"device\",\"type\":\"sas\",\"issuer\":\"iothub\",\"acceptingIpFilterRule\":null}","connectionDeviceGenerationId":"638052891151821842","connectionDeviceId":"IOTDevice_2_3","contentEncoding":"utf-8","contentType":"application/json","enqueuedTime":"2022-10-16 15:00:00"}}
{"Body":{"Status":true,"Timestamp":"2022-10-16 15:00:00","vibration":"47.0065724941907"},"EnqueuedTimeUtc":"2022-10-16 15:00:00","Properties":{"messagetype":"Demo"},"SystemProperties":{"connectionAuthMethod":"{\"scope\":\"device\",\"type\":\"sas\",\"issuer\":\"iothub\",\"acceptingIpFilterRule\":null}","connectionDeviceGenerationId":"638052891151821842","connectionDeviceId":"IOTDevice_2_4","contentEncoding":"utf-8","contentType":"application/json","enqueuedTime":"2022-10-16 15:00:00"}}
{"Body":{"Status":true,"Timestamp":"2022-10-16 16:00:00","volt":"183.171224194618"},"EnqueuedTimeUtc":"2022-10-16 16:00:00","Properties":{"messagetype":"Demo"},"SystemProperties":{"connectionAuthMethod":"{\"scope\":\"device\",\"type\":\"sas\",\"issuer\":\"iothub\",\"acceptingIpFilterRule\":null}","connectionDeviceGenerationId":"638052891151821842","connectionDeviceId":"IOTDevice_2_1","contentEncoding":"utf-8","contentType":"application/json","enqueuedTime":"2022-10-16 16:00:00"}}
{"Body":{"Status":true,"Timestamp":"2022-10-16 16:00:00","rotate":"383.924040757286"},"EnqueuedTimeUtc":"2022-10-16 16:00:00","Properties":{"messagetype":"Demo"},"SystemProperties":{"connectionAuthMethod":"{\"scope\":\"device\",\"type\":\"sas\",\"issuer\":\"iothub\",\"acceptingIpFilterRule\":null}","connectionDeviceGenerationId":"638052891151821842","connectionDeviceId":"IOTDevice_2_2","contentEncoding":"utf-8","contentType":"application/json","enqueuedTime":"2022-10-16 16:00:00"}}
{"Body":{"Status":true,"Timestamp":"2022-10-16 16:00:00","pressure":"104.135306234301"},"EnqueuedTimeUtc":"2022-10-16 16:00:00","Properties":{"messagetype":"Demo"},"SystemProperties":{"connectionAuthMethod":"{\"scope\":\"device\",\"type\":\"sas\",\"issuer\":\"iothub\",\"acceptingIpFilterRule\":null}","connectionDeviceGenerationId":"638052891151821842","connectionDeviceId":"IOTDevice_2_3","contentEncoding":"utf-8","contentType":"application/json","enqueuedTime":"2022-10-16 16:00:00"}}
{"Body":{"Status":true,"Timestamp":"2022-10-16 16:00:00","vibration":"42.1973369447682"},"EnqueuedTimeUtc":"2022-10-16 16:00:00","Properties":{"messagetype":"Demo"},"SystemProperties":{"connectionAuthMethod":"{\"scope\":\"device\",\"type\":\"sas\",\"issuer\":\"iothub\",\"acceptingIpFilterRule\":null}","connectionDeviceGenerationId":"638052891151821842","connectionDeviceId":"IOTDevice_2_4","contentEncoding":"utf-8","contentType":"application/json","enqueuedTime":"2022-10-16 16:00:00"}}
{"Body":{"Status":true,"Timestamp":"2022-10-16 17:00:00","volt":"184.871299324738"},"EnqueuedTimeUtc":"2022-10-16 17:00:00","Properties":{"messagetype":"Demo"},"SystemProperties":{"connectionAuthMethod":"{\"scope\":\"device\",\"type\":\"sas\",\"issuer\":\"iothub\",\"acceptingIpFilterRule\":null}","connectionDeviceGenerationId":"638052891151821842","connectionDeviceId":"IOTDevice_2_1","contentEncoding":"utf-8","contentType":"application/json","enqueuedTime":"2022-10-16 17:00:00"}}
{"Body":{"Status":true,"Timestamp":"2022-10-16 17:00:00","rotate":"505.476419651098"},"EnqueuedTimeUtc":"2022-10-16 17:00:00","Properties":{"messagetype":"Demo"},"SystemProperties":{"connectionAuthMethod":"{\"scope\":\"device\",\"type\":\"sas\",\"issuer\":\"iothub\",\"acceptingIpFilterRule\":null}","connectionDeviceGenerationId":"638052891151821842","connectionDeviceId":"IOTDevice_2_2","contentEncoding":"utf-8","contentType":"application/json","enqueuedTime":"2022-10-16 17:00:00"}}
{"Body":{"Status":true,"Timestamp":"2022-10-16 17:00:00","pressure":"93.9017993640903"},"EnqueuedTimeUtc":"2022-10-16 17:00:00","Properties":{"messagetype":"Demo"},"SystemProperties":{"connectionAuthMethod":"{\"scope\":\"device\",\"type\":\"sas\",\"issuer\":\"iothub\",\"acceptingIpFilterRule\":null}","connectionDeviceGenerationId":"638052891151821842","connectionDeviceId":"IOTDevice_2_3","contentEncoding":"utf-8","contentType":"application/json","enqueuedTime":"2022-10-16 17:00:00"}}
{"Body":{"Status":true,"Timestamp":"2022-10-16 17:00:00","vibration":"42.6806995870801"},"EnqueuedTimeUtc":"2022-10-16 17:00:00","Properties":{"messagetype":"Demo"},"SystemProperties":{"connectionAuthMethod":"{\"scope\":\"device\",\"type\":\"sas\",\"issuer\":\"iothub\",\"acceptingIpFilterRule\":null}","connectionDeviceGenerationId":"638052891151821842","connectionDeviceId":"IOTDevice_2_4","contentEncoding":"utf-8","contentType":"application/json","enqueuedTime":"2022-10-16 17:00:00"}}
{"Body":{"Status":true,"Timestamp":"2022-10-16 18:00:00","volt":"184.869854394004"},"EnqueuedTimeUtc":"2022-10-16 18:00:00","Properties":{"messagetype":"Demo"},"SystemProperties":{"connectionAuthMethod":"{\"scope\":\"device\",\"type\":\"sas\",\"issuer\":\"iothub\",\"acceptingIpFilterRule\":null}","connectionDeviceGenerationId":"638052891151821842","connectionDeviceId":"IOTDevice_2_1","contentEncoding":"utf-8","contentType":"application/json","enqueuedTime":"2022-10-16 18:00:00"}}
{"Body":{"Status":true,"Timestamp":"2022-10-16 18:00:00","rotate":"417.397635390368"},"EnqueuedTimeUtc":"2022-10-16 18:00:00","Properties":{"messagetype":"Demo"},"SystemProperties":{"connectionAuthMethod":"{\"scope\":\"device\",\"type\":\"sas\",\"issuer\":\"iothub\",\"acceptingIpFilterRule\":null}","connectionDeviceGenerationId":"638052891151821842","connectionDeviceId":"IOTDevice_2_2","contentEncoding":"utf-8","contentType":"application/json","enqueuedTime":"2022-10-16 18:00:00"}}
{"Body":{"Status":true,"Timestamp":"2022-10-16 18:00:00","pressure":"111.068164511726"},"EnqueuedTimeUtc":"2022-10-16 18:00:00","Properties":{"messagetype":"Demo"},"SystemProperties":{"connectionAuthMethod":"{\"scope\":\"device\",\"type\":\"sas\",\"issuer\":\"iothub\",\"acceptingIpFilterRule\":null}","connectionDeviceGenerationId":"638052891151821842","connectionDeviceId":"IOTDevice_2_3","contentEncoding":"utf-8","contentType":"application/json","enqueuedTime":"2022-10-16 18:00:00"}}
{"Body":{"Status":true,"Timestamp":"2022-10-16 18:00:00","vibration":"35.5093586887773"},"EnqueuedTimeUtc":"2022-10-16 18:00:00","Properties":{"messagetype":"Demo"},"SystemProperties":{"connectionAuthMethod":"{\"scope\":\"device\",\"type\":\"sas\",\"issuer\":\"iothub\",\"acceptingIpFilterRule\":null}","connectionDeviceGenerationId":"638052891151821842","connectionDeviceId":"IOTDevice_2_4","contentEncoding":"utf-8","contentType":"application/json","enqueuedTime":"2022-10-16 18:00:00"}}
{"Body":{"Status":true,"Timestamp":"2022-10-16 19:00:00","volt":"203.216400439812"},"EnqueuedTimeUtc":"2022-10-16 19:00:00","Properties":{"messagetype":"Demo"},"SystemProperties":{"connectionAuthMethod":"{\"scope\":\"device\",\"type\":\"sas\",\"issuer\":\"iothub\",\"acceptingIpFilterRule\":null}","connectionDeviceGenerationId":"638052891151821842","connectionDeviceId":"IOTDevice_2_1","contentEncoding":"utf-8","contentType":"application/json","enqueuedTime":"2022-10-16 19:00:00"}}
{"Body":{"Status":true,"Timestamp":"2022-10-16 19:00:00","rotate":"504.869614573422"},"EnqueuedTimeUtc":"2022-10-16 19:00:00","Properties":{"messagetype":"Demo"},"SystemProperties":{"connectionAuthMethod":"{\"scope\":\"device\",\"type\":\"sas\",\"issuer\":\"iothub\",\"acceptingIpFilterRule\":null}","connectionDeviceGenerationId":"638052891151821842","connectionDeviceId":"IOTDevice_2_2","contentEncoding":"utf-8","contentType":"application/json","enqueuedTime":"2022-10-16 19:00:00"}}
{"Body":{"Status":true,"Timestamp":"2022-10-16 19:00:00","pressure":"96.3119940402276"},"EnqueuedTimeUtc":"2022-10-16 19:00:00","Properties":{"messagetype":"Demo"},"SystemProperties":{"connectionAuthMethod":"{\"scope\":\"device\",\"type\":\"sas\",\"issuer\":\"iothub\",\"acceptingIpFilterRule\":null}","connectionDeviceGenerationId":"638052891151821842","connectionDeviceId":"IOTDevice_2_3","contentEncoding":"utf-8","contentType":"application/json","enqueuedTime":"2022-10-16 19:00:00"}}
{"Body":{"Status":true,"Timestamp":"2022-10-16 19:00:00","vibration":"36.7306481542559"},"EnqueuedTimeUtc":"2022-10-16 19:00:00","Properties":{"messagetype":"Demo"},"SystemProperties":{"connectionAuthMethod":"{\"scope\":\"device\",\"type\":\"sas\",\"issuer\":\"iothub\",\"acceptingIpFilterRule\":null}","connectionDeviceGenerationId":"638052891151821842","connectionDeviceId":"IOTDevice_2_4","contentEncoding":"utf-8","contentType":"application/json","enqueuedTime":"2022-10-16 19:00:00"}}
{"Body":{"Status":true,"Timestamp":"2022-10-16 20:00:00","volt":"166.984723027782"},"EnqueuedTimeUtc":"2022-10-16 20:00:00","Properties":{"messagetype":"Demo"},"SystemProperties":{"connectionAuthMethod":"{\"scope\":\"device\",\"type\":\"sas\",\"issuer\":\"iothub\",\"acceptingIpFilterRule\":null}","connectionDeviceGenerationId":"638052891151821842","connectionDeviceId":"IOTDevice_2_1","contentEncoding":"utf-8","contentType":"application/json","enqueuedTime":"2022-10-16 20:00:00"}}
{"Body":{"Status":true,"Timestamp":"2022-10-16 20:00:00","rotate":"421.771490213007"},"EnqueuedTimeUtc":"2022-10-16 20:00:00","Properties":{"messagetype":"Demo"},"SystemProperties":{"connectionAuthMethod":"{\"scope\":\"device\",\"type\":\"sas\",\"issuer\":\"iothub\",\"acceptingIpFilterRule\":null}","connectionDeviceGenerationId":"638052891151821842","connectionDeviceId":"IOTDevice_2_2","contentEncoding":"utf-8","contentType":"application/json","enqueuedTime":"2022-10-16 20:00:00"}}
{"Body":{"Status":true,"Timestamp":"2022-10-16 20:00:00","pressure":"85.5720305849455"},"EnqueuedTimeUtc":"2022-10-16 20:00:00","Properties":{"messagetype":"Demo"},"SystemProperties":{"connectionAuthMethod":"{\"scope\":\"device\",\"type\":\"sas\",\"issuer\":\"iothub\",\"acceptingIpFilterRule\":null}","connectionDeviceGenerationId":"638052891151821842","connectionDeviceId":"IOTDevice_2_3","contentEncoding":"utf-8","contentType":"application/json","enqueuedTime":"2022-10-16 20:00:00"}}
{"Body":{"Status":true,"Timestamp":"2022-10-16 20:00:00","vibration":"38.6286645292339"},"EnqueuedTimeUtc":"2022-10-16 20:00:00","Properties":{"messagetype":"Demo"},"SystemProperties":{"connectionAuthMethod":"{\"scope\":\"device\",\"type\":\"sas\",\"issuer\":\"iothub\",\"acceptingIpFilterRule\":null}","connectionDeviceGenerationId":"638052891151821842","connectionDeviceId":"IOTDevice_2_4","contentEncoding":"utf-8","contentType":"application/json","enqueuedTime":"2022-10-16 20:00:00"}}
