{"Body":{"Status":true,"Timestamp":"2022-10-16 09:00:00","volt":"196.914095204424"},"EnqueuedTimeUtc":"2022-10-16 09:00:00","Properties":{"messagetype":"Demo"},"SystemProperties":{"connectionAuthMethod":"{\"scope\":\"device\",\"type\":\"sas\",\"issuer\":\"iothub\",\"acceptingIpFilterRule\":null}","connectionDeviceGenerationId":"638052891151821842","connectionDeviceId":"IOTDevice_5_1","contentEncoding":"utf-8","contentType":"application/json","enqueuedTime":"2022-10-16 09:00:00"}}
{"Body":{"Status":true,"Timestamp":"2022-10-16 09:00:00","rotate":"501.232414139297"},"EnqueuedTimeUtc":"2022-10-16 09:00:00","Properties":{"messagetype":"Demo"},"SystemProperties":{"connectionAuthMethod":"{\"scope\":\"device\",\"type\":\"sas\",\"issuer\":\"iothub\",\"acceptingIpFilterRule\":null}","connectionDeviceGenerationId":"638052891151821842","connectionDeviceId":"IOTDevice_5_2","contentEncoding":"utf-8","contentType":"application/json","enqueuedTime":"2022-10-16 09:00:00"}}
{"Body":{"Status":true,"Timestamp":"2022-10-16 09:00:00","pressure":"96.1982910351943"},"EnqueuedTimeUtc":"2022-10-16 09:00:00","Properties":{"messagetype":"Demo"},"SystemProperties":{"connectionAuthMethod":"{\"scope\":\"device\",\"type\":\"sas\",\"issuer\":\"iothub\",\"acceptingIpFilterRule\":null}","connectionDeviceGenerationId":"638052891151821842","connectionDeviceId":"IOTDevice_5_3","contentEncoding":"utf-8","contentType":"application/json","enqueuedTime":"2022-10-16 09:00:00"}}
{"Body":{"Status":true,"Timestamp":"2022-10-16 09:00:00","vibration":"40.2750988659376"},"EnqueuedTimeUtc":"2022-10-16 09:00:00","Properties":{"messagetype":"Demo"},"SystemProperties":{"connectionAuthMethod":"{\"scope\":\"device\",\"type\":\"sas\",\"issuer\":\"iothub\",\"acceptingIpFilterRule\":null}","connectionDeviceGenerationId":"638052891151821842","connectionDeviceId":"IOTDevice_5_4","contentEncoding":"utf-8","contentType":"application/json","enqueuedTime":"2022-10-16 09:00:00"}}
{"Body":{"Status":true,"Timestamp":"2022-10-16 10:00:00","volt":"148.571477047824"},"EnqueuedTimeUtc":"2022-10-16 10:00:00","Properties":{"messagetype":"Demo"},"SystemProperties":{"connectionAuthMethod":"{\"scope\":\"device\",\"type\":\"sas\",\"issuer\":\"iothub\",\"acceptingIpFilterRule\":null}","connectionDeviceGenerationId":"638052891151821842","connectionDeviceId":"IOTDevice_5_1","contentEncoding":"utf-8","contentType":"application/json","enqueuedTime":"2022-10-16 10:00:00"}}
{"Body":{"Status":true,"Timestamp":"2022-10-16 10:00:00","rotate":"409.340491890856"},"EnqueuedTimeUtc":"2022-10-16 10:00:00","Properties":{"messagetype":"Demo"},"SystemProperties":{"connectionAuthMethod":"{\"scope\":\"device\",\"type\":\"sas\",\"issuer\":\"iothub\",\"acceptingIpFilterRule\":null}","connectionDeviceGenerationId":"638052891151821842","connectionDeviceId":"IOTDevice_5_2","contentEncoding":"utf-8","contentType":"application/json","enqueuedTime":"2022-10-16 10:00:00"}}
{"Body":{"Status":true,"Timestamp":"2022-10-16 10:00:00","pressure":"76.2017136053521"},"EnqueuedTimeUtc":"2022-10-16 10:00:00","Properties":{"messagetype":"Demo"},"SystemProperties":{"connectionAuthMethod":"{\"scope\":\"device\",\"type\":\"sas\",\"issuer\":\"iothub\",\"acceptingIpFilterRule\":null}","connectionDeviceGenerationId":"638052891151821842","connectionDeviceId":"IOTDevice_5_3","contentEncoding":"utf-8","contentType":"application/json","enqueuedTime":"2022-10-16 10:00:00"}}
{"Body":{"Status":true,"Timestamp":"2022-10-16 10:00:00","vibration":"46.2286865614791"},"EnqueuedTimeUtc":"2022-10-16 10:00:00","Properties":{"messagetype":"Demo"},"SystemProperties":{"connectionAuthMethod":"{\"scope\":\"device\",\"type\":\"sas\",\"issuer\":\"iothub\",\"acceptingIpFilterRule\":null}","connectionDeviceGenerationId":"638052891151821842","connectionDeviceId":"IOTDevice_5_4","contentEncoding":"utf-8","contentType":"application/json","enqueuedTime":"2022-10-16 10:00:00"}}
{"Body":{"Status":true,"Timestamp":"2022-10-16 11:00:00","volt":"164.829529202247"},"EnqueuedTimeUtc":"2022-10-16 11:00:00","Properties":{"messagetype":"Demo"},"SystemProperties":{"connectionAuthMethod":"{\"scope\":\"device\",\"type\":\"sas\",\"issuer\":\"iothub\",\"acceptingIpFilterRule\":null}","connectionDeviceGenerationId":"638052891151821842","connectionDeviceId":"IOTDevice_5_1","contentEncoding":"utf-8","contentType":"application/json","enqueuedTime":"2022-10-16 11:00:00"}}
{"Body":{"Status":true,"Timestamp":"2022-10-16 11:00:00","rotate":"514.42964609065"},"EnqueuedTimeUtc":"2022-10-16 11:00:00","Properties":{"messagetype":"Demo"},"SystemProperties":{"connectionAuthMethod":"{\"scope\":\"device\",\"type\":\"sas\",\"issuer\":\"iothub\",\"acceptingIpFilterRule\":null}","connectionDeviceGenerationId":"638052891151821842","connectionDeviceId":"IOTDevice_5_2","contentEncoding":"utf-8","contentType":"application/json","enqueuedTime":"2022-10-16 11:00:00"}}
{"Body":{"Status":true,"Timestamp":"2022-10-16 11:00:00","pressure":"119.631006576629"},"EnqueuedTimeUtc":"2022-10-16 11:00:00","Properties":{"messagetype":"Demo"},"SystemProperties":{"connectionAuthMethod":"{\"scope\":\"device\",\"type\":\"sas\",\"issuer\":\"iothub\",\"acceptingIpFilterRule\":null}","connectionDeviceGenerationId":"638052891151821842","connectionDeviceId":"IOTDevice_5_3","contentEncoding":"utf-8","contentType":"application/json","enqueuedTime":"2022-10-16 11:00:00"}}
{"Body":{"Status":true,"Timestamp":"2022-10-16 11:00:00","vibration":"42.6184112514595"},"EnqueuedTimeUtc":"2022-10-16 11:00:00","Properties":{"messagetype":"Demo"},"SystemProperties":{"connectionAuthMethod":"{\"scope\":\"device\",\"type\":\"sas\",\"issuer\":\"iothub\",\"acceptingIpFilterRule\":null}","connectionDeviceGenerationId":"638052891151821842","connectionDeviceId":"IOTDevice_5_4","contentEncoding":"utf-8","contentType":"application/json","enqueuedTime":"2022-10-16 11:00:00"}}
{"Body":{"Status":true,"Timestamp":"2022-10-16 12:00:00","volt":"181.961846116238"},"EnqueuedTimeUtc":"2022-10-16 12:00:00","Properties":{"messagetype":"Demo"},"SystemProperties":{"connectionAuthMethod":"{\"scope\":\"device\",\"type\":\"sas\",\"issuer\":\"iothub\",\"acceptingIpFilterRule\":null}","connectionDeviceGenerationId":"638052891151821842","connectionDeviceId":"IOTDevice_5_1","contentEncoding":"utf-8","contentType":"application/json","enqueuedTime":"2022-10-16 12:00:00"}}
{"Body":{"Status":true,"Timestamp":"2022-10-16 12:00:00","rotate":"481.047656510566"},"EnqueuedTimeUtc":"2022-10-16 12:00:00","Properties":{"messagetype":"Demo"},"SystemProperties":{"connectionAuthMethod":"{\"scope\":\"device\",\"type\":\"sas\",\"issuer\":\"iothub\",\"acceptingIpFilterRule\":null}","connectionDeviceGenerationId":"638052891151821842","connectionDeviceId":"IOTDevice_5_2","contentEncoding":"utf-8","contentType":"application/json","enqueuedTime":"2022-10-16 12:00:00"}}
{"Body":{"Status":true,"Timestamp":"2022-10-16 12:00:00","pressure":"88.2731942501012"},"EnqueuedTimeUtc":"2022-10-16 12:00:00","Properties":{"messagetype":"Demo"},"SystemProperties":{"connectionAuthMethod":"{\"scope\":\"device\",\"type\":\"sas\",\"issuer\":\"iothub\",\"acceptingIpFilterRule\":null}","connectionDeviceGenerationId":"638052891151821842","connectionDeviceId":"IOTDevice_5_3","contentEncoding":"utf-8","contentType":"application/json","enqueuedTime":"2022-10-16 12:00:00"}}
{"Body":{"Status":true,"Timestamp":"2022-10-16 12:00:00","vibration":"37.7174885561386"},"EnqueuedTimeUtc":"2022-10-16 12:00:00","Properties":{"messagetype":"Demo"},"SystemProperties":{"connectionAuthMethod":"{\"scope\":\"device\",\"type\":\"sas\",\"issuer\":\"iothub\",\"acceptingIpFilterRule\":null}","connectionDeviceGenerationId":"638052891151821842","connectionDeviceId":"IOTDevice_5_4","contentEncoding":"utf-8","contentType":"application/json","enqueuedTime":"2022-10-16 12:00:00"}}
{"Body":{"Status":true,"Timestamp":"2022-10-16 13:00:00","volt":"157.079779109353"},"EnqueuedTimeUtc":"2022-10-16 13:00:00","Properties":{"messagetype":"Demo"},"SystemProperties":{"connectionAuthMethod":"{\"scope\":\"device\",\"type\":\"sas\",\"issuer\":\"iothub\",\"acceptingIpFilterRule\":null}","connectionDeviceGenerationId":"638052891151821842","connectionDeviceId":"IOTDevice_5_1","contentEncoding":"utf-8","contentType":"application/json","enqueuedTime":"2022-10-16 13:00:00"}}
{"Body":{"Status":true,"Timestamp":"2022-10-16 13:00:00","rotate":"487.940376888225"},"EnqueuedTimeUtc":"2022-10-16 13:00:00","Properties":{"messagetype":"Demo"},"SystemProperties":{"connectionAuthMethod":"{\"scope\":\"device\",\"type\":\"sas\",\"issuer\":\"iothub\",\"acceptingIpFilterRule\":null}","connectionDeviceGenerationId":"638052891151821842","connectionDeviceId":"IOTDevice_5_2","contentEncoding":"utf-8","contentType":"application/json","enqueuedTime":"2022-10-16 13:00:00"}}
{"Body":{"Status":true,"Timestamp":"2022-10-16 13:00:00","pressure":"110.8293978235"},"EnqueuedTimeUtc":"2022-10-16 13:00:00","Properties":{"messagetype":"Demo"},"SystemProperties":{"connectionAuthMethod":"{\"scope\":\"device\",\"type\":\"sas\",\"issuer\":\"iothub\",\"acceptingIpFilterRule\":null}","connectionDeviceGenerationId":"638052891151821842","connectionDeviceId":"IOTDevice_5_3","contentEncoding":"utf-8","contentType":"application/json","enqueuedTime":"2022-10-16 13:00:00"}}
{"Body":{"Status":true,"Timestamp":"2022-10-16 13:00:00","vibration":"35.0177645245869"},"EnqueuedTimeUtc":"2022-10-16 13:00:00","Properties":{"messagetype":"Demo"},"SystemProperties":{"connectionAuthMethod":"{\"scope\":\"device\",\"type\":\"sas\",\"issuer\":\"iothub\",\"acceptingIpFilterRule\":null}","connectionDeviceGenerationId":"638052891151821842","connectionDeviceId":"IOTDevice_5_4","contentEncoding":"utf-8","contentType":"application/json","enqueuedTime":"2022-10-16 13:00:00"}}
{"Body":{"Status":true,"Timestamp":"2022-10-16 14:00:00","volt":"164.75783745544"},"EnqueuedTimeUtc":"2022-10-16 14:00:00","Properties":{"messagetype":"Demo"},"SystemProperties":{"connectionAuthMethod":"{\"scope\":\"device\",\"type\":\"sas\",\"issuer\":\"iothub\",\"acceptingIpFilterRule\":null}","connectionDeviceGenerationId":"638052891151821842","connectionDeviceId":"IOTDevice_5_1","contentEncoding":"utf-8","contentType":"application/json","enqueuedTime":"2022-10-16 14:00:00"}}
{"Body":{"Status":true,"Timestamp":"2022-10-16 14:00:00","rotate":"436.151168295694"},"EnqueuedTimeUtc":"2022-10-16 14:00:00","Properties":{"messagetype":"Demo"},"SystemProperties":{"connectionAuthMethod":"{\"scope\":\"device\",\"type\":\"sas\",\"issuer\":\"iothub\",\"acceptingIpFilterRule\":null}","connectionDeviceGenerationId":"638052891151821842","connectionDeviceId":"IOTDevice_5_2","contentEncoding":"utf-8","contentType":"application/json","enqueuedTime":"2022-10-16 14:00:00"}}
{"Body":{"Status":true,"Timestamp":"2022-10-16 14:00:00","pressure":"87.6821626659376"},"EnqueuedTimeUtc":"2022-10-16 14:00:00","Properties":{"messagetype":"Demo"},"SystemProperties":{"connectionAuthMethod":"{\"scope\":\"device\",\"type\":\"sas\",\"issuer\":\"iothub\",\"acceptingIpFilterRule\":null}","connectionDeviceGenerationId":"638052891151821842","connectionDeviceId":"IOTDevice_5_3","contentEncoding":"utf-8","contentType":"application/json","enqueuedTime":"2022-10-16 14:00:00"}}
{"Body":{"Status":true,"Timestamp":"2022-10-16 14:00:00","vibration":"46.517924530781"},"EnqueuedTimeUtc":"2022-10-16 14:00:00","Properties":{"messagetype":"Demo"},"SystemProperties":{"connectionAuthMethod":"{\"scope\":\"device\",\"type\":\"sas\",\"issuer\":\"iothub\",\"acceptingIpFilterRule\":null}","connectionDeviceGenerationId":"638052891151821842","connectionDeviceId":"IOTDevice_5_4","contentEncoding":"utf-8","contentType":"application/json","enqueuedTime":"2022-10-16 14:00:00"}}
{"Body":{"Status":true,"Timestamp":"2022-10-16 15:00:00","volt":"161.852050719354"},"EnqueuedTimeUtc":"2022-10-16 15:00:00","Properties":{"messagetype":"Demo"},"SystemProperties":{"connectionAuthMethod":"{\"scope\":\"device\",\"type\":\"sas\",\"issuer\":\"iothub\",\"acceptingIpFilterRule\":null}","connectionDeviceGenerationId":"638052891151821842","connectionDeviceId":"IOTDevice_5_1","contentEncoding":"utf-8","contentType":"application/json","enqueuedTime":"2022-10-16 15:00:00"}}
{"Body":{"Status":true,"Timestamp":"2022-10-16 15:00:00","rotate":"436.022525132509"},"EnqueuedTimeUtc":"2022-10-16 15:00:00","Properties":{"messagetype":"Demo"},"SystemProperties":{"connectionAuthMethod":"{\"scope\":\"device\",\"type\":\"sas\",\"issuer\":\"iothub\",\"acceptingIpFilterRule\":null}","connectionDeviceGenerationId":"638052891151821842","connectionDeviceId":"IOTDevice_5_2","contentEncoding":"utf-8","contentType":"application/json","enqueuedTime":"2022-10-16 15:00:00"}}
{"Body":{"Status":true,"Timestamp":"2022-10-16 15:00:00","pressure":"87.6006346516343"},"EnqueuedTimeUtc":"2022-10-16 15:00:00","Properties":{"messagetype":"Demo"},"SystemProperties":{"connectionAuthMethod":"{\"scope\":\"device\",\"type\":\"sas\",\"issuer\":\"iothub\",\"acceptingIpFilterRule\":null}","connectionDeviceGenerationId":"638052891151821842","connectionDeviceId":"IOTDevice_5_3","contentEncoding":"utf-8","contentType":"application/json","enqueuedTime":"2022-10-16 15:00:00"}}
{"Body":{"Status":true,"Timestamp":"2022-10-16 15:00:00","vibration":"39.2338713091262"},"EnqueuedTimeUtc":"2022-10-16 15:00:00","Properties":{"messagetype":"Demo"},"SystemProperties":{"connectionAuthMethod":"{\"scope\":\"device\",\"type\":\"sas\",\"issuer\":\"iothub\",\"acceptingIpFilterRule\":null}","connectionDeviceGenerationId":"638052891151821842","connectionDeviceId":"IOTDevice_5_4","contentEncoding":"utf-8","contentType":"application/json","enqueuedTime":"2022-10-16 15:00:00"}}
{"Body":{"Status":true,"Timestamp":"2022-10-16 16:00:00","volt":"186.925838982113"},"EnqueuedTimeUtc":"2022-10-16 16:00:00","Properties":{"messagetype":"Demo"},"SystemProperties":{"connectionAuthMethod":"{\"scope\":\"device\",\"type\":\"sas\",\"issuer\":\"iothub\",\"acceptingIpFilterRule\":null}","connectionDeviceGenerationId":"638052891151821842","connectionDeviceId":"IOTDevice_5_1","contentEncoding":"utf-8","contentType":"application/json","enqueuedTime":"2022-10-16 16:00:00"}}
{"Body":{"Status":true,"Timestamp":"2022-10-16 16:00:00","rotate":"409.13896040291"},"EnqueuedTimeUtc":"2022-10-16 16:00:00","Properties":{"messagetype":"Demo"},"SystemProperties":{"connectionAuthMethod":"{\"scope\":\"device\",\"type\":\"sas\",\"issuer\":\"iothub\",\"acceptingIpFilterRule\":null}","connectionDeviceGenerationId":"638052891151821842","connectionDeviceId":"IOTDevice_5_2","contentEncoding":"utf-8","contentType":"application/json","enqueuedTime":"2022-10-16 16:00:00"}}
{"Body":{"Status":true,"Timestamp":"2022-10-16 16:00:00","pressure":"109.995041016305"},"EnqueuedTimeUtc":"2022-10-16 16:00:00","Properties":{"messagetype":"Demo"},"SystemProperties":{"connectionAuthMethod":"{\"scope\":\"device\",\"type\":\"sas\",\"issuer\":\"iothub\",\"acceptingIpFilterRule\":null}","connectionDeviceGenerationId":"638052891151821842","connectionDeviceId":"IOTDevice_5_3","contentEncoding":"utf-8","contentType":"application/json","enqueuedTime":"2022-10-16 16:00:00"}}
{"Body":{"Status":true,"Timestamp":"2022-10-16 16:00:00","vibration":"50.9626313476845"},"EnqueuedTimeUtc":"2022-10-16 16:00:00","Properties":{"messagetype":"Demo"},"SystemProperties":{"connectionAuthMethod":"{\"scope\":\"device\",\"type\":\"sas\",\"issuer\":\"iothub\",\"acceptingIpFilterRule\":null}","connectionDeviceGenerationId":"638052891151821842","connectionDeviceId":"IOTDevice_5_4","contentEncoding":"utf-8","contentType":"application/json","enqueuedTime":"2022-10-16 16:00:00"}}
{"Body":{"Status":true,"Timestamp":"2022-10-16 17:00:00","volt":"158.963970142121"},"EnqueuedTimeUtc":"2022-10-16 17:00:00","Properties":{"messagetype":"Demo"},"SystemProperties":{"connectionAuthMethod":"{\"scope\":\"device\",\"type\":\"sas\",\"issuer\":\"iothub\",\"acceptingIpFilterRule\":null}","connectionDeviceGenerationId":"638052891151821842","connectionDeviceId":"IOTDevice_5_1","contentEncoding":"utf-8","contentType":"application/json","enqueuedTime":"2022-10-16 17:00:00"}}
{"Body":{"Status":true,"Timestamp":"2022-10-16 17:00:00","rotate":"453.204942442378"},"EnqueuedTimeUtc":"2022-10-16 17:00:00","Properties":{"messagetype":"Demo"},"SystemProperties":{"connectionAuthMethod":"{\"scope\":\"device\",\"type\":\"sas\",\"issuer\":\"iothub\",\"acceptingIpFilterRule\":null}","connectionDeviceGenerationId":"638052891151821842","connectionDeviceId":"IOTDevice_5_2","contentEncoding":"utf-8","contentType":"application/json","enqueuedTime":"2022-10-16 17:00:00"}}
{"Body":{"Status":true,"Timestamp":"2022-10-16 17:00:00","pressure":"91.1950035337895"},"EnqueuedTimeUtc":"2022-10-16 17:00:00","Properties":{"messagetype":"Demo"},"SystemProperties":{"connectionAuthMethod":"{\"scope\":\"device\",\"type\":\"sas\",\"issuer\":\"iothub\",\"acceptingIpFilterRule\":null}","connectionDeviceGenerationId":"638052891151821842","connectionDeviceId":"IOTDevice_5_3","contentEncoding":"utf-8","contentType":"application/json","enqueuedTime":"2022-10-16 17:00:00"}}
{"Body":{"Status":true,"Timestamp":"2022-10-16 17:00:00","vibration":"36.7489803846751"},"EnqueuedTimeUtc":"2022-10-16 17:00:00","Properties":{"messagetype":"Demo"},"SystemProperties":{"connectionAuthMethod":"{\"scope\":\"device\",\"type\":\"sas\",\"issuer\":\"iothub\",\"acceptingIpFilterRule\":null}","connectionDeviceGenerationId":"638052891151821842","connectionDeviceId":"IOTDevice_5_4","contentEncoding":"utf-8","contentType":"application/json","enqueuedTime":"2022-10-16 17:00:00"}}
{"Body":{"Status":true,"Timestamp":"2022-10-16 18:00:00","volt":"153.234192307872"},"EnqueuedTimeUtc":"2022-10-16 18:00:00","Properties":{"messagetype":"Demo"},"SystemProperties":{"connectionAuthMethod":"{\"scope\":\"device\",\"type\":\"sas\",\"issuer\":\"iothub\",\"acceptingIpFilterRule\":null}","connectionDeviceGenerationId":"638052891151821842","connectionDeviceId":"IOTDevice_5_1","contentEncoding":"utf-8","contentType":"application/json","enqueuedTime":"2022-10-16 18:00:00"}}
{"Body":{"Status":true,"Timestamp":"2022-10-16 18:00:00","rotate":"423.369895230013"},"EnqueuedTimeUtc":"2022-10-16 18:00:00","Properties":{"messagetype":"Demo"},"SystemProperties":{"connectionAuthMethod":"{\"scope\":\"device\",\"type\":\"sas\",\"issuer\":\"iothub\",\"acceptingIpFilterRule\":null}","connectionDeviceGenerationId":"638052891151821842","connectionDeviceId":"IOTDevice_5_2","contentEncoding":"utf-8","contentType":"application/json","enqueuedTime":"2022-10-16 18:00:00"}}
{"Body":{"Status":true,"Timestamp":"2022-10-16 18:00:00","pressure":"95.356467547593"},"EnqueuedTimeUtc":"2022-10-16 18:00:00","Properties":{"messagetype":"Demo"},"SystemProperties":{"connectionAuthMethod":"{\"scope\":\"device\",\"type\":\"sas\",\"issuer\":\"iothub\",\"acceptingIpFilterRule\":null}","connectionDeviceGenerationId":"638052891151821842","connectionDeviceId":"IOTDevice_5_3","contentEncoding":"utf-8","contentType":"application/json","enqueuedTime":"2022-10-16 18:00:00"}}
{"Body":{"Status":true,"Timestamp":"2022-10-16 18:00:00","vibration":"43.4826830806611"},"EnqueuedTimeUtc":"2022-10-16 18:00:00","Properties":{"messagetype":"Demo"},"SystemProperties":{"connectionAuthMethod":"{\"scope\":\"device\",\"type\":\"sas\",\"issuer\":\"iothub\",\"acceptingIpFilterRule\":null}","connectionDeviceGenerationId":"638052891151821842","connectionDeviceId":"IOTDevice_5_4","contentEncoding":"utf-8","contentType":"application/json","enqueuedTime":"2022-10-16 18:00:00"}}
{"Body":{"Status":true,"Timestamp":"2022-10-16 19:00:00","volt":"189.545695344953"},"EnqueuedTimeUtc":"2022-10-16 19:00:00","Properties":{"messagetype":"Demo"},"SystemProperties":{"connectionAuthMethod":"{\"scope\":\"device\",\"type\":\"sas\",\"issuer\":\"iothub\",\"acceptingIpFilterRule\":null}","connectionDeviceGenerationId":"638052891151821842","connectionDeviceId":"IOTDevice_5_1","contentEncoding":"utf-8","contentType":"application/json","enqueuedTime":"2022-10-16 19:00:00"}}
{"Body":{"Status":true,"Timestamp":"2022-10-16 19:00:00","rotate":"482.690602119718"},"EnqueuedTimeUtc":"2022-10-16 19:00:00","Properties":{"messagetype":"Demo"},"SystemProperties":{"connectionAuthMethod":"{\"scope\":\"device\",\"type\":\"sas\",\"issuer\":\"iothub\",\"acceptingIpFilterRule\":null}","connectionDeviceGenerationId":"638052891151821842","connectionDeviceId":"IOTDevice_5_2","contentEncoding":"utf-8","contentType":"application/json","enqueuedTime":"2022-10-16 19:00:00"}}
{"Body":{"Status":true,"Timestamp":"2022-10-16 19:00:00","pressure":"103.029424380605"},"EnqueuedTimeUtc":"2022-10-16 19:00:00","Properties":{"messagetype":"Demo"},"SystemProperties":{"connectionAuthMethod":"{\"scope\":\"device\",\"type\":\"sas\",\"issuer\":\"iothub\",\"acceptingIpFilterRule\":null}","connectionDeviceGenerationId":"638052891151821842","connectionDeviceId":"IOTDevice_5_3","contentEncoding":"utf-8","contentType":"application/json","enqueuedTime":"2022-10-16 19:00:00"}}
{"Body":{"Status":true,"Timestamp":"2022-10-16 19:00:00","vibration":"39.6884404174774"},"EnqueuedTimeUtc":"2022-10-16 19:00:00","Properties":{"messagetype":"Demo"},"SystemProperties":{"connectionAuthMethod":"{\"scope\":\"device\",\"type\":\"sas\",\"issuer\":\"iothub\",\"acceptingIpFilterRule\":null}","connectionDeviceGenerationId":"638052891151821842","connectionDeviceId":"IOTDevice_5_4","contentEncoding":"utf-8","contentType":"application/json","enqueuedTime":"2022-10-16 19:00:00"}}
{"Body":{"Status":true,"Timestamp":"2022-10-16 20:00:00","volt":"153.00319160754"},"EnqueuedTimeUtc":"2022-10-16 20:00:00","Properties":{"messagetype":"Demo"},"SystemProperties":{"connectionAuthMethod":"{\"scope\":\"device\",\"type\":\"sas\",\"issuer\":\"iothub\",\"acceptingIpFilterRule\":null}","connectionDeviceGenerationId":"638052891151821842","connectionDeviceId":"IOTDevice_5_1","contentEncoding":"utf-8","contentType":"application/json","enqueuedTime":"2022-10-16 20:00:00"}}
{"Body":{"Status":true,"Timestamp":"2022-10-16 20:00:00","rotate":"393.975839268776"},"EnqueuedTimeUtc":"2022-10-16 20:00:00","Properties":{"messagetype":"Demo"},"SystemProperties":{"connectionAuthMethod":"{\"scope\":\"device\",\"type\":\"sas\",\"issuer\":\"iothub\",\"acceptingIpFilterRule\":null}","connectionDeviceGenerationId":"638052891151821842","connectionDeviceId":"IOTDevice_5_2","contentEncoding":"utf-8","contentType":"application/json","enqueuedTime":"2022-10-16 20:00:00"}}
{"Body":{"Status":true,"Timestamp":"2022-10-16 20:00:00","pressure":"105.93015887229"},"EnqueuedTimeUtc":"2022-10-16 20:00:00","Properties":{"messagetype":"Demo"},"SystemProperties":{"connectionAuthMethod":"{\"scope\":\"device\",\"type\":\"sas\",\"issuer\":\"iothub\",\"acceptingIpFilterRule\":null}","connectionDeviceGenerationId":"638052891151821842","connectionDeviceId":"IOTDevice_5_3","contentEncoding":"utf-8","contentType":"application/json","enqueuedTime":"2022-10-16 20:00:00"}}
{"Body":{"Status":true,"Timestamp":"2022-10-16 20:00:00","vibration":"35.1138167298101"},"EnqueuedTimeUtc":"2022-10-16 20:00:00","Properties":{"messagetype":"Demo"},"SystemProperties":{"connectionAuthMethod":"{\"scope\":\"device\",\"type\":\"sas\",\"issuer\":\"iothub\",\"acceptingIpFilterRule\":null}","connectionDeviceGenerationId":"638052891151821842","connectionDeviceId":"IOTDevice_5_4","contentEncoding":"utf-8","contentType":"application/json","enqueuedTime":"2022-10-16 20:00:00"}}
{"Body":{"Status":true,"Timestamp":"2022-10-16 21:00:00","volt":"170.856768359022"},"EnqueuedTimeUtc":"2022-10-16 21:00:00","Properties":{"messagetype":"Demo"},"SystemProperties":{"connectionAuthMethod":"{\"scope\":\"device\",\"type\":\"sas\",\"issuer\":\"iothub\",\"acceptingIpFilterRule\":null}","connectionDeviceGenerationId":"638052891151821842","connectionDeviceId":"IOTDevice_5_1","contentEncoding":"utf-8","contentType":"application/json","enqueuedTime":"2022-10-16 21:00:00"}}
{"Body":{"Status":true,"Timestamp":"2022-10-16 21:00:00","rotate":"401.469661749147"},"EnqueuedTimeUtc":"2022-10-16 21:00:00","Properties":{"messagetype":"Demo"},"SystemProperties":{"connectionAuthMethod":"{\"scope\":\"device\",\"type\":\"sas\",\"issuer\":\"iothub\",\"acceptingIpFilterRule\":null}","connectionDeviceGenerationId":"638052891151821842","connectionDeviceId":"IOTDevice_5_2","contentEncoding":"utf-8","contentType":"application/json","enqueuedTime":"2022-10-16 21:00:00"}}
{"Body":{"Status":true,"Timestamp":"2022-10-16 21:00:00","pressure":"128.121130222079"},"EnqueuedTimeUtc":"2022-10-16 21:00:00","Properties":{"messagetype":"Demo"},"SystemProperties":{"connectionAuthMethod":"{\"scope\":\"device\",\"type\":\"sas\",\"issuer\":\"iothub\",\"acceptingIpFilterRule\":null}","connectionDeviceGenerationId":"638052891151821842","connectionDeviceId":"IOTDevice_5_3","contentEncoding":"utf-8","contentType":"application/json","enqueuedTime":"2022-10-16 21:00:00"}}
{"Body":{"Status":true,"Timestamp":"2022-10-16 21:00:00","vibration":"43.1694365289169"},"EnqueuedTimeUtc":"2022-10-16 21:00:00","Properties":{"messagetype":"Demo"},"SystemProperties":{"connectionAuthMethod":"{\"scope\":\"device\",\"type\":\"sas\",\"issuer\":\"iothub\",\"acceptingIpFilterRule\":null}","connectionDeviceGenerationId":"638052891151821842","connectionDeviceId":"IOTDevice_5_4","contentEncoding":"utf-8","contentType":"application/json","enqueuedTime":"2022-10-16 21:00:00"}}
{"Body":{"Status":true,"Timestamp":"2022-10-16 22:00:00","volt":"195.782989023973"},"EnqueuedTimeUtc":"2022-10-16 22:00:00","Properties":{"messagetype":"Demo"},"SystemProperties":{"connectionAuthMethod":"{\"scope\":\"device\",\"type\":\"sas\",\"issuer\":\"iothub\",\"acceptingIpFilterRule\":null}","connectionDeviceGenerationId":"638052891151821842","connectionDeviceId":"IOTDevice_5_1","contentEncoding":"utf-8","contentType":"application/json","enqueuedTime":"2022-10-16 22:00:00"}}
{"Body":{"Status":true,"Timestamp":"2022-10-16 22:00:00","rotate":"399.886980074287"},"EnqueuedTimeUtc":"2022-10-16 22:00:00","Properties":{"messagetype":"Demo"},"SystemProperties":{"connectionAuthMethod":"{\"scope\":\"device\",\"type\":\"sas\",\"issuer\":\"iothub\",\"acceptingIpFilterRule\":null}","connectionDeviceGenerationId":"638052891151821842","connectionDeviceId":"IOTDevice_5_2","contentEncoding":"utf-8","contentType":"application/json","enqueuedTime":"2022-10-16 22:00:00"}}
{"Body":{"Status":true,"Timestamp":"2022-10-16 22:00:00","pressure":"88.4338856382056"},"EnqueuedTimeUtc":"2022-10-16 22:00:00","Properties":{"messagetype":"Demo"},"SystemProperties":{"connectionAuthMethod":"{\"scope\":\"device\",\"type\":\"sas\",\"issuer\":\"iothub\",\"acceptingIpFilterRule\":null}","connectionDeviceGenerationId":"638052891151821842","connectionDeviceId":"IOTDevice_5_3","contentEncoding":"utf-8","contentType":"application/json","enqueuedTime":"2022-10-16 22:00:00"}}
{"Body":{"Status":true,"Timestamp":"2022-10-16 22:00:00","vibration":"43.8138410514656"},"EnqueuedTimeUtc":"2022-10-16 22:00:00","Properties":{"messagetype":"Demo"},"SystemProperties":{"connectionAuthMethod":"{\"scope\":\"device\",\"type\":\"sas\",\"issuer\":\"iothub\",\"acceptingIpFilterRule\":null}","connectionDeviceGenerationId":"638052891151821842","connectionDeviceId":"IOTDevice_5_4","contentEncoding":"utf-8","contentType":"application/json","enqueuedTime":"2022-10-16 22:00:00"}}
{"Body":{"Status":true,"Timestamp":"2022-10-16 23:00:00","volt":"182.344105718214"},"EnqueuedTimeUtc":"2022-10-16 23:00:00","Properties":{"messagetype":"Demo"},"SystemProperties":{"connectionAuthMethod":"{\"scope\":\"device\",\"type\":\"sas\",\"issuer\":\"iothub\",\"acceptingIpFilterRule\":null}","connectionDeviceGenerationId":"638052891151821842","connectionDeviceId":"IOTDevice_5_1","contentEncoding":"utf-8","contentType":"application/json","enqueuedTime":"2022-10-16 23:00:00"}}
{"Body":{"Status":true,"Timestamp":"2022-10-16 23:00:00","rotate":"429.686836956461"},"EnqueuedTimeUtc":"2022-10-16 23:00:00","Properties":{"messagetype":"Demo"},"SystemProperties":{"connectionAuthMethod":"{\"scope\":\"device\",\"type\":\"sas\",\"issuer\":\"iothub\",\"acceptingIpFilterRule\":null}","connectionDeviceGenerationId":"638052891151821842","connectionDeviceId":"IOTDevice_5_2","contentEncoding":"utf-8","contentType":"application/json","enqueuedTime":"2022-10-16 23:00:00"}}
{"Body":{"Status":true,"Timestamp":"2022-10-16 23:00:00","pressure":"97.6018501862441"},"EnqueuedTimeUtc":"2022-10-16 23:00:00","Properties":{"messagetype":"Demo"},"SystemProperties":{"connectionAuthMethod":"{\"scope\":\"device\",\"type\":\"sas\",\"issuer\":\"iothub\",\"acceptingIpFilterRule\":null}","connectionDeviceGenerationId":"638052891151821842","connectionDeviceId":"IOTDevice_5_3","contentEncoding":"utf-8","contentType":"application/json","enqueuedTime":"2022-10-16 23:00:00"}}
{"Body":{"Status":true,"Timestamp":"2022-10-16 23:00:00","vibration":"36.561101445583"},"EnqueuedTimeUtc":"2022-10-16 23:00:00","Properties":{"messagetype":"Demo"},"SystemProperties":{"connectionAuthMethod":"{\"scope\":\"device\",\"type\":\"sas\",\"issuer\":\"iothub\",\"acceptingIpFilterRule\":null}","connectionDeviceGenerationId":"638052891151821842","connectionDeviceId":"IOTDevice_5_4","contentEncoding":"utf-8","contentType":"application/json","enqueuedTime":"2022-10-16 23:00:00"}}
