{"Body":{"Status":true,"Timestamp":"2022-10-03 15:00:00","volt":"166.464124135185"},"EnqueuedTimeUtc":"2022-10-03 15:00:00","Properties":{"messagetype":"Demo"},"SystemProperties":{"connectionAuthMethod":"{\"scope\":\"device\",\"type\":\"sas\",\"issuer\":\"iothub\",\"acceptingIpFilterRule\":null}","connectionDeviceGenerationId":"638052891151821842","connectionDeviceId":"IOTDevice_1_1","contentEncoding":"utf-8","contentType":"application/json","enqueuedTime":"2022-10-03 15:00:00"}}
{"Body":{"Status":true,"Timestamp":"2022-10-03 15:00:00","rotate":"388.588956286472"},"EnqueuedTimeUtc":"2022-10-03 15:00:00","Properties":{"messagetype":"Demo"},"SystemProperties":{"connectionAuthMethod":"{\"scope\":\"device\",\"type\":\"sas\",\"issuer\":\"iothub\",\"acceptingIpFilterRule\":null}","connectionDeviceGenerationId":"638052891151821842","connectionDeviceId":"IOTDevice_1_2","contentEncoding":"utf-8","contentType":"application/json","enqueuedTime":"2022-10-03 15:00:00"}}
{"Body":{"Status":true,"Timestamp":"2022-10-03 15:00:00","pressure":"88.3450873755071"},"EnqueuedTimeUtc":"2022-10-03 15:00:00","Properties":{"messagetype":"Demo"},"SystemProperties":{"connectionAuthMethod":"{\"scope\":\"device\",\"type\":\"sas\",\"issuer\":\"iothub\",\"acceptingIpFilterRule\":null}","connectionDeviceGenerationId":"638052891151821842","connectionDeviceId":"IOTDevice_1_3","contentEncoding":"utf-8","contentType":"application/json","enqueuedTime":"2022-10-03 15:00:00"}}
{"Body":{"Status":true,"Timestamp":"2022-10-03 15:00:00","vibration":"42.9187763853902"},"EnqueuedTimeUtc":"2022-10-03 15:00:00","Properties":{"messagetype":"Demo"},"SystemProperties":{"connectionAuthMethod":"{\"scope\":\"device\",\"type\":\"sas\",\"issuer\":\"iothub\",\"acceptingIpFilterRule\":null}","connectionDeviceGenerationId":"638052891151821842","connectionDeviceId":"IOTDevice_1_4","contentEncoding":"utf-8","contentType":"application/json","enqueuedTime":"2022-10-03 15:00:00"}}
{"Body":{"Status":true,"Timestamp":"2022-10-03 16:00:00","volt":"177.248104436"},"EnqueuedTimeUtc":"2022-10-03 16:00:00","Properties":{"messagetype":"Demo"},"SystemProperties":{"connectionAuthMethod":"{\"scope\":\"device\",\"type\":\"sas\",\"issuer\":\"iothub\",\"acceptingIpFilterRule\":null}","connectionDeviceGenerationId":"638052891151821842","connectionDeviceId":"IOTDevice_1_1","contentEncoding":"utf-8","contentType":"application/json","enqueuedTime":"2022-10-03 16:00:00"}}
{"Body":{"Status":true,"Timestamp":"2022-10-03 16:00:00","rotate":"406.426212283211"},"EnqueuedTimeUtc":"2022-10-03 16:00:00","Properties":{"messagetype":"Demo"},"SystemProperties":{"connectionAuthMethod":"{\"scope\":\"device\",\"type\":\"sas\",\"issuer\":\"iothub\",\"acceptingIpFilterRule\":null}","connectionDeviceGenerationId":"638052891151821842","connectionDeviceId":"IOTDevice_1_2","contentEncoding":"utf-8","contentType":"application/json","enqueuedTime":"2022-10-03 16:00:00"}}
{"Body":{"Status":true,"Timestamp":"2022-10-03 16:00:00","pressure":"97.7280342465015"},"EnqueuedTimeUtc":"2022-10-03 16:00:00","Properties":{"messagetype":"Demo"},"SystemProperties":{"connectionAuthMethod":"{\"scope\":\"device\",\"type\":\"sas\",\"issuer\":\"iothub\",\"acceptingIpFilterRule\":null}","connectionDeviceGenerationId":"638052891151821842","connectionDeviceId":"IOTDevice_1_3","contentEncoding":"utf-8","contentType":"application/json","enqueuedTime":"2022-10-03 16:00:00"}}
{"Body":{"Status":true,"Timestamp":"2022-10-03 16:00:00","vibration":"37.2952575939305"},"EnqueuedTimeUtc":"2022-10-03 16:00:00","Properties":{"messagetype":"Demo"},"SystemProperties":{"connectionAuthMethod":"{\"scope\":\"device\",\"type\":\"sas\",\"issuer\":\"iothub\",\"acceptingIpFilterRule\":null}","connectionDeviceGenerationId":"638052891151821842","connectionDeviceId":"IOTDevice_1_4","contentEncoding":"utf-8","contentType":"application/json","enqueuedTime":"2022-10-03 16:00:00"}}
{"Body":{"Status":true,"Timestamp":"2022-10-03 17:00:00","volt":"206.050602888221"},"EnqueuedTimeUtc":"2022-10-03 17:00:00","Properties":{"messagetype":"Demo"},"SystemProperties":{"connectionAuthMethod":"{\"scope\":\"device\",\"type\":\"sas\",\"issuer\":\"iothub\",\"acceptingIpFilterRule\":null}","connectionDeviceGenerationId":"638052891151821842","connectionDeviceId":"IOTDevice_1_1","contentEncoding":"utf-8","contentType":"application/json","enqueuedTime":"2022-10-03 17:00:00"}}
{"Body":{"Status":true,"Timestamp":"2022-10-03 17:00:00","rotate":"444.706118800679"},"EnqueuedTimeUtc":"2022-10-03 17:00:00","Properties":{"messagetype":"Demo"},"SystemProperties":{"connectionAuthMethod":"{\"scope\":\"device\",\"type\":\"sas\",\"issuer\":\"iothub\",\"acceptingIpFilterRule\":null}","connectionDeviceGenerationId":"638052891151821842","connectionDeviceId":"IOTDevice_1_2","contentEncoding":"utf-8","contentType":"application/json","enqueuedTime":"2022-10-03 17:00:00"}}
{"Body":{"Status":true,"Timestamp":"2022-10-03 17:00:00","pressure":"96.2264433817554"},"EnqueuedTimeUtc":"2022-10-03 17:00:00","Properties":{"messagetype":"Demo"},"SystemProperties":{"connectionAuthMethod":"{\"scope\":\"device\",\"type\":\"sas\",\"issuer\":\"iothub\",\"acceptingIpFilterRule\":null}","connectionDeviceGenerationId":"638052891151821842","connectionDeviceId":"IOTDevice_1_3","contentEncoding":"utf-8","contentType":"application/json","enqueuedTime":"2022-10-03 17:00:00"}}
{"Body":{"Status":true,"Timestamp":"2022-10-03 17:00:00","vibration":"47.9600655856498"},"EnqueuedTimeUtc":"2022-10-03 17:00:00","Properties":{"messagetype":"Demo"},"SystemProperties":{"connectionAuthMethod":"{\"scope\":\"device\",\"type\":\"sas\",\"issuer\":\"iothub\",\"acceptingIpFilterRule\":null}","connectionDeviceGenerationId":"638052891151821842","connectionDeviceId":"IOTDevice_1_4","contentEncoding":"utf-8","contentType":"application/json","enqueuedTime":"2022-10-03 17:00:00"}}
{"Body":{"Status":true,"Timestamp":"2022-10-03 18:00:00","volt":"160.300501908694"},"EnqueuedTimeUtc":"2022-10-03 18:00:00","Properties":{"messagetype":"Demo"},"SystemProperties":{"connectionAuthMethod":"{\"scope\":\"device\",\"type\":\"sas\",\"issuer\":\"iothub\",\"acceptingIpFilterRule\":null}","connectionDeviceGenerationId":"638052891151821842","connectionDeviceId":"IOTDevice_1_1","contentEncoding":"utf-8","contentType":"application/json","enqueuedTime":"2022-10-03 18:00:00"}}
{"Body":{"Status":true,"Timestamp":"2022-10-03 18:00:00","rotate":"446.537428661395"},"EnqueuedTimeUtc":"2022-10-03 18:00:00","Properties":{"messagetype":"Demo"},"SystemProperties":{"connectionAuthMethod":"{\"scope\":\"device\",\"type\":\"sas\",\"issuer\":\"iothub\",\"acceptingIpFilterRule\":null}","connectionDeviceGenerationId":"638052891151821842","connectionDeviceId":"IOTDevice_1_2","contentEncoding":"utf-8","contentType":"application/json","enqueuedTime":"2022-10-03 18:00:00"}}
{"Body":{"Status":true,"Timestamp":"2022-10-03 18:00:00","pressure":"98.6575595669971"},"EnqueuedTimeUtc":"2022-10-03 18:00:00","Properties":{"messagetype":"Demo"},"SystemProperties":{"connectionAuthMethod":"{\"scope\":\"device\",\"type\":\"sas\",\"issuer\":\"iothub\",\"acceptingIpFilterRule\":null}","connectionDeviceGenerationId":"638052891151821842","connectionDeviceId":"IOTDevice_1_3","contentEncoding":"utf-8","contentType":"application/json","enqueuedTime":"2022-10-03 18:00:00"}}
{"Body":{"Status":true,"Timestamp":"2022-10-03 18:00:00","vibration":"41.2063553339483"},"EnqueuedTimeUtc":"2022-10-03 18:00:00","Properties":{"messagetype":"Demo"},"SystemProperties":{"connectionAuthMethod":"{\"scope\":\"device\",\"type\":\"sas\",\"issuer\":\"iothub\",\"acceptingIpFilterRule\":null}","connectionDeviceGenerationId":"638052891151821842","connectionDeviceId":"IOTDevice_1_4","contentEncoding":"utf-8","contentType":"application/json","enqueuedTime":"2022-10-03 18:00:00"}}
{"Body":{"Status":true,"Timestamp":"2022-10-03 19:00:00","volt":"196.668571652738"},"EnqueuedTimeUtc":"2022-10-03 19:00:00","Properties":{"messagetype":"Demo"},"SystemProperties":{"connectionAuthMethod":"{\"scope\":\"device\",\"type\":\"sas\",\"issuer\":\"iothub\",\"acceptingIpFilterRule\":null}","connectionDeviceGenerationId":"638052891151821842","connectionDeviceId":"IOTDevice_1_1","contentEncoding":"utf-8","contentType":"application/json","enqueuedTime":"2022-10-03 19:00:00"}}
{"Body":{"Status":true,"Timestamp":"2022-10-03 19:00:00","rotate":"461.308600890907"},"EnqueuedTimeUtc":"2022-10-03 19:00:00","Properties":{"messagetype":"Demo"},"SystemProperties":{"connectionAuthMethod":"{\"scope\":\"device\",\"type\":\"sas\",\"issuer\":\"iothub\",\"acceptingIpFilterRule\":null}","connectionDeviceGenerationId":"638052891151821842","connectionDeviceId":"IOTDevice_1_2","contentEncoding":"utf-8","contentType":"application/json","enqueuedTime":"2022-10-03 19:00:00"}}
{"Body":{"Status":true,"Timestamp":"2022-10-03 19:00:00","pressure":"97.0964510983778"},"EnqueuedTimeUtc":"2022-10-03 19:00:00","Properties":{"messagetype":"Demo"},"SystemProperties":{"connectionAuthMethod":"{\"scope\":\"device\",\"type\":\"sas\",\"issuer\":\"iothub\",\"acceptingIpFilterRule\":null}","connectionDeviceGenerationId":"638052891151821842","connectionDeviceId":"IOTDevice_1_3","contentEncoding":"utf-8","contentType":"application/json","enqueuedTime":"2022-10-03 19:00:00"}}
{"Body":{"Status":true,"Timestamp":"2022-10-03 19:00:00","vibration":"37.0080732173002"},"EnqueuedTimeUtc":"2022-10-03 19:00:00","Properties":{"messagetype":"Demo"},"SystemProperties":{"connectionAuthMethod":"{\"scope\":\"device\",\"type\":\"sas\",\"issuer\":\"iothub\",\"acceptingIpFilterRule\":null}","connectionDeviceGenerationId":"638052891151821842","connectionDeviceId":"IOTDevice_1_4","contentEncoding":"utf-8","contentType":"application/json","enqueuedTime":"2022-10-03 19:00:00"}}
{"Body":{"Status":true,"Timestamp":"2022-10-03 20:00:00","volt":"176.940527486609"},"EnqueuedTimeUtc":"2022-10-03 20:00:00","Properties":{"messagetype":"Demo"},"SystemProperties":{"connectionAuthMethod":"{\"scope\":\"device\",\"type\":\"sas\",\"issuer\":\"iothub\",\"acceptingIpFilterRule\":null}","connectionDeviceGenerationId":"638052891151821842","connectionDeviceId":"IOTDevice_1_1","contentEncoding":"utf-8","contentType":"application/json","enqueuedTime":"2022-10-03 20:00:00"}}
{"Body":{"Status":true,"Timestamp":"2022-10-03 20:00:00","rotate":"378.06039781933"},"EnqueuedTimeUtc":"2022-10-03 20:00:00","Properties":{"messagetype":"Demo"},"SystemProperties":{"connectionAuthMethod":"{\"scope\":\"device\",\"type\":\"sas\",\"issuer\":\"iothub\",\"acceptingIpFilterRule\":null}","connectionDeviceGenerationId":"638052891151821842","connectionDeviceId":"IOTDevice_1_2","contentEncoding":"utf-8","contentType":"application/json","enqueuedTime":"2022-10-03 20:00:00"}}
{"Body":{"Status":true,"Timestamp":"2022-10-03 20:00:00","pressure":"109.375205778701"},"EnqueuedTimeUtc":"2022-10-03 20:00:00","Properties":{"messagetype":"Demo"},"SystemProperties":{"connectionAuthMethod":"{\"scope\":\"device\",\"type\":\"sas\",\"issuer\":\"iothub\",\"acceptingIpFilterRule\":null}","connectionDeviceGenerationId":"638052891151821842","connectionDeviceId":"IOTDevice_1_3","contentEncoding":"utf-8","contentType":"application/json","enqueuedTime":"2022-10-03 20:00:00"}}
{"Body":{"Status":true,"Timestamp":"2022-10-03 20:00:00","vibration":"43.8356973454826"},"EnqueuedTimeUtc":"2022-10-03 20:00:00","Properties":{"messagetype":"Demo"},"SystemProperties":{"connectionAuthMethod":"{\"scope\":\"device\",\"type\":\"sas\",\"issuer\":\"iothub\",\"acceptingIpFilterRule\":null}","connectionDeviceGenerationId":"638052891151821842","connectionDeviceId":"IOTDevice_1_4","contentEncoding":"utf-8","contentType":"application/json","enqueuedTime":"2022-10-03 20:00:00"}}
{"Body":{"Status":true,"Timestamp":"2022-10-03 21:00:00","volt":"183.632926165047"},"EnqueuedTimeUtc":"2022-10-03 21:00:00","Properties":{"messagetype":"Demo"},"SystemProperties":{"connectionAuthMethod":"{\"scope\":\"device\",\"type\":\"sas\",\"issuer\":\"iothub\",\"acceptingIpFilterRule\":null}","connectionDeviceGenerationId":"638052891151821842","connectionDeviceId":"IOTDevice_1_1","contentEncoding":"utf-8","contentType":"application/json","enqueuedTime":"2022-10-03 21:00:00"}}
{"Body":{"Status":true,"Timestamp":"2022-10-03 21:00:00","rotate":"447.479212392045"},"EnqueuedTimeUtc":"2022-10-03 21:00:00","Properties":{"messagetype":"Demo"},"SystemProperties":{"connectionAuthMethod":"{\"scope\":\"device\",\"type\":\"sas\",\"issuer\":\"iothub\",\"acceptingIpFilterRule\":null}","connectionDeviceGenerationId":"638052891151821842","connectionDeviceId":"IOTDevice_1_2","contentEncoding":"utf-8","contentType":"application/json","enqueuedTime":"2022-10-03 21:00:00"}}
{"Body":{"Status":true,"Timestamp":"2022-10-03 21:00:00","pressure":"101.786613575936"},"EnqueuedTimeUtc":"2022-10-03 21:00:00","Properties":{"messagetype":"Demo"},"SystemProperties":{"connectionAuthMethod":"{\"scope\":\"device\",\"type\":\"sas\",\"issuer\":\"iothub\",\"acceptingIpFilterRule\":null}","connectionDeviceGenerationId":"638052891151821842","connectionDeviceId":"IOTDevice_1_3","contentEncoding":"utf-8","contentType":"application/json","enqueuedTime":"2022-10-03 21:00:00"}}
{"Body":{"Status":true,"Timestamp":"2022-10-03 21:00:00","vibration":"35.0617241453542"},"EnqueuedTimeUtc":"2022-10-03 21:00:00","Properties":{"messagetype":"Demo"},"SystemProperties":{"connectionAuthMethod":"{\"scope\":\"device\",\"type\":\"sas\",\"issuer\":\"iothub\",\"acceptingIpFilterRule\":null}","connectionDeviceGenerationId":"638052891151821842","connectionDeviceId":"IOTDevice_1_4","contentEncoding":"utf-8","contentType":"application/json","enqueuedTime":"2022-10-03 21:00:00"}}
{"Body":{"Status":true,"Timestamp":"2022-10-03 22:00:00","volt":"175.412151263582"},"EnqueuedTimeUtc":"2022-10-03 22:00:00","Properties":{"messagetype":"Demo"},"SystemProperties":{"connectionAuthMethod":"{\"scope\":\"device\",\"type\":\"sas\",\"issuer\":\"iothub\",\"acceptingIpFilterRule\":null}","connectionDeviceGenerationId":"638052891151821842","connectionDeviceId":"IOTDevice_1_1","contentEncoding":"utf-8","contentType":"application/json","enqueuedTime":"2022-10-03 22:00:00"}}
{"Body":{"Status":true,"Timestamp":"2022-10-03 22:00:00","rotate":"535.626160852682"},"EnqueuedTimeUtc":"2022-10-03 22:00:00","Properties":{"messagetype":"Demo"},"SystemProperties":{"connectionAuthMethod":"{\"scope\":\"device\",\"type\":\"sas\",\"issuer\":\"iothub\",\"acceptingIpFilterRule\":null}","connectionDeviceGenerationId":"638052891151821842","connectionDeviceId":"IOTDevice_1_2","contentEncoding":"utf-8","contentType":"application/json","enqueuedTime":"2022-10-03 22:00:00"}}
{"Body":{"Status":true,"Timestamp":"2022-10-03 22:00:00","pressure":"108.632112473863"},"EnqueuedTimeUtc":"2022-10-03 22:00:00","Properties":{"messagetype":"Demo"},"SystemProperties":{"connectionAuthMethod":"{\"scope\":\"device\",\"type\":\"sas\",\"issuer\":\"iothub\",\"acceptingIpFilterRule\":null}","connectionDeviceGenerationId":"638052891151821842","connectionDeviceId":"IOTDevice_1_3","contentEncoding":"utf-8","contentType":"application/json","enqueuedTime":"2022-10-03 22:00:00"}}
{"Body":{"Status":true,"Timestamp":"2022-10-03 22:00:00","vibration":"39.1032761905817"},"EnqueuedTimeUtc":"2022-10-03 22:00:00","Properties":{"messagetype":"Demo"},"SystemProperties":{"connectionAuthMethod":"{\"scope\":\"device\",\"type\":\"sas\",\"issuer\":\"iothub\",\"acceptingIpFilterRule\":null}","connectionDeviceGenerationId":"638052891151821842","connectionDeviceId":"IOTDevice_1_4","contentEncoding":"utf-8","contentType":"application/json","enqueuedTime":"2022-10-03 22:00:00"}}
{"Body":{"Status":true,"Timestamp":"2022-10-03 23:00:00","volt":"168.927075186394"},"EnqueuedTimeUtc":"2022-10-03 23:00:00","Properties":{"messagetype":"Demo"},"SystemProperties":{"connectionAuthMethod":"{\"scope\":\"device\",\"type\":\"sas\",\"issuer\":\"iothub\",\"acceptingIpFilterRule\":null}","connectionDeviceGenerationId":"638052891151821842","connectionDeviceId":"IOTDevice_1_1","contentEncoding":"utf-8","contentType":"application/json","enqueuedTime":"2022-10-03 23:00:00"}}
{"Body":{"Status":true,"Timestamp":"2022-10-03 23:00:00","rotate":"439.978732069117"},"EnqueuedTimeUtc":"2022-10-03 23:00:00","Properties":{"messagetype":"Demo"},"SystemProperties":{"connectionAuthMethod":"{\"scope\":\"device\",\"type\":\"sas\",\"issuer\":\"iothub\",\"acceptingIpFilterRule\":null}","connectionDeviceGenerationId":"638052891151821842","connectionDeviceId":"IOTDevice_1_2","contentEncoding":"utf-8","contentType":"application/json","enqueuedTime":"2022-10-03 23:00:00"}}
{"Body":{"Status":true,"Timestamp":"2022-10-03 23:00:00","pressure":"106.719871604453"},"EnqueuedTimeUtc":"2022-10-03 23:00:00","Properties":{"messagetype":"Demo"},"SystemProperties":{"connectionAuthMethod":"{\"scope\":\"device\",\"type\":\"sas\",\"issuer\":\"iothub\",\"acceptingIpFilterRule\":null}","connectionDeviceGenerationId":"638052891151821842","connectionDeviceId":"IOTDevice_1_3","contentEncoding":"utf-8","contentType":"application/json","enqueuedTime":"2022-10-03 23:00:00"}}
{"Body":{"Status":true,"Timestamp":"2022-10-03 23:00:00","vibration":"45.8648532774608"},"EnqueuedTimeUtc":"2022-10-03 23:00:00","Properties":{"messagetype":"Demo"},"SystemProperties":{"connectionAuthMethod":"{\"scope\":\"device\",\"type\":\"sas\",\"issuer\":\"iothub\",\"acceptingIpFilterRule\":null}","connectionDeviceGenerationId":"638052891151821842","connectionDeviceId":"IOTDevice_1_4","contentEncoding":"utf-8","contentType":"application/json","enqueuedTime":"2022-10-03 23:00:00"}}
{"Body":{"Status":true,"Timestamp":"2022-10-03 00:00:00","volt":"161.412141859657"},"EnqueuedTimeUtc":"2022-10-03 00:00:00","Properties":{"messagetype":"Demo"},"SystemProperties":{"connectionAuthMethod":"{\"scope\":\"device\",\"type\":\"sas\",\"issuer\":\"iothub\",\"acceptingIpFilterRule\":null}","connectionDeviceGenerationId":"638052891151821842","connectionDeviceId":"IOTDevice_2_1","contentEncoding":"utf-8","contentType":"application/json","enqueuedTime":"2022-10-03 00:00:00"}}
{"Body":{"Status":true,"Timestamp":"2022-10-03 00:00:00","rotate":"340.450344090213"},"EnqueuedTimeUtc":"2022-10-03 00:00:00","Properties":{"messagetype":"Demo"},"SystemProperties":{"connectionAuthMethod":"{\"scope\":\"device\",\"type\":\"sas\",\"issuer\":\"iothub\",\"acceptingIpFilterRule\":null}","connectionDeviceGenerationId":"638052891151821842","connectionDeviceId":"IOTDevice_2_2","contentEncoding":"utf-8","contentType":"application/json","enqueuedTime":"2022-10-03 00:00:00"}}
{"Body":{"Status":true,"Timestamp":"2022-10-03 00:00:00","pressure":"105.660073281211"},"EnqueuedTimeUtc":"2022-10-03 00:00:00","Properties":{"messagetype":"Demo"},"SystemProperties":{"connectionAuthMethod":"{\"scope\":\"device\",\"type\":\"sas\",\"issuer\":\"iothub\",\"acceptingIpFilterRule\":null}","connectionDeviceGenerationId":"638052891151821842","connectionDeviceId":"IOTDevice_2_3","contentEncoding":"utf-8","contentType":"application/json","enqueuedTime":"2022-10-03 00:00:00"}}
{"Body":{"Status":true,"Timestamp":"2022-10-03 00:00:00","vibration":"34.2807994779651"},"EnqueuedTimeUtc":"2022-10-03 00:00:00","Properties":{"messagetype":"Demo"},"SystemProperties":{"connectionAuthMethod":"{\"scope\":\"device\",\"type\":\"sas\",\"issuer\":\"iothub\",\"acceptingIpFilterRule\":null}","connectionDeviceGenerationId":"638052891151821842","connectionDeviceId":"IOTDevice_2_4","contentEncoding":"utf-8","contentType":"application/json","enqueuedTime":"2022-10-03 00:00:00"}}
{"Body":{"Status":true,"Timestamp":"2022-10-03 01:00:00","volt":"168.535526436299"},"EnqueuedTimeUtc":"2022-10-03 01:00:00","Properties":{"messagetype":"Demo"},"SystemProperties":{"connectionAuthMethod":"{\"scope\":\"device\",\"type\":\"sas\",\"issuer\":\"iothub\",\"acceptingIpFilterRule\":null}","connectionDeviceGenerationId":"638052891151821842","connectionDeviceId":"IOTDevice_2_1","contentEncoding":"utf-8","contentType":"application/json","enqueuedTime":"2022-10-03 01:00:00"}}
{"Body":{"Status":true,"Timestamp":"2022-10-03 01:00:00","rotate":"359.505625206122"},"EnqueuedTimeUtc":"2022-10-03 01:00:00","Properties":{"messagetype":"Demo"},"SystemProperties":{"connectionAuthMethod":"{\"scope\":\"device\",\"type\":\"sas\",\"issuer\":\"iothub\",\"acceptingIpFilterRule\":null}","connectionDeviceGenerationId":"638052891151821842","connectionDeviceId":"IOTDevice_2_2","contentEncoding":"utf-8","contentType":"application/json","enqueuedTime":"2022-10-03 01:00:00"}}
{"Body":{"Status":true,"Timestamp":"2022-10-03 01:00:00","pressure":"84.1891361551879"},"EnqueuedTimeUtc":"2022-10-03 01:00:00","Properties":{"messagetype":"Demo"},"SystemProperties":{"connectionAuthMethod":"{\"scope\":\"device\",\"type\":\"sas\",\"issuer\":\"iothub\",\"acceptingIpFilterRule\":null}","connectionDeviceGenerationId":"638052891151821842","connectionDeviceId":"IOTDevice_2_3","contentEncoding":"utf-8","contentType":"application/json","enqueuedTime":"2022-10-03 01:00:00"}}
{"Body":{"Status":true,"Timestamp":"2022-10-03 01:00:00","vibration":"37.9038478767469"},"EnqueuedTimeUtc":"2022-10-03 01:00:00","Properties":{"messagetype":"Demo"},"SystemProperties":{"connectionAuthMethod":"{\"scope\":\"device\",\"type\":\"sas\",\"issuer\":\"iothub\",\"acceptingIpFilterRule\":null}","connectionDeviceGenerationId":"638052891151821842","connectionDeviceId":"IOTDevice_2_4","contentEncoding":"utf-8","contentType":"application/json","enqueuedTime":"2022-10-03 01:00:00"}}
{"Body":{"Status":true,"Timestamp":"2022-10-03 02:00:00","volt":"193.548489428836"},"EnqueuedTimeUtc":"2022-10-03 02:00:00","Properties":{"messagetype":"Demo"},"SystemProperties":{"connectionAuthMethod":"{\"scope\":\"device\",\"type\":\"sas\",\"issuer\":\"iothub\",\"acceptingIpFilterRule\":null}","connectionDeviceGenerationId":"638052891151821842","connectionDeviceId":"IOTDevice_2_1","contentEncoding":"utf-8","contentType":"application/json","enqueuedTime":"2022-10-03 02:00:00"}}
{"Body":{"Status":true,"Timestamp":"2022-10-03 02:00:00","rotate":"373.312460898402"},"EnqueuedTimeUtc":"2022-10-03 02:00:00","Properties":{"messagetype":"Demo"},"SystemProperties":{"connectionAuthMethod":"{\"scope\":\"device\",\"type\":\"sas\",\"issuer\":\"iothub\",\"acceptingIpFilterRule\":null}","connectionDeviceGenerationId":"638052891151821842","connectionDeviceId":"IOTDevice_2_2","contentEncoding":"utf-8","contentType":"application/json","enqueuedTime":"2022-10-03 02:00:00"}}
{"Body":{"Status":true,"Timestamp":"2022-10-03 02:00:00","pressure":"91.6538760710876"},"EnqueuedTimeUtc":"2022-10-03 02:00:00","Properties":{"messagetype":"Demo"},"SystemProperties":{"connectionAuthMethod":"{\"scope\":\"device\",\"type\":\"sas\",\"issuer\":\"iothub\",\"acceptingIpFilterRule\":null}","connectionDeviceGenerationId":"638052891151821842","connectionDeviceId":"IOTDevice_2_3","contentEncoding":"utf-8","contentType":"application/json","enqueuedTime":"2022-10-03 02:00:00"}}
{"Body":{"Status":true,"Timestamp":"2022-10-03 02:00:00","vibration":"37.968863870368"},"EnqueuedTimeUtc":"2022-10-03 02:00:00","Properties":{"messagetype":"Demo"},"SystemProperties":{"connectionAuthMethod":"{\"scope\":\"device\",\"type\":\"sas\",\"issuer\":\"iothub\",\"acceptingIpFilterRule\":null}","connectionDeviceGenerationId":"638052891151821842","connectionDeviceId":"IOTDevice_2_4","contentEncoding":"utf-8","contentType":"application/json","enqueuedTime":"2022-10-03 02:00:00"}}
{"Body":{"Status":true,"Timestamp":"2022-10-03 03:00:00","volt":"155.627916076361"},"EnqueuedTimeUtc":"2022-10-03 03:00:00","Properties":{"messagetype":"Demo"},"SystemProperties":{"connectionAuthMethod":"{\"scope\":\"device\",\"type\":\"sas\",\"issuer\":\"iothub\",\"acceptingIpFilterRule\":null}","connectionDeviceGenerationId":"638052891151821842","connectionDeviceId":"IOTDevice_2_1","contentEncoding":"utf-8","contentType":"application/json","enqueuedTime":"2022-10-03 03:00:00"}}
{"Body":{"Status":true,"Timestamp":"2022-10-03 03:00:00","rotate":"468.902530417312"},"EnqueuedTimeUtc":"2022-10-03 03:00:00","Properties":{"messagetype":"Demo"},"SystemProperties":{"connectionAuthMethod":"{\"scope\":\"device\",\"type\":\"sas\",\"issuer\":\"iothub\",\"acceptingIpFilterRule\":null}","connectionDeviceGenerationId":"638052891151821842","connectionDeviceId":"IOTDevice_2_2","contentEncoding":"utf-8","contentType":"application/json","enqueuedTime":"2022-10-03 03:00:00"}}
{"Body":{"Status":true,"Timestamp":"2022-10-03 03:00:00","pressure":"81.6817707996383"},"EnqueuedTimeUtc":"2022-10-03 03:00:00","Properties":{"messagetype":"Demo"},"SystemProperties":{"connectionAuthMethod":"{\"scope\":\"device\",\"type\":\"sas\",\"issuer\":\"iothub\",\"acceptingIpFilterRule\":null}","connectionDeviceGenerationId":"638052891151821842","connectionDeviceId":"IOTDevice_2_3","contentEncoding":"utf-8","contentType":"application/json","enqueuedTime":"2022-10-03 03:00:00"}}
{"Body":{"Status":true,"Timestamp":"2022-10-03 03:00:00","vibration":"35.1203650600702"},"EnqueuedTimeUtc":"2022-10-03 03:00:00","Properties":{"messagetype":"Demo"},"SystemProperties":{"connectionAuthMethod":"{\"scope\":\"device\",\"type\":\"sas\",\"issuer\":\"iothub\",\"acceptingIpFilterRule\":null}","connectionDeviceGenerationId":"638052891151821842","connectionDeviceId":"IOTDevice_2_4","contentEncoding":"utf-8","contentType":"application/json","enqueuedTime":"2022-10-03 03:00:00"}}
{"Body":{"Status":true,"Timestamp":"2022-10-03 04:00:00","volt":"136.919661332127"},"EnqueuedTimeUtc":"2022-10-03 04:00:00","Properties":{"messagetype":"Demo"},"SystemProperties":{"connectionAuthMethod":"{\"scope\":\"device\",\"type\":\"sas\",\"issuer\":\"iothub\",\"acceptingIpFilterRule\":null}","connectionDeviceGenerationId":"638052891151821842","connectionDeviceId":"IOTDevice_2_1","contentEncoding":"utf-8","contentType":"application/json","enqueuedTime":"2022-10-03 04:00:00"}}
{"Body":{"Status":true,"Timestamp":"2022-10-03 04:00:00","rotate":"497.569705010222"},"EnqueuedTimeUtc":"2022-10-03 04:00:00","Properties":{"messagetype":"Demo"},"SystemProperties":{"connectionAuthMethod":"{\"scope\":\"device\",\"type\":\"sas\",\"issuer\":\"iothub\",\"acceptingIpFilterRule\":null}","connectionDeviceGenerationId":"638052891151821842","connectionDeviceId":"IOTDevice_2_2","contentEncoding":"utf-8","contentType":"application/json","enqueuedTime":"2022-10-03 04:00:00"}}
{"Body":{"Status":true,"Timestamp":"2022-10-03 04:00:00","pressure":"105.154199317075"},"EnqueuedTimeUtc":"2022-10-03 04:00:00","Properties":{"messagetype":"Demo"},"SystemProperties":{"connectionAuthMethod":"{\"scope\":\"device\",\"type\":\"sas\",\"issuer\":\"iothub\",\"acceptingIpFilterRule\":null}","connectionDeviceGenerationId":"638052891151821842","connectionDeviceId":"IOTDevice_2_3","contentEncoding":"utf-8","contentType":"application/json","enqueuedTime":"2022-10-03 04:00:00"}}
{"Body":{"Status":true,"Timestamp":"2022-10-03 04:00:00","vibration":"40.4149476413785"},"EnqueuedTimeUtc":"2022-10-03 04:00:00","Properties":{"messagetype":"Demo"},"SystemProperties":{"connectionAuthMethod":"{\"scope\":\"device\",\"type\":\"sas\",\"issuer\":\"iothub\",\"acceptingIpFilterRule\":null}","connectionDeviceGenerationId":"638052891151821842","connectionDeviceId":"IOTDevice_2_4","contentEncoding":"utf-8","contentType":"application/json","enqueuedTime":"2022-10-03 04:00:00"}}
{"Body":{"Status":true,"Timestamp":"2022-10-03 05:00:00","volt":"177.626738092759"},"EnqueuedTimeUtc":"2022-10-03 05:00:00","Properties":{"messagetype":"Demo"},"SystemProperties":{"connectionAuthMethod":"{\"scope\":\"device\",\"type\":\"sas\",\"issuer\":\"iothub\",\"acceptingIpFilterRule\":null}","connectionDeviceGenerationId":"638052891151821842","connectionDeviceId":"IOTDevice_2_1","contentEncoding":"utf-8","contentType":"application/json","enqueuedTime":"2022-10-03 05:00:00"}}
{"Body":{"Status":true,"Timestamp":"2022-10-03 05:00:00","rotate":"504.842151579385"},"EnqueuedTimeUtc":"2022-10-03 05:00:00","Properties":{"messagetype":"Demo"},"SystemProperties":{"connectionAuthMethod":"{\"scope\":\"device\",\"type\":\"sas\",\"issuer\":\"iothub\",\"acceptingIpFilterRule\":null}","connectionDeviceGenerationId":"638052891151821842","connectionDeviceId":"IOTDevice_2_2","contentEncoding":"utf-8","contentType":"application/json","enqueuedTime":"2022-10-03 05:00:00"}}
{"Body":{"Status":true,"Timestamp":"2022-10-03 05:00:00","pressure":"105.117068799292"},"EnqueuedTimeUtc":"2022-10-03 05:00:00","Properties":{"messagetype":"Demo"},"SystemProperties":{"connectionAuthMethod":"{\"scope\":\"device\",\"type\":\"sas\",\"issuer\":\"iothub\",\"acceptingIpFilterRule\":null}","connectionDeviceGenerationId":"638052891151821842","connectionDeviceId":"IOTDevice_2_3","contentEncoding":"utf-8","contentType":"application/json","enqueuedTime":"2022-10-03 05:00:00"}}
{"Body":{"Status":true,"Timestamp":"2022-10-03 05:00:00","vibration":"37.4871781774163"},"EnqueuedTimeUtc":"2022-10-03 05:00:00","Properties":{"messagetype":"Demo"},"SystemProperties":{"connectionAuthMethod":"{\"scope\":\"device\",\"type\":\"sas\",\"issuer\":\"iothub\",\"acceptingIpFilterRule\":null}","connectionDeviceGenerationId":"638052891151821842","connectionDeviceId":"IOTDevice_2_4","contentEncoding":"utf-8","contentType":"application/json","enqueuedTime":"2022-10-03 05:00:00"}}
