{"Body":{"Status":true,"Timestamp":"2022-10-03 21:00:00","volt":"166.266570434196"},"EnqueuedTimeUtc":"2022-10-03 21:00:00","Properties":{"messagetype":"Demo"},"SystemProperties":{"connectionAuthMethod":"{\"scope\":\"device\",\"type\":\"sas\",\"issuer\":\"iothub\",\"acceptingIpFilterRule\":null}","connectionDeviceGenerationId":"638052891151821842","connectionDeviceId":"IOTDevice_7_1","contentEncoding":"utf-8","contentType":"application/json","enqueuedTime":"2022-10-03 21:00:00"}}
{"Body":{"Status":true,"Timestamp":"2022-10-03 21:00:00","rotate":"493.458232945412"},"EnqueuedTimeUtc":"2022-10-03 21:00:00","Properties":{"messagetype":"Demo"},"SystemProperties":{"connectionAuthMethod":"{\"scope\":\"device\",\"type\":\"sas\",\"issuer\":\"iothub\",\"acceptingIpFilterRule\":null}","connectionDeviceGenerationId":"638052891151821842","connectionDeviceId":"IOTDevice_7_2","contentEncoding":"utf-8","contentType":"application/json","enqueuedTime":"2022-10-03 21:00:00"}}
{"Body":{"Status":true,"Timestamp":"2022-10-03 21:00:00","pressure":"93.8532915981385"},"EnqueuedTimeUtc":"2022-10-03 21:00:00","Properties":{"messagetype":"Demo"},"SystemProperties":{"connectionAuthMethod":"{\"scope\":\"device\",\"type\":\"sas\",\"issuer\":\"iothub\",\"acceptingIpFilterRule\":null}","connectionDeviceGenerationId":"638052891151821842","connectionDeviceId":"IOTDevice_7_3","contentEncoding":"utf-8","contentType":"application/json","enqueuedTime":"2022-10-03 21:00:00"}}
{"Body":{"Status":true,"Timestamp":"2022-10-03 21:00:00","vibration":"43.8658982028722"},"EnqueuedTimeUtc":"2022-10-03 21:00:00","Properties":{"messagetype":"Demo"},"SystemProperties":{"connectionAuthMethod":"{\"scope\":\"device\",\"type\":\"sas\",\"issuer\":\"iothub\",\"acceptingIpFilterRule\":null}","connectionDeviceGenerationId":"638052891151821842","connectionDeviceId":"IOTDevice_7_4","contentEncoding":"utf-8","contentType":"application/json","enqueuedTime":"2022-10-03 21:00:00"}}
{"Body":{"Status":true,"Timestamp":"2022-10-03 22:00:00","volt":"182.596120673085"},"EnqueuedTimeUtc":"2022-10-03 22:00:00","Properties":{"messagetype":"Demo"},"SystemProperties":{"connectionAuthMethod":"{\"scope\":\"device\",\"type\":\"sas\",\"issuer\":\"iothub\",\"acceptingIpFilterRule\":null}","connectionDeviceGenerationId":"638052891151821842","connectionDeviceId":"IOTDevice_7_1","contentEncoding":"utf-8","contentType":"application/json","enqueuedTime":"2022-10-03 22:00:00"}}
{"Body":{"Status":true,"Timestamp":"2022-10-03 22:00:00","rotate":"455.454279958551"},"EnqueuedTimeUtc":"2022-10-03 22:00:00","Properties":{"messagetype":"Demo"},"SystemProperties":{"connectionAuthMethod":"{\"scope\":\"device\",\"type\":\"sas\",\"issuer\":\"iothub\",\"acceptingIpFilterRule\":null}","connectionDeviceGenerationId":"638052891151821842","connectionDeviceId":"IOTDevice_7_2","contentEncoding":"utf-8","contentType":"application/json","enqueuedTime":"2022-10-03 22:00:00"}}
{"Body":{"Status":true,"Timestamp":"2022-10-03 22:00:00","pressure":"99.2443993745034"},"EnqueuedTimeUtc":"2022-10-03 22:00:00","Properties":{"messagetype":"Demo"},"SystemProperties":{"connectionAuthMethod":"{\"scope\":\"device\",\"type\":\"sas\",\"issuer\":\"iothub\",\"acceptingIpFilterRule\":null}","connectionDeviceGenerationId":"638052891151821842","connectionDeviceId":"IOTDevice_7_3","contentEncoding":"utf-8","contentType":"application/json","enqueuedTime":"2022-10-03 22:00:00"}}
{"Body":{"Status":true,"Timestamp":"2022-10-03 22:00:00","vibration":"36.8684838746916"},"EnqueuedTimeUtc":"2022-10-03 22:00:00","Properties":{"messagetype":"Demo"},"SystemProperties":{"connectionAuthMethod":"{\"scope\":\"device\",\"type\":\"sas\",\"issuer\":\"iothub\",\"acceptingIpFilterRule\":null}","connectionDeviceGenerationId":"638052891151821842","connectionDeviceId":"IOTDevice_7_4","contentEncoding":"utf-8","contentType":"application/json","enqueuedTime":"2022-10-03 22:00:00"}}
{"Body":{"Status":true,"Timestamp":"2022-10-03 23:00:00","volt":"144.705900403533"},"EnqueuedTimeUtc":"2022-10-03 23:00:00","Properties":{"messagetype":"Demo"},"SystemProperties":{"connectionAuthMethod":"{\"scope\":\"device\",\"type\":\"sas\",\"issuer\":\"iothub\",\"acceptingIpFilterRule\":null}","connectionDeviceGenerationId":"638052891151821842","connectionDeviceId":"IOTDevice_7_1","contentEncoding":"utf-8","contentType":"application/json","enqueuedTime":"2022-10-03 23:00:00"}}
{"Body":{"Status":true,"Timestamp":"2022-10-03 23:00:00","rotate":"469.59633781889"},"EnqueuedTimeUtc":"2022-10-03 23:00:00","Properties":{"messagetype":"Demo"},"SystemProperties":{"connectionAuthMethod":"{\"scope\":\"device\",\"type\":\"sas\",\"issuer\":\"iothub\",\"acceptingIpFilterRule\":null}","connectionDeviceGenerationId":"638052891151821842","connectionDeviceId":"IOTDevice_7_2","contentEncoding":"utf-8","contentType":"application/json","enqueuedTime":"2022-10-03 23:00:00"}}
{"Body":{"Status":true,"Timestamp":"2022-10-03 23:00:00","pressure":"93.1338480407054"},"EnqueuedTimeUtc":"2022-10-03 23:00:00","Properties":{"messagetype":"Demo"},"SystemProperties":{"connectionAuthMethod":"{\"scope\":\"device\",\"type\":\"sas\",\"issuer\":\"iothub\",\"acceptingIpFilterRule\":null}","connectionDeviceGenerationId":"638052891151821842","connectionDeviceId":"IOTDevice_7_3","contentEncoding":"utf-8","contentType":"application/json","enqueuedTime":"2022-10-03 23:00:00"}}
{"Body":{"Status":true,"Timestamp":"2022-10-03 23:00:00","vibration":"39.7639932899178"},"EnqueuedTimeUtc":"2022-10-03 23:00:00","Properties":{"messagetype":"Demo"},"SystemProperties":{"connectionAuthMethod":"{\"scope\":\"device\",\"type\":\"sas\",\"issuer\":\"iothub\",\"acceptingIpFilterRule\":null}","connectionDeviceGenerationId":"638052891151821842","connectionDeviceId":"IOTDevice_7_4","contentEncoding":"utf-8","contentType":"application/json","enqueuedTime":"2022-10-03 23:00:00"}}
{"Body":{"Status":true,"Timestamp":"2022-10-03 00:00:00","volt":"146.367520885947"},"EnqueuedTimeUtc":"2022-10-03 00:00:00","Properties":{"messagetype":"Demo"},"SystemProperties":{"connectionAuthMethod":"{\"scope\":\"device\",\"type\":\"sas\",\"issuer\":\"iothub\",\"acceptingIpFilterRule\":null}","connectionDeviceGenerationId":"638052891151821842","connectionDeviceId":"IOTDevice_8_1","contentEncoding":"utf-8","contentType":"application/json","enqueuedTime":"2022-10-03 00:00:00"}}
{"Body":{"Status":true,"Timestamp":"2022-10-03 00:00:00","rotate":"437.751058216821"},"EnqueuedTimeUtc":"2022-10-03 00:00:00","Properties":{"messagetype":"Demo"},"SystemProperties":{"connectionAuthMethod":"{\"scope\":\"device\",\"type\":\"sas\",\"issuer\":\"iothub\",\"acceptingIpFilterRule\":null}","connectionDeviceGenerationId":"638052891151821842","connectionDeviceId":"IOTDevice_8_2","contentEncoding":"utf-8","contentType":"application/json","enqueuedTime":"2022-10-03 00:00:00"}}
{"Body":{"Status":true,"Timestamp":"2022-10-03 00:00:00","pressure":"91.897894652741"},"EnqueuedTimeUtc":"2022-10-03 00:00:00","Properties":{"messagetype":"Demo"},"SystemProperties":{"connectionAuthMethod":"{\"scope\":\"device\",\"type\":\"sas\",\"issuer\":\"iothub\",\"acceptingIpFilterRule\":null}","connectionDeviceGenerationId":"638052891151821842","connectionDeviceId":"IOTDevice_8_3","contentEncoding":"utf-8","contentType":"application/json","enqueuedTime":"2022-10-03 00:00:00"}}
{"Body":{"Status":true,"Timestamp":"2022-10-03 00:00:00","vibration":"34.5754725103309"},"EnqueuedTimeUtc":"2022-10-03 00:00:00","Properties":{"messagetype":"Demo"},"SystemProperties":{"connectionAuthMethod":"{\"scope\":\"device\",\"type\":\"sas\",\"issuer\":\"iothub\",\"acceptingIpFilterRule\":null}","connectionDeviceGenerationId":"638052891151821842","connectionDeviceId":"IOTDevice_8_4","contentEncoding":"utf-8","contentType":"application/json","enqueuedTime":"2022-10-03 00:00:00"}}
{"Body":{"Status":true,"Timestamp":"2022-10-03 01:00:00","volt":"186.319907765009"},"EnqueuedTimeUtc":"2022-10-03 01:00:00","Properties":{"messagetype":"Demo"},"SystemProperties":{"connectionAuthMethod":"{\"scope\":\"device\",\"type\":\"sas\",\"issuer\":\"iothub\",\"acceptingIpFilterRule\":null}","connectionDeviceGenerationId":"638052891151821842","connectionDeviceId":"IOTDevice_8_1","contentEncoding":"utf-8","contentType":"application/json","enqueuedTime":"2022-10-03 01:00:00"}}
{"Body":{"Status":true,"Timestamp":"2022-10-03 01:00:00","rotate":"394.328032821296"},"EnqueuedTimeUtc":"2022-10-03 01:00:00","Properties":{"messagetype":"Demo"},"SystemProperties":{"connectionAuthMethod":"{\"scope\":\"device\",\"type\":\"sas\",\"issuer\":\"iothub\",\"acceptingIpFilterRule\":null}","connectionDeviceGenerationId":"638052891151821842","connectionDeviceId":"IOTDevice_8_2","contentEncoding":"utf-8","contentType":"application/json","enqueuedTime":"2022-10-03 01:00:00"}}
{"Body":{"Status":true,"Timestamp":"2022-10-03 01:00:00","pressure":"102.461122345874"},"EnqueuedTimeUtc":"2022-10-03 01:00:00","Properties":{"messagetype":"Demo"},"SystemProperties":{"connectionAuthMethod":"{\"scope\":\"device\",\"type\":\"sas\",\"issuer\":\"iothub\",\"acceptingIpFilterRule\":null}","connectionDeviceGenerationId":"638052891151821842","connectionDeviceId":"IOTDevice_8_3","contentEncoding":"utf-8","contentType":"application/json","enqueuedTime":"2022-10-03 01:00:00"}}
{"Body":{"Status":true,"Timestamp":"2022-10-03 01:00:00","vibration":"36.9983778020156"},"EnqueuedTimeUtc":"2022-10-03 01:00:00","Properties":{"messagetype":"Demo"},"SystemProperties":{"connectionAuthMethod":"{\"scope\":\"device\",\"type\":\"sas\",\"issuer\":\"iothub\",\"acceptingIpFilterRule\":null}","connectionDeviceGenerationId":"638052891151821842","connectionDeviceId":"IOTDevice_8_4","contentEncoding":"utf-8","contentType":"application/json","enqueuedTime":"2022-10-03 01:00:00"}}
{"Body":{"Status":true,"Timestamp":"2022-10-03 02:00:00","volt":"162.1869063871"},"EnqueuedTimeUtc":"2022-10-03 02:00:00","Properties":{"messagetype":"Demo"},"SystemProperties":{"connectionAuthMethod":"{\"scope\":\"device\",\"type\":\"sas\",\"issuer\":\"iothub\",\"acceptingIpFilterRule\":null}","connectionDeviceGenerationId":"638052891151821842","connectionDeviceId":"IOTDevice_8_1","contentEncoding":"utf-8","contentType":"application/json","enqueuedTime":"2022-10-03 02:00:00"}}
{"Body":{"Status":true,"Timestamp":"2022-10-03 02:00:00","rotate":"438.184286124677"},"EnqueuedTimeUtc":"2022-10-03 02:00:00","Properties":{"messagetype":"Demo"},"SystemProperties":{"connectionAuthMethod":"{\"scope\":\"device\",\"type\":\"sas\",\"issuer\":\"iothub\",\"acceptingIpFilterRule\":null}","connectionDeviceGenerationId":"638052891151821842","connectionDeviceId":"IOTDevice_8_2","contentEncoding":"utf-8","contentType":"application/json","enqueuedTime":"2022-10-03 02:00:00"}}
{"Body":{"Status":true,"Timestamp":"2022-10-03 02:00:00","pressure":"95.7342374054713"},"EnqueuedTimeUtc":"2022-10-03 02:00:00","Properties":{"messagetype":"Demo"},"SystemProperties":{"connectionAuthMethod":"{\"scope\":\"device\",\"type\":\"sas\",\"issuer\":\"iothub\",\"acceptingIpFilterRule\":null}","connectionDeviceGenerationId":"638052891151821842","connectionDeviceId":"IOTDevice_8_3","contentEncoding":"utf-8","contentType":"application/json","enqueuedTime":"2022-10-03 02:00:00"}}
{"Body":{"Status":true,"Timestamp":"2022-10-03 02:00:00","vibration":"32.2413752955151"},"EnqueuedTimeUtc":"2022-10-03 02:00:00","Properties":{"messagetype":"Demo"},"SystemProperties":{"connectionAuthMethod":"{\"scope\":\"device\",\"type\":\"sas\",\"issuer\":\"iothub\",\"acceptingIpFilterRule\":null}","connectionDeviceGenerationId":"638052891151821842","connectionDeviceId":"IOTDevice_8_4","contentEncoding":"utf-8","contentType":"application/json","enqueuedTime":"2022-10-03 02:00:00"}}
{"Body":{"Status":true,"Timestamp":"2022-10-03 03:00:00","volt":"159.301224478926"},"EnqueuedTimeUtc":"2022-10-03 03:00:00","Properties":{"messagetype":"Demo"},"SystemProperties":{"connectionAuthMethod":"{\"scope\":\"device\",\"type\":\"sas\",\"issuer\":\"iothub\",\"acceptingIpFilterRule\":null}","connectionDeviceGenerationId":"638052891151821842","connectionDeviceId":"IOTDevice_8_1","contentEncoding":"utf-8","contentType":"application/json","enqueuedTime":"2022-10-03 03:00:00"}}
{"Body":{"Status":true,"Timestamp":"2022-10-03 03:00:00","rotate":"518.744900030534"},"EnqueuedTimeUtc":"2022-10-03 03:00:00","Properties":{"messagetype":"Demo"},"SystemProperties":{"connectionAuthMethod":"{\"scope\":\"device\",\"type\":\"sas\",\"issuer\":\"iothub\",\"acceptingIpFilterRule\":null}","connectionDeviceGenerationId":"638052891151821842","connectionDeviceId":"IOTDevice_8_2","contentEncoding":"utf-8","contentType":"application/json","enqueuedTime":"2022-10-03 03:00:00"}}
{"Body":{"Status":true,"Timestamp":"2022-10-03 03:00:00","pressure":"99.2768325186134"},"EnqueuedTimeUtc":"2022-10-03 03:00:00","Properties":{"messagetype":"Demo"},"SystemProperties":{"connectionAuthMethod":"{\"scope\":\"device\",\"type\":\"sas\",\"issuer\":\"iothub\",\"acceptingIpFilterRule\":null}","connectionDeviceGenerationId":"638052891151821842","connectionDeviceId":"IOTDevice_8_3","contentEncoding":"utf-8","contentType":"application/json","enqueuedTime":"2022-10-03 03:00:00"}}
{"Body":{"Status":true,"Timestamp":"2022-10-03 03:00:00","vibration":"38.182316670917"},"EnqueuedTimeUtc":"2022-10-03 03:00:00","Properties":{"messagetype":"Demo"},"SystemProperties":{"connectionAuthMethod":"{\"scope\":\"device\",\"type\":\"sas\",\"issuer\":\"iothub\",\"acceptingIpFilterRule\":null}","connectionDeviceGenerationId":"638052891151821842","connectionDeviceId":"IOTDevice_8_4","contentEncoding":"utf-8","contentType":"application/json","enqueuedTime":"2022-10-03 03:00:00"}}
{"Body":{"Status":true,"Timestamp":"2022-10-03 04:00:00","volt":"191.476018474319"},"EnqueuedTimeUtc":"2022-10-03 04:00:00","Properties":{"messagetype":"Demo"},"SystemProperties":{"connectionAuthMethod":"{\"scope\":\"device\",\"type\":\"sas\",\"issuer\":\"iothub\",\"acceptingIpFilterRule\":null}","connectionDeviceGenerationId":"638052891151821842","connectionDeviceId":"IOTDevice_8_1","contentEncoding":"utf-8","contentType":"application/json","enqueuedTime":"2022-10-03 04:00:00"}}
{"Body":{"Status":true,"Timestamp":"2022-10-03 04:00:00","rotate":"359.80025252639"},"EnqueuedTimeUtc":"2022-10-03 04:00:00","Properties":{"messagetype":"Demo"},"SystemProperties":{"connectionAuthMethod":"{\"scope\":\"device\",\"type\":\"sas\",\"issuer\":\"iothub\",\"acceptingIpFilterRule\":null}","connectionDeviceGenerationId":"638052891151821842","connectionDeviceId":"IOTDevice_8_2","contentEncoding":"utf-8","contentType":"application/json","enqueuedTime":"2022-10-03 04:00:00"}}
{"Body":{"Status":true,"Timestamp":"2022-10-03 04:00:00","pressure":"115.81690686612"},"EnqueuedTimeUtc":"2022-10-03 04:00:00","Properties":{"messagetype":"Demo"},"SystemProperties":{"connectionAuthMethod":"{\"scope\":\"device\",\"type\":\"sas\",\"issuer\":\"iothub\",\"acceptingIpFilterRule\":null}","connectionDeviceGenerationId":"638052891151821842","connectionDeviceId":"IOTDevice_8_3","contentEncoding":"utf-8","contentType":"application/json","enqueuedTime":"2022-10-03 04:00:00"}}
{"Body":{"Status":true,"Timestamp":"2022-10-03 04:00:00","vibration":"42.5787238942203"},"EnqueuedTimeUtc":"2022-10-03 04:00:00","Properties":{"messagetype":"Demo"},"SystemProperties":{"connectionAuthMethod":"{\"scope\":\"device\",\"type\":\"sas\",\"issuer\":\"iothub\",\"acceptingIpFilterRule\":null}","connectionDeviceGenerationId":"638052891151821842","connectionDeviceId":"IOTDevice_8_4","contentEncoding":"utf-8","contentType":"application/json","enqueuedTime":"2022-10-03 04:00:00"}}
{"Body":{"Status":true,"Timestamp":"2022-10-03 05:00:00","volt":"194.39596506455"},"EnqueuedTimeUtc":"2022-10-03 05:00:00","Properties":{"messagetype":"Demo"},"SystemProperties":{"connectionAuthMethod":"{\"scope\":\"device\",\"type\":\"sas\",\"issuer\":\"iothub\",\"acceptingIpFilterRule\":null}","connectionDeviceGenerationId":"638052891151821842","connectionDeviceId":"IOTDevice_8_1","contentEncoding":"utf-8","contentType":"application/json","enqueuedTime":"2022-10-03 05:00:00"}}
{"Body":{"Status":true,"Timestamp":"2022-10-03 05:00:00","rotate":"538.588073108506"},"EnqueuedTimeUtc":"2022-10-03 05:00:00","Properties":{"messagetype":"Demo"},"SystemProperties":{"connectionAuthMethod":"{\"scope\":\"device\",\"type\":\"sas\",\"issuer\":\"iothub\",\"acceptingIpFilterRule\":null}","connectionDeviceGenerationId":"638052891151821842","connectionDeviceId":"IOTDevice_8_2","contentEncoding":"utf-8","contentType":"application/json","enqueuedTime":"2022-10-03 05:00:00"}}
{"Body":{"Status":true,"Timestamp":"2022-10-03 05:00:00","pressure":"98.1734096921355"},"EnqueuedTimeUtc":"2022-10-03 05:00:00","Properties":{"messagetype":"Demo"},"SystemProperties":{"connectionAuthMethod":"{\"scope\":\"device\",\"type\":\"sas\",\"issuer\":\"iothub\",\"acceptingIpFilterRule\":null}","connectionDeviceGenerationId":"638052891151821842","connectionDeviceId":"IOTDevice_8_3","contentEncoding":"utf-8","contentType":"application/json","enqueuedTime":"2022-10-03 05:00:00"}}
{"Body":{"Status":true,"Timestamp":"2022-10-03 05:00:00","vibration":"40.2436245965564"},"EnqueuedTimeUtc":"2022-10-03 05:00:00","Properties":{"messagetype":"Demo"},"SystemProperties":{"connectionAuthMethod":"{\"scope\":\"device\",\"type\":\"sas\",\"issuer\":\"iothub\",\"acceptingIpFilterRule\":null}","connectionDeviceGenerationId":"638052891151821842","connectionDeviceId":"IOTDevice_8_4","contentEncoding":"utf-8","contentType":"application/json","enqueuedTime":"2022-10-03 05:00:00"}}
{"Body":{"Status":true,"Timestamp":"2022-10-03 06:00:00","volt":"163.344389961436"},"EnqueuedTimeUtc":"2022-10-03 06:00:00","Properties":{"messagetype":"Demo"},"SystemProperties":{"connectionAuthMethod":"{\"scope\":\"device\",\"type\":\"sas\",\"issuer\":\"iothub\",\"acceptingIpFilterRule\":null}","connectionDeviceGenerationId":"638052891151821842","connectionDeviceId":"IOTDevice_8_1","contentEncoding":"utf-8","contentType":"application/json","enqueuedTime":"2022-10-03 06:00:00"}}
{"Body":{"Status":true,"Timestamp":"2022-10-03 06:00:00","rotate":"459.270133742674"},"EnqueuedTimeUtc":"2022-10-03 06:00:00","Properties":{"messagetype":"Demo"},"SystemProperties":{"connectionAuthMethod":"{\"scope\":\"device\",\"type\":\"sas\",\"issuer\":\"iothub\",\"acceptingIpFilterRule\":null}","connectionDeviceGenerationId":"638052891151821842","connectionDeviceId":"IOTDevice_8_2","contentEncoding":"utf-8","contentType":"application/json","enqueuedTime":"2022-10-03 06:00:00"}}
{"Body":{"Status":true,"Timestamp":"2022-10-03 06:00:00","pressure":"101.994211428542"},"EnqueuedTimeUtc":"2022-10-03 06:00:00","Properties":{"messagetype":"Demo"},"SystemProperties":{"connectionAuthMethod":"{\"scope\":\"device\",\"type\":\"sas\",\"issuer\":\"iothub\",\"acceptingIpFilterRule\":null}","connectionDeviceGenerationId":"638052891151821842","connectionDeviceId":"IOTDevice_8_3","contentEncoding":"utf-8","contentType":"application/json","enqueuedTime":"2022-10-03 06:00:00"}}
{"Body":{"Status":true,"Timestamp":"2022-10-03 06:00:00","vibration":"40.0347636244596"},"EnqueuedTimeUtc":"2022-10-03 06:00:00","Properties":{"messagetype":"Demo"},"SystemProperties":{"connectionAuthMethod":"{\"scope\":\"device\",\"type\":\"sas\",\"issuer\":\"iothub\",\"acceptingIpFilterRule\":null}","connectionDeviceGenerationId":"638052891151821842","connectionDeviceId":"IOTDevice_8_4","contentEncoding":"utf-8","contentType":"application/json","enqueuedTime":"2022-10-03 06:00:00"}}
{"Body":{"Status":true,"Timestamp":"2022-10-03 07:00:00","volt":"129.163214687115"},"EnqueuedTimeUtc":"2022-10-03 07:00:00","Properties":{"messagetype":"Demo"},"SystemProperties":{"connectionAuthMethod":"{\"scope\":\"device\",\"type\":\"sas\",\"issuer\":\"iothub\",\"acceptingIpFilterRule\":null}","connectionDeviceGenerationId":"638052891151821842","connectionDeviceId":"IOTDevice_8_1","contentEncoding":"utf-8","contentType":"application/json","enqueuedTime":"2022-10-03 07:00:00"}}
{"Body":{"Status":true,"Timestamp":"2022-10-03 07:00:00","rotate":"466.287579337872"},"EnqueuedTimeUtc":"2022-10-03 07:00:00","Properties":{"messagetype":"Demo"},"SystemProperties":{"connectionAuthMethod":"{\"scope\":\"device\",\"type\":\"sas\",\"issuer\":\"iothub\",\"acceptingIpFilterRule\":null}","connectionDeviceGenerationId":"638052891151821842","connectionDeviceId":"IOTDevice_8_2","contentEncoding":"utf-8","contentType":"application/json","enqueuedTime":"2022-10-03 07:00:00"}}
{"Body":{"Status":true,"Timestamp":"2022-10-03 07:00:00","pressure":"104.572750254154"},"EnqueuedTimeUtc":"2022-10-03 07:00:00","Properties":{"messagetype":"Demo"},"SystemProperties":{"connectionAuthMethod":"{\"scope\":\"device\",\"type\":\"sas\",\"issuer\":\"iothub\",\"acceptingIpFilterRule\":null}","connectionDeviceGenerationId":"638052891151821842","connectionDeviceId":"IOTDevice_8_3","contentEncoding":"utf-8","contentType":"application/json","enqueuedTime":"2022-10-03 07:00:00"}}
{"Body":{"Status":true,"Timestamp":"2022-10-03 07:00:00","vibration":"34.825792615013"},"EnqueuedTimeUtc":"2022-10-03 07:00:00","Properties":{"messagetype":"Demo"},"SystemProperties":{"connectionAuthMethod":"{\"scope\":\"device\",\"type\":\"sas\",\"issuer\":\"iothub\",\"acceptingIpFilterRule\":null}","connectionDeviceGenerationId":"638052891151821842","connectionDeviceId":"IOTDevice_8_4","contentEncoding":"utf-8","contentType":"application/json","enqueuedTime":"2022-10-03 07:00:00"}}
{"Body":{"Status":true,"Timestamp":"2022-10-03 08:00:00","volt":"184.199616750522"},"EnqueuedTimeUtc":"2022-10-03 08:00:00","Properties":{"messagetype":"Demo"},"SystemProperties":{"connectionAuthMethod":"{\"scope\":\"device\",\"type\":\"sas\",\"issuer\":\"iothub\",\"acceptingIpFilterRule\":null}","connectionDeviceGenerationId":"638052891151821842","connectionDeviceId":"IOTDevice_8_1","contentEncoding":"utf-8","contentType":"application/json","enqueuedTime":"2022-10-03 08:00:00"}}
{"Body":{"Status":true,"Timestamp":"2022-10-03 08:00:00","rotate":"375.542864778533"},"EnqueuedTimeUtc":"2022-10-03 08:00:00","Properties":{"messagetype":"Demo"},"SystemProperties":{"connectionAuthMethod":"{\"scope\":\"device\",\"type\":\"sas\",\"issuer\":\"iothub\",\"acceptingIpFilterRule\":null}","connectionDeviceGenerationId":"638052891151821842","connectionDeviceId":"IOTDevice_8_2","contentEncoding":"utf-8","contentType":"application/json","enqueuedTime":"2022-10-03 08:00:00"}}
{"Body":{"Status":true,"Timestamp":"2022-10-03 08:00:00","pressure":"124.173568245913"},"EnqueuedTimeUtc":"2022-10-03 08:00:00","Properties":{"messagetype":"Demo"},"SystemProperties":{"connectionAuthMethod":"{\"scope\":\"device\",\"type\":\"sas\",\"issuer\":\"iothub\",\"acceptingIpFilterRule\":null}","connectionDeviceGenerationId":"638052891151821842","connectionDeviceId":"IOTDevice_8_3","contentEncoding":"utf-8","contentType":"application/json","enqueuedTime":"2022-10-03 08:00:00"}}
{"Body":{"Status":true,"Timestamp":"2022-10-03 08:00:00","vibration":"48.6297980865006"},"EnqueuedTimeUtc":"2022-10-03 08:00:00","Properties":{"messagetype":"Demo"},"SystemProperties":{"connectionAuthMethod":"{\"scope\":\"device\",\"type\":\"sas\",\"issuer\":\"iothub\",\"acceptingIpFilterRule\":null}","connectionDeviceGenerationId":"638052891151821842","connectionDeviceId":"IOTDevice_8_4","contentEncoding":"utf-8","contentType":"application/json","enqueuedTime":"2022-10-03 08:00:00"}}
{"Body":{"Status":true,"Timestamp":"2022-10-03 09:00:00","volt":"158.148023575457"},"EnqueuedTimeUtc":"2022-10-03 09:00:00","Properties":{"messagetype":"Demo"},"SystemProperties":{"connectionAuthMethod":"{\"scope\":\"device\",\"type\":\"sas\",\"issuer\":\"iothub\",\"acceptingIpFilterRule\":null}","connectionDeviceGenerationId":"638052891151821842","connectionDeviceId":"IOTDevice_8_1","contentEncoding":"utf-8","contentType":"application/json","enqueuedTime":"2022-10-03 09:00:00"}}
{"Body":{"Status":true,"Timestamp":"2022-10-03 09:00:00","rotate":"381.201774078683"},"EnqueuedTimeUtc":"2022-10-03 09:00:00","Properties":{"messagetype":"Demo"},"SystemProperties":{"connectionAuthMethod":"{\"scope\":\"device\",\"type\":\"sas\",\"issuer\":\"iothub\",\"acceptingIpFilterRule\":null}","connectionDeviceGenerationId":"638052891151821842","connectionDeviceId":"IOTDevice_8_2","contentEncoding":"utf-8","contentType":"application/json","enqueuedTime":"2022-10-03 09:00:00"}}
{"Body":{"Status":true,"Timestamp":"2022-10-03 09:00:00","pressure":"95.561135598891"},"EnqueuedTimeUtc":"2022-10-03 09:00:00","Properties":{"messagetype":"Demo"},"SystemProperties":{"connectionAuthMethod":"{\"scope\":\"device\",\"type\":\"sas\",\"issuer\":\"iothub\",\"acceptingIpFilterRule\":null}","connectionDeviceGenerationId":"638052891151821842","connectionDeviceId":"IOTDevice_8_3","contentEncoding":"utf-8","contentType":"application/json","enqueuedTime":"2022-10-03 09:00:00"}}
{"Body":{"Status":true,"Timestamp":"2022-10-03 09:00:00","vibration":"44.28405133389"},"EnqueuedTimeUtc":"2022-10-03 09:00:00","Properties":{"messagetype":"Demo"},"SystemProperties":{"connectionAuthMethod":"{\"scope\":\"device\",\"type\":\"sas\",\"issuer\":\"iothub\",\"acceptingIpFilterRule\":null}","connectionDeviceGenerationId":"638052891151821842","connectionDeviceId":"IOTDevice_8_4","contentEncoding":"utf-8","contentType":"application/json","enqueuedTime":"2022-10-03 09:00:00"}}
{"Body":{"Status":true,"Timestamp":"2022-10-03 10:00:00","volt":"167.783854247901"},"EnqueuedTimeUtc":"2022-10-03 10:00:00","Properties":{"messagetype":"Demo"},"SystemProperties":{"connectionAuthMethod":"{\"scope\":\"device\",\"type\":\"sas\",\"issuer\":\"iothub\",\"acceptingIpFilterRule\":null}","connectionDeviceGenerationId":"638052891151821842","connectionDeviceId":"IOTDevice_8_1","contentEncoding":"utf-8","contentType":"application/json","enqueuedTime":"2022-10-03 10:00:00"}}
{"Body":{"Status":true,"Timestamp":"2022-10-03 10:00:00","rotate":"386.836020870306"},"EnqueuedTimeUtc":"2022-10-03 10:00:00","Properties":{"messagetype":"Demo"},"SystemProperties":{"connectionAuthMethod":"{\"scope\":\"device\",\"type\":\"sas\",\"issuer\":\"iothub\",\"acceptingIpFilterRule\":null}","connectionDeviceGenerationId":"638052891151821842","connectionDeviceId":"IOTDevice_8_2","contentEncoding":"utf-8","contentType":"application/json","enqueuedTime":"2022-10-03 10:00:00"}}
{"Body":{"Status":true,"Timestamp":"2022-10-03 10:00:00","pressure":"97.9426149660562"},"EnqueuedTimeUtc":"2022-10-03 10:00:00","Properties":{"messagetype":"Demo"},"SystemProperties":{"connectionAuthMethod":"{\"scope\":\"device\",\"type\":\"sas\",\"issuer\":\"iothub\",\"acceptingIpFilterRule\":null}","connectionDeviceGenerationId":"638052891151821842","connectionDeviceId":"IOTDevice_8_3","contentEncoding":"utf-8","contentType":"application/json","enqueuedTime":"2022-10-03 10:00:00"}}
{"Body":{"Status":true,"Timestamp":"2022-10-03 10:00:00","vibration":"38.7477064009467"},"EnqueuedTimeUtc":"2022-10-03 10:00:00","Properties":{"messagetype":"Demo"},"SystemProperties":{"connectionAuthMethod":"{\"scope\":\"device\",\"type\":\"sas\",\"issuer\":\"iothub\",\"acceptingIpFilterRule\":null}","connectionDeviceGenerationId":"638052891151821842","connectionDeviceId":"IOTDevice_8_4","contentEncoding":"utf-8","contentType":"application/json","enqueuedTime":"2022-10-03 10:00:00"}}
{"Body":{"Status":true,"Timestamp":"2022-10-03 11:00:00","volt":"143.344129864468"},"EnqueuedTimeUtc":"2022-10-03 11:00:00","Properties":{"messagetype":"Demo"},"SystemProperties":{"connectionAuthMethod":"{\"scope\":\"device\",\"type\":\"sas\",\"issuer\":\"iothub\",\"acceptingIpFilterRule\":null}","connectionDeviceGenerationId":"638052891151821842","connectionDeviceId":"IOTDevice_8_1","contentEncoding":"utf-8","contentType":"application/json","enqueuedTime":"2022-10-03 11:00:00"}}
{"Body":{"Status":true,"Timestamp":"2022-10-03 11:00:00","rotate":"427.673549074301"},"EnqueuedTimeUtc":"2022-10-03 11:00:00","Properties":{"messagetype":"Demo"},"SystemProperties":{"connectionAuthMethod":"{\"scope\":\"device\",\"type\":\"sas\",\"issuer\":\"iothub\",\"acceptingIpFilterRule\":null}","connectionDeviceGenerationId":"638052891151821842","connectionDeviceId":"IOTDevice_8_2","contentEncoding":"utf-8","contentType":"application/json","enqueuedTime":"2022-10-03 11:00:00"}}
{"Body":{"Status":true,"Timestamp":"2022-10-03 11:00:00","pressure":"102.954607553238"},"EnqueuedTimeUtc":"2022-10-03 11:00:00","Properties":{"messagetype":"Demo"},"SystemProperties":{"connectionAuthMethod":"{\"scope\":\"device\",\"type\":\"sas\",\"issuer\":\"iothub\",\"acceptingIpFilterRule\":null}","connectionDeviceGenerationId":"638052891151821842","connectionDeviceId":"IOTDevice_8_3","contentEncoding":"utf-8","contentType":"application/json","enqueuedTime":"2022-10-03 11:00:00"}}
{"Body":{"Status":true,"Timestamp":"2022-10-03 11:00:00","vibration":"46.0370976080294"},"EnqueuedTimeUtc":"2022-10-03 11:00:00","Properties":{"messagetype":"Demo"},"SystemProperties":{"connectionAuthMethod":"{\"scope\":\"device\",\"type\":\"sas\",\"issuer\":\"iothub\",\"acceptingIpFilterRule\":null}","connectionDeviceGenerationId":"638052891151821842","connectionDeviceId":"IOTDevice_8_4","contentEncoding":"utf-8","contentType":"application/json","enqueuedTime":"2022-10-03 11:00:00"}}
