{"Body":{"Status":true,"Timestamp":"2022-10-22 21:00:00","volt":"176.331543449493"},"EnqueuedTimeUtc":"2022-10-22 21:00:00","Properties":{"messagetype":"Demo"},"SystemProperties":{"connectionAuthMethod":"{\"scope\":\"device\",\"type\":\"sas\",\"issuer\":\"iothub\",\"acceptingIpFilterRule\":null}","connectionDeviceGenerationId":"638052891151821842","connectionDeviceId":"IOTDevice_7_1","contentEncoding":"utf-8","contentType":"application/json","enqueuedTime":"2022-10-22 21:00:00"}}
{"Body":{"Status":true,"Timestamp":"2022-10-22 21:00:00","rotate":"577.392948254399"},"EnqueuedTimeUtc":"2022-10-22 21:00:00","Properties":{"messagetype":"Demo"},"SystemProperties":{"connectionAuthMethod":"{\"scope\":\"device\",\"type\":\"sas\",\"issuer\":\"iothub\",\"acceptingIpFilterRule\":null}","connectionDeviceGenerationId":"638052891151821842","connectionDeviceId":"IOTDevice_7_2","contentEncoding":"utf-8","contentType":"application/json","enqueuedTime":"2022-10-22 21:00:00"}}
{"Body":{"Status":true,"Timestamp":"2022-10-22 21:00:00","pressure":"101.549313637858"},"EnqueuedTimeUtc":"2022-10-22 21:00:00","Properties":{"messagetype":"Demo"},"SystemProperties":{"connectionAuthMethod":"{\"scope\":\"device\",\"type\":\"sas\",\"issuer\":\"iothub\",\"acceptingIpFilterRule\":null}","connectionDeviceGenerationId":"638052891151821842","connectionDeviceId":"IOTDevice_7_3","contentEncoding":"utf-8","contentType":"application/json","enqueuedTime":"2022-10-22 21:00:00"}}
{"Body":{"Status":true,"Timestamp":"2022-10-22 21:00:00","vibration":"49.798769095737"},"EnqueuedTimeUtc":"2022-10-22 21:00:00","Properties":{"messagetype":"Demo"},"SystemProperties":{"connectionAuthMethod":"{\"scope\":\"device\",\"type\":\"sas\",\"issuer\":\"iothub\",\"acceptingIpFilterRule\":null}","connectionDeviceGenerationId":"638052891151821842","connectionDeviceId":"IOTDevice_7_4","contentEncoding":"utf-8","contentType":"application/json","enqueuedTime":"2022-10-22 21:00:00"}}
{"Body":{"Status":true,"Timestamp":"2022-10-22 22:00:00","volt":"158.507823214035"},"EnqueuedTimeUtc":"2022-10-22 22:00:00","Properties":{"messagetype":"Demo"},"SystemProperties":{"connectionAuthMethod":"{\"scope\":\"device\",\"type\":\"sas\",\"issuer\":\"iothub\",\"acceptingIpFilterRule\":null}","connectionDeviceGenerationId":"638052891151821842","connectionDeviceId":"IOTDevice_7_1","contentEncoding":"utf-8","contentType":"application/json","enqueuedTime":"2022-10-22 22:00:00"}}
{"Body":{"Status":true,"Timestamp":"2022-10-22 22:00:00","rotate":"475.629376067301"},"EnqueuedTimeUtc":"2022-10-22 22:00:00","Properties":{"messagetype":"Demo"},"SystemProperties":{"connectionAuthMethod":"{\"scope\":\"device\",\"type\":\"sas\",\"issuer\":\"iothub\",\"acceptingIpFilterRule\":null}","connectionDeviceGenerationId":"638052891151821842","connectionDeviceId":"IOTDevice_7_2","contentEncoding":"utf-8","contentType":"application/json","enqueuedTime":"2022-10-22 22:00:00"}}
{"Body":{"Status":true,"Timestamp":"2022-10-22 22:00:00","pressure":"135.606559537581"},"EnqueuedTimeUtc":"2022-10-22 22:00:00","Properties":{"messagetype":"Demo"},"SystemProperties":{"connectionAuthMethod":"{\"scope\":\"device\",\"type\":\"sas\",\"issuer\":\"iothub\",\"acceptingIpFilterRule\":null}","connectionDeviceGenerationId":"638052891151821842","connectionDeviceId":"IOTDevice_7_3","contentEncoding":"utf-8","contentType":"application/json","enqueuedTime":"2022-10-22 22:00:00"}}
{"Body":{"Status":true,"Timestamp":"2022-10-22 22:00:00","vibration":"52.7989328002949"},"EnqueuedTimeUtc":"2022-10-22 22:00:00","Properties":{"messagetype":"Demo"},"SystemProperties":{"connectionAuthMethod":"{\"scope\":\"device\",\"type\":\"sas\",\"issuer\":\"iothub\",\"acceptingIpFilterRule\":null}","connectionDeviceGenerationId":"638052891151821842","connectionDeviceId":"IOTDevice_7_4","contentEncoding":"utf-8","contentType":"application/json","enqueuedTime":"2022-10-22 22:00:00"}}
{"Body":{"Status":true,"Timestamp":"2022-10-22 23:00:00","volt":"141.561892517179"},"EnqueuedTimeUtc":"2022-10-22 23:00:00","Properties":{"messagetype":"Demo"},"SystemProperties":{"connectionAuthMethod":"{\"scope\":\"device\",\"type\":\"sas\",\"issuer\":\"iothub\",\"acceptingIpFilterRule\":null}","connectionDeviceGenerationId":"638052891151821842","connectionDeviceId":"IOTDevice_7_1","contentEncoding":"utf-8","contentType":"application/json","enqueuedTime":"2022-10-22 23:00:00"}}
{"Body":{"Status":true,"Timestamp":"2022-10-22 23:00:00","rotate":"493.647872802566"},"EnqueuedTimeUtc":"2022-10-22 23:00:00","Properties":{"messagetype":"Demo"},"SystemProperties":{"connectionAuthMethod":"{\"scope\":\"device\",\"type\":\"sas\",\"issuer\":\"iothub\",\"acceptingIpFilterRule\":null}","connectionDeviceGenerationId":"638052891151821842","connectionDeviceId":"IOTDevice_7_2","contentEncoding":"utf-8","contentType":"application/json","enqueuedTime":"2022-10-22 23:00:00"}}
{"Body":{"Status":true,"Timestamp":"2022-10-22 23:00:00","pressure":"108.724950970592"},"EnqueuedTimeUtc":"2022-10-22 23:00:00","Properties":{"messagetype":"Demo"},"SystemProperties":{"connectionAuthMethod":"{\"scope\":\"device\",\"type\":\"sas\",\"issuer\":\"iothub\",\"acceptingIpFilterRule\":null}","connectionDeviceGenerationId":"638052891151821842","connectionDeviceId":"IOTDevice_7_3","contentEncoding":"utf-8","contentType":"application/json","enqueuedTime":"2022-10-22 23:00:00"}}
{"Body":{"Status":true,"Timestamp":"2022-10-22 23:00:00","vibration":"51.5385688768686"},"EnqueuedTimeUtc":"2022-10-22 23:00:00","Properties":{"messagetype":"Demo"},"SystemProperties":{"connectionAuthMethod":"{\"scope\":\"device\",\"type\":\"sas\",\"issuer\":\"iothub\",\"acceptingIpFilterRule\":null}","connectionDeviceGenerationId":"638052891151821842","connectionDeviceId":"IOTDevice_7_4","contentEncoding":"utf-8","contentType":"application/json","enqueuedTime":"2022-10-22 23:00:00"}}
{"Body":{"Status":true,"Timestamp":"2022-10-22 00:00:00","volt":"189.226459041143"},"EnqueuedTimeUtc":"2022-10-22 00:00:00","Properties":{"messagetype":"Demo"},"SystemProperties":{"connectionAuthMethod":"{\"scope\":\"device\",\"type\":\"sas\",\"issuer\":\"iothub\",\"acceptingIpFilterRule\":null}","connectionDeviceGenerationId":"638052891151821842","connectionDeviceId":"IOTDevice_8_1","contentEncoding":"utf-8","contentType":"application/json","enqueuedTime":"2022-10-22 00:00:00"}}
{"Body":{"Status":true,"Timestamp":"2022-10-22 00:00:00","rotate":"440.858173552527"},"EnqueuedTimeUtc":"2022-10-22 00:00:00","Properties":{"messagetype":"Demo"},"SystemProperties":{"connectionAuthMethod":"{\"scope\":\"device\",\"type\":\"sas\",\"issuer\":\"iothub\",\"acceptingIpFilterRule\":null}","connectionDeviceGenerationId":"638052891151821842","connectionDeviceId":"IOTDevice_8_2","contentEncoding":"utf-8","contentType":"application/json","enqueuedTime":"2022-10-22 00:00:00"}}
{"Body":{"Status":true,"Timestamp":"2022-10-22 00:00:00","pressure":"113.542259038091"},"EnqueuedTimeUtc":"2022-10-22 00:00:00","Properties":{"messagetype":"Demo"},"SystemProperties":{"connectionAuthMethod":"{\"scope\":\"device\",\"type\":\"sas\",\"issuer\":\"iothub\",\"acceptingIpFilterRule\":null}","connectionDeviceGenerationId":"638052891151821842","connectionDeviceId":"IOTDevice_8_3","contentEncoding":"utf-8","contentType":"application/json","enqueuedTime":"2022-10-22 00:00:00"}}
{"Body":{"Status":true,"Timestamp":"2022-10-22 00:00:00","vibration":"51.7478854113595"},"EnqueuedTimeUtc":"2022-10-22 00:00:00","Properties":{"messagetype":"Demo"},"SystemProperties":{"connectionAuthMethod":"{\"scope\":\"device\",\"type\":\"sas\",\"issuer\":\"iothub\",\"acceptingIpFilterRule\":null}","connectionDeviceGenerationId":"638052891151821842","connectionDeviceId":"IOTDevice_8_4","contentEncoding":"utf-8","contentType":"application/json","enqueuedTime":"2022-10-22 00:00:00"}}
{"Body":{"Status":true,"Timestamp":"2022-10-22 01:00:00","volt":"175.538206514477"},"EnqueuedTimeUtc":"2022-10-22 01:00:00","Properties":{"messagetype":"Demo"},"SystemProperties":{"connectionAuthMethod":"{\"scope\":\"device\",\"type\":\"sas\",\"issuer\":\"iothub\",\"acceptingIpFilterRule\":null}","connectionDeviceGenerationId":"638052891151821842","connectionDeviceId":"IOTDevice_8_1","contentEncoding":"utf-8","contentType":"application/json","enqueuedTime":"2022-10-22 01:00:00"}}
{"Body":{"Status":true,"Timestamp":"2022-10-22 01:00:00","rotate":"482.392535789004"},"EnqueuedTimeUtc":"2022-10-22 01:00:00","Properties":{"messagetype":"Demo"},"SystemProperties":{"connectionAuthMethod":"{\"scope\":\"device\",\"type\":\"sas\",\"issuer\":\"iothub\",\"acceptingIpFilterRule\":null}","connectionDeviceGenerationId":"638052891151821842","connectionDeviceId":"IOTDevice_8_2","contentEncoding":"utf-8","contentType":"application/json","enqueuedTime":"2022-10-22 01:00:00"}}
{"Body":{"Status":true,"Timestamp":"2022-10-22 01:00:00","pressure":"108.433113187955"},"EnqueuedTimeUtc":"2022-10-22 01:00:00","Properties":{"messagetype":"Demo"},"SystemProperties":{"connectionAuthMethod":"{\"scope\":\"device\",\"type\":\"sas\",\"issuer\":\"iothub\",\"acceptingIpFilterRule\":null}","connectionDeviceGenerationId":"638052891151821842","connectionDeviceId":"IOTDevice_8_3","contentEncoding":"utf-8","contentType":"application/json","enqueuedTime":"2022-10-22 01:00:00"}}
{"Body":{"Status":true,"Timestamp":"2022-10-22 01:00:00","vibration":"53.5880263780905"},"EnqueuedTimeUtc":"2022-10-22 01:00:00","Properties":{"messagetype":"Demo"},"SystemProperties":{"connectionAuthMethod":"{\"scope\":\"device\",\"type\":\"sas\",\"issuer\":\"iothub\",\"acceptingIpFilterRule\":null}","connectionDeviceGenerationId":"638052891151821842","connectionDeviceId":"IOTDevice_8_4","contentEncoding":"utf-8","contentType":"application/json","enqueuedTime":"2022-10-22 01:00:00"}}
{"Body":{"Status":true,"Timestamp":"2022-10-22 02:00:00","volt":"158.932368709499"},"EnqueuedTimeUtc":"2022-10-22 02:00:00","Properties":{"messagetype":"Demo"},"SystemProperties":{"connectionAuthMethod":"{\"scope\":\"device\",\"type\":\"sas\",\"issuer\":\"iothub\",\"acceptingIpFilterRule\":null}","connectionDeviceGenerationId":"638052891151821842","connectionDeviceId":"IOTDevice_8_1","contentEncoding":"utf-8","contentType":"application/json","enqueuedTime":"2022-10-22 02:00:00"}}
{"Body":{"Status":true,"Timestamp":"2022-10-22 02:00:00","rotate":"521.961360716328"},"EnqueuedTimeUtc":"2022-10-22 02:00:00","Properties":{"messagetype":"Demo"},"SystemProperties":{"connectionAuthMethod":"{\"scope\":\"device\",\"type\":\"sas\",\"issuer\":\"iothub\",\"acceptingIpFilterRule\":null}","connectionDeviceGenerationId":"638052891151821842","connectionDeviceId":"IOTDevice_8_2","contentEncoding":"utf-8","contentType":"application/json","enqueuedTime":"2022-10-22 02:00:00"}}
{"Body":{"Status":true,"Timestamp":"2022-10-22 02:00:00","pressure":"105.994146419164"},"EnqueuedTimeUtc":"2022-10-22 02:00:00","Properties":{"messagetype":"Demo"},"SystemProperties":{"connectionAuthMethod":"{\"scope\":\"device\",\"type\":\"sas\",\"issuer\":\"iothub\",\"acceptingIpFilterRule\":null}","connectionDeviceGenerationId":"638052891151821842","connectionDeviceId":"IOTDevice_8_3","contentEncoding":"utf-8","contentType":"application/json","enqueuedTime":"2022-10-22 02:00:00"}}
{"Body":{"Status":true,"Timestamp":"2022-10-22 02:00:00","vibration":"55.7642319515356"},"EnqueuedTimeUtc":"2022-10-22 02:00:00","Properties":{"messagetype":"Demo"},"SystemProperties":{"connectionAuthMethod":"{\"scope\":\"device\",\"type\":\"sas\",\"issuer\":\"iothub\",\"acceptingIpFilterRule\":null}","connectionDeviceGenerationId":"638052891151821842","connectionDeviceId":"IOTDevice_8_4","contentEncoding":"utf-8","contentType":"application/json","enqueuedTime":"2022-10-22 02:00:00"}}
{"Body":{"Status":true,"Timestamp":"2022-10-22 03:00:00","volt":"175.225706256293"},"EnqueuedTimeUtc":"2022-10-22 03:00:00","Properties":{"messagetype":"Demo"},"SystemProperties":{"connectionAuthMethod":"{\"scope\":\"device\",\"type\":\"sas\",\"issuer\":\"iothub\",\"acceptingIpFilterRule\":null}","connectionDeviceGenerationId":"638052891151821842","connectionDeviceId":"IOTDevice_8_1","contentEncoding":"utf-8","contentType":"application/json","enqueuedTime":"2022-10-22 03:00:00"}}
{"Body":{"Status":true,"Timestamp":"2022-10-22 03:00:00","rotate":"423.495600507329"},"EnqueuedTimeUtc":"2022-10-22 03:00:00","Properties":{"messagetype":"Demo"},"SystemProperties":{"connectionAuthMethod":"{\"scope\":\"device\",\"type\":\"sas\",\"issuer\":\"iothub\",\"acceptingIpFilterRule\":null}","connectionDeviceGenerationId":"638052891151821842","connectionDeviceId":"IOTDevice_8_2","contentEncoding":"utf-8","contentType":"application/json","enqueuedTime":"2022-10-22 03:00:00"}}
{"Body":{"Status":true,"Timestamp":"2022-10-22 03:00:00","pressure":"103.526993825123"},"EnqueuedTimeUtc":"2022-10-22 03:00:00","Properties":{"messagetype":"Demo"},"SystemProperties":{"connectionAuthMethod":"{\"scope\":\"device\",\"type\":\"sas\",\"issuer\":\"iothub\",\"acceptingIpFilterRule\":null}","connectionDeviceGenerationId":"638052891151821842","connectionDeviceId":"IOTDevice_8_3","contentEncoding":"utf-8","contentType":"application/json","enqueuedTime":"2022-10-22 03:00:00"}}
{"Body":{"Status":true,"Timestamp":"2022-10-22 03:00:00","vibration":"45.1904214372682"},"EnqueuedTimeUtc":"2022-10-22 03:00:00","Properties":{"messagetype":"Demo"},"SystemProperties":{"connectionAuthMethod":"{\"scope\":\"device\",\"type\":\"sas\",\"issuer\":\"iothub\",\"acceptingIpFilterRule\":null}","connectionDeviceGenerationId":"638052891151821842","connectionDeviceId":"IOTDevice_8_4","contentEncoding":"utf-8","contentType":"application/json","enqueuedTime":"2022-10-22 03:00:00"}}
{"Body":{"Status":true,"Timestamp":"2022-10-22 04:00:00","volt":"200.31859007736"},"EnqueuedTimeUtc":"2022-10-22 04:00:00","Properties":{"messagetype":"Demo"},"SystemProperties":{"connectionAuthMethod":"{\"scope\":\"device\",\"type\":\"sas\",\"issuer\":\"iothub\",\"acceptingIpFilterRule\":null}","connectionDeviceGenerationId":"638052891151821842","connectionDeviceId":"IOTDevice_8_1","contentEncoding":"utf-8","contentType":"application/json","enqueuedTime":"2022-10-22 04:00:00"}}
{"Body":{"Status":true,"Timestamp":"2022-10-22 04:00:00","rotate":"416.233122218815"},"EnqueuedTimeUtc":"2022-10-22 04:00:00","Properties":{"messagetype":"Demo"},"SystemProperties":{"connectionAuthMethod":"{\"scope\":\"device\",\"type\":\"sas\",\"issuer\":\"iothub\",\"acceptingIpFilterRule\":null}","connectionDeviceGenerationId":"638052891151821842","connectionDeviceId":"IOTDevice_8_2","contentEncoding":"utf-8","contentType":"application/json","enqueuedTime":"2022-10-22 04:00:00"}}
{"Body":{"Status":true,"Timestamp":"2022-10-22 04:00:00","pressure":"97.5767159918433"},"EnqueuedTimeUtc":"2022-10-22 04:00:00","Properties":{"messagetype":"Demo"},"SystemProperties":{"connectionAuthMethod":"{\"scope\":\"device\",\"type\":\"sas\",\"issuer\":\"iothub\",\"acceptingIpFilterRule\":null}","connectionDeviceGenerationId":"638052891151821842","connectionDeviceId":"IOTDevice_8_3","contentEncoding":"utf-8","contentType":"application/json","enqueuedTime":"2022-10-22 04:00:00"}}
{"Body":{"Status":true,"Timestamp":"2022-10-22 04:00:00","vibration":"44.5141302389241"},"EnqueuedTimeUtc":"2022-10-22 04:00:00","Properties":{"messagetype":"Demo"},"SystemProperties":{"connectionAuthMethod":"{\"scope\":\"device\",\"type\":\"sas\",\"issuer\":\"iothub\",\"acceptingIpFilterRule\":null}","connectionDeviceGenerationId":"638052891151821842","connectionDeviceId":"IOTDevice_8_4","contentEncoding":"utf-8","contentType":"application/json","enqueuedTime":"2022-10-22 04:00:00"}}
{"Body":{"Status":true,"Timestamp":"2022-10-22 05:00:00","volt":"181.960000718469"},"EnqueuedTimeUtc":"2022-10-22 05:00:00","Properties":{"messagetype":"Demo"},"SystemProperties":{"connectionAuthMethod":"{\"scope\":\"device\",\"type\":\"sas\",\"issuer\":\"iothub\",\"acceptingIpFilterRule\":null}","connectionDeviceGenerationId":"638052891151821842","connectionDeviceId":"IOTDevice_8_1","contentEncoding":"utf-8","contentType":"application/json","enqueuedTime":"2022-10-22 05:00:00"}}
{"Body":{"Status":true,"Timestamp":"2022-10-22 05:00:00","rotate":"389.17952561465"},"EnqueuedTimeUtc":"2022-10-22 05:00:00","Properties":{"messagetype":"Demo"},"SystemProperties":{"connectionAuthMethod":"{\"scope\":\"device\",\"type\":\"sas\",\"issuer\":\"iothub\",\"acceptingIpFilterRule\":null}","connectionDeviceGenerationId":"638052891151821842","connectionDeviceId":"IOTDevice_8_2","contentEncoding":"utf-8","contentType":"application/json","enqueuedTime":"2022-10-22 05:00:00"}}
{"Body":{"Status":true,"Timestamp":"2022-10-22 05:00:00","pressure":"103.717840561437"},"EnqueuedTimeUtc":"2022-10-22 05:00:00","Properties":{"messagetype":"Demo"},"SystemProperties":{"connectionAuthMethod":"{\"scope\":\"device\",\"type\":\"sas\",\"issuer\":\"iothub\",\"acceptingIpFilterRule\":null}","connectionDeviceGenerationId":"638052891151821842","connectionDeviceId":"IOTDevice_8_3","contentEncoding":"utf-8","contentType":"application/json","enqueuedTime":"2022-10-22 05:00:00"}}
{"Body":{"Status":true,"Timestamp":"2022-10-22 05:00:00","vibration":"47.084291616106"},"EnqueuedTimeUtc":"2022-10-22 05:00:00","Properties":{"messagetype":"Demo"},"SystemProperties":{"connectionAuthMethod":"{\"scope\":\"device\",\"type\":\"sas\",\"issuer\":\"iothub\",\"acceptingIpFilterRule\":null}","connectionDeviceGenerationId":"638052891151821842","connectionDeviceId":"IOTDevice_8_4","contentEncoding":"utf-8","contentType":"application/json","enqueuedTime":"2022-10-22 05:00:00"}}
{"Body":{"Status":true,"Timestamp":"2022-10-22 06:00:00","volt":"193.616975972642"},"EnqueuedTimeUtc":"2022-10-22 06:00:00","Properties":{"messagetype":"Demo"},"SystemProperties":{"connectionAuthMethod":"{\"scope\":\"device\",\"type\":\"sas\",\"issuer\":\"iothub\",\"acceptingIpFilterRule\":null}","connectionDeviceGenerationId":"638052891151821842","connectionDeviceId":"IOTDevice_8_1","contentEncoding":"utf-8","contentType":"application/json","enqueuedTime":"2022-10-22 06:00:00"}}
{"Body":{"Status":true,"Timestamp":"2022-10-22 06:00:00","rotate":"402.353354516745"},"EnqueuedTimeUtc":"2022-10-22 06:00:00","Properties":{"messagetype":"Demo"},"SystemProperties":{"connectionAuthMethod":"{\"scope\":\"device\",\"type\":\"sas\",\"issuer\":\"iothub\",\"acceptingIpFilterRule\":null}","connectionDeviceGenerationId":"638052891151821842","connectionDeviceId":"IOTDevice_8_2","contentEncoding":"utf-8","contentType":"application/json","enqueuedTime":"2022-10-22 06:00:00"}}
{"Body":{"Status":true,"Timestamp":"2022-10-22 06:00:00","pressure":"100.323998051739"},"EnqueuedTimeUtc":"2022-10-22 06:00:00","Properties":{"messagetype":"Demo"},"SystemProperties":{"connectionAuthMethod":"{\"scope\":\"device\",\"type\":\"sas\",\"issuer\":\"iothub\",\"acceptingIpFilterRule\":null}","connectionDeviceGenerationId":"638052891151821842","connectionDeviceId":"IOTDevice_8_3","contentEncoding":"utf-8","contentType":"application/json","enqueuedTime":"2022-10-22 06:00:00"}}
{"Body":{"Status":true,"Timestamp":"2022-10-22 06:00:00","vibration":"45.9207233882495"},"EnqueuedTimeUtc":"2022-10-22 06:00:00","Properties":{"messagetype":"Demo"},"SystemProperties":{"connectionAuthMethod":"{\"scope\":\"device\",\"type\":\"sas\",\"issuer\":\"iothub\",\"acceptingIpFilterRule\":null}","connectionDeviceGenerationId":"638052891151821842","connectionDeviceId":"IOTDevice_8_4","contentEncoding":"utf-8","contentType":"application/json","enqueuedTime":"2022-10-22 06:00:00"}}
{"Body":{"Status":true,"Timestamp":"2022-10-22 07:00:00","volt":"134.754192394632"},"EnqueuedTimeUtc":"2022-10-22 07:00:00","Properties":{"messagetype":"Demo"},"SystemProperties":{"connectionAuthMethod":"{\"scope\":\"device\",\"type\":\"sas\",\"issuer\":\"iothub\",\"acceptingIpFilterRule\":null}","connectionDeviceGenerationId":"638052891151821842","connectionDeviceId":"IOTDevice_8_1","contentEncoding":"utf-8","contentType":"application/json","enqueuedTime":"2022-10-22 07:00:00"}}
{"Body":{"Status":true,"Timestamp":"2022-10-22 07:00:00","rotate":"396.834169046395"},"EnqueuedTimeUtc":"2022-10-22 07:00:00","Properties":{"messagetype":"Demo"},"SystemProperties":{"connectionAuthMethod":"{\"scope\":\"device\",\"type\":\"sas\",\"issuer\":\"iothub\",\"acceptingIpFilterRule\":null}","connectionDeviceGenerationId":"638052891151821842","connectionDeviceId":"IOTDevice_8_2","contentEncoding":"utf-8","contentType":"application/json","enqueuedTime":"2022-10-22 07:00:00"}}
{"Body":{"Status":true,"Timestamp":"2022-10-22 07:00:00","pressure":"90.3448948451502"},"EnqueuedTimeUtc":"2022-10-22 07:00:00","Properties":{"messagetype":"Demo"},"SystemProperties":{"connectionAuthMethod":"{\"scope\":\"device\",\"type\":\"sas\",\"issuer\":\"iothub\",\"acceptingIpFilterRule\":null}","connectionDeviceGenerationId":"638052891151821842","connectionDeviceId":"IOTDevice_8_3","contentEncoding":"utf-8","contentType":"application/json","enqueuedTime":"2022-10-22 07:00:00"}}
{"Body":{"Status":true,"Timestamp":"2022-10-22 07:00:00","vibration":"55.8312531395408"},"EnqueuedTimeUtc":"2022-10-22 07:00:00","Properties":{"messagetype":"Demo"},"SystemProperties":{"connectionAuthMethod":"{\"scope\":\"device\",\"type\":\"sas\",\"issuer\":\"iothub\",\"acceptingIpFilterRule\":null}","connectionDeviceGenerationId":"638052891151821842","connectionDeviceId":"IOTDevice_8_4","contentEncoding":"utf-8","contentType":"application/json","enqueuedTime":"2022-10-22 07:00:00"}}
{"Body":{"Status":true,"Timestamp":"2022-10-22 08:00:00","volt":"174.119044518946"},"EnqueuedTimeUtc":"2022-10-22 08:00:00","Properties":{"messagetype":"Demo"},"SystemProperties":{"connectionAuthMethod":"{\"scope\":\"device\",\"type\":\"sas\",\"issuer\":\"iothub\",\"acceptingIpFilterRule\":null}","connectionDeviceGenerationId":"638052891151821842","connectionDeviceId":"IOTDevice_8_1","contentEncoding":"utf-8","contentType":"application/json","enqueuedTime":"2022-10-22 08:00:00"}}
{"Body":{"Status":true,"Timestamp":"2022-10-22 08:00:00","rotate":"427.334544640863"},"EnqueuedTimeUtc":"2022-10-22 08:00:00","Properties":{"messagetype":"Demo"},"SystemProperties":{"connectionAuthMethod":"{\"scope\":\"device\",\"type\":\"sas\",\"issuer\":\"iothub\",\"acceptingIpFilterRule\":null}","connectionDeviceGenerationId":"638052891151821842","connectionDeviceId":"IOTDevice_8_2","contentEncoding":"utf-8","contentType":"application/json","enqueuedTime":"2022-10-22 08:00:00"}}
{"Body":{"Status":true,"Timestamp":"2022-10-22 08:00:00","pressure":"106.244932842653"},"EnqueuedTimeUtc":"2022-10-22 08:00:00","Properties":{"messagetype":"Demo"},"SystemProperties":{"connectionAuthMethod":"{\"scope\":\"device\",\"type\":\"sas\",\"issuer\":\"iothub\",\"acceptingIpFilterRule\":null}","connectionDeviceGenerationId":"638052891151821842","connectionDeviceId":"IOTDevice_8_3","contentEncoding":"utf-8","contentType":"application/json","enqueuedTime":"2022-10-22 08:00:00"}}
{"Body":{"Status":true,"Timestamp":"2022-10-22 08:00:00","vibration":"65.5585363435377"},"EnqueuedTimeUtc":"2022-10-22 08:00:00","Properties":{"messagetype":"Demo"},"SystemProperties":{"connectionAuthMethod":"{\"scope\":\"device\",\"type\":\"sas\",\"issuer\":\"iothub\",\"acceptingIpFilterRule\":null}","connectionDeviceGenerationId":"638052891151821842","connectionDeviceId":"IOTDevice_8_4","contentEncoding":"utf-8","contentType":"application/json","enqueuedTime":"2022-10-22 08:00:00"}}
{"Body":{"Status":true,"Timestamp":"2022-10-22 09:00:00","volt":"159.155807755614"},"EnqueuedTimeUtc":"2022-10-22 09:00:00","Properties":{"messagetype":"Demo"},"SystemProperties":{"connectionAuthMethod":"{\"scope\":\"device\",\"type\":\"sas\",\"issuer\":\"iothub\",\"acceptingIpFilterRule\":null}","connectionDeviceGenerationId":"638052891151821842","connectionDeviceId":"IOTDevice_8_1","contentEncoding":"utf-8","contentType":"application/json","enqueuedTime":"2022-10-22 09:00:00"}}
{"Body":{"Status":true,"Timestamp":"2022-10-22 09:00:00","rotate":"462.539603959313"},"EnqueuedTimeUtc":"2022-10-22 09:00:00","Properties":{"messagetype":"Demo"},"SystemProperties":{"connectionAuthMethod":"{\"scope\":\"device\",\"type\":\"sas\",\"issuer\":\"iothub\",\"acceptingIpFilterRule\":null}","connectionDeviceGenerationId":"638052891151821842","connectionDeviceId":"IOTDevice_8_2","contentEncoding":"utf-8","contentType":"application/json","enqueuedTime":"2022-10-22 09:00:00"}}
{"Body":{"Status":true,"Timestamp":"2022-10-22 09:00:00","pressure":"101.669100982132"},"EnqueuedTimeUtc":"2022-10-22 09:00:00","Properties":{"messagetype":"Demo"},"SystemProperties":{"connectionAuthMethod":"{\"scope\":\"device\",\"type\":\"sas\",\"issuer\":\"iothub\",\"acceptingIpFilterRule\":null}","connectionDeviceGenerationId":"638052891151821842","connectionDeviceId":"IOTDevice_8_3","contentEncoding":"utf-8","contentType":"application/json","enqueuedTime":"2022-10-22 09:00:00"}}
{"Body":{"Status":true,"Timestamp":"2022-10-22 09:00:00","vibration":"52.0330842581375"},"EnqueuedTimeUtc":"2022-10-22 09:00:00","Properties":{"messagetype":"Demo"},"SystemProperties":{"connectionAuthMethod":"{\"scope\":\"device\",\"type\":\"sas\",\"issuer\":\"iothub\",\"acceptingIpFilterRule\":null}","connectionDeviceGenerationId":"638052891151821842","connectionDeviceId":"IOTDevice_8_4","contentEncoding":"utf-8","contentType":"application/json","enqueuedTime":"2022-10-22 09:00:00"}}
{"Body":{"Status":true,"Timestamp":"2022-10-22 10:00:00","volt":"162.492667141637"},"EnqueuedTimeUtc":"2022-10-22 10:00:00","Properties":{"messagetype":"Demo"},"SystemProperties":{"connectionAuthMethod":"{\"scope\":\"device\",\"type\":\"sas\",\"issuer\":\"iothub\",\"acceptingIpFilterRule\":null}","connectionDeviceGenerationId":"638052891151821842","connectionDeviceId":"IOTDevice_8_1","contentEncoding":"utf-8","contentType":"application/json","enqueuedTime":"2022-10-22 10:00:00"}}
{"Body":{"Status":true,"Timestamp":"2022-10-22 10:00:00","rotate":"374.832269249617"},"EnqueuedTimeUtc":"2022-10-22 10:00:00","Properties":{"messagetype":"Demo"},"SystemProperties":{"connectionAuthMethod":"{\"scope\":\"device\",\"type\":\"sas\",\"issuer\":\"iothub\",\"acceptingIpFilterRule\":null}","connectionDeviceGenerationId":"638052891151821842","connectionDeviceId":"IOTDevice_8_2","contentEncoding":"utf-8","contentType":"application/json","enqueuedTime":"2022-10-22 10:00:00"}}
{"Body":{"Status":true,"Timestamp":"2022-10-22 10:00:00","pressure":"101.255662178277"},"EnqueuedTimeUtc":"2022-10-22 10:00:00","Properties":{"messagetype":"Demo"},"SystemProperties":{"connectionAuthMethod":"{\"scope\":\"device\",\"type\":\"sas\",\"issuer\":\"iothub\",\"acceptingIpFilterRule\":null}","connectionDeviceGenerationId":"638052891151821842","connectionDeviceId":"IOTDevice_8_3","contentEncoding":"utf-8","contentType":"application/json","enqueuedTime":"2022-10-22 10:00:00"}}
{"Body":{"Status":true,"Timestamp":"2022-10-22 10:00:00","vibration":"47.4809481863479"},"EnqueuedTimeUtc":"2022-10-22 10:00:00","Properties":{"messagetype":"Demo"},"SystemProperties":{"connectionAuthMethod":"{\"scope\":\"device\",\"type\":\"sas\",\"issuer\":\"iothub\",\"acceptingIpFilterRule\":null}","connectionDeviceGenerationId":"638052891151821842","connectionDeviceId":"IOTDevice_8_4","contentEncoding":"utf-8","contentType":"application/json","enqueuedTime":"2022-10-22 10:00:00"}}
{"Body":{"Status":true,"Timestamp":"2022-10-22 11:00:00","volt":"148.574028313861"},"EnqueuedTimeUtc":"2022-10-22 11:00:00","Properties":{"messagetype":"Demo"},"SystemProperties":{"connectionAuthMethod":"{\"scope\":\"device\",\"type\":\"sas\",\"issuer\":\"iothub\",\"acceptingIpFilterRule\":null}","connectionDeviceGenerationId":"638052891151821842","connectionDeviceId":"IOTDevice_8_1","contentEncoding":"utf-8","contentType":"application/json","enqueuedTime":"2022-10-22 11:00:00"}}
{"Body":{"Status":true,"Timestamp":"2022-10-22 11:00:00","rotate":"537.351466083664"},"EnqueuedTimeUtc":"2022-10-22 11:00:00","Properties":{"messagetype":"Demo"},"SystemProperties":{"connectionAuthMethod":"{\"scope\":\"device\",\"type\":\"sas\",\"issuer\":\"iothub\",\"acceptingIpFilterRule\":null}","connectionDeviceGenerationId":"638052891151821842","connectionDeviceId":"IOTDevice_8_2","contentEncoding":"utf-8","contentType":"application/json","enqueuedTime":"2022-10-22 11:00:00"}}
{"Body":{"Status":true,"Timestamp":"2022-10-22 11:00:00","pressure":"98.4705726239142"},"EnqueuedTimeUtc":"2022-10-22 11:00:00","Properties":{"messagetype":"Demo"},"SystemProperties":{"connectionAuthMethod":"{\"scope\":\"device\",\"type\":\"sas\",\"issuer\":\"iothub\",\"acceptingIpFilterRule\":null}","connectionDeviceGenerationId":"638052891151821842","connectionDeviceId":"IOTDevice_8_3","contentEncoding":"utf-8","contentType":"application/json","enqueuedTime":"2022-10-22 11:00:00"}}
{"Body":{"Status":true,"Timestamp":"2022-10-22 11:00:00","vibration":"53.0626440018203"},"EnqueuedTimeUtc":"2022-10-22 11:00:00","Properties":{"messagetype":"Demo"},"SystemProperties":{"connectionAuthMethod":"{\"scope\":\"device\",\"type\":\"sas\",\"issuer\":\"iothub\",\"acceptingIpFilterRule\":null}","connectionDeviceGenerationId":"638052891151821842","connectionDeviceId":"IOTDevice_8_4","contentEncoding":"utf-8","contentType":"application/json","enqueuedTime":"2022-10-22 11:00:00"}}
