{"Body":{"Status":true,"Timestamp":"2022-10-22 09:00:00","volt":"158.700549037444"},"EnqueuedTimeUtc":"2022-10-22 09:00:00","Properties":{"messagetype":"Demo"},"SystemProperties":{"connectionAuthMethod":"{\"scope\":\"device\",\"type\":\"sas\",\"issuer\":\"iothub\",\"acceptingIpFilterRule\":null}","connectionDeviceGenerationId":"638052891151821842","connectionDeviceId":"IOTDevice_5_1","contentEncoding":"utf-8","contentType":"application/json","enqueuedTime":"2022-10-22 09:00:00"}}
{"Body":{"Status":true,"Timestamp":"2022-10-22 09:00:00","rotate":"388.73838059649"},"EnqueuedTimeUtc":"2022-10-22 09:00:00","Properties":{"messagetype":"Demo"},"SystemProperties":{"connectionAuthMethod":"{\"scope\":\"device\",\"type\":\"sas\",\"issuer\":\"iothub\",\"acceptingIpFilterRule\":null}","connectionDeviceGenerationId":"638052891151821842","connectionDeviceId":"IOTDevice_5_2","contentEncoding":"utf-8","contentType":"application/json","enqueuedTime":"2022-10-22 09:00:00"}}
{"Body":{"Status":true,"Timestamp":"2022-10-22 09:00:00","pressure":"107.044839824405"},"EnqueuedTimeUtc":"2022-10-22 09:00:00","Properties":{"messagetype":"Demo"},"SystemProperties":{"connectionAuthMethod":"{\"scope\":\"device\",\"type\":\"sas\",\"issuer\":\"iothub\",\"acceptingIpFilterRule\":null}","connectionDeviceGenerationId":"638052891151821842","connectionDeviceId":"IOTDevice_5_3","contentEncoding":"utf-8","contentType":"application/json","enqueuedTime":"2022-10-22 09:00:00"}}
{"Body":{"Status":true,"Timestamp":"2022-10-22 09:00:00","vibration":"40.2084053870452"},"EnqueuedTimeUtc":"2022-10-22 09:00:00","Properties":{"messagetype":"Demo"},"SystemProperties":{"connectionAuthMethod":"{\"scope\":\"device\",\"type\":\"sas\",\"issuer\":\"iothub\",\"acceptingIpFilterRule\":null}","connectionDeviceGenerationId":"638052891151821842","connectionDeviceId":"IOTDevice_5_4","contentEncoding":"utf-8","contentType":"application/json","enqueuedTime":"2022-10-22 09:00:00"}}
{"Body":{"Status":true,"Timestamp":"2022-10-22 10:00:00","volt":"180.398520207408"},"EnqueuedTimeUtc":"2022-10-22 10:00:00","Properties":{"messagetype":"Demo"},"SystemProperties":{"connectionAuthMethod":"{\"scope\":\"device\",\"type\":\"sas\",\"issuer\":\"iothub\",\"acceptingIpFilterRule\":null}","connectionDeviceGenerationId":"638052891151821842","connectionDeviceId":"IOTDevice_5_1","contentEncoding":"utf-8","contentType":"application/json","enqueuedTime":"2022-10-22 10:00:00"}}
{"Body":{"Status":true,"Timestamp":"2022-10-22 10:00:00","rotate":"330.170011550829"},"EnqueuedTimeUtc":"2022-10-22 10:00:00","Properties":{"messagetype":"Demo"},"SystemProperties":{"connectionAuthMethod":"{\"scope\":\"device\",\"type\":\"sas\",\"issuer\":\"iothub\",\"acceptingIpFilterRule\":null}","connectionDeviceGenerationId":"638052891151821842","connectionDeviceId":"IOTDevice_5_2","contentEncoding":"utf-8","contentType":"application/json","enqueuedTime":"2022-10-22 10:00:00"}}
{"Body":{"Status":true,"Timestamp":"2022-10-22 10:00:00","pressure":"91.115361714652"},"EnqueuedTimeUtc":"2022-10-22 10:00:00","Properties":{"messagetype":"Demo"},"SystemProperties":{"connectionAuthMethod":"{\"scope\":\"device\",\"type\":\"sas\",\"issuer\":\"iothub\",\"acceptingIpFilterRule\":null}","connectionDeviceGenerationId":"638052891151821842","connectionDeviceId":"IOTDevice_5_3","contentEncoding":"utf-8","contentType":"application/json","enqueuedTime":"2022-10-22 10:00:00"}}
{"Body":{"Status":true,"Timestamp":"2022-10-22 10:00:00","vibration":"44.4528967809797"},"EnqueuedTimeUtc":"2022-10-22 10:00:00","Properties":{"messagetype":"Demo"},"SystemProperties":{"connectionAuthMethod":"{\"scope\":\"device\",\"type\":\"sas\",\"issuer\":\"iothub\",\"acceptingIpFilterRule\":null}","connectionDeviceGenerationId":"638052891151821842","connectionDeviceId":"IOTDevice_5_4","contentEncoding":"utf-8","contentType":"application/json","enqueuedTime":"2022-10-22 10:00:00"}}
{"Body":{"Status":true,"Timestamp":"2022-10-22 11:00:00","volt":"201.624257770997"},"EnqueuedTimeUtc":"2022-10-22 11:00:00","Properties":{"messagetype":"Demo"},"SystemProperties":{"connectionAuthMethod":"{\"scope\":\"device\",\"type\":\"sas\",\"issuer\":\"iothub\",\"acceptingIpFilterRule\":null}","connectionDeviceGenerationId":"638052891151821842","connectionDeviceId":"IOTDevice_5_1","contentEncoding":"utf-8","contentType":"application/json","enqueuedTime":"2022-10-22 11:00:00"}}
{"Body":{"Status":true,"Timestamp":"2022-10-22 11:00:00","rotate":"509.49675449214"},"EnqueuedTimeUtc":"2022-10-22 11:00:00","Properties":{"messagetype":"Demo"},"SystemProperties":{"connectionAuthMethod":"{\"scope\":\"device\",\"type\":\"sas\",\"issuer\":\"iothub\",\"acceptingIpFilterRule\":null}","connectionDeviceGenerationId":"638052891151821842","connectionDeviceId":"IOTDevice_5_2","contentEncoding":"utf-8","contentType":"application/json","enqueuedTime":"2022-10-22 11:00:00"}}
{"Body":{"Status":true,"Timestamp":"2022-10-22 11:00:00","pressure":"86.2365049398355"},"EnqueuedTimeUtc":"2022-10-22 11:00:00","Properties":{"messagetype":"Demo"},"SystemProperties":{"connectionAuthMethod":"{\"scope\":\"device\",\"type\":\"sas\",\"issuer\":\"iothub\",\"acceptingIpFilterRule\":null}","connectionDeviceGenerationId":"638052891151821842","connectionDeviceId":"IOTDevice_5_3","contentEncoding":"utf-8","contentType":"application/json","enqueuedTime":"2022-10-22 11:00:00"}}
{"Body":{"Status":true,"Timestamp":"2022-10-22 11:00:00","vibration":"42.9260311761111"},"EnqueuedTimeUtc":"2022-10-22 11:00:00","Properties":{"messagetype":"Demo"},"SystemProperties":{"connectionAuthMethod":"{\"scope\":\"device\",\"type\":\"sas\",\"issuer\":\"iothub\",\"acceptingIpFilterRule\":null}","connectionDeviceGenerationId":"638052891151821842","connectionDeviceId":"IOTDevice_5_4","contentEncoding":"utf-8","contentType":"application/json","enqueuedTime":"2022-10-22 11:00:00"}}
{"Body":{"Status":true,"Timestamp":"2022-10-22 12:00:00","volt":"193.13691884024"},"EnqueuedTimeUtc":"2022-10-22 12:00:00","Properties":{"messagetype":"Demo"},"SystemProperties":{"connectionAuthMethod":"{\"scope\":\"device\",\"type\":\"sas\",\"issuer\":\"iothub\",\"acceptingIpFilterRule\":null}","connectionDeviceGenerationId":"638052891151821842","connectionDeviceId":"IOTDevice_5_1","contentEncoding":"utf-8","contentType":"application/json","enqueuedTime":"2022-10-22 12:00:00"}}
{"Body":{"Status":true,"Timestamp":"2022-10-22 12:00:00","rotate":"389.146439144113"},"EnqueuedTimeUtc":"2022-10-22 12:00:00","Properties":{"messagetype":"Demo"},"SystemProperties":{"connectionAuthMethod":"{\"scope\":\"device\",\"type\":\"sas\",\"issuer\":\"iothub\",\"acceptingIpFilterRule\":null}","connectionDeviceGenerationId":"638052891151821842","connectionDeviceId":"IOTDevice_5_2","contentEncoding":"utf-8","contentType":"application/json","enqueuedTime":"2022-10-22 12:00:00"}}
{"Body":{"Status":true,"Timestamp":"2022-10-22 12:00:00","pressure":"102.338396203728"},"EnqueuedTimeUtc":"2022-10-22 12:00:00","Properties":{"messagetype":"Demo"},"SystemProperties":{"connectionAuthMethod":"{\"scope\":\"device\",\"type\":\"sas\",\"issuer\":\"iothub\",\"acceptingIpFilterRule\":null}","connectionDeviceGenerationId":"638052891151821842","connectionDeviceId":"IOTDevice_5_3","contentEncoding":"utf-8","contentType":"application/json","enqueuedTime":"2022-10-22 12:00:00"}}
{"Body":{"Status":true,"Timestamp":"2022-10-22 12:00:00","vibration":"39.8268131606046"},"EnqueuedTimeUtc":"2022-10-22 12:00:00","Properties":{"messagetype":"Demo"},"SystemProperties":{"connectionAuthMethod":"{\"scope\":\"device\",\"type\":\"sas\",\"issuer\":\"iothub\",\"acceptingIpFilterRule\":null}","connectionDeviceGenerationId":"638052891151821842","connectionDeviceId":"IOTDevice_5_4","contentEncoding":"utf-8","contentType":"application/json","enqueuedTime":"2022-10-22 12:00:00"}}
{"Body":{"Status":true,"Timestamp":"2022-10-22 13:00:00","volt":"172.566222957765"},"EnqueuedTimeUtc":"2022-10-22 13:00:00","Properties":{"messagetype":"Demo"},"SystemProperties":{"connectionAuthMethod":"{\"scope\":\"device\",\"type\":\"sas\",\"issuer\":\"iothub\",\"acceptingIpFilterRule\":null}","connectionDeviceGenerationId":"638052891151821842","connectionDeviceId":"IOTDevice_5_1","contentEncoding":"utf-8","contentType":"application/json","enqueuedTime":"2022-10-22 13:00:00"}}
{"Body":{"Status":true,"Timestamp":"2022-10-22 13:00:00","rotate":"425.393483337067"},"EnqueuedTimeUtc":"2022-10-22 13:00:00","Properties":{"messagetype":"Demo"},"SystemProperties":{"connectionAuthMethod":"{\"scope\":\"device\",\"type\":\"sas\",\"issuer\":\"iothub\",\"acceptingIpFilterRule\":null}","connectionDeviceGenerationId":"638052891151821842","connectionDeviceId":"IOTDevice_5_2","contentEncoding":"utf-8","contentType":"application/json","enqueuedTime":"2022-10-22 13:00:00"}}
{"Body":{"Status":true,"Timestamp":"2022-10-22 13:00:00","pressure":"82.1412165885894"},"EnqueuedTimeUtc":"2022-10-22 13:00:00","Properties":{"messagetype":"Demo"},"SystemProperties":{"connectionAuthMethod":"{\"scope\":\"device\",\"type\":\"sas\",\"issuer\":\"iothub\",\"acceptingIpFilterRule\":null}","connectionDeviceGenerationId":"638052891151821842","connectionDeviceId":"IOTDevice_5_3","contentEncoding":"utf-8","contentType":"application/json","enqueuedTime":"2022-10-22 13:00:00"}}
{"Body":{"Status":true,"Timestamp":"2022-10-22 13:00:00","vibration":"39.3336749524564"},"EnqueuedTimeUtc":"2022-10-22 13:00:00","Properties":{"messagetype":"Demo"},"SystemProperties":{"connectionAuthMethod":"{\"scope\":\"device\",\"type\":\"sas\",\"issuer\":\"iothub\",\"acceptingIpFilterRule\":null}","connectionDeviceGenerationId":"638052891151821842","connectionDeviceId":"IOTDevice_5_4","contentEncoding":"utf-8","contentType":"application/json","enqueuedTime":"2022-10-22 13:00:00"}}
{"Body":{"Status":true,"Timestamp":"2022-10-22 14:00:00","volt":"198.404108464214"},"EnqueuedTimeUtc":"2022-10-22 14:00:00","Properties":{"messagetype":"Demo"},"SystemProperties":{"connectionAuthMethod":"{\"scope\":\"device\",\"type\":\"sas\",\"issuer\":\"iothub\",\"acceptingIpFilterRule\":null}","connectionDeviceGenerationId":"638052891151821842","connectionDeviceId":"IOTDevice_5_1","contentEncoding":"utf-8","contentType":"application/json","enqueuedTime":"2022-10-22 14:00:00"}}
{"Body":{"Status":true,"Timestamp":"2022-10-22 14:00:00","rotate":"452.578226769088"},"EnqueuedTimeUtc":"2022-10-22 14:00:00","Properties":{"messagetype":"Demo"},"SystemProperties":{"connectionAuthMethod":"{\"scope\":\"device\",\"type\":\"sas\",\"issuer\":\"iothub\",\"acceptingIpFilterRule\":null}","connectionDeviceGenerationId":"638052891151821842","connectionDeviceId":"IOTDevice_5_2","contentEncoding":"utf-8","contentType":"application/json","enqueuedTime":"2022-10-22 14:00:00"}}
{"Body":{"Status":true,"Timestamp":"2022-10-22 14:00:00","pressure":"98.098353981959"},"EnqueuedTimeUtc":"2022-10-22 14:00:00","Properties":{"messagetype":"Demo"},"SystemProperties":{"connectionAuthMethod":"{\"scope\":\"device\",\"type\":\"sas\",\"issuer\":\"iothub\",\"acceptingIpFilterRule\":null}","connectionDeviceGenerationId":"638052891151821842","connectionDeviceId":"IOTDevice_5_3","contentEncoding":"utf-8","contentType":"application/json","enqueuedTime":"2022-10-22 14:00:00"}}
{"Body":{"Status":true,"Timestamp":"2022-10-22 14:00:00","vibration":"40.1804790050357"},"EnqueuedTimeUtc":"2022-10-22 14:00:00","Properties":{"messagetype":"Demo"},"SystemProperties":{"connectionAuthMethod":"{\"scope\":\"device\",\"type\":\"sas\",\"issuer\":\"iothub\",\"acceptingIpFilterRule\":null}","connectionDeviceGenerationId":"638052891151821842","connectionDeviceId":"IOTDevice_5_4","contentEncoding":"utf-8","contentType":"application/json","enqueuedTime":"2022-10-22 14:00:00"}}
{"Body":{"Status":true,"Timestamp":"2022-10-22 15:00:00","volt":"170.201989045926"},"EnqueuedTimeUtc":"2022-10-22 15:00:00","Properties":{"messagetype":"Demo"},"SystemProperties":{"connectionAuthMethod":"{\"scope\":\"device\",\"type\":\"sas\",\"issuer\":\"iothub\",\"acceptingIpFilterRule\":null}","connectionDeviceGenerationId":"638052891151821842","connectionDeviceId":"IOTDevice_5_1","contentEncoding":"utf-8","contentType":"application/json","enqueuedTime":"2022-10-22 15:00:00"}}
{"Body":{"Status":true,"Timestamp":"2022-10-22 15:00:00","rotate":"432.868396406059"},"EnqueuedTimeUtc":"2022-10-22 15:00:00","Properties":{"messagetype":"Demo"},"SystemProperties":{"connectionAuthMethod":"{\"scope\":\"device\",\"type\":\"sas\",\"issuer\":\"iothub\",\"acceptingIpFilterRule\":null}","connectionDeviceGenerationId":"638052891151821842","connectionDeviceId":"IOTDevice_5_2","contentEncoding":"utf-8","contentType":"application/json","enqueuedTime":"2022-10-22 15:00:00"}}
{"Body":{"Status":true,"Timestamp":"2022-10-22 15:00:00","pressure":"89.0169069273253"},"EnqueuedTimeUtc":"2022-10-22 15:00:00","Properties":{"messagetype":"Demo"},"SystemProperties":{"connectionAuthMethod":"{\"scope\":\"device\",\"type\":\"sas\",\"issuer\":\"iothub\",\"acceptingIpFilterRule\":null}","connectionDeviceGenerationId":"638052891151821842","connectionDeviceId":"IOTDevice_5_3","contentEncoding":"utf-8","contentType":"application/json","enqueuedTime":"2022-10-22 15:00:00"}}
{"Body":{"Status":true,"Timestamp":"2022-10-22 15:00:00","vibration":"38.7062976162379"},"EnqueuedTimeUtc":"2022-10-22 15:00:00","Properties":{"messagetype":"Demo"},"SystemProperties":{"connectionAuthMethod":"{\"scope\":\"device\",\"type\":\"sas\",\"issuer\":\"iothub\",\"acceptingIpFilterRule\":null}","connectionDeviceGenerationId":"638052891151821842","connectionDeviceId":"IOTDevice_5_4","contentEncoding":"utf-8","contentType":"application/json","enqueuedTime":"2022-10-22 15:00:00"}}
{"Body":{"Status":true,"Timestamp":"2022-10-22 16:00:00","volt":"166.400885755093"},"EnqueuedTimeUtc":"2022-10-22 16:00:00","Properties":{"messagetype":"Demo"},"SystemProperties":{"connectionAuthMethod":"{\"scope\":\"device\",\"type\":\"sas\",\"issuer\":\"iothub\",\"acceptingIpFilterRule\":null}","connectionDeviceGenerationId":"638052891151821842","connectionDeviceId":"IOTDevice_5_1","contentEncoding":"utf-8","contentType":"application/json","enqueuedTime":"2022-10-22 16:00:00"}}
{"Body":{"Status":true,"Timestamp":"2022-10-22 16:00:00","rotate":"403.369980166034"},"EnqueuedTimeUtc":"2022-10-22 16:00:00","Properties":{"messagetype":"Demo"},"SystemProperties":{"connectionAuthMethod":"{\"scope\":\"device\",\"type\":\"sas\",\"issuer\":\"iothub\",\"acceptingIpFilterRule\":null}","connectionDeviceGenerationId":"638052891151821842","connectionDeviceId":"IOTDevice_5_2","contentEncoding":"utf-8","contentType":"application/json","enqueuedTime":"2022-10-22 16:00:00"}}
{"Body":{"Status":true,"Timestamp":"2022-10-22 16:00:00","pressure":"105.008694904897"},"EnqueuedTimeUtc":"2022-10-22 16:00:00","Properties":{"messagetype":"Demo"},"SystemProperties":{"connectionAuthMethod":"{\"scope\":\"device\",\"type\":\"sas\",\"issuer\":\"iothub\",\"acceptingIpFilterRule\":null}","connectionDeviceGenerationId":"638052891151821842","connectionDeviceId":"IOTDevice_5_3","contentEncoding":"utf-8","contentType":"application/json","enqueuedTime":"2022-10-22 16:00:00"}}
{"Body":{"Status":true,"Timestamp":"2022-10-22 16:00:00","vibration":"41.9436725466923"},"EnqueuedTimeUtc":"2022-10-22 16:00:00","Properties":{"messagetype":"Demo"},"SystemProperties":{"connectionAuthMethod":"{\"scope\":\"device\",\"type\":\"sas\",\"issuer\":\"iothub\",\"acceptingIpFilterRule\":null}","connectionDeviceGenerationId":"638052891151821842","connectionDeviceId":"IOTDevice_5_4","contentEncoding":"utf-8","contentType":"application/json","enqueuedTime":"2022-10-22 16:00:00"}}
{"Body":{"Status":true,"Timestamp":"2022-10-22 17:00:00","volt":"185.098973062685"},"EnqueuedTimeUtc":"2022-10-22 17:00:00","Properties":{"messagetype":"Demo"},"SystemProperties":{"connectionAuthMethod":"{\"scope\":\"device\",\"type\":\"sas\",\"issuer\":\"iothub\",\"acceptingIpFilterRule\":null}","connectionDeviceGenerationId":"638052891151821842","connectionDeviceId":"IOTDevice_5_1","contentEncoding":"utf-8","contentType":"application/json","enqueuedTime":"2022-10-22 17:00:00"}}
{"Body":{"Status":true,"Timestamp":"2022-10-22 17:00:00","rotate":"489.640511354906"},"EnqueuedTimeUtc":"2022-10-22 17:00:00","Properties":{"messagetype":"Demo"},"SystemProperties":{"connectionAuthMethod":"{\"scope\":\"device\",\"type\":\"sas\",\"issuer\":\"iothub\",\"acceptingIpFilterRule\":null}","connectionDeviceGenerationId":"638052891151821842","connectionDeviceId":"IOTDevice_5_2","contentEncoding":"utf-8","contentType":"application/json","enqueuedTime":"2022-10-22 17:00:00"}}
{"Body":{"Status":true,"Timestamp":"2022-10-22 17:00:00","pressure":"92.9410615481927"},"EnqueuedTimeUtc":"2022-10-22 17:00:00","Properties":{"messagetype":"Demo"},"SystemProperties":{"connectionAuthMethod":"{\"scope\":\"device\",\"type\":\"sas\",\"issuer\":\"iothub\",\"acceptingIpFilterRule\":null}","connectionDeviceGenerationId":"638052891151821842","connectionDeviceId":"IOTDevice_5_3","contentEncoding":"utf-8","contentType":"application/json","enqueuedTime":"2022-10-22 17:00:00"}}
{"Body":{"Status":true,"Timestamp":"2022-10-22 17:00:00","vibration":"39.359430623493"},"EnqueuedTimeUtc":"2022-10-22 17:00:00","Properties":{"messagetype":"Demo"},"SystemProperties":{"connectionAuthMethod":"{\"scope\":\"device\",\"type\":\"sas\",\"issuer\":\"iothub\",\"acceptingIpFilterRule\":null}","connectionDeviceGenerationId":"638052891151821842","connectionDeviceId":"IOTDevice_5_4","contentEncoding":"utf-8","contentType":"application/json","enqueuedTime":"2022-10-22 17:00:00"}}
{"Body":{"Status":true,"Timestamp":"2022-10-22 18:00:00","volt":"190.587062031633"},"EnqueuedTimeUtc":"2022-10-22 18:00:00","Properties":{"messagetype":"Demo"},"SystemProperties":{"connectionAuthMethod":"{\"scope\":\"device\",\"type\":\"sas\",\"issuer\":\"iothub\",\"acceptingIpFilterRule\":null}","connectionDeviceGenerationId":"638052891151821842","connectionDeviceId":"IOTDevice_5_1","contentEncoding":"utf-8","contentType":"application/json","enqueuedTime":"2022-10-22 18:00:00"}}
{"Body":{"Status":true,"Timestamp":"2022-10-22 18:00:00","rotate":"414.770025640211"},"EnqueuedTimeUtc":"2022-10-22 18:00:00","Properties":{"messagetype":"Demo"},"SystemProperties":{"connectionAuthMethod":"{\"scope\":\"device\",\"type\":\"sas\",\"issuer\":\"iothub\",\"acceptingIpFilterRule\":null}","connectionDeviceGenerationId":"638052891151821842","connectionDeviceId":"IOTDevice_5_2","contentEncoding":"utf-8","contentType":"application/json","enqueuedTime":"2022-10-22 18:00:00"}}
{"Body":{"Status":true,"Timestamp":"2022-10-22 18:00:00","pressure":"107.85786137262"},"EnqueuedTimeUtc":"2022-10-22 18:00:00","Properties":{"messagetype":"Demo"},"SystemProperties":{"connectionAuthMethod":"{\"scope\":\"device\",\"type\":\"sas\",\"issuer\":\"iothub\",\"acceptingIpFilterRule\":null}","connectionDeviceGenerationId":"638052891151821842","connectionDeviceId":"IOTDevice_5_3","contentEncoding":"utf-8","contentType":"application/json","enqueuedTime":"2022-10-22 18:00:00"}}
{"Body":{"Status":true,"Timestamp":"2022-10-22 18:00:00","vibration":"42.2605083174143"},"EnqueuedTimeUtc":"2022-10-22 18:00:00","Properties":{"messagetype":"Demo"},"SystemProperties":{"connectionAuthMethod":"{\"scope\":\"device\",\"type\":\"sas\",\"issuer\":\"iothub\",\"acceptingIpFilterRule\":null}","connectionDeviceGenerationId":"638052891151821842","connectionDeviceId":"IOTDevice_5_4","contentEncoding":"utf-8","contentType":"application/json","enqueuedTime":"2022-10-22 18:00:00"}}
{"Body":{"Status":true,"Timestamp":"2022-10-22 19:00:00","volt":"159.719577901133"},"EnqueuedTimeUtc":"2022-10-22 19:00:00","Properties":{"messagetype":"Demo"},"SystemProperties":{"connectionAuthMethod":"{\"scope\":\"device\",\"type\":\"sas\",\"issuer\":\"iothub\",\"acceptingIpFilterRule\":null}","connectionDeviceGenerationId":"638052891151821842","connectionDeviceId":"IOTDevice_5_1","contentEncoding":"utf-8","contentType":"application/json","enqueuedTime":"2022-10-22 19:00:00"}}
{"Body":{"Status":true,"Timestamp":"2022-10-22 19:00:00","rotate":"460.571057585398"},"EnqueuedTimeUtc":"2022-10-22 19:00:00","Properties":{"messagetype":"Demo"},"SystemProperties":{"connectionAuthMethod":"{\"scope\":\"device\",\"type\":\"sas\",\"issuer\":\"iothub\",\"acceptingIpFilterRule\":null}","connectionDeviceGenerationId":"638052891151821842","connectionDeviceId":"IOTDevice_5_2","contentEncoding":"utf-8","contentType":"application/json","enqueuedTime":"2022-10-22 19:00:00"}}
{"Body":{"Status":true,"Timestamp":"2022-10-22 19:00:00","pressure":"108.199764001991"},"EnqueuedTimeUtc":"2022-10-22 19:00:00","Properties":{"messagetype":"Demo"},"SystemProperties":{"connectionAuthMethod":"{\"scope\":\"device\",\"type\":\"sas\",\"issuer\":\"iothub\",\"acceptingIpFilterRule\":null}","connectionDeviceGenerationId":"638052891151821842","connectionDeviceId":"IOTDevice_5_3","contentEncoding":"utf-8","contentType":"application/json","enqueuedTime":"2022-10-22 19:00:00"}}
{"Body":{"Status":true,"Timestamp":"2022-10-22 19:00:00","vibration":"44.6535335002368"},"EnqueuedTimeUtc":"2022-10-22 19:00:00","Properties":{"messagetype":"Demo"},"SystemProperties":{"connectionAuthMethod":"{\"scope\":\"device\",\"type\":\"sas\",\"issuer\":\"iothub\",\"acceptingIpFilterRule\":null}","connectionDeviceGenerationId":"638052891151821842","connectionDeviceId":"IOTDevice_5_4","contentEncoding":"utf-8","contentType":"application/json","enqueuedTime":"2022-10-22 19:00:00"}}
{"Body":{"Status":true,"Timestamp":"2022-10-22 20:00:00","volt":"165.710052651334"},"EnqueuedTimeUtc":"2022-10-22 20:00:00","Properties":{"messagetype":"Demo"},"SystemProperties":{"connectionAuthMethod":"{\"scope\":\"device\",\"type\":\"sas\",\"issuer\":\"iothub\",\"acceptingIpFilterRule\":null}","connectionDeviceGenerationId":"638052891151821842","connectionDeviceId":"IOTDevice_5_1","contentEncoding":"utf-8","contentType":"application/json","enqueuedTime":"2022-10-22 20:00:00"}}
{"Body":{"Status":true,"Timestamp":"2022-10-22 20:00:00","rotate":"387.882552274298"},"EnqueuedTimeUtc":"2022-10-22 20:00:00","Properties":{"messagetype":"Demo"},"SystemProperties":{"connectionAuthMethod":"{\"scope\":\"device\",\"type\":\"sas\",\"issuer\":\"iothub\",\"acceptingIpFilterRule\":null}","connectionDeviceGenerationId":"638052891151821842","connectionDeviceId":"IOTDevice_5_2","contentEncoding":"utf-8","contentType":"application/json","enqueuedTime":"2022-10-22 20:00:00"}}
{"Body":{"Status":true,"Timestamp":"2022-10-22 20:00:00","pressure":"101.175547190189"},"EnqueuedTimeUtc":"2022-10-22 20:00:00","Properties":{"messagetype":"Demo"},"SystemProperties":{"connectionAuthMethod":"{\"scope\":\"device\",\"type\":\"sas\",\"issuer\":\"iothub\",\"acceptingIpFilterRule\":null}","connectionDeviceGenerationId":"638052891151821842","connectionDeviceId":"IOTDevice_5_3","contentEncoding":"utf-8","contentType":"application/json","enqueuedTime":"2022-10-22 20:00:00"}}
{"Body":{"Status":true,"Timestamp":"2022-10-22 20:00:00","vibration":"43.4279247434246"},"EnqueuedTimeUtc":"2022-10-22 20:00:00","Properties":{"messagetype":"Demo"},"SystemProperties":{"connectionAuthMethod":"{\"scope\":\"device\",\"type\":\"sas\",\"issuer\":\"iothub\",\"acceptingIpFilterRule\":null}","connectionDeviceGenerationId":"638052891151821842","connectionDeviceId":"IOTDevice_5_4","contentEncoding":"utf-8","contentType":"application/json","enqueuedTime":"2022-10-22 20:00:00"}}
{"Body":{"Status":true,"Timestamp":"2022-10-22 21:00:00","volt":"165.954714346293"},"EnqueuedTimeUtc":"2022-10-22 21:00:00","Properties":{"messagetype":"Demo"},"SystemProperties":{"connectionAuthMethod":"{\"scope\":\"device\",\"type\":\"sas\",\"issuer\":\"iothub\",\"acceptingIpFilterRule\":null}","connectionDeviceGenerationId":"638052891151821842","connectionDeviceId":"IOTDevice_5_1","contentEncoding":"utf-8","contentType":"application/json","enqueuedTime":"2022-10-22 21:00:00"}}
{"Body":{"Status":true,"Timestamp":"2022-10-22 21:00:00","rotate":"437.700041938392"},"EnqueuedTimeUtc":"2022-10-22 21:00:00","Properties":{"messagetype":"Demo"},"SystemProperties":{"connectionAuthMethod":"{\"scope\":\"device\",\"type\":\"sas\",\"issuer\":\"iothub\",\"acceptingIpFilterRule\":null}","connectionDeviceGenerationId":"638052891151821842","connectionDeviceId":"IOTDevice_5_2","contentEncoding":"utf-8","contentType":"application/json","enqueuedTime":"2022-10-22 21:00:00"}}
{"Body":{"Status":true,"Timestamp":"2022-10-22 21:00:00","pressure":"114.062374395708"},"EnqueuedTimeUtc":"2022-10-22 21:00:00","Properties":{"messagetype":"Demo"},"SystemProperties":{"connectionAuthMethod":"{\"scope\":\"device\",\"type\":\"sas\",\"issuer\":\"iothub\",\"acceptingIpFilterRule\":null}","connectionDeviceGenerationId":"638052891151821842","connectionDeviceId":"IOTDevice_5_3","contentEncoding":"utf-8","contentType":"application/json","enqueuedTime":"2022-10-22 21:00:00"}}
{"Body":{"Status":true,"Timestamp":"2022-10-22 21:00:00","vibration":"44.2625620528217"},"EnqueuedTimeUtc":"2022-10-22 21:00:00","Properties":{"messagetype":"Demo"},"SystemProperties":{"connectionAuthMethod":"{\"scope\":\"device\",\"type\":\"sas\",\"issuer\":\"iothub\",\"acceptingIpFilterRule\":null}","connectionDeviceGenerationId":"638052891151821842","connectionDeviceId":"IOTDevice_5_4","contentEncoding":"utf-8","contentType":"application/json","enqueuedTime":"2022-10-22 21:00:00"}}
{"Body":{"Status":true,"Timestamp":"2022-10-22 22:00:00","volt":"185.161675707784"},"EnqueuedTimeUtc":"2022-10-22 22:00:00","Properties":{"messagetype":"Demo"},"SystemProperties":{"connectionAuthMethod":"{\"scope\":\"device\",\"type\":\"sas\",\"issuer\":\"iothub\",\"acceptingIpFilterRule\":null}","connectionDeviceGenerationId":"638052891151821842","connectionDeviceId":"IOTDevice_5_1","contentEncoding":"utf-8","contentType":"application/json","enqueuedTime":"2022-10-22 22:00:00"}}
{"Body":{"Status":true,"Timestamp":"2022-10-22 22:00:00","rotate":"477.452196553949"},"EnqueuedTimeUtc":"2022-10-22 22:00:00","Properties":{"messagetype":"Demo"},"SystemProperties":{"connectionAuthMethod":"{\"scope\":\"device\",\"type\":\"sas\",\"issuer\":\"iothub\",\"acceptingIpFilterRule\":null}","connectionDeviceGenerationId":"638052891151821842","connectionDeviceId":"IOTDevice_5_2","contentEncoding":"utf-8","contentType":"application/json","enqueuedTime":"2022-10-22 22:00:00"}}
{"Body":{"Status":true,"Timestamp":"2022-10-22 22:00:00","pressure":"86.8266948093774"},"EnqueuedTimeUtc":"2022-10-22 22:00:00","Properties":{"messagetype":"Demo"},"SystemProperties":{"connectionAuthMethod":"{\"scope\":\"device\",\"type\":\"sas\",\"issuer\":\"iothub\",\"acceptingIpFilterRule\":null}","connectionDeviceGenerationId":"638052891151821842","connectionDeviceId":"IOTDevice_5_3","contentEncoding":"utf-8","contentType":"application/json","enqueuedTime":"2022-10-22 22:00:00"}}
{"Body":{"Status":true,"Timestamp":"2022-10-22 22:00:00","vibration":"31.3001439125735"},"EnqueuedTimeUtc":"2022-10-22 22:00:00","Properties":{"messagetype":"Demo"},"SystemProperties":{"connectionAuthMethod":"{\"scope\":\"device\",\"type\":\"sas\",\"issuer\":\"iothub\",\"acceptingIpFilterRule\":null}","connectionDeviceGenerationId":"638052891151821842","connectionDeviceId":"IOTDevice_5_4","contentEncoding":"utf-8","contentType":"application/json","enqueuedTime":"2022-10-22 22:00:00"}}
{"Body":{"Status":true,"Timestamp":"2022-10-22 23:00:00","volt":"157.148124172266"},"EnqueuedTimeUtc":"2022-10-22 23:00:00","Properties":{"messagetype":"Demo"},"SystemProperties":{"connectionAuthMethod":"{\"scope\":\"device\",\"type\":\"sas\",\"issuer\":\"iothub\",\"acceptingIpFilterRule\":null}","connectionDeviceGenerationId":"638052891151821842","connectionDeviceId":"IOTDevice_5_1","contentEncoding":"utf-8","contentType":"application/json","enqueuedTime":"2022-10-22 23:00:00"}}
{"Body":{"Status":true,"Timestamp":"2022-10-22 23:00:00","rotate":"431.08130670832"},"EnqueuedTimeUtc":"2022-10-22 23:00:00","Properties":{"messagetype":"Demo"},"SystemProperties":{"connectionAuthMethod":"{\"scope\":\"device\",\"type\":\"sas\",\"issuer\":\"iothub\",\"acceptingIpFilterRule\":null}","connectionDeviceGenerationId":"638052891151821842","connectionDeviceId":"IOTDevice_5_2","contentEncoding":"utf-8","contentType":"application/json","enqueuedTime":"2022-10-22 23:00:00"}}
{"Body":{"Status":true,"Timestamp":"2022-10-22 23:00:00","pressure":"89.7503255944094"},"EnqueuedTimeUtc":"2022-10-22 23:00:00","Properties":{"messagetype":"Demo"},"SystemProperties":{"connectionAuthMethod":"{\"scope\":\"device\",\"type\":\"sas\",\"issuer\":\"iothub\",\"acceptingIpFilterRule\":null}","connectionDeviceGenerationId":"638052891151821842","connectionDeviceId":"IOTDevice_5_3","contentEncoding":"utf-8","contentType":"application/json","enqueuedTime":"2022-10-22 23:00:00"}}
{"Body":{"Status":true,"Timestamp":"2022-10-22 23:00:00","vibration":"39.3410449718459"},"EnqueuedTimeUtc":"2022-10-22 23:00:00","Properties":{"messagetype":"Demo"},"SystemProperties":{"connectionAuthMethod":"{\"scope\":\"device\",\"type\":\"sas\",\"issuer\":\"iothub\",\"acceptingIpFilterRule\":null}","connectionDeviceGenerationId":"638052891151821842","connectionDeviceId":"IOTDevice_5_4","contentEncoding":"utf-8","contentType":"application/json","enqueuedTime":"2022-10-22 23:00:00"}}
