{"Body":{"Status":true,"Timestamp":"2022-10-22 03:00:00","volt":"186.475636626948"},"EnqueuedTimeUtc":"2022-10-22 03:00:00","Properties":{"messagetype":"Demo"},"SystemProperties":{"connectionAuthMethod":"{\"scope\":\"device\",\"type\":\"sas\",\"issuer\":\"iothub\",\"acceptingIpFilterRule\":null}","connectionDeviceGenerationId":"638052891151821842","connectionDeviceId":"IOTDevice_9_1","contentEncoding":"utf-8","contentType":"application/json","enqueuedTime":"2022-10-22 03:00:00"}}
{"Body":{"Status":true,"Timestamp":"2022-10-22 03:00:00","rotate":"506.022136301774"},"EnqueuedTimeUtc":"2022-10-22 03:00:00","Properties":{"messagetype":"Demo"},"SystemProperties":{"connectionAuthMethod":"{\"scope\":\"device\",\"type\":\"sas\",\"issuer\":\"iothub\",\"acceptingIpFilterRule\":null}","connectionDeviceGenerationId":"638052891151821842","connectionDeviceId":"IOTDevice_9_2","contentEncoding":"utf-8","contentType":"application/json","enqueuedTime":"2022-10-22 03:00:00"}}
{"Body":{"Status":true,"Timestamp":"2022-10-22 03:00:00","pressure":"97.3415145805174"},"EnqueuedTimeUtc":"2022-10-22 03:00:00","Properties":{"messagetype":"Demo"},"SystemProperties":{"connectionAuthMethod":"{\"scope\":\"device\",\"type\":\"sas\",\"issuer\":\"iothub\",\"acceptingIpFilterRule\":null}","connectionDeviceGenerationId":"638052891151821842","connectionDeviceId":"IOTDevice_9_3","contentEncoding":"utf-8","contentType":"application/json","enqueuedTime":"2022-10-22 03:00:00"}}
{"Body":{"Status":true,"Timestamp":"2022-10-22 03:00:00","vibration":"44.9213413145508"},"EnqueuedTimeUtc":"2022-10-22 03:00:00","Properties":{"messagetype":"Demo"},"SystemProperties":{"connectionAuthMethod":"{\"scope\":\"device\",\"type\":\"sas\",\"issuer\":\"iothub\",\"acceptingIpFilterRule\":null}","connectionDeviceGenerationId":"638052891151821842","connectionDeviceId":"IOTDevice_9_4","contentEncoding":"utf-8","contentType":"application/json","enqueuedTime":"2022-10-22 03:00:00"}}
{"Body":{"Status":true,"Timestamp":"2022-10-22 04:00:00","volt":"149.615558821117"},"EnqueuedTimeUtc":"2022-10-22 04:00:00","Properties":{"messagetype":"Demo"},"SystemProperties":{"connectionAuthMethod":"{\"scope\":\"device\",\"type\":\"sas\",\"issuer\":\"iothub\",\"acceptingIpFilterRule\":null}","connectionDeviceGenerationId":"638052891151821842","connectionDeviceId":"IOTDevice_9_1","contentEncoding":"utf-8","contentType":"application/json","enqueuedTime":"2022-10-22 04:00:00"}}
{"Body":{"Status":true,"Timestamp":"2022-10-22 04:00:00","rotate":"454.830120598955"},"EnqueuedTimeUtc":"2022-10-22 04:00:00","Properties":{"messagetype":"Demo"},"SystemProperties":{"connectionAuthMethod":"{\"scope\":\"device\",\"type\":\"sas\",\"issuer\":\"iothub\",\"acceptingIpFilterRule\":null}","connectionDeviceGenerationId":"638052891151821842","connectionDeviceId":"IOTDevice_9_2","contentEncoding":"utf-8","contentType":"application/json","enqueuedTime":"2022-10-22 04:00:00"}}
{"Body":{"Status":true,"Timestamp":"2022-10-22 04:00:00","pressure":"86.039952640854"},"EnqueuedTimeUtc":"2022-10-22 04:00:00","Properties":{"messagetype":"Demo"},"SystemProperties":{"connectionAuthMethod":"{\"scope\":\"device\",\"type\":\"sas\",\"issuer\":\"iothub\",\"acceptingIpFilterRule\":null}","connectionDeviceGenerationId":"638052891151821842","connectionDeviceId":"IOTDevice_9_3","contentEncoding":"utf-8","contentType":"application/json","enqueuedTime":"2022-10-22 04:00:00"}}
{"Body":{"Status":true,"Timestamp":"2022-10-22 04:00:00","vibration":"36.5909117040686"},"EnqueuedTimeUtc":"2022-10-22 04:00:00","Properties":{"messagetype":"Demo"},"SystemProperties":{"connectionAuthMethod":"{\"scope\":\"device\",\"type\":\"sas\",\"issuer\":\"iothub\",\"acceptingIpFilterRule\":null}","connectionDeviceGenerationId":"638052891151821842","connectionDeviceId":"IOTDevice_9_4","contentEncoding":"utf-8","contentType":"application/json","enqueuedTime":"2022-10-22 04:00:00"}}
{"Body":{"Status":true,"Timestamp":"2022-10-22 05:00:00","volt":"169.367832887728"},"EnqueuedTimeUtc":"2022-10-22 05:00:00","Properties":{"messagetype":"Demo"},"SystemProperties":{"connectionAuthMethod":"{\"scope\":\"device\",\"type\":\"sas\",\"issuer\":\"iothub\",\"acceptingIpFilterRule\":null}","connectionDeviceGenerationId":"638052891151821842","connectionDeviceId":"IOTDevice_9_1","contentEncoding":"utf-8","contentType":"application/json","enqueuedTime":"2022-10-22 05:00:00"}}
{"Body":{"Status":true,"Timestamp":"2022-10-22 05:00:00","rotate":"510.803254737351"},"EnqueuedTimeUtc":"2022-10-22 05:00:00","Properties":{"messagetype":"Demo"},"SystemProperties":{"connectionAuthMethod":"{\"scope\":\"device\",\"type\":\"sas\",\"issuer\":\"iothub\",\"acceptingIpFilterRule\":null}","connectionDeviceGenerationId":"638052891151821842","connectionDeviceId":"IOTDevice_9_2","contentEncoding":"utf-8","contentType":"application/json","enqueuedTime":"2022-10-22 05:00:00"}}
{"Body":{"Status":true,"Timestamp":"2022-10-22 05:00:00","pressure":"99.919979863913"},"EnqueuedTimeUtc":"2022-10-22 05:00:00","Properties":{"messagetype":"Demo"},"SystemProperties":{"connectionAuthMethod":"{\"scope\":\"device\",\"type\":\"sas\",\"issuer\":\"iothub\",\"acceptingIpFilterRule\":null}","connectionDeviceGenerationId":"638052891151821842","connectionDeviceId":"IOTDevice_9_3","contentEncoding":"utf-8","contentType":"application/json","enqueuedTime":"2022-10-22 05:00:00"}}
{"Body":{"Status":true,"Timestamp":"2022-10-22 05:00:00","vibration":"38.4304063850984"},"EnqueuedTimeUtc":"2022-10-22 05:00:00","Properties":{"messagetype":"Demo"},"SystemProperties":{"connectionAuthMethod":"{\"scope\":\"device\",\"type\":\"sas\",\"issuer\":\"iothub\",\"acceptingIpFilterRule\":null}","connectionDeviceGenerationId":"638052891151821842","connectionDeviceId":"IOTDevice_9_4","contentEncoding":"utf-8","contentType":"application/json","enqueuedTime":"2022-10-22 05:00:00"}}
{"Body":{"Status":true,"Timestamp":"2022-10-22 06:00:00","volt":"189.5517259319"},"EnqueuedTimeUtc":"2022-10-22 06:00:00","Properties":{"messagetype":"Demo"},"SystemProperties":{"connectionAuthMethod":"{\"scope\":\"device\",\"type\":\"sas\",\"issuer\":\"iothub\",\"acceptingIpFilterRule\":null}","connectionDeviceGenerationId":"638052891151821842","connectionDeviceId":"IOTDevice_9_1","contentEncoding":"utf-8","contentType":"application/json","enqueuedTime":"2022-10-22 06:00:00"}}
{"Body":{"Status":true,"Timestamp":"2022-10-22 06:00:00","rotate":"469.640143662234"},"EnqueuedTimeUtc":"2022-10-22 06:00:00","Properties":{"messagetype":"Demo"},"SystemProperties":{"connectionAuthMethod":"{\"scope\":\"device\",\"type\":\"sas\",\"issuer\":\"iothub\",\"acceptingIpFilterRule\":null}","connectionDeviceGenerationId":"638052891151821842","connectionDeviceId":"IOTDevice_9_2","contentEncoding":"utf-8","contentType":"application/json","enqueuedTime":"2022-10-22 06:00:00"}}
{"Body":{"Status":true,"Timestamp":"2022-10-22 06:00:00","pressure":"93.7544038122643"},"EnqueuedTimeUtc":"2022-10-22 06:00:00","Properties":{"messagetype":"Demo"},"SystemProperties":{"connectionAuthMethod":"{\"scope\":\"device\",\"type\":\"sas\",\"issuer\":\"iothub\",\"acceptingIpFilterRule\":null}","connectionDeviceGenerationId":"638052891151821842","connectionDeviceId":"IOTDevice_9_3","contentEncoding":"utf-8","contentType":"application/json","enqueuedTime":"2022-10-22 06:00:00"}}
{"Body":{"Status":true,"Timestamp":"2022-10-22 06:00:00","vibration":"47.3329843249707"},"EnqueuedTimeUtc":"2022-10-22 06:00:00","Properties":{"messagetype":"Demo"},"SystemProperties":{"connectionAuthMethod":"{\"scope\":\"device\",\"type\":\"sas\",\"issuer\":\"iothub\",\"acceptingIpFilterRule\":null}","connectionDeviceGenerationId":"638052891151821842","connectionDeviceId":"IOTDevice_9_4","contentEncoding":"utf-8","contentType":"application/json","enqueuedTime":"2022-10-22 06:00:00"}}
{"Body":{"Status":true,"Timestamp":"2022-10-22 07:00:00","volt":"189.417283380674"},"EnqueuedTimeUtc":"2022-10-22 07:00:00","Properties":{"messagetype":"Demo"},"SystemProperties":{"connectionAuthMethod":"{\"scope\":\"device\",\"type\":\"sas\",\"issuer\":\"iothub\",\"acceptingIpFilterRule\":null}","connectionDeviceGenerationId":"638052891151821842","connectionDeviceId":"IOTDevice_9_1","contentEncoding":"utf-8","contentType":"application/json","enqueuedTime":"2022-10-22 07:00:00"}}
{"Body":{"Status":true,"Timestamp":"2022-10-22 07:00:00","rotate":"400.267511753443"},"EnqueuedTimeUtc":"2022-10-22 07:00:00","Properties":{"messagetype":"Demo"},"SystemProperties":{"connectionAuthMethod":"{\"scope\":\"device\",\"type\":\"sas\",\"issuer\":\"iothub\",\"acceptingIpFilterRule\":null}","connectionDeviceGenerationId":"638052891151821842","connectionDeviceId":"IOTDevice_9_2","contentEncoding":"utf-8","contentType":"application/json","enqueuedTime":"2022-10-22 07:00:00"}}
{"Body":{"Status":true,"Timestamp":"2022-10-22 07:00:00","pressure":"97.5362027922655"},"EnqueuedTimeUtc":"2022-10-22 07:00:00","Properties":{"messagetype":"Demo"},"SystemProperties":{"connectionAuthMethod":"{\"scope\":\"device\",\"type\":\"sas\",\"issuer\":\"iothub\",\"acceptingIpFilterRule\":null}","connectionDeviceGenerationId":"638052891151821842","connectionDeviceId":"IOTDevice_9_3","contentEncoding":"utf-8","contentType":"application/json","enqueuedTime":"2022-10-22 07:00:00"}}
{"Body":{"Status":true,"Timestamp":"2022-10-22 07:00:00","vibration":"37.9383193123842"},"EnqueuedTimeUtc":"2022-10-22 07:00:00","Properties":{"messagetype":"Demo"},"SystemProperties":{"connectionAuthMethod":"{\"scope\":\"device\",\"type\":\"sas\",\"issuer\":\"iothub\",\"acceptingIpFilterRule\":null}","connectionDeviceGenerationId":"638052891151821842","connectionDeviceId":"IOTDevice_9_4","contentEncoding":"utf-8","contentType":"application/json","enqueuedTime":"2022-10-22 07:00:00"}}
{"Body":{"Status":true,"Timestamp":"2022-10-22 08:00:00","volt":"167.752054083856"},"EnqueuedTimeUtc":"2022-10-22 08:00:00","Properties":{"messagetype":"Demo"},"SystemProperties":{"connectionAuthMethod":"{\"scope\":\"device\",\"type\":\"sas\",\"issuer\":\"iothub\",\"acceptingIpFilterRule\":null}","connectionDeviceGenerationId":"638052891151821842","connectionDeviceId":"IOTDevice_9_1","contentEncoding":"utf-8","contentType":"application/json","enqueuedTime":"2022-10-22 08:00:00"}}
{"Body":{"Status":true,"Timestamp":"2022-10-22 08:00:00","rotate":"477.230478934164"},"EnqueuedTimeUtc":"2022-10-22 08:00:00","Properties":{"messagetype":"Demo"},"SystemProperties":{"connectionAuthMethod":"{\"scope\":\"device\",\"type\":\"sas\",\"issuer\":\"iothub\",\"acceptingIpFilterRule\":null}","connectionDeviceGenerationId":"638052891151821842","connectionDeviceId":"IOTDevice_9_2","contentEncoding":"utf-8","contentType":"application/json","enqueuedTime":"2022-10-22 08:00:00"}}
{"Body":{"Status":true,"Timestamp":"2022-10-22 08:00:00","pressure":"97.1081336091073"},"EnqueuedTimeUtc":"2022-10-22 08:00:00","Properties":{"messagetype":"Demo"},"SystemProperties":{"connectionAuthMethod":"{\"scope\":\"device\",\"type\":\"sas\",\"issuer\":\"iothub\",\"acceptingIpFilterRule\":null}","connectionDeviceGenerationId":"638052891151821842","connectionDeviceId":"IOTDevice_9_3","contentEncoding":"utf-8","contentType":"application/json","enqueuedTime":"2022-10-22 08:00:00"}}
{"Body":{"Status":true,"Timestamp":"2022-10-22 08:00:00","vibration":"40.2308721666598"},"EnqueuedTimeUtc":"2022-10-22 08:00:00","Properties":{"messagetype":"Demo"},"SystemProperties":{"connectionAuthMethod":"{\"scope\":\"device\",\"type\":\"sas\",\"issuer\":\"iothub\",\"acceptingIpFilterRule\":null}","connectionDeviceGenerationId":"638052891151821842","connectionDeviceId":"IOTDevice_9_4","contentEncoding":"utf-8","contentType":"application/json","enqueuedTime":"2022-10-22 08:00:00"}}
{"Body":{"Status":true,"Timestamp":"2022-10-22 09:00:00","volt":"180.55789646964"},"EnqueuedTimeUtc":"2022-10-22 09:00:00","Properties":{"messagetype":"Demo"},"SystemProperties":{"connectionAuthMethod":"{\"scope\":\"device\",\"type\":\"sas\",\"issuer\":\"iothub\",\"acceptingIpFilterRule\":null}","connectionDeviceGenerationId":"638052891151821842","connectionDeviceId":"IOTDevice_9_1","contentEncoding":"utf-8","contentType":"application/json","enqueuedTime":"2022-10-22 09:00:00"}}
{"Body":{"Status":true,"Timestamp":"2022-10-22 09:00:00","rotate":"395.054815417721"},"EnqueuedTimeUtc":"2022-10-22 09:00:00","Properties":{"messagetype":"Demo"},"SystemProperties":{"connectionAuthMethod":"{\"scope\":\"device\",\"type\":\"sas\",\"issuer\":\"iothub\",\"acceptingIpFilterRule\":null}","connectionDeviceGenerationId":"638052891151821842","connectionDeviceId":"IOTDevice_9_2","contentEncoding":"utf-8","contentType":"application/json","enqueuedTime":"2022-10-22 09:00:00"}}
{"Body":{"Status":true,"Timestamp":"2022-10-22 09:00:00","pressure":"100.466908802726"},"EnqueuedTimeUtc":"2022-10-22 09:00:00","Properties":{"messagetype":"Demo"},"SystemProperties":{"connectionAuthMethod":"{\"scope\":\"device\",\"type\":\"sas\",\"issuer\":\"iothub\",\"acceptingIpFilterRule\":null}","connectionDeviceGenerationId":"638052891151821842","connectionDeviceId":"IOTDevice_9_3","contentEncoding":"utf-8","contentType":"application/json","enqueuedTime":"2022-10-22 09:00:00"}}
{"Body":{"Status":true,"Timestamp":"2022-10-22 09:00:00","vibration":"41.7644684571575"},"EnqueuedTimeUtc":"2022-10-22 09:00:00","Properties":{"messagetype":"Demo"},"SystemProperties":{"connectionAuthMethod":"{\"scope\":\"device\",\"type\":\"sas\",\"issuer\":\"iothub\",\"acceptingIpFilterRule\":null}","connectionDeviceGenerationId":"638052891151821842","connectionDeviceId":"IOTDevice_9_4","contentEncoding":"utf-8","contentType":"application/json","enqueuedTime":"2022-10-22 09:00:00"}}
{"Body":{"Status":true,"Timestamp":"2022-10-22 10:00:00","volt":"182.889340318485"},"EnqueuedTimeUtc":"2022-10-22 10:00:00","Properties":{"messagetype":"Demo"},"SystemProperties":{"connectionAuthMethod":"{\"scope\":\"device\",\"type\":\"sas\",\"issuer\":\"iothub\",\"acceptingIpFilterRule\":null}","connectionDeviceGenerationId":"638052891151821842","connectionDeviceId":"IOTDevice_9_1","contentEncoding":"utf-8","contentType":"application/json","enqueuedTime":"2022-10-22 10:00:00"}}
{"Body":{"Status":true,"Timestamp":"2022-10-22 10:00:00","rotate":"498.065478527422"},"EnqueuedTimeUtc":"2022-10-22 10:00:00","Properties":{"messagetype":"Demo"},"SystemProperties":{"connectionAuthMethod":"{\"scope\":\"device\",\"type\":\"sas\",\"issuer\":\"iothub\",\"acceptingIpFilterRule\":null}","connectionDeviceGenerationId":"638052891151821842","connectionDeviceId":"IOTDevice_9_2","contentEncoding":"utf-8","contentType":"application/json","enqueuedTime":"2022-10-22 10:00:00"}}
{"Body":{"Status":true,"Timestamp":"2022-10-22 10:00:00","pressure":"96.7186148143194"},"EnqueuedTimeUtc":"2022-10-22 10:00:00","Properties":{"messagetype":"Demo"},"SystemProperties":{"connectionAuthMethod":"{\"scope\":\"device\",\"type\":\"sas\",\"issuer\":\"iothub\",\"acceptingIpFilterRule\":null}","connectionDeviceGenerationId":"638052891151821842","connectionDeviceId":"IOTDevice_9_3","contentEncoding":"utf-8","contentType":"application/json","enqueuedTime":"2022-10-22 10:00:00"}}
{"Body":{"Status":true,"Timestamp":"2022-10-22 10:00:00","vibration":"40.4532742586918"},"EnqueuedTimeUtc":"2022-10-22 10:00:00","Properties":{"messagetype":"Demo"},"SystemProperties":{"connectionAuthMethod":"{\"scope\":\"device\",\"type\":\"sas\",\"issuer\":\"iothub\",\"acceptingIpFilterRule\":null}","connectionDeviceGenerationId":"638052891151821842","connectionDeviceId":"IOTDevice_9_4","contentEncoding":"utf-8","contentType":"application/json","enqueuedTime":"2022-10-22 10:00:00"}}
{"Body":{"Status":true,"Timestamp":"2022-10-22 11:00:00","volt":"175.773200207095"},"EnqueuedTimeUtc":"2022-10-22 11:00:00","Properties":{"messagetype":"Demo"},"SystemProperties":{"connectionAuthMethod":"{\"scope\":\"device\",\"type\":\"sas\",\"issuer\":\"iothub\",\"acceptingIpFilterRule\":null}","connectionDeviceGenerationId":"638052891151821842","connectionDeviceId":"IOTDevice_9_1","contentEncoding":"utf-8","contentType":"application/json","enqueuedTime":"2022-10-22 11:00:00"}}
{"Body":{"Status":true,"Timestamp":"2022-10-22 11:00:00","rotate":"502.630308464205"},"EnqueuedTimeUtc":"2022-10-22 11:00:00","Properties":{"messagetype":"Demo"},"SystemProperties":{"connectionAuthMethod":"{\"scope\":\"device\",\"type\":\"sas\",\"issuer\":\"iothub\",\"acceptingIpFilterRule\":null}","connectionDeviceGenerationId":"638052891151821842","connectionDeviceId":"IOTDevice_9_2","contentEncoding":"utf-8","contentType":"application/json","enqueuedTime":"2022-10-22 11:00:00"}}
{"Body":{"Status":true,"Timestamp":"2022-10-22 11:00:00","pressure":"91.3172439597901"},"EnqueuedTimeUtc":"2022-10-22 11:00:00","Properties":{"messagetype":"Demo"},"SystemProperties":{"connectionAuthMethod":"{\"scope\":\"device\",\"type\":\"sas\",\"issuer\":\"iothub\",\"acceptingIpFilterRule\":null}","connectionDeviceGenerationId":"638052891151821842","connectionDeviceId":"IOTDevice_9_3","contentEncoding":"utf-8","contentType":"application/json","enqueuedTime":"2022-10-22 11:00:00"}}
{"Body":{"Status":true,"Timestamp":"2022-10-22 11:00:00","vibration":"47.9404691165615"},"EnqueuedTimeUtc":"2022-10-22 11:00:00","Properties":{"messagetype":"Demo"},"SystemProperties":{"connectionAuthMethod":"{\"scope\":\"device\",\"type\":\"sas\",\"issuer\":\"iothub\",\"acceptingIpFilterRule\":null}","connectionDeviceGenerationId":"638052891151821842","connectionDeviceId":"IOTDevice_9_4","contentEncoding":"utf-8","contentType":"application/json","enqueuedTime":"2022-10-22 11:00:00"}}
{"Body":{"Status":true,"Timestamp":"2022-10-22 12:00:00","volt":"188.598867359859"},"EnqueuedTimeUtc":"2022-10-22 12:00:00","Properties":{"messagetype":"Demo"},"SystemProperties":{"connectionAuthMethod":"{\"scope\":\"device\",\"type\":\"sas\",\"issuer\":\"iothub\",\"acceptingIpFilterRule\":null}","connectionDeviceGenerationId":"638052891151821842","connectionDeviceId":"IOTDevice_9_1","contentEncoding":"utf-8","contentType":"application/json","enqueuedTime":"2022-10-22 12:00:00"}}
{"Body":{"Status":true,"Timestamp":"2022-10-22 12:00:00","rotate":"491.739231941888"},"EnqueuedTimeUtc":"2022-10-22 12:00:00","Properties":{"messagetype":"Demo"},"SystemProperties":{"connectionAuthMethod":"{\"scope\":\"device\",\"type\":\"sas\",\"issuer\":\"iothub\",\"acceptingIpFilterRule\":null}","connectionDeviceGenerationId":"638052891151821842","connectionDeviceId":"IOTDevice_9_2","contentEncoding":"utf-8","contentType":"application/json","enqueuedTime":"2022-10-22 12:00:00"}}
{"Body":{"Status":true,"Timestamp":"2022-10-22 12:00:00","pressure":"109.019116660922"},"EnqueuedTimeUtc":"2022-10-22 12:00:00","Properties":{"messagetype":"Demo"},"SystemProperties":{"connectionAuthMethod":"{\"scope\":\"device\",\"type\":\"sas\",\"issuer\":\"iothub\",\"acceptingIpFilterRule\":null}","connectionDeviceGenerationId":"638052891151821842","connectionDeviceId":"IOTDevice_9_3","contentEncoding":"utf-8","contentType":"application/json","enqueuedTime":"2022-10-22 12:00:00"}}
{"Body":{"Status":true,"Timestamp":"2022-10-22 12:00:00","vibration":"34.8267112740849"},"EnqueuedTimeUtc":"2022-10-22 12:00:00","Properties":{"messagetype":"Demo"},"SystemProperties":{"connectionAuthMethod":"{\"scope\":\"device\",\"type\":\"sas\",\"issuer\":\"iothub\",\"acceptingIpFilterRule\":null}","connectionDeviceGenerationId":"638052891151821842","connectionDeviceId":"IOTDevice_9_4","contentEncoding":"utf-8","contentType":"application/json","enqueuedTime":"2022-10-22 12:00:00"}}
{"Body":{"Status":true,"Timestamp":"2022-10-22 13:00:00","volt":"161.96091865914"},"EnqueuedTimeUtc":"2022-10-22 13:00:00","Properties":{"messagetype":"Demo"},"SystemProperties":{"connectionAuthMethod":"{\"scope\":\"device\",\"type\":\"sas\",\"issuer\":\"iothub\",\"acceptingIpFilterRule\":null}","connectionDeviceGenerationId":"638052891151821842","connectionDeviceId":"IOTDevice_9_1","contentEncoding":"utf-8","contentType":"application/json","enqueuedTime":"2022-10-22 13:00:00"}}
{"Body":{"Status":true,"Timestamp":"2022-10-22 13:00:00","rotate":"361.815668885901"},"EnqueuedTimeUtc":"2022-10-22 13:00:00","Properties":{"messagetype":"Demo"},"SystemProperties":{"connectionAuthMethod":"{\"scope\":\"device\",\"type\":\"sas\",\"issuer\":\"iothub\",\"acceptingIpFilterRule\":null}","connectionDeviceGenerationId":"638052891151821842","connectionDeviceId":"IOTDevice_9_2","contentEncoding":"utf-8","contentType":"application/json","enqueuedTime":"2022-10-22 13:00:00"}}
{"Body":{"Status":true,"Timestamp":"2022-10-22 13:00:00","pressure":"88.2687279086439"},"EnqueuedTimeUtc":"2022-10-22 13:00:00","Properties":{"messagetype":"Demo"},"SystemProperties":{"connectionAuthMethod":"{\"scope\":\"device\",\"type\":\"sas\",\"issuer\":\"iothub\",\"acceptingIpFilterRule\":null}","connectionDeviceGenerationId":"638052891151821842","connectionDeviceId":"IOTDevice_9_3","contentEncoding":"utf-8","contentType":"application/json","enqueuedTime":"2022-10-22 13:00:00"}}
{"Body":{"Status":true,"Timestamp":"2022-10-22 13:00:00","vibration":"35.5209027596762"},"EnqueuedTimeUtc":"2022-10-22 13:00:00","Properties":{"messagetype":"Demo"},"SystemProperties":{"connectionAuthMethod":"{\"scope\":\"device\",\"type\":\"sas\",\"issuer\":\"iothub\",\"acceptingIpFilterRule\":null}","connectionDeviceGenerationId":"638052891151821842","connectionDeviceId":"IOTDevice_9_4","contentEncoding":"utf-8","contentType":"application/json","enqueuedTime":"2022-10-22 13:00:00"}}
{"Body":{"Status":true,"Timestamp":"2022-10-22 14:00:00","volt":"156.473929867896"},"EnqueuedTimeUtc":"2022-10-22 14:00:00","Properties":{"messagetype":"Demo"},"SystemProperties":{"connectionAuthMethod":"{\"scope\":\"device\",\"type\":\"sas\",\"issuer\":\"iothub\",\"acceptingIpFilterRule\":null}","connectionDeviceGenerationId":"638052891151821842","connectionDeviceId":"IOTDevice_9_1","contentEncoding":"utf-8","contentType":"application/json","enqueuedTime":"2022-10-22 14:00:00"}}
{"Body":{"Status":true,"Timestamp":"2022-10-22 14:00:00","rotate":"459.865736568717"},"EnqueuedTimeUtc":"2022-10-22 14:00:00","Properties":{"messagetype":"Demo"},"SystemProperties":{"connectionAuthMethod":"{\"scope\":\"device\",\"type\":\"sas\",\"issuer\":\"iothub\",\"acceptingIpFilterRule\":null}","connectionDeviceGenerationId":"638052891151821842","connectionDeviceId":"IOTDevice_9_2","contentEncoding":"utf-8","contentType":"application/json","enqueuedTime":"2022-10-22 14:00:00"}}
{"Body":{"Status":true,"Timestamp":"2022-10-22 14:00:00","pressure":"97.0868567838666"},"EnqueuedTimeUtc":"2022-10-22 14:00:00","Properties":{"messagetype":"Demo"},"SystemProperties":{"connectionAuthMethod":"{\"scope\":\"device\",\"type\":\"sas\",\"issuer\":\"iothub\",\"acceptingIpFilterRule\":null}","connectionDeviceGenerationId":"638052891151821842","connectionDeviceId":"IOTDevice_9_3","contentEncoding":"utf-8","contentType":"application/json","enqueuedTime":"2022-10-22 14:00:00"}}
{"Body":{"Status":true,"Timestamp":"2022-10-22 14:00:00","vibration":"38.2063544618709"},"EnqueuedTimeUtc":"2022-10-22 14:00:00","Properties":{"messagetype":"Demo"},"SystemProperties":{"connectionAuthMethod":"{\"scope\":\"device\",\"type\":\"sas\",\"issuer\":\"iothub\",\"acceptingIpFilterRule\":null}","connectionDeviceGenerationId":"638052891151821842","connectionDeviceId":"IOTDevice_9_4","contentEncoding":"utf-8","contentType":"application/json","enqueuedTime":"2022-10-22 14:00:00"}}
{"Body":{"Status":true,"Timestamp":"2022-10-22 15:00:00","volt":"183.964359819252"},"EnqueuedTimeUtc":"2022-10-22 15:00:00","Properties":{"messagetype":"Demo"},"SystemProperties":{"connectionAuthMethod":"{\"scope\":\"device\",\"type\":\"sas\",\"issuer\":\"iothub\",\"acceptingIpFilterRule\":null}","connectionDeviceGenerationId":"638052891151821842","connectionDeviceId":"IOTDevice_9_1","contentEncoding":"utf-8","contentType":"application/json","enqueuedTime":"2022-10-22 15:00:00"}}
{"Body":{"Status":true,"Timestamp":"2022-10-22 15:00:00","rotate":"411.629103252774"},"EnqueuedTimeUtc":"2022-10-22 15:00:00","Properties":{"messagetype":"Demo"},"SystemProperties":{"connectionAuthMethod":"{\"scope\":\"device\",\"type\":\"sas\",\"issuer\":\"iothub\",\"acceptingIpFilterRule\":null}","connectionDeviceGenerationId":"638052891151821842","connectionDeviceId":"IOTDevice_9_2","contentEncoding":"utf-8","contentType":"application/json","enqueuedTime":"2022-10-22 15:00:00"}}
{"Body":{"Status":true,"Timestamp":"2022-10-22 15:00:00","pressure":"104.481862168982"},"EnqueuedTimeUtc":"2022-10-22 15:00:00","Properties":{"messagetype":"Demo"},"SystemProperties":{"connectionAuthMethod":"{\"scope\":\"device\",\"type\":\"sas\",\"issuer\":\"iothub\",\"acceptingIpFilterRule\":null}","connectionDeviceGenerationId":"638052891151821842","connectionDeviceId":"IOTDevice_9_3","contentEncoding":"utf-8","contentType":"application/json","enqueuedTime":"2022-10-22 15:00:00"}}
{"Body":{"Status":true,"Timestamp":"2022-10-22 15:00:00","vibration":"36.6178979196913"},"EnqueuedTimeUtc":"2022-10-22 15:00:00","Properties":{"messagetype":"Demo"},"SystemProperties":{"connectionAuthMethod":"{\"scope\":\"device\",\"type\":\"sas\",\"issuer\":\"iothub\",\"acceptingIpFilterRule\":null}","connectionDeviceGenerationId":"638052891151821842","connectionDeviceId":"IOTDevice_9_4","contentEncoding":"utf-8","contentType":"application/json","enqueuedTime":"2022-10-22 15:00:00"}}
{"Body":{"Status":true,"Timestamp":"2022-10-22 16:00:00","volt":"157.231143460678"},"EnqueuedTimeUtc":"2022-10-22 16:00:00","Properties":{"messagetype":"Demo"},"SystemProperties":{"connectionAuthMethod":"{\"scope\":\"device\",\"type\":\"sas\",\"issuer\":\"iothub\",\"acceptingIpFilterRule\":null}","connectionDeviceGenerationId":"638052891151821842","connectionDeviceId":"IOTDevice_9_1","contentEncoding":"utf-8","contentType":"application/json","enqueuedTime":"2022-10-22 16:00:00"}}
{"Body":{"Status":true,"Timestamp":"2022-10-22 16:00:00","rotate":"426.856671303583"},"EnqueuedTimeUtc":"2022-10-22 16:00:00","Properties":{"messagetype":"Demo"},"SystemProperties":{"connectionAuthMethod":"{\"scope\":\"device\",\"type\":\"sas\",\"issuer\":\"iothub\",\"acceptingIpFilterRule\":null}","connectionDeviceGenerationId":"638052891151821842","connectionDeviceId":"IOTDevice_9_2","contentEncoding":"utf-8","contentType":"application/json","enqueuedTime":"2022-10-22 16:00:00"}}
{"Body":{"Status":true,"Timestamp":"2022-10-22 16:00:00","pressure":"121.878465805619"},"EnqueuedTimeUtc":"2022-10-22 16:00:00","Properties":{"messagetype":"Demo"},"SystemProperties":{"connectionAuthMethod":"{\"scope\":\"device\",\"type\":\"sas\",\"issuer\":\"iothub\",\"acceptingIpFilterRule\":null}","connectionDeviceGenerationId":"638052891151821842","connectionDeviceId":"IOTDevice_9_3","contentEncoding":"utf-8","contentType":"application/json","enqueuedTime":"2022-10-22 16:00:00"}}
{"Body":{"Status":true,"Timestamp":"2022-10-22 16:00:00","vibration":"35.1023881392389"},"EnqueuedTimeUtc":"2022-10-22 16:00:00","Properties":{"messagetype":"Demo"},"SystemProperties":{"connectionAuthMethod":"{\"scope\":\"device\",\"type\":\"sas\",\"issuer\":\"iothub\",\"acceptingIpFilterRule\":null}","connectionDeviceGenerationId":"638052891151821842","connectionDeviceId":"IOTDevice_9_4","contentEncoding":"utf-8","contentType":"application/json","enqueuedTime":"2022-10-22 16:00:00"}}
{"Body":{"Status":true,"Timestamp":"2022-10-22 17:00:00","volt":"167.604767250181"},"EnqueuedTimeUtc":"2022-10-22 17:00:00","Properties":{"messagetype":"Demo"},"SystemProperties":{"connectionAuthMethod":"{\"scope\":\"device\",\"type\":\"sas\",\"issuer\":\"iothub\",\"acceptingIpFilterRule\":null}","connectionDeviceGenerationId":"638052891151821842","connectionDeviceId":"IOTDevice_9_1","contentEncoding":"utf-8","contentType":"application/json","enqueuedTime":"2022-10-22 17:00:00"}}
{"Body":{"Status":true,"Timestamp":"2022-10-22 17:00:00","rotate":"601.708281576289"},"EnqueuedTimeUtc":"2022-10-22 17:00:00","Properties":{"messagetype":"Demo"},"SystemProperties":{"connectionAuthMethod":"{\"scope\":\"device\",\"type\":\"sas\",\"issuer\":\"iothub\",\"acceptingIpFilterRule\":null}","connectionDeviceGenerationId":"638052891151821842","connectionDeviceId":"IOTDevice_9_2","contentEncoding":"utf-8","contentType":"application/json","enqueuedTime":"2022-10-22 17:00:00"}}
{"Body":{"Status":true,"Timestamp":"2022-10-22 17:00:00","pressure":"95.8945052974901"},"EnqueuedTimeUtc":"2022-10-22 17:00:00","Properties":{"messagetype":"Demo"},"SystemProperties":{"connectionAuthMethod":"{\"scope\":\"device\",\"type\":\"sas\",\"issuer\":\"iothub\",\"acceptingIpFilterRule\":null}","connectionDeviceGenerationId":"638052891151821842","connectionDeviceId":"IOTDevice_9_3","contentEncoding":"utf-8","contentType":"application/json","enqueuedTime":"2022-10-22 17:00:00"}}
{"Body":{"Status":true,"Timestamp":"2022-10-22 17:00:00","vibration":"49.4091192548975"},"EnqueuedTimeUtc":"2022-10-22 17:00:00","Properties":{"messagetype":"Demo"},"SystemProperties":{"connectionAuthMethod":"{\"scope\":\"device\",\"type\":\"sas\",\"issuer\":\"iothub\",\"acceptingIpFilterRule\":null}","connectionDeviceGenerationId":"638052891151821842","connectionDeviceId":"IOTDevice_9_4","contentEncoding":"utf-8","contentType":"application/json","enqueuedTime":"2022-10-22 17:00:00"}}
