{"Body":{"Status":true,"Timestamp":"2022-10-22 15:00:00","volt":"175.266980660784"},"EnqueuedTimeUtc":"2022-10-22 15:00:00","Properties":{"messagetype":"Demo"},"SystemProperties":{"connectionAuthMethod":"{\"scope\":\"device\",\"type\":\"sas\",\"issuer\":\"iothub\",\"acceptingIpFilterRule\":null}","connectionDeviceGenerationId":"638052891151821842","connectionDeviceId":"IOTDevice_6_1","contentEncoding":"utf-8","contentType":"application/json","enqueuedTime":"2022-10-22 15:00:00"}}
{"Body":{"Status":true,"Timestamp":"2022-10-22 15:00:00","rotate":"441.486508597714"},"EnqueuedTimeUtc":"2022-10-22 15:00:00","Properties":{"messagetype":"Demo"},"SystemProperties":{"connectionAuthMethod":"{\"scope\":\"device\",\"type\":\"sas\",\"issuer\":\"iothub\",\"acceptingIpFilterRule\":null}","connectionDeviceGenerationId":"638052891151821842","connectionDeviceId":"IOTDevice_6_2","contentEncoding":"utf-8","contentType":"application/json","enqueuedTime":"2022-10-22 15:00:00"}}
{"Body":{"Status":true,"Timestamp":"2022-10-22 15:00:00","pressure":"103.471695535342"},"EnqueuedTimeUtc":"2022-10-22 15:00:00","Properties":{"messagetype":"Demo"},"SystemProperties":{"connectionAuthMethod":"{\"scope\":\"device\",\"type\":\"sas\",\"issuer\":\"iothub\",\"acceptingIpFilterRule\":null}","connectionDeviceGenerationId":"638052891151821842","connectionDeviceId":"IOTDevice_6_3","contentEncoding":"utf-8","contentType":"application/json","enqueuedTime":"2022-10-22 15:00:00"}}
{"Body":{"Status":true,"Timestamp":"2022-10-22 15:00:00","vibration":"39.3649162021817"},"EnqueuedTimeUtc":"2022-10-22 15:00:00","Properties":{"messagetype":"Demo"},"SystemProperties":{"connectionAuthMethod":"{\"scope\":\"device\",\"type\":\"sas\",\"issuer\":\"iothub\",\"acceptingIpFilterRule\":null}","connectionDeviceGenerationId":"638052891151821842","connectionDeviceId":"IOTDevice_6_4","contentEncoding":"utf-8","contentType":"application/json","enqueuedTime":"2022-10-22 15:00:00"}}
{"Body":{"Status":true,"Timestamp":"2022-10-22 16:00:00","volt":"179.015446134796"},"EnqueuedTimeUtc":"2022-10-22 16:00:00","Properties":{"messagetype":"Demo"},"SystemProperties":{"connectionAuthMethod":"{\"scope\":\"device\",\"type\":\"sas\",\"issuer\":\"iothub\",\"acceptingIpFilterRule\":null}","connectionDeviceGenerationId":"638052891151821842","connectionDeviceId":"IOTDevice_6_1","contentEncoding":"utf-8","contentType":"application/json","enqueuedTime":"2022-10-22 16:00:00"}}
{"Body":{"Status":true,"Timestamp":"2022-10-22 16:00:00","rotate":"414.630901038726"},"EnqueuedTimeUtc":"2022-10-22 16:00:00","Properties":{"messagetype":"Demo"},"SystemProperties":{"connectionAuthMethod":"{\"scope\":\"device\",\"type\":\"sas\",\"issuer\":\"iothub\",\"acceptingIpFilterRule\":null}","connectionDeviceGenerationId":"638052891151821842","connectionDeviceId":"IOTDevice_6_2","contentEncoding":"utf-8","contentType":"application/json","enqueuedTime":"2022-10-22 16:00:00"}}
{"Body":{"Status":true,"Timestamp":"2022-10-22 16:00:00","pressure":"102.415820982621"},"EnqueuedTimeUtc":"2022-10-22 16:00:00","Properties":{"messagetype":"Demo"},"SystemProperties":{"connectionAuthMethod":"{\"scope\":\"device\",\"type\":\"sas\",\"issuer\":\"iothub\",\"acceptingIpFilterRule\":null}","connectionDeviceGenerationId":"638052891151821842","connectionDeviceId":"IOTDevice_6_3","contentEncoding":"utf-8","contentType":"application/json","enqueuedTime":"2022-10-22 16:00:00"}}
{"Body":{"Status":true,"Timestamp":"2022-10-22 16:00:00","vibration":"47.5822073874964"},"EnqueuedTimeUtc":"2022-10-22 16:00:00","Properties":{"messagetype":"Demo"},"SystemProperties":{"connectionAuthMethod":"{\"scope\":\"device\",\"type\":\"sas\",\"issuer\":\"iothub\",\"acceptingIpFilterRule\":null}","connectionDeviceGenerationId":"638052891151821842","connectionDeviceId":"IOTDevice_6_4","contentEncoding":"utf-8","contentType":"application/json","enqueuedTime":"2022-10-22 16:00:00"}}
{"Body":{"Status":true,"Timestamp":"2022-10-22 17:00:00","volt":"196.841317417554"},"EnqueuedTimeUtc":"2022-10-22 17:00:00","Properties":{"messagetype":"Demo"},"SystemProperties":{"connectionAuthMethod":"{\"scope\":\"device\",\"type\":\"sas\",\"issuer\":\"iothub\",\"acceptingIpFilterRule\":null}","connectionDeviceGenerationId":"638052891151821842","connectionDeviceId":"IOTDevice_6_1","contentEncoding":"utf-8","contentType":"application/json","enqueuedTime":"2022-10-22 17:00:00"}}
{"Body":{"Status":true,"Timestamp":"2022-10-22 17:00:00","rotate":"476.824887703393"},"EnqueuedTimeUtc":"2022-10-22 17:00:00","Properties":{"messagetype":"Demo"},"SystemProperties":{"connectionAuthMethod":"{\"scope\":\"device\",\"type\":\"sas\",\"issuer\":\"iothub\",\"acceptingIpFilterRule\":null}","connectionDeviceGenerationId":"638052891151821842","connectionDeviceId":"IOTDevice_6_2","contentEncoding":"utf-8","contentType":"application/json","enqueuedTime":"2022-10-22 17:00:00"}}
{"Body":{"Status":true,"Timestamp":"2022-10-22 17:00:00","pressure":"109.545132162801"},"EnqueuedTimeUtc":"2022-10-22 17:00:00","Properties":{"messagetype":"Demo"},"SystemProperties":{"connectionAuthMethod":"{\"scope\":\"device\",\"type\":\"sas\",\"issuer\":\"iothub\",\"acceptingIpFilterRule\":null}","connectionDeviceGenerationId":"638052891151821842","connectionDeviceId":"IOTDevice_6_3","contentEncoding":"utf-8","contentType":"application/json","enqueuedTime":"2022-10-22 17:00:00"}}
{"Body":{"Status":true,"Timestamp":"2022-10-22 17:00:00","vibration":"37.5631548239005"},"EnqueuedTimeUtc":"2022-10-22 17:00:00","Properties":{"messagetype":"Demo"},"SystemProperties":{"connectionAuthMethod":"{\"scope\":\"device\",\"type\":\"sas\",\"issuer\":\"iothub\",\"acceptingIpFilterRule\":null}","connectionDeviceGenerationId":"638052891151821842","connectionDeviceId":"IOTDevice_6_4","contentEncoding":"utf-8","contentType":"application/json","enqueuedTime":"2022-10-22 17:00:00"}}
{"Body":{"Status":true,"Timestamp":"2022-10-22 18:00:00","volt":"179.700293813258"},"EnqueuedTimeUtc":"2022-10-22 18:00:00","Properties":{"messagetype":"Demo"},"SystemProperties":{"connectionAuthMethod":"{\"scope\":\"device\",\"type\":\"sas\",\"issuer\":\"iothub\",\"acceptingIpFilterRule\":null}","connectionDeviceGenerationId":"638052891151821842","connectionDeviceId":"IOTDevice_6_1","contentEncoding":"utf-8","contentType":"application/json","enqueuedTime":"2022-10-22 18:00:00"}}
{"Body":{"Status":true,"Timestamp":"2022-10-22 18:00:00","rotate":"342.865019395473"},"EnqueuedTimeUtc":"2022-10-22 18:00:00","Properties":{"messagetype":"Demo"},"SystemProperties":{"connectionAuthMethod":"{\"scope\":\"device\",\"type\":\"sas\",\"issuer\":\"iothub\",\"acceptingIpFilterRule\":null}","connectionDeviceGenerationId":"638052891151821842","connectionDeviceId":"IOTDevice_6_2","contentEncoding":"utf-8","contentType":"application/json","enqueuedTime":"2022-10-22 18:00:00"}}
{"Body":{"Status":true,"Timestamp":"2022-10-22 18:00:00","pressure":"90.4631816597038"},"EnqueuedTimeUtc":"2022-10-22 18:00:00","Properties":{"messagetype":"Demo"},"SystemProperties":{"connectionAuthMethod":"{\"scope\":\"device\",\"type\":\"sas\",\"issuer\":\"iothub\",\"acceptingIpFilterRule\":null}","connectionDeviceGenerationId":"638052891151821842","connectionDeviceId":"IOTDevice_6_3","contentEncoding":"utf-8","contentType":"application/json","enqueuedTime":"2022-10-22 18:00:00"}}
{"Body":{"Status":true,"Timestamp":"2022-10-22 18:00:00","vibration":"46.069611095097"},"EnqueuedTimeUtc":"2022-10-22 18:00:00","Properties":{"messagetype":"Demo"},"SystemProperties":{"connectionAuthMethod":"{\"scope\":\"device\",\"type\":\"sas\",\"issuer\":\"iothub\",\"acceptingIpFilterRule\":null}","connectionDeviceGenerationId":"638052891151821842","connectionDeviceId":"IOTDevice_6_4","contentEncoding":"utf-8","contentType":"application/json","enqueuedTime":"2022-10-22 18:00:00"}}
{"Body":{"Status":true,"Timestamp":"2022-10-22 19:00:00","volt":"173.86053761596"},"EnqueuedTimeUtc":"2022-10-22 19:00:00","Properties":{"messagetype":"Demo"},"SystemProperties":{"connectionAuthMethod":"{\"scope\":\"device\",\"type\":\"sas\",\"issuer\":\"iothub\",\"acceptingIpFilterRule\":null}","connectionDeviceGenerationId":"638052891151821842","connectionDeviceId":"IOTDevice_6_1","contentEncoding":"utf-8","contentType":"application/json","enqueuedTime":"2022-10-22 19:00:00"}}
{"Body":{"Status":true,"Timestamp":"2022-10-22 19:00:00","rotate":"428.306964915232"},"EnqueuedTimeUtc":"2022-10-22 19:00:00","Properties":{"messagetype":"Demo"},"SystemProperties":{"connectionAuthMethod":"{\"scope\":\"device\",\"type\":\"sas\",\"issuer\":\"iothub\",\"acceptingIpFilterRule\":null}","connectionDeviceGenerationId":"638052891151821842","connectionDeviceId":"IOTDevice_6_2","contentEncoding":"utf-8","contentType":"application/json","enqueuedTime":"2022-10-22 19:00:00"}}
{"Body":{"Status":true,"Timestamp":"2022-10-22 19:00:00","pressure":"106.321483247568"},"EnqueuedTimeUtc":"2022-10-22 19:00:00","Properties":{"messagetype":"Demo"},"SystemProperties":{"connectionAuthMethod":"{\"scope\":\"device\",\"type\":\"sas\",\"issuer\":\"iothub\",\"acceptingIpFilterRule\":null}","connectionDeviceGenerationId":"638052891151821842","connectionDeviceId":"IOTDevice_6_3","contentEncoding":"utf-8","contentType":"application/json","enqueuedTime":"2022-10-22 19:00:00"}}
{"Body":{"Status":true,"Timestamp":"2022-10-22 19:00:00","vibration":"39.1282291514919"},"EnqueuedTimeUtc":"2022-10-22 19:00:00","Properties":{"messagetype":"Demo"},"SystemProperties":{"connectionAuthMethod":"{\"scope\":\"device\",\"type\":\"sas\",\"issuer\":\"iothub\",\"acceptingIpFilterRule\":null}","connectionDeviceGenerationId":"638052891151821842","connectionDeviceId":"IOTDevice_6_4","contentEncoding":"utf-8","contentType":"application/json","enqueuedTime":"2022-10-22 19:00:00"}}
{"Body":{"Status":true,"Timestamp":"2022-10-22 20:00:00","volt":"133.923695787349"},"EnqueuedTimeUtc":"2022-10-22 20:00:00","Properties":{"messagetype":"Demo"},"SystemProperties":{"connectionAuthMethod":"{\"scope\":\"device\",\"type\":\"sas\",\"issuer\":\"iothub\",\"acceptingIpFilterRule\":null}","connectionDeviceGenerationId":"638052891151821842","connectionDeviceId":"IOTDevice_6_1","contentEncoding":"utf-8","contentType":"application/json","enqueuedTime":"2022-10-22 20:00:00"}}
{"Body":{"Status":true,"Timestamp":"2022-10-22 20:00:00","rotate":"460.057050654673"},"EnqueuedTimeUtc":"2022-10-22 20:00:00","Properties":{"messagetype":"Demo"},"SystemProperties":{"connectionAuthMethod":"{\"scope\":\"device\",\"type\":\"sas\",\"issuer\":\"iothub\",\"acceptingIpFilterRule\":null}","connectionDeviceGenerationId":"638052891151821842","connectionDeviceId":"IOTDevice_6_2","contentEncoding":"utf-8","contentType":"application/json","enqueuedTime":"2022-10-22 20:00:00"}}
{"Body":{"Status":true,"Timestamp":"2022-10-22 20:00:00","pressure":"91.747178796405"},"EnqueuedTimeUtc":"2022-10-22 20:00:00","Properties":{"messagetype":"Demo"},"SystemProperties":{"connectionAuthMethod":"{\"scope\":\"device\",\"type\":\"sas\",\"issuer\":\"iothub\",\"acceptingIpFilterRule\":null}","connectionDeviceGenerationId":"638052891151821842","connectionDeviceId":"IOTDevice_6_3","contentEncoding":"utf-8","contentType":"application/json","enqueuedTime":"2022-10-22 20:00:00"}}
{"Body":{"Status":true,"Timestamp":"2022-10-22 20:00:00","vibration":"42.2806211834605"},"EnqueuedTimeUtc":"2022-10-22 20:00:00","Properties":{"messagetype":"Demo"},"SystemProperties":{"connectionAuthMethod":"{\"scope\":\"device\",\"type\":\"sas\",\"issuer\":\"iothub\",\"acceptingIpFilterRule\":null}","connectionDeviceGenerationId":"638052891151821842","connectionDeviceId":"IOTDevice_6_4","contentEncoding":"utf-8","contentType":"application/json","enqueuedTime":"2022-10-22 20:00:00"}}
{"Body":{"Status":true,"Timestamp":"2022-10-22 21:00:00","volt":"182.412121832858"},"EnqueuedTimeUtc":"2022-10-22 21:00:00","Properties":{"messagetype":"Demo"},"SystemProperties":{"connectionAuthMethod":"{\"scope\":\"device\",\"type\":\"sas\",\"issuer\":\"iothub\",\"acceptingIpFilterRule\":null}","connectionDeviceGenerationId":"638052891151821842","connectionDeviceId":"IOTDevice_6_1","contentEncoding":"utf-8","contentType":"application/json","enqueuedTime":"2022-10-22 21:00:00"}}
{"Body":{"Status":true,"Timestamp":"2022-10-22 21:00:00","rotate":"311.493909253737"},"EnqueuedTimeUtc":"2022-10-22 21:00:00","Properties":{"messagetype":"Demo"},"SystemProperties":{"connectionAuthMethod":"{\"scope\":\"device\",\"type\":\"sas\",\"issuer\":\"iothub\",\"acceptingIpFilterRule\":null}","connectionDeviceGenerationId":"638052891151821842","connectionDeviceId":"IOTDevice_6_2","contentEncoding":"utf-8","contentType":"application/json","enqueuedTime":"2022-10-22 21:00:00"}}
{"Body":{"Status":true,"Timestamp":"2022-10-22 21:00:00","pressure":"105.02257881293"},"EnqueuedTimeUtc":"2022-10-22 21:00:00","Properties":{"messagetype":"Demo"},"SystemProperties":{"connectionAuthMethod":"{\"scope\":\"device\",\"type\":\"sas\",\"issuer\":\"iothub\",\"acceptingIpFilterRule\":null}","connectionDeviceGenerationId":"638052891151821842","connectionDeviceId":"IOTDevice_6_3","contentEncoding":"utf-8","contentType":"application/json","enqueuedTime":"2022-10-22 21:00:00"}}
{"Body":{"Status":true,"Timestamp":"2022-10-22 21:00:00","vibration":"37.12870313798"},"EnqueuedTimeUtc":"2022-10-22 21:00:00","Properties":{"messagetype":"Demo"},"SystemProperties":{"connectionAuthMethod":"{\"scope\":\"device\",\"type\":\"sas\",\"issuer\":\"iothub\",\"acceptingIpFilterRule\":null}","connectionDeviceGenerationId":"638052891151821842","connectionDeviceId":"IOTDevice_6_4","contentEncoding":"utf-8","contentType":"application/json","enqueuedTime":"2022-10-22 21:00:00"}}
{"Body":{"Status":true,"Timestamp":"2022-10-22 22:00:00","volt":"168.874100879561"},"EnqueuedTimeUtc":"2022-10-22 22:00:00","Properties":{"messagetype":"Demo"},"SystemProperties":{"connectionAuthMethod":"{\"scope\":\"device\",\"type\":\"sas\",\"issuer\":\"iothub\",\"acceptingIpFilterRule\":null}","connectionDeviceGenerationId":"638052891151821842","connectionDeviceId":"IOTDevice_6_1","contentEncoding":"utf-8","contentType":"application/json","enqueuedTime":"2022-10-22 22:00:00"}}
{"Body":{"Status":true,"Timestamp":"2022-10-22 22:00:00","rotate":"469.53122153612"},"EnqueuedTimeUtc":"2022-10-22 22:00:00","Properties":{"messagetype":"Demo"},"SystemProperties":{"connectionAuthMethod":"{\"scope\":\"device\",\"type\":\"sas\",\"issuer\":\"iothub\",\"acceptingIpFilterRule\":null}","connectionDeviceGenerationId":"638052891151821842","connectionDeviceId":"IOTDevice_6_2","contentEncoding":"utf-8","contentType":"application/json","enqueuedTime":"2022-10-22 22:00:00"}}
{"Body":{"Status":true,"Timestamp":"2022-10-22 22:00:00","pressure":"85.3165558871545"},"EnqueuedTimeUtc":"2022-10-22 22:00:00","Properties":{"messagetype":"Demo"},"SystemProperties":{"connectionAuthMethod":"{\"scope\":\"device\",\"type\":\"sas\",\"issuer\":\"iothub\",\"acceptingIpFilterRule\":null}","connectionDeviceGenerationId":"638052891151821842","connectionDeviceId":"IOTDevice_6_3","contentEncoding":"utf-8","contentType":"application/json","enqueuedTime":"2022-10-22 22:00:00"}}
{"Body":{"Status":true,"Timestamp":"2022-10-22 22:00:00","vibration":"38.2295032096149"},"EnqueuedTimeUtc":"2022-10-22 22:00:00","Properties":{"messagetype":"Demo"},"SystemProperties":{"connectionAuthMethod":"{\"scope\":\"device\",\"type\":\"sas\",\"issuer\":\"iothub\",\"acceptingIpFilterRule\":null}","connectionDeviceGenerationId":"638052891151821842","connectionDeviceId":"IOTDevice_6_4","contentEncoding":"utf-8","contentType":"application/json","enqueuedTime":"2022-10-22 22:00:00"}}
{"Body":{"Status":true,"Timestamp":"2022-10-22 23:00:00","volt":"150.327130001745"},"EnqueuedTimeUtc":"2022-10-22 23:00:00","Properties":{"messagetype":"Demo"},"SystemProperties":{"connectionAuthMethod":"{\"scope\":\"device\",\"type\":\"sas\",\"issuer\":\"iothub\",\"acceptingIpFilterRule\":null}","connectionDeviceGenerationId":"638052891151821842","connectionDeviceId":"IOTDevice_6_1","contentEncoding":"utf-8","contentType":"application/json","enqueuedTime":"2022-10-22 23:00:00"}}
{"Body":{"Status":true,"Timestamp":"2022-10-22 23:00:00","rotate":"456.525789542964"},"EnqueuedTimeUtc":"2022-10-22 23:00:00","Properties":{"messagetype":"Demo"},"SystemProperties":{"connectionAuthMethod":"{\"scope\":\"device\",\"type\":\"sas\",\"issuer\":\"iothub\",\"acceptingIpFilterRule\":null}","connectionDeviceGenerationId":"638052891151821842","connectionDeviceId":"IOTDevice_6_2","contentEncoding":"utf-8","contentType":"application/json","enqueuedTime":"2022-10-22 23:00:00"}}
{"Body":{"Status":true,"Timestamp":"2022-10-22 23:00:00","pressure":"109.948150045227"},"EnqueuedTimeUtc":"2022-10-22 23:00:00","Properties":{"messagetype":"Demo"},"SystemProperties":{"connectionAuthMethod":"{\"scope\":\"device\",\"type\":\"sas\",\"issuer\":\"iothub\",\"acceptingIpFilterRule\":null}","connectionDeviceGenerationId":"638052891151821842","connectionDeviceId":"IOTDevice_6_3","contentEncoding":"utf-8","contentType":"application/json","enqueuedTime":"2022-10-22 23:00:00"}}
{"Body":{"Status":true,"Timestamp":"2022-10-22 23:00:00","vibration":"39.5728757015286"},"EnqueuedTimeUtc":"2022-10-22 23:00:00","Properties":{"messagetype":"Demo"},"SystemProperties":{"connectionAuthMethod":"{\"scope\":\"device\",\"type\":\"sas\",\"issuer\":\"iothub\",\"acceptingIpFilterRule\":null}","connectionDeviceGenerationId":"638052891151821842","connectionDeviceId":"IOTDevice_6_4","contentEncoding":"utf-8","contentType":"application/json","enqueuedTime":"2022-10-22 23:00:00"}}
{"Body":{"Status":true,"Timestamp":"2022-10-22 00:00:00","volt":"182.523618019572"},"EnqueuedTimeUtc":"2022-10-22 00:00:00","Properties":{"messagetype":"Demo"},"SystemProperties":{"connectionAuthMethod":"{\"scope\":\"device\",\"type\":\"sas\",\"issuer\":\"iothub\",\"acceptingIpFilterRule\":null}","connectionDeviceGenerationId":"638052891151821842","connectionDeviceId":"IOTDevice_7_1","contentEncoding":"utf-8","contentType":"application/json","enqueuedTime":"2022-10-22 00:00:00"}}
{"Body":{"Status":true,"Timestamp":"2022-10-22 00:00:00","rotate":"459.276598234017"},"EnqueuedTimeUtc":"2022-10-22 00:00:00","Properties":{"messagetype":"Demo"},"SystemProperties":{"connectionAuthMethod":"{\"scope\":\"device\",\"type\":\"sas\",\"issuer\":\"iothub\",\"acceptingIpFilterRule\":null}","connectionDeviceGenerationId":"638052891151821842","connectionDeviceId":"IOTDevice_7_2","contentEncoding":"utf-8","contentType":"application/json","enqueuedTime":"2022-10-22 00:00:00"}}
{"Body":{"Status":true,"Timestamp":"2022-10-22 00:00:00","pressure":"113.228667353724"},"EnqueuedTimeUtc":"2022-10-22 00:00:00","Properties":{"messagetype":"Demo"},"SystemProperties":{"connectionAuthMethod":"{\"scope\":\"device\",\"type\":\"sas\",\"issuer\":\"iothub\",\"acceptingIpFilterRule\":null}","connectionDeviceGenerationId":"638052891151821842","connectionDeviceId":"IOTDevice_7_3","contentEncoding":"utf-8","contentType":"application/json","enqueuedTime":"2022-10-22 00:00:00"}}
{"Body":{"Status":true,"Timestamp":"2022-10-22 00:00:00","vibration":"43.5968282342373"},"EnqueuedTimeUtc":"2022-10-22 00:00:00","Properties":{"messagetype":"Demo"},"SystemProperties":{"connectionAuthMethod":"{\"scope\":\"device\",\"type\":\"sas\",\"issuer\":\"iothub\",\"acceptingIpFilterRule\":null}","connectionDeviceGenerationId":"638052891151821842","connectionDeviceId":"IOTDevice_7_4","contentEncoding":"utf-8","contentType":"application/json","enqueuedTime":"2022-10-22 00:00:00"}}
{"Body":{"Status":true,"Timestamp":"2022-10-22 01:00:00","volt":"164.685422899512"},"EnqueuedTimeUtc":"2022-10-22 01:00:00","Properties":{"messagetype":"Demo"},"SystemProperties":{"connectionAuthMethod":"{\"scope\":\"device\",\"type\":\"sas\",\"issuer\":\"iothub\",\"acceptingIpFilterRule\":null}","connectionDeviceGenerationId":"638052891151821842","connectionDeviceId":"IOTDevice_7_1","contentEncoding":"utf-8","contentType":"application/json","enqueuedTime":"2022-10-22 01:00:00"}}
{"Body":{"Status":true,"Timestamp":"2022-10-22 01:00:00","rotate":"478.105159453039"},"EnqueuedTimeUtc":"2022-10-22 01:00:00","Properties":{"messagetype":"Demo"},"SystemProperties":{"connectionAuthMethod":"{\"scope\":\"device\",\"type\":\"sas\",\"issuer\":\"iothub\",\"acceptingIpFilterRule\":null}","connectionDeviceGenerationId":"638052891151821842","connectionDeviceId":"IOTDevice_7_2","contentEncoding":"utf-8","contentType":"application/json","enqueuedTime":"2022-10-22 01:00:00"}}
{"Body":{"Status":true,"Timestamp":"2022-10-22 01:00:00","pressure":"61.8601023787944"},"EnqueuedTimeUtc":"2022-10-22 01:00:00","Properties":{"messagetype":"Demo"},"SystemProperties":{"connectionAuthMethod":"{\"scope\":\"device\",\"type\":\"sas\",\"issuer\":\"iothub\",\"acceptingIpFilterRule\":null}","connectionDeviceGenerationId":"638052891151821842","connectionDeviceId":"IOTDevice_7_3","contentEncoding":"utf-8","contentType":"application/json","enqueuedTime":"2022-10-22 01:00:00"}}
{"Body":{"Status":true,"Timestamp":"2022-10-22 01:00:00","vibration":"45.5176717546581"},"EnqueuedTimeUtc":"2022-10-22 01:00:00","Properties":{"messagetype":"Demo"},"SystemProperties":{"connectionAuthMethod":"{\"scope\":\"device\",\"type\":\"sas\",\"issuer\":\"iothub\",\"acceptingIpFilterRule\":null}","connectionDeviceGenerationId":"638052891151821842","connectionDeviceId":"IOTDevice_7_4","contentEncoding":"utf-8","contentType":"application/json","enqueuedTime":"2022-10-22 01:00:00"}}
{"Body":{"Status":true,"Timestamp":"2022-10-22 02:00:00","volt":"169.077930778806"},"EnqueuedTimeUtc":"2022-10-22 02:00:00","Properties":{"messagetype":"Demo"},"SystemProperties":{"connectionAuthMethod":"{\"scope\":\"device\",\"type\":\"sas\",\"issuer\":\"iothub\",\"acceptingIpFilterRule\":null}","connectionDeviceGenerationId":"638052891151821842","connectionDeviceId":"IOTDevice_7_1","contentEncoding":"utf-8","contentType":"application/json","enqueuedTime":"2022-10-22 02:00:00"}}
{"Body":{"Status":true,"Timestamp":"2022-10-22 02:00:00","rotate":"447.383339537117"},"EnqueuedTimeUtc":"2022-10-22 02:00:00","Properties":{"messagetype":"Demo"},"SystemProperties":{"connectionAuthMethod":"{\"scope\":\"device\",\"type\":\"sas\",\"issuer\":\"iothub\",\"acceptingIpFilterRule\":null}","connectionDeviceGenerationId":"638052891151821842","connectionDeviceId":"IOTDevice_7_2","contentEncoding":"utf-8","contentType":"application/json","enqueuedTime":"2022-10-22 02:00:00"}}
{"Body":{"Status":true,"Timestamp":"2022-10-22 02:00:00","pressure":"104.407781569268"},"EnqueuedTimeUtc":"2022-10-22 02:00:00","Properties":{"messagetype":"Demo"},"SystemProperties":{"connectionAuthMethod":"{\"scope\":\"device\",\"type\":\"sas\",\"issuer\":\"iothub\",\"acceptingIpFilterRule\":null}","connectionDeviceGenerationId":"638052891151821842","connectionDeviceId":"IOTDevice_7_3","contentEncoding":"utf-8","contentType":"application/json","enqueuedTime":"2022-10-22 02:00:00"}}
{"Body":{"Status":true,"Timestamp":"2022-10-22 02:00:00","vibration":"30.8333520086094"},"EnqueuedTimeUtc":"2022-10-22 02:00:00","Properties":{"messagetype":"Demo"},"SystemProperties":{"connectionAuthMethod":"{\"scope\":\"device\",\"type\":\"sas\",\"issuer\":\"iothub\",\"acceptingIpFilterRule\":null}","connectionDeviceGenerationId":"638052891151821842","connectionDeviceId":"IOTDevice_7_4","contentEncoding":"utf-8","contentType":"application/json","enqueuedTime":"2022-10-22 02:00:00"}}
{"Body":{"Status":true,"Timestamp":"2022-10-22 03:00:00","volt":"158.520926569142"},"EnqueuedTimeUtc":"2022-10-22 03:00:00","Properties":{"messagetype":"Demo"},"SystemProperties":{"connectionAuthMethod":"{\"scope\":\"device\",\"type\":\"sas\",\"issuer\":\"iothub\",\"acceptingIpFilterRule\":null}","connectionDeviceGenerationId":"638052891151821842","connectionDeviceId":"IOTDevice_7_1","contentEncoding":"utf-8","contentType":"application/json","enqueuedTime":"2022-10-22 03:00:00"}}
{"Body":{"Status":true,"Timestamp":"2022-10-22 03:00:00","rotate":"443.830707774636"},"EnqueuedTimeUtc":"2022-10-22 03:00:00","Properties":{"messagetype":"Demo"},"SystemProperties":{"connectionAuthMethod":"{\"scope\":\"device\",\"type\":\"sas\",\"issuer\":\"iothub\",\"acceptingIpFilterRule\":null}","connectionDeviceGenerationId":"638052891151821842","connectionDeviceId":"IOTDevice_7_2","contentEncoding":"utf-8","contentType":"application/json","enqueuedTime":"2022-10-22 03:00:00"}}
{"Body":{"Status":true,"Timestamp":"2022-10-22 03:00:00","pressure":"92.3463116004234"},"EnqueuedTimeUtc":"2022-10-22 03:00:00","Properties":{"messagetype":"Demo"},"SystemProperties":{"connectionAuthMethod":"{\"scope\":\"device\",\"type\":\"sas\",\"issuer\":\"iothub\",\"acceptingIpFilterRule\":null}","connectionDeviceGenerationId":"638052891151821842","connectionDeviceId":"IOTDevice_7_3","contentEncoding":"utf-8","contentType":"application/json","enqueuedTime":"2022-10-22 03:00:00"}}
{"Body":{"Status":true,"Timestamp":"2022-10-22 03:00:00","vibration":"40.9864550721582"},"EnqueuedTimeUtc":"2022-10-22 03:00:00","Properties":{"messagetype":"Demo"},"SystemProperties":{"connectionAuthMethod":"{\"scope\":\"device\",\"type\":\"sas\",\"issuer\":\"iothub\",\"acceptingIpFilterRule\":null}","connectionDeviceGenerationId":"638052891151821842","connectionDeviceId":"IOTDevice_7_4","contentEncoding":"utf-8","contentType":"application/json","enqueuedTime":"2022-10-22 03:00:00"}}
{"Body":{"Status":true,"Timestamp":"2022-10-22 04:00:00","volt":"165.086556091534"},"EnqueuedTimeUtc":"2022-10-22 04:00:00","Properties":{"messagetype":"Demo"},"SystemProperties":{"connectionAuthMethod":"{\"scope\":\"device\",\"type\":\"sas\",\"issuer\":\"iothub\",\"acceptingIpFilterRule\":null}","connectionDeviceGenerationId":"638052891151821842","connectionDeviceId":"IOTDevice_7_1","contentEncoding":"utf-8","contentType":"application/json","enqueuedTime":"2022-10-22 04:00:00"}}
{"Body":{"Status":true,"Timestamp":"2022-10-22 04:00:00","rotate":"552.070598107811"},"EnqueuedTimeUtc":"2022-10-22 04:00:00","Properties":{"messagetype":"Demo"},"SystemProperties":{"connectionAuthMethod":"{\"scope\":\"device\",\"type\":\"sas\",\"issuer\":\"iothub\",\"acceptingIpFilterRule\":null}","connectionDeviceGenerationId":"638052891151821842","connectionDeviceId":"IOTDevice_7_2","contentEncoding":"utf-8","contentType":"application/json","enqueuedTime":"2022-10-22 04:00:00"}}
{"Body":{"Status":true,"Timestamp":"2022-10-22 04:00:00","pressure":"87.2843200496908"},"EnqueuedTimeUtc":"2022-10-22 04:00:00","Properties":{"messagetype":"Demo"},"SystemProperties":{"connectionAuthMethod":"{\"scope\":\"device\",\"type\":\"sas\",\"issuer\":\"iothub\",\"acceptingIpFilterRule\":null}","connectionDeviceGenerationId":"638052891151821842","connectionDeviceId":"IOTDevice_7_3","contentEncoding":"utf-8","contentType":"application/json","enqueuedTime":"2022-10-22 04:00:00"}}
{"Body":{"Status":true,"Timestamp":"2022-10-22 04:00:00","vibration":"42.740379598552"},"EnqueuedTimeUtc":"2022-10-22 04:00:00","Properties":{"messagetype":"Demo"},"SystemProperties":{"connectionAuthMethod":"{\"scope\":\"device\",\"type\":\"sas\",\"issuer\":\"iothub\",\"acceptingIpFilterRule\":null}","connectionDeviceGenerationId":"638052891151821842","connectionDeviceId":"IOTDevice_7_4","contentEncoding":"utf-8","contentType":"application/json","enqueuedTime":"2022-10-22 04:00:00"}}
{"Body":{"Status":true,"Timestamp":"2022-10-22 05:00:00","volt":"170.820293896777"},"EnqueuedTimeUtc":"2022-10-22 05:00:00","Properties":{"messagetype":"Demo"},"SystemProperties":{"connectionAuthMethod":"{\"scope\":\"device\",\"type\":\"sas\",\"issuer\":\"iothub\",\"acceptingIpFilterRule\":null}","connectionDeviceGenerationId":"638052891151821842","connectionDeviceId":"IOTDevice_7_1","contentEncoding":"utf-8","contentType":"application/json","enqueuedTime":"2022-10-22 05:00:00"}}
{"Body":{"Status":true,"Timestamp":"2022-10-22 05:00:00","rotate":"403.00060108883"},"EnqueuedTimeUtc":"2022-10-22 05:00:00","Properties":{"messagetype":"Demo"},"SystemProperties":{"connectionAuthMethod":"{\"scope\":\"device\",\"type\":\"sas\",\"issuer\":\"iothub\",\"acceptingIpFilterRule\":null}","connectionDeviceGenerationId":"638052891151821842","connectionDeviceId":"IOTDevice_7_2","contentEncoding":"utf-8","contentType":"application/json","enqueuedTime":"2022-10-22 05:00:00"}}
{"Body":{"Status":true,"Timestamp":"2022-10-22 05:00:00","pressure":"98.9371419974806"},"EnqueuedTimeUtc":"2022-10-22 05:00:00","Properties":{"messagetype":"Demo"},"SystemProperties":{"connectionAuthMethod":"{\"scope\":\"device\",\"type\":\"sas\",\"issuer\":\"iothub\",\"acceptingIpFilterRule\":null}","connectionDeviceGenerationId":"638052891151821842","connectionDeviceId":"IOTDevice_7_3","contentEncoding":"utf-8","contentType":"application/json","enqueuedTime":"2022-10-22 05:00:00"}}
{"Body":{"Status":true,"Timestamp":"2022-10-22 05:00:00","vibration":"38.43200212347"},"EnqueuedTimeUtc":"2022-10-22 05:00:00","Properties":{"messagetype":"Demo"},"SystemProperties":{"connectionAuthMethod":"{\"scope\":\"device\",\"type\":\"sas\",\"issuer\":\"iothub\",\"acceptingIpFilterRule\":null}","connectionDeviceGenerationId":"638052891151821842","connectionDeviceId":"IOTDevice_7_4","contentEncoding":"utf-8","contentType":"application/json","enqueuedTime":"2022-10-22 05:00:00"}}
