{"Body":{"Status":true,"Timestamp":"2022-10-22 03:00:00","volt":"188.914847285204"},"EnqueuedTimeUtc":"2022-10-22 03:00:00","Properties":{"messagetype":"Demo"},"SystemProperties":{"connectionAuthMethod":"{\"scope\":\"device\",\"type\":\"sas\",\"issuer\":\"iothub\",\"acceptingIpFilterRule\":null}","connectionDeviceGenerationId":"638052891151821842","connectionDeviceId":"IOTDevice_4_1","contentEncoding":"utf-8","contentType":"application/json","enqueuedTime":"2022-10-22 03:00:00"}}
{"Body":{"Status":true,"Timestamp":"2022-10-22 03:00:00","rotate":"444.339381056699"},"EnqueuedTimeUtc":"2022-10-22 03:00:00","Properties":{"messagetype":"Demo"},"SystemProperties":{"connectionAuthMethod":"{\"scope\":\"device\",\"type\":\"sas\",\"issuer\":\"iothub\",\"acceptingIpFilterRule\":null}","connectionDeviceGenerationId":"638052891151821842","connectionDeviceId":"IOTDevice_4_2","contentEncoding":"utf-8","contentType":"application/json","enqueuedTime":"2022-10-22 03:00:00"}}
{"Body":{"Status":true,"Timestamp":"2022-10-22 03:00:00","pressure":"99.0521307013376"},"EnqueuedTimeUtc":"2022-10-22 03:00:00","Properties":{"messagetype":"Demo"},"SystemProperties":{"connectionAuthMethod":"{\"scope\":\"device\",\"type\":\"sas\",\"issuer\":\"iothub\",\"acceptingIpFilterRule\":null}","connectionDeviceGenerationId":"638052891151821842","connectionDeviceId":"IOTDevice_4_3","contentEncoding":"utf-8","contentType":"application/json","enqueuedTime":"2022-10-22 03:00:00"}}
{"Body":{"Status":true,"Timestamp":"2022-10-22 03:00:00","vibration":"30.7042130382828"},"EnqueuedTimeUtc":"2022-10-22 03:00:00","Properties":{"messagetype":"Demo"},"SystemProperties":{"connectionAuthMethod":"{\"scope\":\"device\",\"type\":\"sas\",\"issuer\":\"iothub\",\"acceptingIpFilterRule\":null}","connectionDeviceGenerationId":"638052891151821842","connectionDeviceId":"IOTDevice_4_4","contentEncoding":"utf-8","contentType":"application/json","enqueuedTime":"2022-10-22 03:00:00"}}
{"Body":{"Status":true,"Timestamp":"2022-10-22 04:00:00","volt":"162.881265270002"},"EnqueuedTimeUtc":"2022-10-22 04:00:00","Properties":{"messagetype":"Demo"},"SystemProperties":{"connectionAuthMethod":"{\"scope\":\"device\",\"type\":\"sas\",\"issuer\":\"iothub\",\"acceptingIpFilterRule\":null}","connectionDeviceGenerationId":"638052891151821842","connectionDeviceId":"IOTDevice_4_1","contentEncoding":"utf-8","contentType":"application/json","enqueuedTime":"2022-10-22 04:00:00"}}
{"Body":{"Status":true,"Timestamp":"2022-10-22 04:00:00","rotate":"492.257166735306"},"EnqueuedTimeUtc":"2022-10-22 04:00:00","Properties":{"messagetype":"Demo"},"SystemProperties":{"connectionAuthMethod":"{\"scope\":\"device\",\"type\":\"sas\",\"issuer\":\"iothub\",\"acceptingIpFilterRule\":null}","connectionDeviceGenerationId":"638052891151821842","connectionDeviceId":"IOTDevice_4_2","contentEncoding":"utf-8","contentType":"application/json","enqueuedTime":"2022-10-22 04:00:00"}}
{"Body":{"Status":true,"Timestamp":"2022-10-22 04:00:00","pressure":"121.553063966562"},"EnqueuedTimeUtc":"2022-10-22 04:00:00","Properties":{"messagetype":"Demo"},"SystemProperties":{"connectionAuthMethod":"{\"scope\":\"device\",\"type\":\"sas\",\"issuer\":\"iothub\",\"acceptingIpFilterRule\":null}","connectionDeviceGenerationId":"638052891151821842","connectionDeviceId":"IOTDevice_4_3","contentEncoding":"utf-8","contentType":"application/json","enqueuedTime":"2022-10-22 04:00:00"}}
{"Body":{"Status":true,"Timestamp":"2022-10-22 04:00:00","vibration":"34.1192663421979"},"EnqueuedTimeUtc":"2022-10-22 04:00:00","Properties":{"messagetype":"Demo"},"SystemProperties":{"connectionAuthMethod":"{\"scope\":\"device\",\"type\":\"sas\",\"issuer\":\"iothub\",\"acceptingIpFilterRule\":null}","connectionDeviceGenerationId":"638052891151821842","connectionDeviceId":"IOTDevice_4_4","contentEncoding":"utf-8","contentType":"application/json","enqueuedTime":"2022-10-22 04:00:00"}}
{"Body":{"Status":true,"Timestamp":"2022-10-22 05:00:00","volt":"186.873693980958"},"EnqueuedTimeUtc":"2022-10-22 05:00:00","Properties":{"messagetype":"Demo"},"SystemProperties":{"connectionAuthMethod":"{\"scope\":\"device\",\"type\":\"sas\",\"issuer\":\"iothub\",\"acceptingIpFilterRule\":null}","connectionDeviceGenerationId":"638052891151821842","connectionDeviceId":"IOTDevice_4_1","contentEncoding":"utf-8","contentType":"application/json","enqueuedTime":"2022-10-22 05:00:00"}}
{"Body":{"Status":true,"Timestamp":"2022-10-22 05:00:00","rotate":"437.595979365293"},"EnqueuedTimeUtc":"2022-10-22 05:00:00","Properties":{"messagetype":"Demo"},"SystemProperties":{"connectionAuthMethod":"{\"scope\":\"device\",\"type\":\"sas\",\"issuer\":\"iothub\",\"acceptingIpFilterRule\":null}","connectionDeviceGenerationId":"638052891151821842","connectionDeviceId":"IOTDevice_4_2","contentEncoding":"utf-8","contentType":"application/json","enqueuedTime":"2022-10-22 05:00:00"}}
{"Body":{"Status":true,"Timestamp":"2022-10-22 05:00:00","pressure":"96.9424240198046"},"EnqueuedTimeUtc":"2022-10-22 05:00:00","Properties":{"messagetype":"Demo"},"SystemProperties":{"connectionAuthMethod":"{\"scope\":\"device\",\"type\":\"sas\",\"issuer\":\"iothub\",\"acceptingIpFilterRule\":null}","connectionDeviceGenerationId":"638052891151821842","connectionDeviceId":"IOTDevice_4_3","contentEncoding":"utf-8","contentType":"application/json","enqueuedTime":"2022-10-22 05:00:00"}}
{"Body":{"Status":true,"Timestamp":"2022-10-22 05:00:00","vibration":"41.07509816666"},"EnqueuedTimeUtc":"2022-10-22 05:00:00","Properties":{"messagetype":"Demo"},"SystemProperties":{"connectionAuthMethod":"{\"scope\":\"device\",\"type\":\"sas\",\"issuer\":\"iothub\",\"acceptingIpFilterRule\":null}","connectionDeviceGenerationId":"638052891151821842","connectionDeviceId":"IOTDevice_4_4","contentEncoding":"utf-8","contentType":"application/json","enqueuedTime":"2022-10-22 05:00:00"}}
{"Body":{"Status":true,"Timestamp":"2022-10-22 06:00:00","volt":"182.982732075568"},"EnqueuedTimeUtc":"2022-10-22 06:00:00","Properties":{"messagetype":"Demo"},"SystemProperties":{"connectionAuthMethod":"{\"scope\":\"device\",\"type\":\"sas\",\"issuer\":\"iothub\",\"acceptingIpFilterRule\":null}","connectionDeviceGenerationId":"638052891151821842","connectionDeviceId":"IOTDevice_4_1","contentEncoding":"utf-8","contentType":"application/json","enqueuedTime":"2022-10-22 06:00:00"}}
{"Body":{"Status":true,"Timestamp":"2022-10-22 06:00:00","rotate":"507.745782012634"},"EnqueuedTimeUtc":"2022-10-22 06:00:00","Properties":{"messagetype":"Demo"},"SystemProperties":{"connectionAuthMethod":"{\"scope\":\"device\",\"type\":\"sas\",\"issuer\":\"iothub\",\"acceptingIpFilterRule\":null}","connectionDeviceGenerationId":"638052891151821842","connectionDeviceId":"IOTDevice_4_2","contentEncoding":"utf-8","contentType":"application/json","enqueuedTime":"2022-10-22 06:00:00"}}
{"Body":{"Status":true,"Timestamp":"2022-10-22 06:00:00","pressure":"101.72747943076"},"EnqueuedTimeUtc":"2022-10-22 06:00:00","Properties":{"messagetype":"Demo"},"SystemProperties":{"connectionAuthMethod":"{\"scope\":\"device\",\"type\":\"sas\",\"issuer\":\"iothub\",\"acceptingIpFilterRule\":null}","connectionDeviceGenerationId":"638052891151821842","connectionDeviceId":"IOTDevice_4_3","contentEncoding":"utf-8","contentType":"application/json","enqueuedTime":"2022-10-22 06:00:00"}}
{"Body":{"Status":true,"Timestamp":"2022-10-22 06:00:00","vibration":"40.6235320545719"},"EnqueuedTimeUtc":"2022-10-22 06:00:00","Properties":{"messagetype":"Demo"},"SystemProperties":{"connectionAuthMethod":"{\"scope\":\"device\",\"type\":\"sas\",\"issuer\":\"iothub\",\"acceptingIpFilterRule\":null}","connectionDeviceGenerationId":"638052891151821842","connectionDeviceId":"IOTDevice_4_4","contentEncoding":"utf-8","contentType":"application/json","enqueuedTime":"2022-10-22 06:00:00"}}
{"Body":{"Status":true,"Timestamp":"2022-10-22 07:00:00","volt":"168.815080951404"},"EnqueuedTimeUtc":"2022-10-22 07:00:00","Properties":{"messagetype":"Demo"},"SystemProperties":{"connectionAuthMethod":"{\"scope\":\"device\",\"type\":\"sas\",\"issuer\":\"iothub\",\"acceptingIpFilterRule\":null}","connectionDeviceGenerationId":"638052891151821842","connectionDeviceId":"IOTDevice_4_1","contentEncoding":"utf-8","contentType":"application/json","enqueuedTime":"2022-10-22 07:00:00"}}
{"Body":{"Status":true,"Timestamp":"2022-10-22 07:00:00","rotate":"498.303582045675"},"EnqueuedTimeUtc":"2022-10-22 07:00:00","Properties":{"messagetype":"Demo"},"SystemProperties":{"connectionAuthMethod":"{\"scope\":\"device\",\"type\":\"sas\",\"issuer\":\"iothub\",\"acceptingIpFilterRule\":null}","connectionDeviceGenerationId":"638052891151821842","connectionDeviceId":"IOTDevice_4_2","contentEncoding":"utf-8","contentType":"application/json","enqueuedTime":"2022-10-22 07:00:00"}}
{"Body":{"Status":true,"Timestamp":"2022-10-22 07:00:00","pressure":"90.2651017233768"},"EnqueuedTimeUtc":"2022-10-22 07:00:00","Properties":{"messagetype":"Demo"},"SystemProperties":{"connectionAuthMethod":"{\"scope\":\"device\",\"type\":\"sas\",\"issuer\":\"iothub\",\"acceptingIpFilterRule\":null}","connectionDeviceGenerationId":"638052891151821842","connectionDeviceId":"IOTDevice_4_3","contentEncoding":"utf-8","contentType":"application/json","enqueuedTime":"2022-10-22 07:00:00"}}
{"Body":{"Status":true,"Timestamp":"2022-10-22 07:00:00","vibration":"32.3491738101481"},"EnqueuedTimeUtc":"2022-10-22 07:00:00","Properties":{"messagetype":"Demo"},"SystemProperties":{"connectionAuthMethod":"{\"scope\":\"device\",\"type\":\"sas\",\"issuer\":\"iothub\",\"acceptingIpFilterRule\":null}","connectionDeviceGenerationId":"638052891151821842","connectionDeviceId":"IOTDevice_4_4","contentEncoding":"utf-8","contentType":"application/json","enqueuedTime":"2022-10-22 07:00:00"}}
{"Body":{"Status":true,"Timestamp":"2022-10-22 08:00:00","volt":"175.587892013341"},"EnqueuedTimeUtc":"2022-10-22 08:00:00","Properties":{"messagetype":"Demo"},"SystemProperties":{"connectionAuthMethod":"{\"scope\":\"device\",\"type\":\"sas\",\"issuer\":\"iothub\",\"acceptingIpFilterRule\":null}","connectionDeviceGenerationId":"638052891151821842","connectionDeviceId":"IOTDevice_4_1","contentEncoding":"utf-8","contentType":"application/json","enqueuedTime":"2022-10-22 08:00:00"}}
{"Body":{"Status":true,"Timestamp":"2022-10-22 08:00:00","rotate":"340.002347645955"},"EnqueuedTimeUtc":"2022-10-22 08:00:00","Properties":{"messagetype":"Demo"},"SystemProperties":{"connectionAuthMethod":"{\"scope\":\"device\",\"type\":\"sas\",\"issuer\":\"iothub\",\"acceptingIpFilterRule\":null}","connectionDeviceGenerationId":"638052891151821842","connectionDeviceId":"IOTDevice_4_2","contentEncoding":"utf-8","contentType":"application/json","enqueuedTime":"2022-10-22 08:00:00"}}
{"Body":{"Status":true,"Timestamp":"2022-10-22 08:00:00","pressure":"92.0124034223376"},"EnqueuedTimeUtc":"2022-10-22 08:00:00","Properties":{"messagetype":"Demo"},"SystemProperties":{"connectionAuthMethod":"{\"scope\":\"device\",\"type\":\"sas\",\"issuer\":\"iothub\",\"acceptingIpFilterRule\":null}","connectionDeviceGenerationId":"638052891151821842","connectionDeviceId":"IOTDevice_4_3","contentEncoding":"utf-8","contentType":"application/json","enqueuedTime":"2022-10-22 08:00:00"}}
{"Body":{"Status":true,"Timestamp":"2022-10-22 08:00:00","vibration":"45.4681604192669"},"EnqueuedTimeUtc":"2022-10-22 08:00:00","Properties":{"messagetype":"Demo"},"SystemProperties":{"connectionAuthMethod":"{\"scope\":\"device\",\"type\":\"sas\",\"issuer\":\"iothub\",\"acceptingIpFilterRule\":null}","connectionDeviceGenerationId":"638052891151821842","connectionDeviceId":"IOTDevice_4_4","contentEncoding":"utf-8","contentType":"application/json","enqueuedTime":"2022-10-22 08:00:00"}}
{"Body":{"Status":true,"Timestamp":"2022-10-22 09:00:00","volt":"162.271744501882"},"EnqueuedTimeUtc":"2022-10-22 09:00:00","Properties":{"messagetype":"Demo"},"SystemProperties":{"connectionAuthMethod":"{\"scope\":\"device\",\"type\":\"sas\",\"issuer\":\"iothub\",\"acceptingIpFilterRule\":null}","connectionDeviceGenerationId":"638052891151821842","connectionDeviceId":"IOTDevice_4_1","contentEncoding":"utf-8","contentType":"application/json","enqueuedTime":"2022-10-22 09:00:00"}}
{"Body":{"Status":true,"Timestamp":"2022-10-22 09:00:00","rotate":"484.442765319982"},"EnqueuedTimeUtc":"2022-10-22 09:00:00","Properties":{"messagetype":"Demo"},"SystemProperties":{"connectionAuthMethod":"{\"scope\":\"device\",\"type\":\"sas\",\"issuer\":\"iothub\",\"acceptingIpFilterRule\":null}","connectionDeviceGenerationId":"638052891151821842","connectionDeviceId":"IOTDevice_4_2","contentEncoding":"utf-8","contentType":"application/json","enqueuedTime":"2022-10-22 09:00:00"}}
{"Body":{"Status":true,"Timestamp":"2022-10-22 09:00:00","pressure":"101.324959784676"},"EnqueuedTimeUtc":"2022-10-22 09:00:00","Properties":{"messagetype":"Demo"},"SystemProperties":{"connectionAuthMethod":"{\"scope\":\"device\",\"type\":\"sas\",\"issuer\":\"iothub\",\"acceptingIpFilterRule\":null}","connectionDeviceGenerationId":"638052891151821842","connectionDeviceId":"IOTDevice_4_3","contentEncoding":"utf-8","contentType":"application/json","enqueuedTime":"2022-10-22 09:00:00"}}
{"Body":{"Status":true,"Timestamp":"2022-10-22 09:00:00","vibration":"37.453129492428"},"EnqueuedTimeUtc":"2022-10-22 09:00:00","Properties":{"messagetype":"Demo"},"SystemProperties":{"connectionAuthMethod":"{\"scope\":\"device\",\"type\":\"sas\",\"issuer\":\"iothub\",\"acceptingIpFilterRule\":null}","connectionDeviceGenerationId":"638052891151821842","connectionDeviceId":"IOTDevice_4_4","contentEncoding":"utf-8","contentType":"application/json","enqueuedTime":"2022-10-22 09:00:00"}}
{"Body":{"Status":true,"Timestamp":"2022-10-22 10:00:00","volt":"190.95623383351"},"EnqueuedTimeUtc":"2022-10-22 10:00:00","Properties":{"messagetype":"Demo"},"SystemProperties":{"connectionAuthMethod":"{\"scope\":\"device\",\"type\":\"sas\",\"issuer\":\"iothub\",\"acceptingIpFilterRule\":null}","connectionDeviceGenerationId":"638052891151821842","connectionDeviceId":"IOTDevice_4_1","contentEncoding":"utf-8","contentType":"application/json","enqueuedTime":"2022-10-22 10:00:00"}}
{"Body":{"Status":true,"Timestamp":"2022-10-22 10:00:00","rotate":"436.820053816061"},"EnqueuedTimeUtc":"2022-10-22 10:00:00","Properties":{"messagetype":"Demo"},"SystemProperties":{"connectionAuthMethod":"{\"scope\":\"device\",\"type\":\"sas\",\"issuer\":\"iothub\",\"acceptingIpFilterRule\":null}","connectionDeviceGenerationId":"638052891151821842","connectionDeviceId":"IOTDevice_4_2","contentEncoding":"utf-8","contentType":"application/json","enqueuedTime":"2022-10-22 10:00:00"}}
{"Body":{"Status":true,"Timestamp":"2022-10-22 10:00:00","pressure":"83.8534948242064"},"EnqueuedTimeUtc":"2022-10-22 10:00:00","Properties":{"messagetype":"Demo"},"SystemProperties":{"connectionAuthMethod":"{\"scope\":\"device\",\"type\":\"sas\",\"issuer\":\"iothub\",\"acceptingIpFilterRule\":null}","connectionDeviceGenerationId":"638052891151821842","connectionDeviceId":"IOTDevice_4_3","contentEncoding":"utf-8","contentType":"application/json","enqueuedTime":"2022-10-22 10:00:00"}}
{"Body":{"Status":true,"Timestamp":"2022-10-22 10:00:00","vibration":"44.8843129945108"},"EnqueuedTimeUtc":"2022-10-22 10:00:00","Properties":{"messagetype":"Demo"},"SystemProperties":{"connectionAuthMethod":"{\"scope\":\"device\",\"type\":\"sas\",\"issuer\":\"iothub\",\"acceptingIpFilterRule\":null}","connectionDeviceGenerationId":"638052891151821842","connectionDeviceId":"IOTDevice_4_4","contentEncoding":"utf-8","contentType":"application/json","enqueuedTime":"2022-10-22 10:00:00"}}
{"Body":{"Status":true,"Timestamp":"2022-10-22 11:00:00","volt":"167.571796050049"},"EnqueuedTimeUtc":"2022-10-22 11:00:00","Properties":{"messagetype":"Demo"},"SystemProperties":{"connectionAuthMethod":"{\"scope\":\"device\",\"type\":\"sas\",\"issuer\":\"iothub\",\"acceptingIpFilterRule\":null}","connectionDeviceGenerationId":"638052891151821842","connectionDeviceId":"IOTDevice_4_1","contentEncoding":"utf-8","contentType":"application/json","enqueuedTime":"2022-10-22 11:00:00"}}
{"Body":{"Status":true,"Timestamp":"2022-10-22 11:00:00","rotate":"388.955756187492"},"EnqueuedTimeUtc":"2022-10-22 11:00:00","Properties":{"messagetype":"Demo"},"SystemProperties":{"connectionAuthMethod":"{\"scope\":\"device\",\"type\":\"sas\",\"issuer\":\"iothub\",\"acceptingIpFilterRule\":null}","connectionDeviceGenerationId":"638052891151821842","connectionDeviceId":"IOTDevice_4_2","contentEncoding":"utf-8","contentType":"application/json","enqueuedTime":"2022-10-22 11:00:00"}}
{"Body":{"Status":true,"Timestamp":"2022-10-22 11:00:00","pressure":"110.857440662726"},"EnqueuedTimeUtc":"2022-10-22 11:00:00","Properties":{"messagetype":"Demo"},"SystemProperties":{"connectionAuthMethod":"{\"scope\":\"device\",\"type\":\"sas\",\"issuer\":\"iothub\",\"acceptingIpFilterRule\":null}","connectionDeviceGenerationId":"638052891151821842","connectionDeviceId":"IOTDevice_4_3","contentEncoding":"utf-8","contentType":"application/json","enqueuedTime":"2022-10-22 11:00:00"}}
{"Body":{"Status":true,"Timestamp":"2022-10-22 11:00:00","vibration":"38.9227449069402"},"EnqueuedTimeUtc":"2022-10-22 11:00:00","Properties":{"messagetype":"Demo"},"SystemProperties":{"connectionAuthMethod":"{\"scope\":\"device\",\"type\":\"sas\",\"issuer\":\"iothub\",\"acceptingIpFilterRule\":null}","connectionDeviceGenerationId":"638052891151821842","connectionDeviceId":"IOTDevice_4_4","contentEncoding":"utf-8","contentType":"application/json","enqueuedTime":"2022-10-22 11:00:00"}}
{"Body":{"Status":true,"Timestamp":"2022-10-22 12:00:00","volt":"188.12708476489"},"EnqueuedTimeUtc":"2022-10-22 12:00:00","Properties":{"messagetype":"Demo"},"SystemProperties":{"connectionAuthMethod":"{\"scope\":\"device\",\"type\":\"sas\",\"issuer\":\"iothub\",\"acceptingIpFilterRule\":null}","connectionDeviceGenerationId":"638052891151821842","connectionDeviceId":"IOTDevice_4_1","contentEncoding":"utf-8","contentType":"application/json","enqueuedTime":"2022-10-22 12:00:00"}}
{"Body":{"Status":true,"Timestamp":"2022-10-22 12:00:00","rotate":"422.123186962552"},"EnqueuedTimeUtc":"2022-10-22 12:00:00","Properties":{"messagetype":"Demo"},"SystemProperties":{"connectionAuthMethod":"{\"scope\":\"device\",\"type\":\"sas\",\"issuer\":\"iothub\",\"acceptingIpFilterRule\":null}","connectionDeviceGenerationId":"638052891151821842","connectionDeviceId":"IOTDevice_4_2","contentEncoding":"utf-8","contentType":"application/json","enqueuedTime":"2022-10-22 12:00:00"}}
{"Body":{"Status":true,"Timestamp":"2022-10-22 12:00:00","pressure":"92.7685903474629"},"EnqueuedTimeUtc":"2022-10-22 12:00:00","Properties":{"messagetype":"Demo"},"SystemProperties":{"connectionAuthMethod":"{\"scope\":\"device\",\"type\":\"sas\",\"issuer\":\"iothub\",\"acceptingIpFilterRule\":null}","connectionDeviceGenerationId":"638052891151821842","connectionDeviceId":"IOTDevice_4_3","contentEncoding":"utf-8","contentType":"application/json","enqueuedTime":"2022-10-22 12:00:00"}}
{"Body":{"Status":true,"Timestamp":"2022-10-22 12:00:00","vibration":"49.547133083971"},"EnqueuedTimeUtc":"2022-10-22 12:00:00","Properties":{"messagetype":"Demo"},"SystemProperties":{"connectionAuthMethod":"{\"scope\":\"device\",\"type\":\"sas\",\"issuer\":\"iothub\",\"acceptingIpFilterRule\":null}","connectionDeviceGenerationId":"638052891151821842","connectionDeviceId":"IOTDevice_4_4","contentEncoding":"utf-8","contentType":"application/json","enqueuedTime":"2022-10-22 12:00:00"}}
{"Body":{"Status":true,"Timestamp":"2022-10-22 13:00:00","volt":"170.694847447574"},"EnqueuedTimeUtc":"2022-10-22 13:00:00","Properties":{"messagetype":"Demo"},"SystemProperties":{"connectionAuthMethod":"{\"scope\":\"device\",\"type\":\"sas\",\"issuer\":\"iothub\",\"acceptingIpFilterRule\":null}","connectionDeviceGenerationId":"638052891151821842","connectionDeviceId":"IOTDevice_4_1","contentEncoding":"utf-8","contentType":"application/json","enqueuedTime":"2022-10-22 13:00:00"}}
{"Body":{"Status":true,"Timestamp":"2022-10-22 13:00:00","rotate":"469.624009326044"},"EnqueuedTimeUtc":"2022-10-22 13:00:00","Properties":{"messagetype":"Demo"},"SystemProperties":{"connectionAuthMethod":"{\"scope\":\"device\",\"type\":\"sas\",\"issuer\":\"iothub\",\"acceptingIpFilterRule\":null}","connectionDeviceGenerationId":"638052891151821842","connectionDeviceId":"IOTDevice_4_2","contentEncoding":"utf-8","contentType":"application/json","enqueuedTime":"2022-10-22 13:00:00"}}
{"Body":{"Status":true,"Timestamp":"2022-10-22 13:00:00","pressure":"98.0614987068502"},"EnqueuedTimeUtc":"2022-10-22 13:00:00","Properties":{"messagetype":"Demo"},"SystemProperties":{"connectionAuthMethod":"{\"scope\":\"device\",\"type\":\"sas\",\"issuer\":\"iothub\",\"acceptingIpFilterRule\":null}","connectionDeviceGenerationId":"638052891151821842","connectionDeviceId":"IOTDevice_4_3","contentEncoding":"utf-8","contentType":"application/json","enqueuedTime":"2022-10-22 13:00:00"}}
{"Body":{"Status":true,"Timestamp":"2022-10-22 13:00:00","vibration":"41.4589090193196"},"EnqueuedTimeUtc":"2022-10-22 13:00:00","Properties":{"messagetype":"Demo"},"SystemProperties":{"connectionAuthMethod":"{\"scope\":\"device\",\"type\":\"sas\",\"issuer\":\"iothub\",\"acceptingIpFilterRule\":null}","connectionDeviceGenerationId":"638052891151821842","connectionDeviceId":"IOTDevice_4_4","contentEncoding":"utf-8","contentType":"application/json","enqueuedTime":"2022-10-22 13:00:00"}}
{"Body":{"Status":true,"Timestamp":"2022-10-22 14:00:00","volt":"144.01563417418"},"EnqueuedTimeUtc":"2022-10-22 14:00:00","Properties":{"messagetype":"Demo"},"SystemProperties":{"connectionAuthMethod":"{\"scope\":\"device\",\"type\":\"sas\",\"issuer\":\"iothub\",\"acceptingIpFilterRule\":null}","connectionDeviceGenerationId":"638052891151821842","connectionDeviceId":"IOTDevice_4_1","contentEncoding":"utf-8","contentType":"application/json","enqueuedTime":"2022-10-22 14:00:00"}}
{"Body":{"Status":true,"Timestamp":"2022-10-22 14:00:00","rotate":"484.973822242724"},"EnqueuedTimeUtc":"2022-10-22 14:00:00","Properties":{"messagetype":"Demo"},"SystemProperties":{"connectionAuthMethod":"{\"scope\":\"device\",\"type\":\"sas\",\"issuer\":\"iothub\",\"acceptingIpFilterRule\":null}","connectionDeviceGenerationId":"638052891151821842","connectionDeviceId":"IOTDevice_4_2","contentEncoding":"utf-8","contentType":"application/json","enqueuedTime":"2022-10-22 14:00:00"}}
{"Body":{"Status":true,"Timestamp":"2022-10-22 14:00:00","pressure":"108.501459650296"},"EnqueuedTimeUtc":"2022-10-22 14:00:00","Properties":{"messagetype":"Demo"},"SystemProperties":{"connectionAuthMethod":"{\"scope\":\"device\",\"type\":\"sas\",\"issuer\":\"iothub\",\"acceptingIpFilterRule\":null}","connectionDeviceGenerationId":"638052891151821842","connectionDeviceId":"IOTDevice_4_3","contentEncoding":"utf-8","contentType":"application/json","enqueuedTime":"2022-10-22 14:00:00"}}
{"Body":{"Status":true,"Timestamp":"2022-10-22 14:00:00","vibration":"35.5709569818672"},"EnqueuedTimeUtc":"2022-10-22 14:00:00","Properties":{"messagetype":"Demo"},"SystemProperties":{"connectionAuthMethod":"{\"scope\":\"device\",\"type\":\"sas\",\"issuer\":\"iothub\",\"acceptingIpFilterRule\":null}","connectionDeviceGenerationId":"638052891151821842","connectionDeviceId":"IOTDevice_4_4","contentEncoding":"utf-8","contentType":"application/json","enqueuedTime":"2022-10-22 14:00:00"}}
{"Body":{"Status":true,"Timestamp":"2022-10-22 15:00:00","volt":"162.668608694045"},"EnqueuedTimeUtc":"2022-10-22 15:00:00","Properties":{"messagetype":"Demo"},"SystemProperties":{"connectionAuthMethod":"{\"scope\":\"device\",\"type\":\"sas\",\"issuer\":\"iothub\",\"acceptingIpFilterRule\":null}","connectionDeviceGenerationId":"638052891151821842","connectionDeviceId":"IOTDevice_4_1","contentEncoding":"utf-8","contentType":"application/json","enqueuedTime":"2022-10-22 15:00:00"}}
{"Body":{"Status":true,"Timestamp":"2022-10-22 15:00:00","rotate":"433.610612537263"},"EnqueuedTimeUtc":"2022-10-22 15:00:00","Properties":{"messagetype":"Demo"},"SystemProperties":{"connectionAuthMethod":"{\"scope\":\"device\",\"type\":\"sas\",\"issuer\":\"iothub\",\"acceptingIpFilterRule\":null}","connectionDeviceGenerationId":"638052891151821842","connectionDeviceId":"IOTDevice_4_2","contentEncoding":"utf-8","contentType":"application/json","enqueuedTime":"2022-10-22 15:00:00"}}
{"Body":{"Status":true,"Timestamp":"2022-10-22 15:00:00","pressure":"94.1454227779131"},"EnqueuedTimeUtc":"2022-10-22 15:00:00","Properties":{"messagetype":"Demo"},"SystemProperties":{"connectionAuthMethod":"{\"scope\":\"device\",\"type\":\"sas\",\"issuer\":\"iothub\",\"acceptingIpFilterRule\":null}","connectionDeviceGenerationId":"638052891151821842","connectionDeviceId":"IOTDevice_4_3","contentEncoding":"utf-8","contentType":"application/json","enqueuedTime":"2022-10-22 15:00:00"}}
{"Body":{"Status":true,"Timestamp":"2022-10-22 15:00:00","vibration":"42.6833080621273"},"EnqueuedTimeUtc":"2022-10-22 15:00:00","Properties":{"messagetype":"Demo"},"SystemProperties":{"connectionAuthMethod":"{\"scope\":\"device\",\"type\":\"sas\",\"issuer\":\"iothub\",\"acceptingIpFilterRule\":null}","connectionDeviceGenerationId":"638052891151821842","connectionDeviceId":"IOTDevice_4_4","contentEncoding":"utf-8","contentType":"application/json","enqueuedTime":"2022-10-22 15:00:00"}}
{"Body":{"Status":true,"Timestamp":"2022-10-22 16:00:00","volt":"170.799148386364"},"EnqueuedTimeUtc":"2022-10-22 16:00:00","Properties":{"messagetype":"Demo"},"SystemProperties":{"connectionAuthMethod":"{\"scope\":\"device\",\"type\":\"sas\",\"issuer\":\"iothub\",\"acceptingIpFilterRule\":null}","connectionDeviceGenerationId":"638052891151821842","connectionDeviceId":"IOTDevice_4_1","contentEncoding":"utf-8","contentType":"application/json","enqueuedTime":"2022-10-22 16:00:00"}}
{"Body":{"Status":true,"Timestamp":"2022-10-22 16:00:00","rotate":"373.472684851856"},"EnqueuedTimeUtc":"2022-10-22 16:00:00","Properties":{"messagetype":"Demo"},"SystemProperties":{"connectionAuthMethod":"{\"scope\":\"device\",\"type\":\"sas\",\"issuer\":\"iothub\",\"acceptingIpFilterRule\":null}","connectionDeviceGenerationId":"638052891151821842","connectionDeviceId":"IOTDevice_4_2","contentEncoding":"utf-8","contentType":"application/json","enqueuedTime":"2022-10-22 16:00:00"}}
{"Body":{"Status":true,"Timestamp":"2022-10-22 16:00:00","pressure":"72.7097084813975"},"EnqueuedTimeUtc":"2022-10-22 16:00:00","Properties":{"messagetype":"Demo"},"SystemProperties":{"connectionAuthMethod":"{\"scope\":\"device\",\"type\":\"sas\",\"issuer\":\"iothub\",\"acceptingIpFilterRule\":null}","connectionDeviceGenerationId":"638052891151821842","connectionDeviceId":"IOTDevice_4_3","contentEncoding":"utf-8","contentType":"application/json","enqueuedTime":"2022-10-22 16:00:00"}}
{"Body":{"Status":true,"Timestamp":"2022-10-22 16:00:00","vibration":"39.6712572991158"},"EnqueuedTimeUtc":"2022-10-22 16:00:00","Properties":{"messagetype":"Demo"},"SystemProperties":{"connectionAuthMethod":"{\"scope\":\"device\",\"type\":\"sas\",\"issuer\":\"iothub\",\"acceptingIpFilterRule\":null}","connectionDeviceGenerationId":"638052891151821842","connectionDeviceId":"IOTDevice_4_4","contentEncoding":"utf-8","contentType":"application/json","enqueuedTime":"2022-10-22 16:00:00"}}
{"Body":{"Status":true,"Timestamp":"2022-10-22 17:00:00","volt":"167.926095636887"},"EnqueuedTimeUtc":"2022-10-22 17:00:00","Properties":{"messagetype":"Demo"},"SystemProperties":{"connectionAuthMethod":"{\"scope\":\"device\",\"type\":\"sas\",\"issuer\":\"iothub\",\"acceptingIpFilterRule\":null}","connectionDeviceGenerationId":"638052891151821842","connectionDeviceId":"IOTDevice_4_1","contentEncoding":"utf-8","contentType":"application/json","enqueuedTime":"2022-10-22 17:00:00"}}
{"Body":{"Status":true,"Timestamp":"2022-10-22 17:00:00","rotate":"471.096818516903"},"EnqueuedTimeUtc":"2022-10-22 17:00:00","Properties":{"messagetype":"Demo"},"SystemProperties":{"connectionAuthMethod":"{\"scope\":\"device\",\"type\":\"sas\",\"issuer\":\"iothub\",\"acceptingIpFilterRule\":null}","connectionDeviceGenerationId":"638052891151821842","connectionDeviceId":"IOTDevice_4_2","contentEncoding":"utf-8","contentType":"application/json","enqueuedTime":"2022-10-22 17:00:00"}}
{"Body":{"Status":true,"Timestamp":"2022-10-22 17:00:00","pressure":"104.384351847589"},"EnqueuedTimeUtc":"2022-10-22 17:00:00","Properties":{"messagetype":"Demo"},"SystemProperties":{"connectionAuthMethod":"{\"scope\":\"device\",\"type\":\"sas\",\"issuer\":\"iothub\",\"acceptingIpFilterRule\":null}","connectionDeviceGenerationId":"638052891151821842","connectionDeviceId":"IOTDevice_4_3","contentEncoding":"utf-8","contentType":"application/json","enqueuedTime":"2022-10-22 17:00:00"}}
{"Body":{"Status":true,"Timestamp":"2022-10-22 17:00:00","vibration":"36.9664116100399"},"EnqueuedTimeUtc":"2022-10-22 17:00:00","Properties":{"messagetype":"Demo"},"SystemProperties":{"connectionAuthMethod":"{\"scope\":\"device\",\"type\":\"sas\",\"issuer\":\"iothub\",\"acceptingIpFilterRule\":null}","connectionDeviceGenerationId":"638052891151821842","connectionDeviceId":"IOTDevice_4_4","contentEncoding":"utf-8","contentType":"application/json","enqueuedTime":"2022-10-22 17:00:00"}}
