{"Body":{"Status":true,"Timestamp":"2022-10-30 21:00:00","volt":"157.84327209155"},"EnqueuedTimeUtc":"2022-10-30 21:00:00","Properties":{"messagetype":"Demo"},"SystemProperties":{"connectionAuthMethod":"{\"scope\":\"device\",\"type\":\"sas\",\"issuer\":\"iothub\",\"acceptingIpFilterRule\":null}","connectionDeviceGenerationId":"638052891151821842","connectionDeviceId":"IOTDevice_7_1","contentEncoding":"utf-8","contentType":"application/json","enqueuedTime":"2022-10-30 21:00:00"}}
{"Body":{"Status":true,"Timestamp":"2022-10-30 21:00:00","rotate":"470.382292637475"},"EnqueuedTimeUtc":"2022-10-30 21:00:00","Properties":{"messagetype":"Demo"},"SystemProperties":{"connectionAuthMethod":"{\"scope\":\"device\",\"type\":\"sas\",\"issuer\":\"iothub\",\"acceptingIpFilterRule\":null}","connectionDeviceGenerationId":"638052891151821842","connectionDeviceId":"IOTDevice_7_2","contentEncoding":"utf-8","contentType":"application/json","enqueuedTime":"2022-10-30 21:00:00"}}
{"Body":{"Status":true,"Timestamp":"2022-10-30 21:00:00","pressure":"91.7234181391848"},"EnqueuedTimeUtc":"2022-10-30 21:00:00","Properties":{"messagetype":"Demo"},"SystemProperties":{"connectionAuthMethod":"{\"scope\":\"device\",\"type\":\"sas\",\"issuer\":\"iothub\",\"acceptingIpFilterRule\":null}","connectionDeviceGenerationId":"638052891151821842","connectionDeviceId":"IOTDevice_7_3","contentEncoding":"utf-8","contentType":"application/json","enqueuedTime":"2022-10-30 21:00:00"}}
{"Body":{"Status":true,"Timestamp":"2022-10-30 21:00:00","vibration":"36.2593571117618"},"EnqueuedTimeUtc":"2022-10-30 21:00:00","Properties":{"messagetype":"Demo"},"SystemProperties":{"connectionAuthMethod":"{\"scope\":\"device\",\"type\":\"sas\",\"issuer\":\"iothub\",\"acceptingIpFilterRule\":null}","connectionDeviceGenerationId":"638052891151821842","connectionDeviceId":"IOTDevice_7_4","contentEncoding":"utf-8","contentType":"application/json","enqueuedTime":"2022-10-30 21:00:00"}}
{"Body":{"Status":true,"Timestamp":"2022-10-30 22:00:00","volt":"166.294165241407"},"EnqueuedTimeUtc":"2022-10-30 22:00:00","Properties":{"messagetype":"Demo"},"SystemProperties":{"connectionAuthMethod":"{\"scope\":\"device\",\"type\":\"sas\",\"issuer\":\"iothub\",\"acceptingIpFilterRule\":null}","connectionDeviceGenerationId":"638052891151821842","connectionDeviceId":"IOTDevice_7_1","contentEncoding":"utf-8","contentType":"application/json","enqueuedTime":"2022-10-30 22:00:00"}}
{"Body":{"Status":true,"Timestamp":"2022-10-30 22:00:00","rotate":"398.320122228687"},"EnqueuedTimeUtc":"2022-10-30 22:00:00","Properties":{"messagetype":"Demo"},"SystemProperties":{"connectionAuthMethod":"{\"scope\":\"device\",\"type\":\"sas\",\"issuer\":\"iothub\",\"acceptingIpFilterRule\":null}","connectionDeviceGenerationId":"638052891151821842","connectionDeviceId":"IOTDevice_7_2","contentEncoding":"utf-8","contentType":"application/json","enqueuedTime":"2022-10-30 22:00:00"}}
{"Body":{"Status":true,"Timestamp":"2022-10-30 22:00:00","pressure":"93.7137579780384"},"EnqueuedTimeUtc":"2022-10-30 22:00:00","Properties":{"messagetype":"Demo"},"SystemProperties":{"connectionAuthMethod":"{\"scope\":\"device\",\"type\":\"sas\",\"issuer\":\"iothub\",\"acceptingIpFilterRule\":null}","connectionDeviceGenerationId":"638052891151821842","connectionDeviceId":"IOTDevice_7_3","contentEncoding":"utf-8","contentType":"application/json","enqueuedTime":"2022-10-30 22:00:00"}}
{"Body":{"Status":true,"Timestamp":"2022-10-30 22:00:00","vibration":"42.4778922717642"},"EnqueuedTimeUtc":"2022-10-30 22:00:00","Properties":{"messagetype":"Demo"},"SystemProperties":{"connectionAuthMethod":"{\"scope\":\"device\",\"type\":\"sas\",\"issuer\":\"iothub\",\"acceptingIpFilterRule\":null}","connectionDeviceGenerationId":"638052891151821842","connectionDeviceId":"IOTDevice_7_4","contentEncoding":"utf-8","contentType":"application/json","enqueuedTime":"2022-10-30 22:00:00"}}
{"Body":{"Status":true,"Timestamp":"2022-10-30 23:00:00","volt":"196.988462879958"},"EnqueuedTimeUtc":"2022-10-30 23:00:00","Properties":{"messagetype":"Demo"},"SystemProperties":{"connectionAuthMethod":"{\"scope\":\"device\",\"type\":\"sas\",\"issuer\":\"iothub\",\"acceptingIpFilterRule\":null}","connectionDeviceGenerationId":"638052891151821842","connectionDeviceId":"IOTDevice_7_1","contentEncoding":"utf-8","contentType":"application/json","enqueuedTime":"2022-10-30 23:00:00"}}
{"Body":{"Status":true,"Timestamp":"2022-10-30 23:00:00","rotate":"483.338622249832"},"EnqueuedTimeUtc":"2022-10-30 23:00:00","Properties":{"messagetype":"Demo"},"SystemProperties":{"connectionAuthMethod":"{\"scope\":\"device\",\"type\":\"sas\",\"issuer\":\"iothub\",\"acceptingIpFilterRule\":null}","connectionDeviceGenerationId":"638052891151821842","connectionDeviceId":"IOTDevice_7_2","contentEncoding":"utf-8","contentType":"application/json","enqueuedTime":"2022-10-30 23:00:00"}}
{"Body":{"Status":true,"Timestamp":"2022-10-30 23:00:00","pressure":"109.59360451886"},"EnqueuedTimeUtc":"2022-10-30 23:00:00","Properties":{"messagetype":"Demo"},"SystemProperties":{"connectionAuthMethod":"{\"scope\":\"device\",\"type\":\"sas\",\"issuer\":\"iothub\",\"acceptingIpFilterRule\":null}","connectionDeviceGenerationId":"638052891151821842","connectionDeviceId":"IOTDevice_7_3","contentEncoding":"utf-8","contentType":"application/json","enqueuedTime":"2022-10-30 23:00:00"}}
{"Body":{"Status":true,"Timestamp":"2022-10-30 23:00:00","vibration":"46.821803734711"},"EnqueuedTimeUtc":"2022-10-30 23:00:00","Properties":{"messagetype":"Demo"},"SystemProperties":{"connectionAuthMethod":"{\"scope\":\"device\",\"type\":\"sas\",\"issuer\":\"iothub\",\"acceptingIpFilterRule\":null}","connectionDeviceGenerationId":"638052891151821842","connectionDeviceId":"IOTDevice_7_4","contentEncoding":"utf-8","contentType":"application/json","enqueuedTime":"2022-10-30 23:00:00"}}
{"Body":{"Status":true,"Timestamp":"2022-10-30 00:00:00","volt":"162.980310301987"},"EnqueuedTimeUtc":"2022-10-30 00:00:00","Properties":{"messagetype":"Demo"},"SystemProperties":{"connectionAuthMethod":"{\"scope\":\"device\",\"type\":\"sas\",\"issuer\":\"iothub\",\"acceptingIpFilterRule\":null}","connectionDeviceGenerationId":"638052891151821842","connectionDeviceId":"IOTDevice_8_1","contentEncoding":"utf-8","contentType":"application/json","enqueuedTime":"2022-10-30 00:00:00"}}
{"Body":{"Status":true,"Timestamp":"2022-10-30 00:00:00","rotate":"476.224838765074"},"EnqueuedTimeUtc":"2022-10-30 00:00:00","Properties":{"messagetype":"Demo"},"SystemProperties":{"connectionAuthMethod":"{\"scope\":\"device\",\"type\":\"sas\",\"issuer\":\"iothub\",\"acceptingIpFilterRule\":null}","connectionDeviceGenerationId":"638052891151821842","connectionDeviceId":"IOTDevice_8_2","contentEncoding":"utf-8","contentType":"application/json","enqueuedTime":"2022-10-30 00:00:00"}}
{"Body":{"Status":true,"Timestamp":"2022-10-30 00:00:00","pressure":"136.067815831046"},"EnqueuedTimeUtc":"2022-10-30 00:00:00","Properties":{"messagetype":"Demo"},"SystemProperties":{"connectionAuthMethod":"{\"scope\":\"device\",\"type\":\"sas\",\"issuer\":\"iothub\",\"acceptingIpFilterRule\":null}","connectionDeviceGenerationId":"638052891151821842","connectionDeviceId":"IOTDevice_8_3","contentEncoding":"utf-8","contentType":"application/json","enqueuedTime":"2022-10-30 00:00:00"}}
{"Body":{"Status":true,"Timestamp":"2022-10-30 00:00:00","vibration":"47.7413073015881"},"EnqueuedTimeUtc":"2022-10-30 00:00:00","Properties":{"messagetype":"Demo"},"SystemProperties":{"connectionAuthMethod":"{\"scope\":\"device\",\"type\":\"sas\",\"issuer\":\"iothub\",\"acceptingIpFilterRule\":null}","connectionDeviceGenerationId":"638052891151821842","connectionDeviceId":"IOTDevice_8_4","contentEncoding":"utf-8","contentType":"application/json","enqueuedTime":"2022-10-30 00:00:00"}}
{"Body":{"Status":true,"Timestamp":"2022-10-30 01:00:00","volt":"165.366761422084"},"EnqueuedTimeUtc":"2022-10-30 01:00:00","Properties":{"messagetype":"Demo"},"SystemProperties":{"connectionAuthMethod":"{\"scope\":\"device\",\"type\":\"sas\",\"issuer\":\"iothub\",\"acceptingIpFilterRule\":null}","connectionDeviceGenerationId":"638052891151821842","connectionDeviceId":"IOTDevice_8_1","contentEncoding":"utf-8","contentType":"application/json","enqueuedTime":"2022-10-30 01:00:00"}}
{"Body":{"Status":true,"Timestamp":"2022-10-30 01:00:00","rotate":"424.998137198417"},"EnqueuedTimeUtc":"2022-10-30 01:00:00","Properties":{"messagetype":"Demo"},"SystemProperties":{"connectionAuthMethod":"{\"scope\":\"device\",\"type\":\"sas\",\"issuer\":\"iothub\",\"acceptingIpFilterRule\":null}","connectionDeviceGenerationId":"638052891151821842","connectionDeviceId":"IOTDevice_8_2","contentEncoding":"utf-8","contentType":"application/json","enqueuedTime":"2022-10-30 01:00:00"}}
{"Body":{"Status":true,"Timestamp":"2022-10-30 01:00:00","pressure":"113.818021432511"},"EnqueuedTimeUtc":"2022-10-30 01:00:00","Properties":{"messagetype":"Demo"},"SystemProperties":{"connectionAuthMethod":"{\"scope\":\"device\",\"type\":\"sas\",\"issuer\":\"iothub\",\"acceptingIpFilterRule\":null}","connectionDeviceGenerationId":"638052891151821842","connectionDeviceId":"IOTDevice_8_3","contentEncoding":"utf-8","contentType":"application/json","enqueuedTime":"2022-10-30 01:00:00"}}
{"Body":{"Status":true,"Timestamp":"2022-10-30 01:00:00","vibration":"37.2069291215244"},"EnqueuedTimeUtc":"2022-10-30 01:00:00","Properties":{"messagetype":"Demo"},"SystemProperties":{"connectionAuthMethod":"{\"scope\":\"device\",\"type\":\"sas\",\"issuer\":\"iothub\",\"acceptingIpFilterRule\":null}","connectionDeviceGenerationId":"638052891151821842","connectionDeviceId":"IOTDevice_8_4","contentEncoding":"utf-8","contentType":"application/json","enqueuedTime":"2022-10-30 01:00:00"}}
{"Body":{"Status":true,"Timestamp":"2022-10-30 02:00:00","volt":"161.973874472978"},"EnqueuedTimeUtc":"2022-10-30 02:00:00","Properties":{"messagetype":"Demo"},"SystemProperties":{"connectionAuthMethod":"{\"scope\":\"device\",\"type\":\"sas\",\"issuer\":\"iothub\",\"acceptingIpFilterRule\":null}","connectionDeviceGenerationId":"638052891151821842","connectionDeviceId":"IOTDevice_8_1","contentEncoding":"utf-8","contentType":"application/json","enqueuedTime":"2022-10-30 02:00:00"}}
{"Body":{"Status":true,"Timestamp":"2022-10-30 02:00:00","rotate":"466.168544946871"},"EnqueuedTimeUtc":"2022-10-30 02:00:00","Properties":{"messagetype":"Demo"},"SystemProperties":{"connectionAuthMethod":"{\"scope\":\"device\",\"type\":\"sas\",\"issuer\":\"iothub\",\"acceptingIpFilterRule\":null}","connectionDeviceGenerationId":"638052891151821842","connectionDeviceId":"IOTDevice_8_2","contentEncoding":"utf-8","contentType":"application/json","enqueuedTime":"2022-10-30 02:00:00"}}
{"Body":{"Status":true,"Timestamp":"2022-10-30 02:00:00","pressure":"133.72557134507"},"EnqueuedTimeUtc":"2022-10-30 02:00:00","Properties":{"messagetype":"Demo"},"SystemProperties":{"connectionAuthMethod":"{\"scope\":\"device\",\"type\":\"sas\",\"issuer\":\"iothub\",\"acceptingIpFilterRule\":null}","connectionDeviceGenerationId":"638052891151821842","connectionDeviceId":"IOTDevice_8_3","contentEncoding":"utf-8","contentType":"application/json","enqueuedTime":"2022-10-30 02:00:00"}}
{"Body":{"Status":true,"Timestamp":"2022-10-30 02:00:00","vibration":"38.6775778186715"},"EnqueuedTimeUtc":"2022-10-30 02:00:00","Properties":{"messagetype":"Demo"},"SystemProperties":{"connectionAuthMethod":"{\"scope\":\"device\",\"type\":\"sas\",\"issuer\":\"iothub\",\"acceptingIpFilterRule\":null}","connectionDeviceGenerationId":"638052891151821842","connectionDeviceId":"IOTDevice_8_4","contentEncoding":"utf-8","contentType":"application/json","enqueuedTime":"2022-10-30 02:00:00"}}
{"Body":{"Status":true,"Timestamp":"2022-10-30 03:00:00","volt":"179.920490962803"},"EnqueuedTimeUtc":"2022-10-30 03:00:00","Properties":{"messagetype":"Demo"},"SystemProperties":{"connectionAuthMethod":"{\"scope\":\"device\",\"type\":\"sas\",\"issuer\":\"iothub\",\"acceptingIpFilterRule\":null}","connectionDeviceGenerationId":"638052891151821842","connectionDeviceId":"IOTDevice_8_1","contentEncoding":"utf-8","contentType":"application/json","enqueuedTime":"2022-10-30 03:00:00"}}
{"Body":{"Status":true,"Timestamp":"2022-10-30 03:00:00","rotate":"408.680329995074"},"EnqueuedTimeUtc":"2022-10-30 03:00:00","Properties":{"messagetype":"Demo"},"SystemProperties":{"connectionAuthMethod":"{\"scope\":\"device\",\"type\":\"sas\",\"issuer\":\"iothub\",\"acceptingIpFilterRule\":null}","connectionDeviceGenerationId":"638052891151821842","connectionDeviceId":"IOTDevice_8_2","contentEncoding":"utf-8","contentType":"application/json","enqueuedTime":"2022-10-30 03:00:00"}}
{"Body":{"Status":true,"Timestamp":"2022-10-30 03:00:00","pressure":"116.910754528941"},"EnqueuedTimeUtc":"2022-10-30 03:00:00","Properties":{"messagetype":"Demo"},"SystemProperties":{"connectionAuthMethod":"{\"scope\":\"device\",\"type\":\"sas\",\"issuer\":\"iothub\",\"acceptingIpFilterRule\":null}","connectionDeviceGenerationId":"638052891151821842","connectionDeviceId":"IOTDevice_8_3","contentEncoding":"utf-8","contentType":"application/json","enqueuedTime":"2022-10-30 03:00:00"}}
{"Body":{"Status":true,"Timestamp":"2022-10-30 03:00:00","vibration":"33.1713740984963"},"EnqueuedTimeUtc":"2022-10-30 03:00:00","Properties":{"messagetype":"Demo"},"SystemProperties":{"connectionAuthMethod":"{\"scope\":\"device\",\"type\":\"sas\",\"issuer\":\"iothub\",\"acceptingIpFilterRule\":null}","connectionDeviceGenerationId":"638052891151821842","connectionDeviceId":"IOTDevice_8_4","contentEncoding":"utf-8","contentType":"application/json","enqueuedTime":"2022-10-30 03:00:00"}}
{"Body":{"Status":true,"Timestamp":"2022-10-30 04:00:00","volt":"159.23178825478"},"EnqueuedTimeUtc":"2022-10-30 04:00:00","Properties":{"messagetype":"Demo"},"SystemProperties":{"connectionAuthMethod":"{\"scope\":\"device\",\"type\":\"sas\",\"issuer\":\"iothub\",\"acceptingIpFilterRule\":null}","connectionDeviceGenerationId":"638052891151821842","connectionDeviceId":"IOTDevice_8_1","contentEncoding":"utf-8","contentType":"application/json","enqueuedTime":"2022-10-30 04:00:00"}}
{"Body":{"Status":true,"Timestamp":"2022-10-30 04:00:00","rotate":"430.37519672783"},"EnqueuedTimeUtc":"2022-10-30 04:00:00","Properties":{"messagetype":"Demo"},"SystemProperties":{"connectionAuthMethod":"{\"scope\":\"device\",\"type\":\"sas\",\"issuer\":\"iothub\",\"acceptingIpFilterRule\":null}","connectionDeviceGenerationId":"638052891151821842","connectionDeviceId":"IOTDevice_8_2","contentEncoding":"utf-8","contentType":"application/json","enqueuedTime":"2022-10-30 04:00:00"}}
{"Body":{"Status":true,"Timestamp":"2022-10-30 04:00:00","pressure":"125.973203305656"},"EnqueuedTimeUtc":"2022-10-30 04:00:00","Properties":{"messagetype":"Demo"},"SystemProperties":{"connectionAuthMethod":"{\"scope\":\"device\",\"type\":\"sas\",\"issuer\":\"iothub\",\"acceptingIpFilterRule\":null}","connectionDeviceGenerationId":"638052891151821842","connectionDeviceId":"IOTDevice_8_3","contentEncoding":"utf-8","contentType":"application/json","enqueuedTime":"2022-10-30 04:00:00"}}
{"Body":{"Status":true,"Timestamp":"2022-10-30 04:00:00","vibration":"36.389749696952"},"EnqueuedTimeUtc":"2022-10-30 04:00:00","Properties":{"messagetype":"Demo"},"SystemProperties":{"connectionAuthMethod":"{\"scope\":\"device\",\"type\":\"sas\",\"issuer\":\"iothub\",\"acceptingIpFilterRule\":null}","connectionDeviceGenerationId":"638052891151821842","connectionDeviceId":"IOTDevice_8_4","contentEncoding":"utf-8","contentType":"application/json","enqueuedTime":"2022-10-30 04:00:00"}}
{"Body":{"Status":true,"Timestamp":"2022-10-30 05:00:00","volt":"175.221076539578"},"EnqueuedTimeUtc":"2022-10-30 05:00:00","Properties":{"messagetype":"Demo"},"SystemProperties":{"connectionAuthMethod":"{\"scope\":\"device\",\"type\":\"sas\",\"issuer\":\"iothub\",\"acceptingIpFilterRule\":null}","connectionDeviceGenerationId":"638052891151821842","connectionDeviceId":"IOTDevice_8_1","contentEncoding":"utf-8","contentType":"application/json","enqueuedTime":"2022-10-30 05:00:00"}}
{"Body":{"Status":true,"Timestamp":"2022-10-30 05:00:00","rotate":"368.739456517212"},"EnqueuedTimeUtc":"2022-10-30 05:00:00","Properties":{"messagetype":"Demo"},"SystemProperties":{"connectionAuthMethod":"{\"scope\":\"device\",\"type\":\"sas\",\"issuer\":\"iothub\",\"acceptingIpFilterRule\":null}","connectionDeviceGenerationId":"638052891151821842","connectionDeviceId":"IOTDevice_8_2","contentEncoding":"utf-8","contentType":"application/json","enqueuedTime":"2022-10-30 05:00:00"}}
{"Body":{"Status":true,"Timestamp":"2022-10-30 05:00:00","pressure":"120.096724861972"},"EnqueuedTimeUtc":"2022-10-30 05:00:00","Properties":{"messagetype":"Demo"},"SystemProperties":{"connectionAuthMethod":"{\"scope\":\"device\",\"type\":\"sas\",\"issuer\":\"iothub\",\"acceptingIpFilterRule\":null}","connectionDeviceGenerationId":"638052891151821842","connectionDeviceId":"IOTDevice_8_3","contentEncoding":"utf-8","contentType":"application/json","enqueuedTime":"2022-10-30 05:00:00"}}
{"Body":{"Status":true,"Timestamp":"2022-10-30 05:00:00","vibration":"39.3073201258484"},"EnqueuedTimeUtc":"2022-10-30 05:00:00","Properties":{"messagetype":"Demo"},"SystemProperties":{"connectionAuthMethod":"{\"scope\":\"device\",\"type\":\"sas\",\"issuer\":\"iothub\",\"acceptingIpFilterRule\":null}","connectionDeviceGenerationId":"638052891151821842","connectionDeviceId":"IOTDevice_8_4","contentEncoding":"utf-8","contentType":"application/json","enqueuedTime":"2022-10-30 05:00:00"}}
{"Body":{"Status":true,"Timestamp":"2022-10-30 06:00:00","volt":"187.807923030649"},"EnqueuedTimeUtc":"2022-10-30 06:00:00","Properties":{"messagetype":"Demo"},"SystemProperties":{"connectionAuthMethod":"{\"scope\":\"device\",\"type\":\"sas\",\"issuer\":\"iothub\",\"acceptingIpFilterRule\":null}","connectionDeviceGenerationId":"638052891151821842","connectionDeviceId":"IOTDevice_8_1","contentEncoding":"utf-8","contentType":"application/json","enqueuedTime":"2022-10-30 06:00:00"}}
{"Body":{"Status":true,"Timestamp":"2022-10-30 06:00:00","rotate":"532.003235400062"},"EnqueuedTimeUtc":"2022-10-30 06:00:00","Properties":{"messagetype":"Demo"},"SystemProperties":{"connectionAuthMethod":"{\"scope\":\"device\",\"type\":\"sas\",\"issuer\":\"iothub\",\"acceptingIpFilterRule\":null}","connectionDeviceGenerationId":"638052891151821842","connectionDeviceId":"IOTDevice_8_2","contentEncoding":"utf-8","contentType":"application/json","enqueuedTime":"2022-10-30 06:00:00"}}
{"Body":{"Status":true,"Timestamp":"2022-10-30 06:00:00","pressure":"139.182004717997"},"EnqueuedTimeUtc":"2022-10-30 06:00:00","Properties":{"messagetype":"Demo"},"SystemProperties":{"connectionAuthMethod":"{\"scope\":\"device\",\"type\":\"sas\",\"issuer\":\"iothub\",\"acceptingIpFilterRule\":null}","connectionDeviceGenerationId":"638052891151821842","connectionDeviceId":"IOTDevice_8_3","contentEncoding":"utf-8","contentType":"application/json","enqueuedTime":"2022-10-30 06:00:00"}}
{"Body":{"Status":true,"Timestamp":"2022-10-30 06:00:00","vibration":"36.970105342389"},"EnqueuedTimeUtc":"2022-10-30 06:00:00","Properties":{"messagetype":"Demo"},"SystemProperties":{"connectionAuthMethod":"{\"scope\":\"device\",\"type\":\"sas\",\"issuer\":\"iothub\",\"acceptingIpFilterRule\":null}","connectionDeviceGenerationId":"638052891151821842","connectionDeviceId":"IOTDevice_8_4","contentEncoding":"utf-8","contentType":"application/json","enqueuedTime":"2022-10-30 06:00:00"}}
{"Body":{"Status":true,"Timestamp":"2022-10-30 07:00:00","volt":"198.044881333771"},"EnqueuedTimeUtc":"2022-10-30 07:00:00","Properties":{"messagetype":"Demo"},"SystemProperties":{"connectionAuthMethod":"{\"scope\":\"device\",\"type\":\"sas\",\"issuer\":\"iothub\",\"acceptingIpFilterRule\":null}","connectionDeviceGenerationId":"638052891151821842","connectionDeviceId":"IOTDevice_8_1","contentEncoding":"utf-8","contentType":"application/json","enqueuedTime":"2022-10-30 07:00:00"}}
{"Body":{"Status":true,"Timestamp":"2022-10-30 07:00:00","rotate":"487.772381084303"},"EnqueuedTimeUtc":"2022-10-30 07:00:00","Properties":{"messagetype":"Demo"},"SystemProperties":{"connectionAuthMethod":"{\"scope\":\"device\",\"type\":\"sas\",\"issuer\":\"iothub\",\"acceptingIpFilterRule\":null}","connectionDeviceGenerationId":"638052891151821842","connectionDeviceId":"IOTDevice_8_2","contentEncoding":"utf-8","contentType":"application/json","enqueuedTime":"2022-10-30 07:00:00"}}
{"Body":{"Status":true,"Timestamp":"2022-10-30 07:00:00","pressure":"118.293413840361"},"EnqueuedTimeUtc":"2022-10-30 07:00:00","Properties":{"messagetype":"Demo"},"SystemProperties":{"connectionAuthMethod":"{\"scope\":\"device\",\"type\":\"sas\",\"issuer\":\"iothub\",\"acceptingIpFilterRule\":null}","connectionDeviceGenerationId":"638052891151821842","connectionDeviceId":"IOTDevice_8_3","contentEncoding":"utf-8","contentType":"application/json","enqueuedTime":"2022-10-30 07:00:00"}}
{"Body":{"Status":true,"Timestamp":"2022-10-30 07:00:00","vibration":"36.4418999718914"},"EnqueuedTimeUtc":"2022-10-30 07:00:00","Properties":{"messagetype":"Demo"},"SystemProperties":{"connectionAuthMethod":"{\"scope\":\"device\",\"type\":\"sas\",\"issuer\":\"iothub\",\"acceptingIpFilterRule\":null}","connectionDeviceGenerationId":"638052891151821842","connectionDeviceId":"IOTDevice_8_4","contentEncoding":"utf-8","contentType":"application/json","enqueuedTime":"2022-10-30 07:00:00"}}
{"Body":{"Status":true,"Timestamp":"2022-10-30 08:00:00","volt":"172.815124473879"},"EnqueuedTimeUtc":"2022-10-30 08:00:00","Properties":{"messagetype":"Demo"},"SystemProperties":{"connectionAuthMethod":"{\"scope\":\"device\",\"type\":\"sas\",\"issuer\":\"iothub\",\"acceptingIpFilterRule\":null}","connectionDeviceGenerationId":"638052891151821842","connectionDeviceId":"IOTDevice_8_1","contentEncoding":"utf-8","contentType":"application/json","enqueuedTime":"2022-10-30 08:00:00"}}
{"Body":{"Status":true,"Timestamp":"2022-10-30 08:00:00","rotate":"416.009646556786"},"EnqueuedTimeUtc":"2022-10-30 08:00:00","Properties":{"messagetype":"Demo"},"SystemProperties":{"connectionAuthMethod":"{\"scope\":\"device\",\"type\":\"sas\",\"issuer\":\"iothub\",\"acceptingIpFilterRule\":null}","connectionDeviceGenerationId":"638052891151821842","connectionDeviceId":"IOTDevice_8_2","contentEncoding":"utf-8","contentType":"application/json","enqueuedTime":"2022-10-30 08:00:00"}}
{"Body":{"Status":true,"Timestamp":"2022-10-30 08:00:00","pressure":"125.031045906215"},"EnqueuedTimeUtc":"2022-10-30 08:00:00","Properties":{"messagetype":"Demo"},"SystemProperties":{"connectionAuthMethod":"{\"scope\":\"device\",\"type\":\"sas\",\"issuer\":\"iothub\",\"acceptingIpFilterRule\":null}","connectionDeviceGenerationId":"638052891151821842","connectionDeviceId":"IOTDevice_8_3","contentEncoding":"utf-8","contentType":"application/json","enqueuedTime":"2022-10-30 08:00:00"}}
{"Body":{"Status":true,"Timestamp":"2022-10-30 08:00:00","vibration":"39.611109498846"},"EnqueuedTimeUtc":"2022-10-30 08:00:00","Properties":{"messagetype":"Demo"},"SystemProperties":{"connectionAuthMethod":"{\"scope\":\"device\",\"type\":\"sas\",\"issuer\":\"iothub\",\"acceptingIpFilterRule\":null}","connectionDeviceGenerationId":"638052891151821842","connectionDeviceId":"IOTDevice_8_4","contentEncoding":"utf-8","contentType":"application/json","enqueuedTime":"2022-10-30 08:00:00"}}
{"Body":{"Status":true,"Timestamp":"2022-10-30 09:00:00","volt":"182.99454860975"},"EnqueuedTimeUtc":"2022-10-30 09:00:00","Properties":{"messagetype":"Demo"},"SystemProperties":{"connectionAuthMethod":"{\"scope\":\"device\",\"type\":\"sas\",\"issuer\":\"iothub\",\"acceptingIpFilterRule\":null}","connectionDeviceGenerationId":"638052891151821842","connectionDeviceId":"IOTDevice_8_1","contentEncoding":"utf-8","contentType":"application/json","enqueuedTime":"2022-10-30 09:00:00"}}
{"Body":{"Status":true,"Timestamp":"2022-10-30 09:00:00","rotate":"447.184308151603"},"EnqueuedTimeUtc":"2022-10-30 09:00:00","Properties":{"messagetype":"Demo"},"SystemProperties":{"connectionAuthMethod":"{\"scope\":\"device\",\"type\":\"sas\",\"issuer\":\"iothub\",\"acceptingIpFilterRule\":null}","connectionDeviceGenerationId":"638052891151821842","connectionDeviceId":"IOTDevice_8_2","contentEncoding":"utf-8","contentType":"application/json","enqueuedTime":"2022-10-30 09:00:00"}}
{"Body":{"Status":true,"Timestamp":"2022-10-30 09:00:00","pressure":"126.993909736221"},"EnqueuedTimeUtc":"2022-10-30 09:00:00","Properties":{"messagetype":"Demo"},"SystemProperties":{"connectionAuthMethod":"{\"scope\":\"device\",\"type\":\"sas\",\"issuer\":\"iothub\",\"acceptingIpFilterRule\":null}","connectionDeviceGenerationId":"638052891151821842","connectionDeviceId":"IOTDevice_8_3","contentEncoding":"utf-8","contentType":"application/json","enqueuedTime":"2022-10-30 09:00:00"}}
{"Body":{"Status":true,"Timestamp":"2022-10-30 09:00:00","vibration":"40.7990538471576"},"EnqueuedTimeUtc":"2022-10-30 09:00:00","Properties":{"messagetype":"Demo"},"SystemProperties":{"connectionAuthMethod":"{\"scope\":\"device\",\"type\":\"sas\",\"issuer\":\"iothub\",\"acceptingIpFilterRule\":null}","connectionDeviceGenerationId":"638052891151821842","connectionDeviceId":"IOTDevice_8_4","contentEncoding":"utf-8","contentType":"application/json","enqueuedTime":"2022-10-30 09:00:00"}}
{"Body":{"Status":true,"Timestamp":"2022-10-30 10:00:00","volt":"156.006031604319"},"EnqueuedTimeUtc":"2022-10-30 10:00:00","Properties":{"messagetype":"Demo"},"SystemProperties":{"connectionAuthMethod":"{\"scope\":\"device\",\"type\":\"sas\",\"issuer\":\"iothub\",\"acceptingIpFilterRule\":null}","connectionDeviceGenerationId":"638052891151821842","connectionDeviceId":"IOTDevice_8_1","contentEncoding":"utf-8","contentType":"application/json","enqueuedTime":"2022-10-30 10:00:00"}}
{"Body":{"Status":true,"Timestamp":"2022-10-30 10:00:00","rotate":"483.057588617412"},"EnqueuedTimeUtc":"2022-10-30 10:00:00","Properties":{"messagetype":"Demo"},"SystemProperties":{"connectionAuthMethod":"{\"scope\":\"device\",\"type\":\"sas\",\"issuer\":\"iothub\",\"acceptingIpFilterRule\":null}","connectionDeviceGenerationId":"638052891151821842","connectionDeviceId":"IOTDevice_8_2","contentEncoding":"utf-8","contentType":"application/json","enqueuedTime":"2022-10-30 10:00:00"}}
{"Body":{"Status":true,"Timestamp":"2022-10-30 10:00:00","pressure":"114.803404633534"},"EnqueuedTimeUtc":"2022-10-30 10:00:00","Properties":{"messagetype":"Demo"},"SystemProperties":{"connectionAuthMethod":"{\"scope\":\"device\",\"type\":\"sas\",\"issuer\":\"iothub\",\"acceptingIpFilterRule\":null}","connectionDeviceGenerationId":"638052891151821842","connectionDeviceId":"IOTDevice_8_3","contentEncoding":"utf-8","contentType":"application/json","enqueuedTime":"2022-10-30 10:00:00"}}
{"Body":{"Status":true,"Timestamp":"2022-10-30 10:00:00","vibration":"41.2218554257931"},"EnqueuedTimeUtc":"2022-10-30 10:00:00","Properties":{"messagetype":"Demo"},"SystemProperties":{"connectionAuthMethod":"{\"scope\":\"device\",\"type\":\"sas\",\"issuer\":\"iothub\",\"acceptingIpFilterRule\":null}","connectionDeviceGenerationId":"638052891151821842","connectionDeviceId":"IOTDevice_8_4","contentEncoding":"utf-8","contentType":"application/json","enqueuedTime":"2022-10-30 10:00:00"}}
{"Body":{"Status":true,"Timestamp":"2022-10-30 11:00:00","volt":"177.921414905565"},"EnqueuedTimeUtc":"2022-10-30 11:00:00","Properties":{"messagetype":"Demo"},"SystemProperties":{"connectionAuthMethod":"{\"scope\":\"device\",\"type\":\"sas\",\"issuer\":\"iothub\",\"acceptingIpFilterRule\":null}","connectionDeviceGenerationId":"638052891151821842","connectionDeviceId":"IOTDevice_8_1","contentEncoding":"utf-8","contentType":"application/json","enqueuedTime":"2022-10-30 11:00:00"}}
{"Body":{"Status":true,"Timestamp":"2022-10-30 11:00:00","rotate":"457.406330390159"},"EnqueuedTimeUtc":"2022-10-30 11:00:00","Properties":{"messagetype":"Demo"},"SystemProperties":{"connectionAuthMethod":"{\"scope\":\"device\",\"type\":\"sas\",\"issuer\":\"iothub\",\"acceptingIpFilterRule\":null}","connectionDeviceGenerationId":"638052891151821842","connectionDeviceId":"IOTDevice_8_2","contentEncoding":"utf-8","contentType":"application/json","enqueuedTime":"2022-10-30 11:00:00"}}
{"Body":{"Status":true,"Timestamp":"2022-10-30 11:00:00","pressure":"143.06663750841"},"EnqueuedTimeUtc":"2022-10-30 11:00:00","Properties":{"messagetype":"Demo"},"SystemProperties":{"connectionAuthMethod":"{\"scope\":\"device\",\"type\":\"sas\",\"issuer\":\"iothub\",\"acceptingIpFilterRule\":null}","connectionDeviceGenerationId":"638052891151821842","connectionDeviceId":"IOTDevice_8_3","contentEncoding":"utf-8","contentType":"application/json","enqueuedTime":"2022-10-30 11:00:00"}}
{"Body":{"Status":true,"Timestamp":"2022-10-30 11:00:00","vibration":"34.5299038714711"},"EnqueuedTimeUtc":"2022-10-30 11:00:00","Properties":{"messagetype":"Demo"},"SystemProperties":{"connectionAuthMethod":"{\"scope\":\"device\",\"type\":\"sas\",\"issuer\":\"iothub\",\"acceptingIpFilterRule\":null}","connectionDeviceGenerationId":"638052891151821842","connectionDeviceId":"IOTDevice_8_4","contentEncoding":"utf-8","contentType":"application/json","enqueuedTime":"2022-10-30 11:00:00"}}
