{"Body":{"Status":true,"Timestamp":"2022-10-30 09:00:00","volt":"178.583512627632"},"EnqueuedTimeUtc":"2022-10-30 09:00:00","Properties":{"messagetype":"Demo"},"SystemProperties":{"connectionAuthMethod":"{\"scope\":\"device\",\"type\":\"sas\",\"issuer\":\"iothub\",\"acceptingIpFilterRule\":null}","connectionDeviceGenerationId":"638052891151821842","connectionDeviceId":"IOTDevice_5_1","contentEncoding":"utf-8","contentType":"application/json","enqueuedTime":"2022-10-30 09:00:00"}}
{"Body":{"Status":true,"Timestamp":"2022-10-30 09:00:00","rotate":"404.96194967424"},"EnqueuedTimeUtc":"2022-10-30 09:00:00","Properties":{"messagetype":"Demo"},"SystemProperties":{"connectionAuthMethod":"{\"scope\":\"device\",\"type\":\"sas\",\"issuer\":\"iothub\",\"acceptingIpFilterRule\":null}","connectionDeviceGenerationId":"638052891151821842","connectionDeviceId":"IOTDevice_5_2","contentEncoding":"utf-8","contentType":"application/json","enqueuedTime":"2022-10-30 09:00:00"}}
{"Body":{"Status":true,"Timestamp":"2022-10-30 09:00:00","pressure":"92.3055587577039"},"EnqueuedTimeUtc":"2022-10-30 09:00:00","Properties":{"messagetype":"Demo"},"SystemProperties":{"connectionAuthMethod":"{\"scope\":\"device\",\"type\":\"sas\",\"issuer\":\"iothub\",\"acceptingIpFilterRule\":null}","connectionDeviceGenerationId":"638052891151821842","connectionDeviceId":"IOTDevice_5_3","contentEncoding":"utf-8","contentType":"application/json","enqueuedTime":"2022-10-30 09:00:00"}}
{"Body":{"Status":true,"Timestamp":"2022-10-30 09:00:00","vibration":"45.2632668311104"},"EnqueuedTimeUtc":"2022-10-30 09:00:00","Properties":{"messagetype":"Demo"},"SystemProperties":{"connectionAuthMethod":"{\"scope\":\"device\",\"type\":\"sas\",\"issuer\":\"iothub\",\"acceptingIpFilterRule\":null}","connectionDeviceGenerationId":"638052891151821842","connectionDeviceId":"IOTDevice_5_4","contentEncoding":"utf-8","contentType":"application/json","enqueuedTime":"2022-10-30 09:00:00"}}
{"Body":{"Status":true,"Timestamp":"2022-10-30 10:00:00","volt":"140.112649125115"},"EnqueuedTimeUtc":"2022-10-30 10:00:00","Properties":{"messagetype":"Demo"},"SystemProperties":{"connectionAuthMethod":"{\"scope\":\"device\",\"type\":\"sas\",\"issuer\":\"iothub\",\"acceptingIpFilterRule\":null}","connectionDeviceGenerationId":"638052891151821842","connectionDeviceId":"IOTDevice_5_1","contentEncoding":"utf-8","contentType":"application/json","enqueuedTime":"2022-10-30 10:00:00"}}
{"Body":{"Status":true,"Timestamp":"2022-10-30 10:00:00","rotate":"423.875950653432"},"EnqueuedTimeUtc":"2022-10-30 10:00:00","Properties":{"messagetype":"Demo"},"SystemProperties":{"connectionAuthMethod":"{\"scope\":\"device\",\"type\":\"sas\",\"issuer\":\"iothub\",\"acceptingIpFilterRule\":null}","connectionDeviceGenerationId":"638052891151821842","connectionDeviceId":"IOTDevice_5_2","contentEncoding":"utf-8","contentType":"application/json","enqueuedTime":"2022-10-30 10:00:00"}}
{"Body":{"Status":true,"Timestamp":"2022-10-30 10:00:00","pressure":"104.611517325159"},"EnqueuedTimeUtc":"2022-10-30 10:00:00","Properties":{"messagetype":"Demo"},"SystemProperties":{"connectionAuthMethod":"{\"scope\":\"device\",\"type\":\"sas\",\"issuer\":\"iothub\",\"acceptingIpFilterRule\":null}","connectionDeviceGenerationId":"638052891151821842","connectionDeviceId":"IOTDevice_5_3","contentEncoding":"utf-8","contentType":"application/json","enqueuedTime":"2022-10-30 10:00:00"}}
{"Body":{"Status":true,"Timestamp":"2022-10-30 10:00:00","vibration":"35.6303031981342"},"EnqueuedTimeUtc":"2022-10-30 10:00:00","Properties":{"messagetype":"Demo"},"SystemProperties":{"connectionAuthMethod":"{\"scope\":\"device\",\"type\":\"sas\",\"issuer\":\"iothub\",\"acceptingIpFilterRule\":null}","connectionDeviceGenerationId":"638052891151821842","connectionDeviceId":"IOTDevice_5_4","contentEncoding":"utf-8","contentType":"application/json","enqueuedTime":"2022-10-30 10:00:00"}}
{"Body":{"Status":true,"Timestamp":"2022-10-30 11:00:00","volt":"153.081450355169"},"EnqueuedTimeUtc":"2022-10-30 11:00:00","Properties":{"messagetype":"Demo"},"SystemProperties":{"connectionAuthMethod":"{\"scope\":\"device\",\"type\":\"sas\",\"issuer\":\"iothub\",\"acceptingIpFilterRule\":null}","connectionDeviceGenerationId":"638052891151821842","connectionDeviceId":"IOTDevice_5_1","contentEncoding":"utf-8","contentType":"application/json","enqueuedTime":"2022-10-30 11:00:00"}}
{"Body":{"Status":true,"Timestamp":"2022-10-30 11:00:00","rotate":"458.093643169392"},"EnqueuedTimeUtc":"2022-10-30 11:00:00","Properties":{"messagetype":"Demo"},"SystemProperties":{"connectionAuthMethod":"{\"scope\":\"device\",\"type\":\"sas\",\"issuer\":\"iothub\",\"acceptingIpFilterRule\":null}","connectionDeviceGenerationId":"638052891151821842","connectionDeviceId":"IOTDevice_5_2","contentEncoding":"utf-8","contentType":"application/json","enqueuedTime":"2022-10-30 11:00:00"}}
{"Body":{"Status":true,"Timestamp":"2022-10-30 11:00:00","pressure":"109.257388588552"},"EnqueuedTimeUtc":"2022-10-30 11:00:00","Properties":{"messagetype":"Demo"},"SystemProperties":{"connectionAuthMethod":"{\"scope\":\"device\",\"type\":\"sas\",\"issuer\":\"iothub\",\"acceptingIpFilterRule\":null}","connectionDeviceGenerationId":"638052891151821842","connectionDeviceId":"IOTDevice_5_3","contentEncoding":"utf-8","contentType":"application/json","enqueuedTime":"2022-10-30 11:00:00"}}
{"Body":{"Status":true,"Timestamp":"2022-10-30 11:00:00","vibration":"25.0229847102673"},"EnqueuedTimeUtc":"2022-10-30 11:00:00","Properties":{"messagetype":"Demo"},"SystemProperties":{"connectionAuthMethod":"{\"scope\":\"device\",\"type\":\"sas\",\"issuer\":\"iothub\",\"acceptingIpFilterRule\":null}","connectionDeviceGenerationId":"638052891151821842","connectionDeviceId":"IOTDevice_5_4","contentEncoding":"utf-8","contentType":"application/json","enqueuedTime":"2022-10-30 11:00:00"}}
{"Body":{"Status":true,"Timestamp":"2022-10-30 12:00:00","volt":"186.013600214132"},"EnqueuedTimeUtc":"2022-10-30 12:00:00","Properties":{"messagetype":"Demo"},"SystemProperties":{"connectionAuthMethod":"{\"scope\":\"device\",\"type\":\"sas\",\"issuer\":\"iothub\",\"acceptingIpFilterRule\":null}","connectionDeviceGenerationId":"638052891151821842","connectionDeviceId":"IOTDevice_5_1","contentEncoding":"utf-8","contentType":"application/json","enqueuedTime":"2022-10-30 12:00:00"}}
{"Body":{"Status":true,"Timestamp":"2022-10-30 12:00:00","rotate":"398.514391729099"},"EnqueuedTimeUtc":"2022-10-30 12:00:00","Properties":{"messagetype":"Demo"},"SystemProperties":{"connectionAuthMethod":"{\"scope\":\"device\",\"type\":\"sas\",\"issuer\":\"iothub\",\"acceptingIpFilterRule\":null}","connectionDeviceGenerationId":"638052891151821842","connectionDeviceId":"IOTDevice_5_2","contentEncoding":"utf-8","contentType":"application/json","enqueuedTime":"2022-10-30 12:00:00"}}
{"Body":{"Status":true,"Timestamp":"2022-10-30 12:00:00","pressure":"90.8491358912449"},"EnqueuedTimeUtc":"2022-10-30 12:00:00","Properties":{"messagetype":"Demo"},"SystemProperties":{"connectionAuthMethod":"{\"scope\":\"device\",\"type\":\"sas\",\"issuer\":\"iothub\",\"acceptingIpFilterRule\":null}","connectionDeviceGenerationId":"638052891151821842","connectionDeviceId":"IOTDevice_5_3","contentEncoding":"utf-8","contentType":"application/json","enqueuedTime":"2022-10-30 12:00:00"}}
{"Body":{"Status":true,"Timestamp":"2022-10-30 12:00:00","vibration":"38.3467111177945"},"EnqueuedTimeUtc":"2022-10-30 12:00:00","Properties":{"messagetype":"Demo"},"SystemProperties":{"connectionAuthMethod":"{\"scope\":\"device\",\"type\":\"sas\",\"issuer\":\"iothub\",\"acceptingIpFilterRule\":null}","connectionDeviceGenerationId":"638052891151821842","connectionDeviceId":"IOTDevice_5_4","contentEncoding":"utf-8","contentType":"application/json","enqueuedTime":"2022-10-30 12:00:00"}}
{"Body":{"Status":true,"Timestamp":"2022-10-30 13:00:00","volt":"167.941136241417"},"EnqueuedTimeUtc":"2022-10-30 13:00:00","Properties":{"messagetype":"Demo"},"SystemProperties":{"connectionAuthMethod":"{\"scope\":\"device\",\"type\":\"sas\",\"issuer\":\"iothub\",\"acceptingIpFilterRule\":null}","connectionDeviceGenerationId":"638052891151821842","connectionDeviceId":"IOTDevice_5_1","contentEncoding":"utf-8","contentType":"application/json","enqueuedTime":"2022-10-30 13:00:00"}}
{"Body":{"Status":true,"Timestamp":"2022-10-30 13:00:00","rotate":"396.99178374293"},"EnqueuedTimeUtc":"2022-10-30 13:00:00","Properties":{"messagetype":"Demo"},"SystemProperties":{"connectionAuthMethod":"{\"scope\":\"device\",\"type\":\"sas\",\"issuer\":\"iothub\",\"acceptingIpFilterRule\":null}","connectionDeviceGenerationId":"638052891151821842","connectionDeviceId":"IOTDevice_5_2","contentEncoding":"utf-8","contentType":"application/json","enqueuedTime":"2022-10-30 13:00:00"}}
{"Body":{"Status":true,"Timestamp":"2022-10-30 13:00:00","pressure":"111.769539145178"},"EnqueuedTimeUtc":"2022-10-30 13:00:00","Properties":{"messagetype":"Demo"},"SystemProperties":{"connectionAuthMethod":"{\"scope\":\"device\",\"type\":\"sas\",\"issuer\":\"iothub\",\"acceptingIpFilterRule\":null}","connectionDeviceGenerationId":"638052891151821842","connectionDeviceId":"IOTDevice_5_3","contentEncoding":"utf-8","contentType":"application/json","enqueuedTime":"2022-10-30 13:00:00"}}
{"Body":{"Status":true,"Timestamp":"2022-10-30 13:00:00","vibration":"47.3322687820721"},"EnqueuedTimeUtc":"2022-10-30 13:00:00","Properties":{"messagetype":"Demo"},"SystemProperties":{"connectionAuthMethod":"{\"scope\":\"device\",\"type\":\"sas\",\"issuer\":\"iothub\",\"acceptingIpFilterRule\":null}","connectionDeviceGenerationId":"638052891151821842","connectionDeviceId":"IOTDevice_5_4","contentEncoding":"utf-8","contentType":"application/json","enqueuedTime":"2022-10-30 13:00:00"}}
{"Body":{"Status":true,"Timestamp":"2022-10-30 14:00:00","volt":"174.770052847966"},"EnqueuedTimeUtc":"2022-10-30 14:00:00","Properties":{"messagetype":"Demo"},"SystemProperties":{"connectionAuthMethod":"{\"scope\":\"device\",\"type\":\"sas\",\"issuer\":\"iothub\",\"acceptingIpFilterRule\":null}","connectionDeviceGenerationId":"638052891151821842","connectionDeviceId":"IOTDevice_5_1","contentEncoding":"utf-8","contentType":"application/json","enqueuedTime":"2022-10-30 14:00:00"}}
{"Body":{"Status":true,"Timestamp":"2022-10-30 14:00:00","rotate":"349.423402819107"},"EnqueuedTimeUtc":"2022-10-30 14:00:00","Properties":{"messagetype":"Demo"},"SystemProperties":{"connectionAuthMethod":"{\"scope\":\"device\",\"type\":\"sas\",\"issuer\":\"iothub\",\"acceptingIpFilterRule\":null}","connectionDeviceGenerationId":"638052891151821842","connectionDeviceId":"IOTDevice_5_2","contentEncoding":"utf-8","contentType":"application/json","enqueuedTime":"2022-10-30 14:00:00"}}
{"Body":{"Status":true,"Timestamp":"2022-10-30 14:00:00","pressure":"104.040613210112"},"EnqueuedTimeUtc":"2022-10-30 14:00:00","Properties":{"messagetype":"Demo"},"SystemProperties":{"connectionAuthMethod":"{\"scope\":\"device\",\"type\":\"sas\",\"issuer\":\"iothub\",\"acceptingIpFilterRule\":null}","connectionDeviceGenerationId":"638052891151821842","connectionDeviceId":"IOTDevice_5_3","contentEncoding":"utf-8","contentType":"application/json","enqueuedTime":"2022-10-30 14:00:00"}}
{"Body":{"Status":true,"Timestamp":"2022-10-30 14:00:00","vibration":"35.1079300311338"},"EnqueuedTimeUtc":"2022-10-30 14:00:00","Properties":{"messagetype":"Demo"},"SystemProperties":{"connectionAuthMethod":"{\"scope\":\"device\",\"type\":\"sas\",\"issuer\":\"iothub\",\"acceptingIpFilterRule\":null}","connectionDeviceGenerationId":"638052891151821842","connectionDeviceId":"IOTDevice_5_4","contentEncoding":"utf-8","contentType":"application/json","enqueuedTime":"2022-10-30 14:00:00"}}
{"Body":{"Status":true,"Timestamp":"2022-10-30 15:00:00","volt":"180.476512371916"},"EnqueuedTimeUtc":"2022-10-30 15:00:00","Properties":{"messagetype":"Demo"},"SystemProperties":{"connectionAuthMethod":"{\"scope\":\"device\",\"type\":\"sas\",\"issuer\":\"iothub\",\"acceptingIpFilterRule\":null}","connectionDeviceGenerationId":"638052891151821842","connectionDeviceId":"IOTDevice_5_1","contentEncoding":"utf-8","contentType":"application/json","enqueuedTime":"2022-10-30 15:00:00"}}
{"Body":{"Status":true,"Timestamp":"2022-10-30 15:00:00","rotate":"468.324603992567"},"EnqueuedTimeUtc":"2022-10-30 15:00:00","Properties":{"messagetype":"Demo"},"SystemProperties":{"connectionAuthMethod":"{\"scope\":\"device\",\"type\":\"sas\",\"issuer\":\"iothub\",\"acceptingIpFilterRule\":null}","connectionDeviceGenerationId":"638052891151821842","connectionDeviceId":"IOTDevice_5_2","contentEncoding":"utf-8","contentType":"application/json","enqueuedTime":"2022-10-30 15:00:00"}}
{"Body":{"Status":true,"Timestamp":"2022-10-30 15:00:00","pressure":"90.2041828300271"},"EnqueuedTimeUtc":"2022-10-30 15:00:00","Properties":{"messagetype":"Demo"},"SystemProperties":{"connectionAuthMethod":"{\"scope\":\"device\",\"type\":\"sas\",\"issuer\":\"iothub\",\"acceptingIpFilterRule\":null}","connectionDeviceGenerationId":"638052891151821842","connectionDeviceId":"IOTDevice_5_3","contentEncoding":"utf-8","contentType":"application/json","enqueuedTime":"2022-10-30 15:00:00"}}
{"Body":{"Status":true,"Timestamp":"2022-10-30 15:00:00","vibration":"31.6399043487242"},"EnqueuedTimeUtc":"2022-10-30 15:00:00","Properties":{"messagetype":"Demo"},"SystemProperties":{"connectionAuthMethod":"{\"scope\":\"device\",\"type\":\"sas\",\"issuer\":\"iothub\",\"acceptingIpFilterRule\":null}","connectionDeviceGenerationId":"638052891151821842","connectionDeviceId":"IOTDevice_5_4","contentEncoding":"utf-8","contentType":"application/json","enqueuedTime":"2022-10-30 15:00:00"}}
{"Body":{"Status":true,"Timestamp":"2022-10-30 16:00:00","volt":"179.726765709762"},"EnqueuedTimeUtc":"2022-10-30 16:00:00","Properties":{"messagetype":"Demo"},"SystemProperties":{"connectionAuthMethod":"{\"scope\":\"device\",\"type\":\"sas\",\"issuer\":\"iothub\",\"acceptingIpFilterRule\":null}","connectionDeviceGenerationId":"638052891151821842","connectionDeviceId":"IOTDevice_5_1","contentEncoding":"utf-8","contentType":"application/json","enqueuedTime":"2022-10-30 16:00:00"}}
{"Body":{"Status":true,"Timestamp":"2022-10-30 16:00:00","rotate":"465.752956121789"},"EnqueuedTimeUtc":"2022-10-30 16:00:00","Properties":{"messagetype":"Demo"},"SystemProperties":{"connectionAuthMethod":"{\"scope\":\"device\",\"type\":\"sas\",\"issuer\":\"iothub\",\"acceptingIpFilterRule\":null}","connectionDeviceGenerationId":"638052891151821842","connectionDeviceId":"IOTDevice_5_2","contentEncoding":"utf-8","contentType":"application/json","enqueuedTime":"2022-10-30 16:00:00"}}
{"Body":{"Status":true,"Timestamp":"2022-10-30 16:00:00","pressure":"94.2717378147597"},"EnqueuedTimeUtc":"2022-10-30 16:00:00","Properties":{"messagetype":"Demo"},"SystemProperties":{"connectionAuthMethod":"{\"scope\":\"device\",\"type\":\"sas\",\"issuer\":\"iothub\",\"acceptingIpFilterRule\":null}","connectionDeviceGenerationId":"638052891151821842","connectionDeviceId":"IOTDevice_5_3","contentEncoding":"utf-8","contentType":"application/json","enqueuedTime":"2022-10-30 16:00:00"}}
{"Body":{"Status":true,"Timestamp":"2022-10-30 16:00:00","vibration":"35.5140966778287"},"EnqueuedTimeUtc":"2022-10-30 16:00:00","Properties":{"messagetype":"Demo"},"SystemProperties":{"connectionAuthMethod":"{\"scope\":\"device\",\"type\":\"sas\",\"issuer\":\"iothub\",\"acceptingIpFilterRule\":null}","connectionDeviceGenerationId":"638052891151821842","connectionDeviceId":"IOTDevice_5_4","contentEncoding":"utf-8","contentType":"application/json","enqueuedTime":"2022-10-30 16:00:00"}}
{"Body":{"Status":true,"Timestamp":"2022-10-30 17:00:00","volt":"145.482566661073"},"EnqueuedTimeUtc":"2022-10-30 17:00:00","Properties":{"messagetype":"Demo"},"SystemProperties":{"connectionAuthMethod":"{\"scope\":\"device\",\"type\":\"sas\",\"issuer\":\"iothub\",\"acceptingIpFilterRule\":null}","connectionDeviceGenerationId":"638052891151821842","connectionDeviceId":"IOTDevice_5_1","contentEncoding":"utf-8","contentType":"application/json","enqueuedTime":"2022-10-30 17:00:00"}}
{"Body":{"Status":true,"Timestamp":"2022-10-30 17:00:00","rotate":"530.647810430274"},"EnqueuedTimeUtc":"2022-10-30 17:00:00","Properties":{"messagetype":"Demo"},"SystemProperties":{"connectionAuthMethod":"{\"scope\":\"device\",\"type\":\"sas\",\"issuer\":\"iothub\",\"acceptingIpFilterRule\":null}","connectionDeviceGenerationId":"638052891151821842","connectionDeviceId":"IOTDevice_5_2","contentEncoding":"utf-8","contentType":"application/json","enqueuedTime":"2022-10-30 17:00:00"}}
{"Body":{"Status":true,"Timestamp":"2022-10-30 17:00:00","pressure":"96.2770067238059"},"EnqueuedTimeUtc":"2022-10-30 17:00:00","Properties":{"messagetype":"Demo"},"SystemProperties":{"connectionAuthMethod":"{\"scope\":\"device\",\"type\":\"sas\",\"issuer\":\"iothub\",\"acceptingIpFilterRule\":null}","connectionDeviceGenerationId":"638052891151821842","connectionDeviceId":"IOTDevice_5_3","contentEncoding":"utf-8","contentType":"application/json","enqueuedTime":"2022-10-30 17:00:00"}}
{"Body":{"Status":true,"Timestamp":"2022-10-30 17:00:00","vibration":"42.5737941116796"},"EnqueuedTimeUtc":"2022-10-30 17:00:00","Properties":{"messagetype":"Demo"},"SystemProperties":{"connectionAuthMethod":"{\"scope\":\"device\",\"type\":\"sas\",\"issuer\":\"iothub\",\"acceptingIpFilterRule\":null}","connectionDeviceGenerationId":"638052891151821842","connectionDeviceId":"IOTDevice_5_4","contentEncoding":"utf-8","contentType":"application/json","enqueuedTime":"2022-10-30 17:00:00"}}
{"Body":{"Status":true,"Timestamp":"2022-10-30 18:00:00","volt":"172.561024756155"},"EnqueuedTimeUtc":"2022-10-30 18:00:00","Properties":{"messagetype":"Demo"},"SystemProperties":{"connectionAuthMethod":"{\"scope\":\"device\",\"type\":\"sas\",\"issuer\":\"iothub\",\"acceptingIpFilterRule\":null}","connectionDeviceGenerationId":"638052891151821842","connectionDeviceId":"IOTDevice_5_1","contentEncoding":"utf-8","contentType":"application/json","enqueuedTime":"2022-10-30 18:00:00"}}
{"Body":{"Status":true,"Timestamp":"2022-10-30 18:00:00","rotate":"411.897369386085"},"EnqueuedTimeUtc":"2022-10-30 18:00:00","Properties":{"messagetype":"Demo"},"SystemProperties":{"connectionAuthMethod":"{\"scope\":\"device\",\"type\":\"sas\",\"issuer\":\"iothub\",\"acceptingIpFilterRule\":null}","connectionDeviceGenerationId":"638052891151821842","connectionDeviceId":"IOTDevice_5_2","contentEncoding":"utf-8","contentType":"application/json","enqueuedTime":"2022-10-30 18:00:00"}}
{"Body":{"Status":true,"Timestamp":"2022-10-30 18:00:00","pressure":"94.1543113986328"},"EnqueuedTimeUtc":"2022-10-30 18:00:00","Properties":{"messagetype":"Demo"},"SystemProperties":{"connectionAuthMethod":"{\"scope\":\"device\",\"type\":\"sas\",\"issuer\":\"iothub\",\"acceptingIpFilterRule\":null}","connectionDeviceGenerationId":"638052891151821842","connectionDeviceId":"IOTDevice_5_3","contentEncoding":"utf-8","contentType":"application/json","enqueuedTime":"2022-10-30 18:00:00"}}
{"Body":{"Status":true,"Timestamp":"2022-10-30 18:00:00","vibration":"36.997120685795"},"EnqueuedTimeUtc":"2022-10-30 18:00:00","Properties":{"messagetype":"Demo"},"SystemProperties":{"connectionAuthMethod":"{\"scope\":\"device\",\"type\":\"sas\",\"issuer\":\"iothub\",\"acceptingIpFilterRule\":null}","connectionDeviceGenerationId":"638052891151821842","connectionDeviceId":"IOTDevice_5_4","contentEncoding":"utf-8","contentType":"application/json","enqueuedTime":"2022-10-30 18:00:00"}}
{"Body":{"Status":true,"Timestamp":"2022-10-30 19:00:00","volt":"163.40662216301"},"EnqueuedTimeUtc":"2022-10-30 19:00:00","Properties":{"messagetype":"Demo"},"SystemProperties":{"connectionAuthMethod":"{\"scope\":\"device\",\"type\":\"sas\",\"issuer\":\"iothub\",\"acceptingIpFilterRule\":null}","connectionDeviceGenerationId":"638052891151821842","connectionDeviceId":"IOTDevice_5_1","contentEncoding":"utf-8","contentType":"application/json","enqueuedTime":"2022-10-30 19:00:00"}}
{"Body":{"Status":true,"Timestamp":"2022-10-30 19:00:00","rotate":"468.14057552321"},"EnqueuedTimeUtc":"2022-10-30 19:00:00","Properties":{"messagetype":"Demo"},"SystemProperties":{"connectionAuthMethod":"{\"scope\":\"device\",\"type\":\"sas\",\"issuer\":\"iothub\",\"acceptingIpFilterRule\":null}","connectionDeviceGenerationId":"638052891151821842","connectionDeviceId":"IOTDevice_5_2","contentEncoding":"utf-8","contentType":"application/json","enqueuedTime":"2022-10-30 19:00:00"}}
{"Body":{"Status":true,"Timestamp":"2022-10-30 19:00:00","pressure":"104.778819056774"},"EnqueuedTimeUtc":"2022-10-30 19:00:00","Properties":{"messagetype":"Demo"},"SystemProperties":{"connectionAuthMethod":"{\"scope\":\"device\",\"type\":\"sas\",\"issuer\":\"iothub\",\"acceptingIpFilterRule\":null}","connectionDeviceGenerationId":"638052891151821842","connectionDeviceId":"IOTDevice_5_3","contentEncoding":"utf-8","contentType":"application/json","enqueuedTime":"2022-10-30 19:00:00"}}
{"Body":{"Status":true,"Timestamp":"2022-10-30 19:00:00","vibration":"53.7703853604879"},"EnqueuedTimeUtc":"2022-10-30 19:00:00","Properties":{"messagetype":"Demo"},"SystemProperties":{"connectionAuthMethod":"{\"scope\":\"device\",\"type\":\"sas\",\"issuer\":\"iothub\",\"acceptingIpFilterRule\":null}","connectionDeviceGenerationId":"638052891151821842","connectionDeviceId":"IOTDevice_5_4","contentEncoding":"utf-8","contentType":"application/json","enqueuedTime":"2022-10-30 19:00:00"}}
{"Body":{"Status":true,"Timestamp":"2022-10-30 20:00:00","volt":"172.731060089447"},"EnqueuedTimeUtc":"2022-10-30 20:00:00","Properties":{"messagetype":"Demo"},"SystemProperties":{"connectionAuthMethod":"{\"scope\":\"device\",\"type\":\"sas\",\"issuer\":\"iothub\",\"acceptingIpFilterRule\":null}","connectionDeviceGenerationId":"638052891151821842","connectionDeviceId":"IOTDevice_5_1","contentEncoding":"utf-8","contentType":"application/json","enqueuedTime":"2022-10-30 20:00:00"}}
{"Body":{"Status":true,"Timestamp":"2022-10-30 20:00:00","rotate":"349.548583090901"},"EnqueuedTimeUtc":"2022-10-30 20:00:00","Properties":{"messagetype":"Demo"},"SystemProperties":{"connectionAuthMethod":"{\"scope\":\"device\",\"type\":\"sas\",\"issuer\":\"iothub\",\"acceptingIpFilterRule\":null}","connectionDeviceGenerationId":"638052891151821842","connectionDeviceId":"IOTDevice_5_2","contentEncoding":"utf-8","contentType":"application/json","enqueuedTime":"2022-10-30 20:00:00"}}
{"Body":{"Status":true,"Timestamp":"2022-10-30 20:00:00","pressure":"86.196350348333"},"EnqueuedTimeUtc":"2022-10-30 20:00:00","Properties":{"messagetype":"Demo"},"SystemProperties":{"connectionAuthMethod":"{\"scope\":\"device\",\"type\":\"sas\",\"issuer\":\"iothub\",\"acceptingIpFilterRule\":null}","connectionDeviceGenerationId":"638052891151821842","connectionDeviceId":"IOTDevice_5_3","contentEncoding":"utf-8","contentType":"application/json","enqueuedTime":"2022-10-30 20:00:00"}}
{"Body":{"Status":true,"Timestamp":"2022-10-30 20:00:00","vibration":"41.5738962814561"},"EnqueuedTimeUtc":"2022-10-30 20:00:00","Properties":{"messagetype":"Demo"},"SystemProperties":{"connectionAuthMethod":"{\"scope\":\"device\",\"type\":\"sas\",\"issuer\":\"iothub\",\"acceptingIpFilterRule\":null}","connectionDeviceGenerationId":"638052891151821842","connectionDeviceId":"IOTDevice_5_4","contentEncoding":"utf-8","contentType":"application/json","enqueuedTime":"2022-10-30 20:00:00"}}
{"Body":{"Status":true,"Timestamp":"2022-10-30 21:00:00","volt":"182.9114730578"},"EnqueuedTimeUtc":"2022-10-30 21:00:00","Properties":{"messagetype":"Demo"},"SystemProperties":{"connectionAuthMethod":"{\"scope\":\"device\",\"type\":\"sas\",\"issuer\":\"iothub\",\"acceptingIpFilterRule\":null}","connectionDeviceGenerationId":"638052891151821842","connectionDeviceId":"IOTDevice_5_1","contentEncoding":"utf-8","contentType":"application/json","enqueuedTime":"2022-10-30 21:00:00"}}
{"Body":{"Status":true,"Timestamp":"2022-10-30 21:00:00","rotate":"420.748089016896"},"EnqueuedTimeUtc":"2022-10-30 21:00:00","Properties":{"messagetype":"Demo"},"SystemProperties":{"connectionAuthMethod":"{\"scope\":\"device\",\"type\":\"sas\",\"issuer\":\"iothub\",\"acceptingIpFilterRule\":null}","connectionDeviceGenerationId":"638052891151821842","connectionDeviceId":"IOTDevice_5_2","contentEncoding":"utf-8","contentType":"application/json","enqueuedTime":"2022-10-30 21:00:00"}}
{"Body":{"Status":true,"Timestamp":"2022-10-30 21:00:00","pressure":"100.743720029054"},"EnqueuedTimeUtc":"2022-10-30 21:00:00","Properties":{"messagetype":"Demo"},"SystemProperties":{"connectionAuthMethod":"{\"scope\":\"device\",\"type\":\"sas\",\"issuer\":\"iothub\",\"acceptingIpFilterRule\":null}","connectionDeviceGenerationId":"638052891151821842","connectionDeviceId":"IOTDevice_5_3","contentEncoding":"utf-8","contentType":"application/json","enqueuedTime":"2022-10-30 21:00:00"}}
{"Body":{"Status":true,"Timestamp":"2022-10-30 21:00:00","vibration":"46.0181210245472"},"EnqueuedTimeUtc":"2022-10-30 21:00:00","Properties":{"messagetype":"Demo"},"SystemProperties":{"connectionAuthMethod":"{\"scope\":\"device\",\"type\":\"sas\",\"issuer\":\"iothub\",\"acceptingIpFilterRule\":null}","connectionDeviceGenerationId":"638052891151821842","connectionDeviceId":"IOTDevice_5_4","contentEncoding":"utf-8","contentType":"application/json","enqueuedTime":"2022-10-30 21:00:00"}}
{"Body":{"Status":true,"Timestamp":"2022-10-30 22:00:00","volt":"165.077664875849"},"EnqueuedTimeUtc":"2022-10-30 22:00:00","Properties":{"messagetype":"Demo"},"SystemProperties":{"connectionAuthMethod":"{\"scope\":\"device\",\"type\":\"sas\",\"issuer\":\"iothub\",\"acceptingIpFilterRule\":null}","connectionDeviceGenerationId":"638052891151821842","connectionDeviceId":"IOTDevice_5_1","contentEncoding":"utf-8","contentType":"application/json","enqueuedTime":"2022-10-30 22:00:00"}}
{"Body":{"Status":true,"Timestamp":"2022-10-30 22:00:00","rotate":"482.582620025809"},"EnqueuedTimeUtc":"2022-10-30 22:00:00","Properties":{"messagetype":"Demo"},"SystemProperties":{"connectionAuthMethod":"{\"scope\":\"device\",\"type\":\"sas\",\"issuer\":\"iothub\",\"acceptingIpFilterRule\":null}","connectionDeviceGenerationId":"638052891151821842","connectionDeviceId":"IOTDevice_5_2","contentEncoding":"utf-8","contentType":"application/json","enqueuedTime":"2022-10-30 22:00:00"}}
{"Body":{"Status":true,"Timestamp":"2022-10-30 22:00:00","pressure":"92.9475382974231"},"EnqueuedTimeUtc":"2022-10-30 22:00:00","Properties":{"messagetype":"Demo"},"SystemProperties":{"connectionAuthMethod":"{\"scope\":\"device\",\"type\":\"sas\",\"issuer\":\"iothub\",\"acceptingIpFilterRule\":null}","connectionDeviceGenerationId":"638052891151821842","connectionDeviceId":"IOTDevice_5_3","contentEncoding":"utf-8","contentType":"application/json","enqueuedTime":"2022-10-30 22:00:00"}}
{"Body":{"Status":true,"Timestamp":"2022-10-30 22:00:00","vibration":"43.432782040473"},"EnqueuedTimeUtc":"2022-10-30 22:00:00","Properties":{"messagetype":"Demo"},"SystemProperties":{"connectionAuthMethod":"{\"scope\":\"device\",\"type\":\"sas\",\"issuer\":\"iothub\",\"acceptingIpFilterRule\":null}","connectionDeviceGenerationId":"638052891151821842","connectionDeviceId":"IOTDevice_5_4","contentEncoding":"utf-8","contentType":"application/json","enqueuedTime":"2022-10-30 22:00:00"}}
{"Body":{"Status":true,"Timestamp":"2022-10-30 23:00:00","volt":"167.690698844778"},"EnqueuedTimeUtc":"2022-10-30 23:00:00","Properties":{"messagetype":"Demo"},"SystemProperties":{"connectionAuthMethod":"{\"scope\":\"device\",\"type\":\"sas\",\"issuer\":\"iothub\",\"acceptingIpFilterRule\":null}","connectionDeviceGenerationId":"638052891151821842","connectionDeviceId":"IOTDevice_5_1","contentEncoding":"utf-8","contentType":"application/json","enqueuedTime":"2022-10-30 23:00:00"}}
{"Body":{"Status":true,"Timestamp":"2022-10-30 23:00:00","rotate":"432.540032350198"},"EnqueuedTimeUtc":"2022-10-30 23:00:00","Properties":{"messagetype":"Demo"},"SystemProperties":{"connectionAuthMethod":"{\"scope\":\"device\",\"type\":\"sas\",\"issuer\":\"iothub\",\"acceptingIpFilterRule\":null}","connectionDeviceGenerationId":"638052891151821842","connectionDeviceId":"IOTDevice_5_2","contentEncoding":"utf-8","contentType":"application/json","enqueuedTime":"2022-10-30 23:00:00"}}
{"Body":{"Status":true,"Timestamp":"2022-10-30 23:00:00","pressure":"100.478249285545"},"EnqueuedTimeUtc":"2022-10-30 23:00:00","Properties":{"messagetype":"Demo"},"SystemProperties":{"connectionAuthMethod":"{\"scope\":\"device\",\"type\":\"sas\",\"issuer\":\"iothub\",\"acceptingIpFilterRule\":null}","connectionDeviceGenerationId":"638052891151821842","connectionDeviceId":"IOTDevice_5_3","contentEncoding":"utf-8","contentType":"application/json","enqueuedTime":"2022-10-30 23:00:00"}}
{"Body":{"Status":true,"Timestamp":"2022-10-30 23:00:00","vibration":"44.8192995560467"},"EnqueuedTimeUtc":"2022-10-30 23:00:00","Properties":{"messagetype":"Demo"},"SystemProperties":{"connectionAuthMethod":"{\"scope\":\"device\",\"type\":\"sas\",\"issuer\":\"iothub\",\"acceptingIpFilterRule\":null}","connectionDeviceGenerationId":"638052891151821842","connectionDeviceId":"IOTDevice_5_4","contentEncoding":"utf-8","contentType":"application/json","enqueuedTime":"2022-10-30 23:00:00"}}
