{"Body":{"Status":true,"Timestamp":"2022-10-05 03:00:00","volt":"173.640774681185"},"EnqueuedTimeUtc":"2022-10-05 03:00:00","Properties":{"messagetype":"Demo"},"SystemProperties":{"connectionAuthMethod":"{\"scope\":\"device\",\"type\":\"sas\",\"issuer\":\"iothub\",\"acceptingIpFilterRule\":null}","connectionDeviceGenerationId":"638052891151821842","connectionDeviceId":"IOTDevice_4_1","contentEncoding":"utf-8","contentType":"application/json","enqueuedTime":"2022-10-05 03:00:00"}}
{"Body":{"Status":true,"Timestamp":"2022-10-05 03:00:00","rotate":"549.928968136631"},"EnqueuedTimeUtc":"2022-10-05 03:00:00","Properties":{"messagetype":"Demo"},"SystemProperties":{"connectionAuthMethod":"{\"scope\":\"device\",\"type\":\"sas\",\"issuer\":\"iothub\",\"acceptingIpFilterRule\":null}","connectionDeviceGenerationId":"638052891151821842","connectionDeviceId":"IOTDevice_4_2","contentEncoding":"utf-8","contentType":"application/json","enqueuedTime":"2022-10-05 03:00:00"}}
{"Body":{"Status":true,"Timestamp":"2022-10-05 03:00:00","pressure":"100.61291530907"},"EnqueuedTimeUtc":"2022-10-05 03:00:00","Properties":{"messagetype":"Demo"},"SystemProperties":{"connectionAuthMethod":"{\"scope\":\"device\",\"type\":\"sas\",\"issuer\":\"iothub\",\"acceptingIpFilterRule\":null}","connectionDeviceGenerationId":"638052891151821842","connectionDeviceId":"IOTDevice_4_3","contentEncoding":"utf-8","contentType":"application/json","enqueuedTime":"2022-10-05 03:00:00"}}
{"Body":{"Status":true,"Timestamp":"2022-10-05 03:00:00","vibration":"37.140808791722"},"EnqueuedTimeUtc":"2022-10-05 03:00:00","Properties":{"messagetype":"Demo"},"SystemProperties":{"connectionAuthMethod":"{\"scope\":\"device\",\"type\":\"sas\",\"issuer\":\"iothub\",\"acceptingIpFilterRule\":null}","connectionDeviceGenerationId":"638052891151821842","connectionDeviceId":"IOTDevice_4_4","contentEncoding":"utf-8","contentType":"application/json","enqueuedTime":"2022-10-05 03:00:00"}}
{"Body":{"Status":true,"Timestamp":"2022-10-05 04:00:00","volt":"181.677886785042"},"EnqueuedTimeUtc":"2022-10-05 04:00:00","Properties":{"messagetype":"Demo"},"SystemProperties":{"connectionAuthMethod":"{\"scope\":\"device\",\"type\":\"sas\",\"issuer\":\"iothub\",\"acceptingIpFilterRule\":null}","connectionDeviceGenerationId":"638052891151821842","connectionDeviceId":"IOTDevice_4_1","contentEncoding":"utf-8","contentType":"application/json","enqueuedTime":"2022-10-05 04:00:00"}}
{"Body":{"Status":true,"Timestamp":"2022-10-05 04:00:00","rotate":"444.984728238553"},"EnqueuedTimeUtc":"2022-10-05 04:00:00","Properties":{"messagetype":"Demo"},"SystemProperties":{"connectionAuthMethod":"{\"scope\":\"device\",\"type\":\"sas\",\"issuer\":\"iothub\",\"acceptingIpFilterRule\":null}","connectionDeviceGenerationId":"638052891151821842","connectionDeviceId":"IOTDevice_4_2","contentEncoding":"utf-8","contentType":"application/json","enqueuedTime":"2022-10-05 04:00:00"}}
{"Body":{"Status":true,"Timestamp":"2022-10-05 04:00:00","pressure":"86.0423288480054"},"EnqueuedTimeUtc":"2022-10-05 04:00:00","Properties":{"messagetype":"Demo"},"SystemProperties":{"connectionAuthMethod":"{\"scope\":\"device\",\"type\":\"sas\",\"issuer\":\"iothub\",\"acceptingIpFilterRule\":null}","connectionDeviceGenerationId":"638052891151821842","connectionDeviceId":"IOTDevice_4_3","contentEncoding":"utf-8","contentType":"application/json","enqueuedTime":"2022-10-05 04:00:00"}}
{"Body":{"Status":true,"Timestamp":"2022-10-05 04:00:00","vibration":"39.9551116002687"},"EnqueuedTimeUtc":"2022-10-05 04:00:00","Properties":{"messagetype":"Demo"},"SystemProperties":{"connectionAuthMethod":"{\"scope\":\"device\",\"type\":\"sas\",\"issuer\":\"iothub\",\"acceptingIpFilterRule\":null}","connectionDeviceGenerationId":"638052891151821842","connectionDeviceId":"IOTDevice_4_4","contentEncoding":"utf-8","contentType":"application/json","enqueuedTime":"2022-10-05 04:00:00"}}
{"Body":{"Status":true,"Timestamp":"2022-10-05 05:00:00","volt":"214.741652245126"},"EnqueuedTimeUtc":"2022-10-05 05:00:00","Properties":{"messagetype":"Demo"},"SystemProperties":{"connectionAuthMethod":"{\"scope\":\"device\",\"type\":\"sas\",\"issuer\":\"iothub\",\"acceptingIpFilterRule\":null}","connectionDeviceGenerationId":"638052891151821842","connectionDeviceId":"IOTDevice_4_1","contentEncoding":"utf-8","contentType":"application/json","enqueuedTime":"2022-10-05 05:00:00"}}
{"Body":{"Status":true,"Timestamp":"2022-10-05 05:00:00","rotate":"411.60094983875"},"EnqueuedTimeUtc":"2022-10-05 05:00:00","Properties":{"messagetype":"Demo"},"SystemProperties":{"connectionAuthMethod":"{\"scope\":\"device\",\"type\":\"sas\",\"issuer\":\"iothub\",\"acceptingIpFilterRule\":null}","connectionDeviceGenerationId":"638052891151821842","connectionDeviceId":"IOTDevice_4_2","contentEncoding":"utf-8","contentType":"application/json","enqueuedTime":"2022-10-05 05:00:00"}}
{"Body":{"Status":true,"Timestamp":"2022-10-05 05:00:00","pressure":"98.8101934192018"},"EnqueuedTimeUtc":"2022-10-05 05:00:00","Properties":{"messagetype":"Demo"},"SystemProperties":{"connectionAuthMethod":"{\"scope\":\"device\",\"type\":\"sas\",\"issuer\":\"iothub\",\"acceptingIpFilterRule\":null}","connectionDeviceGenerationId":"638052891151821842","connectionDeviceId":"IOTDevice_4_3","contentEncoding":"utf-8","contentType":"application/json","enqueuedTime":"2022-10-05 05:00:00"}}
{"Body":{"Status":true,"Timestamp":"2022-10-05 05:00:00","vibration":"38.1913972421455"},"EnqueuedTimeUtc":"2022-10-05 05:00:00","Properties":{"messagetype":"Demo"},"SystemProperties":{"connectionAuthMethod":"{\"scope\":\"device\",\"type\":\"sas\",\"issuer\":\"iothub\",\"acceptingIpFilterRule\":null}","connectionDeviceGenerationId":"638052891151821842","connectionDeviceId":"IOTDevice_4_4","contentEncoding":"utf-8","contentType":"application/json","enqueuedTime":"2022-10-05 05:00:00"}}
{"Body":{"Status":true,"Timestamp":"2022-10-05 06:00:00","volt":"206.592586603684"},"EnqueuedTimeUtc":"2022-10-05 06:00:00","Properties":{"messagetype":"Demo"},"SystemProperties":{"connectionAuthMethod":"{\"scope\":\"device\",\"type\":\"sas\",\"issuer\":\"iothub\",\"acceptingIpFilterRule\":null}","connectionDeviceGenerationId":"638052891151821842","connectionDeviceId":"IOTDevice_4_1","contentEncoding":"utf-8","contentType":"application/json","enqueuedTime":"2022-10-05 06:00:00"}}
{"Body":{"Status":true,"Timestamp":"2022-10-05 06:00:00","rotate":"517.248377196591"},"EnqueuedTimeUtc":"2022-10-05 06:00:00","Properties":{"messagetype":"Demo"},"SystemProperties":{"connectionAuthMethod":"{\"scope\":\"device\",\"type\":\"sas\",\"issuer\":\"iothub\",\"acceptingIpFilterRule\":null}","connectionDeviceGenerationId":"638052891151821842","connectionDeviceId":"IOTDevice_4_2","contentEncoding":"utf-8","contentType":"application/json","enqueuedTime":"2022-10-05 06:00:00"}}
{"Body":{"Status":true,"Timestamp":"2022-10-05 06:00:00","pressure":"104.536663689029"},"EnqueuedTimeUtc":"2022-10-05 06:00:00","Properties":{"messagetype":"Demo"},"SystemProperties":{"connectionAuthMethod":"{\"scope\":\"device\",\"type\":\"sas\",\"issuer\":\"iothub\",\"acceptingIpFilterRule\":null}","connectionDeviceGenerationId":"638052891151821842","connectionDeviceId":"IOTDevice_4_3","contentEncoding":"utf-8","contentType":"application/json","enqueuedTime":"2022-10-05 06:00:00"}}
{"Body":{"Status":true,"Timestamp":"2022-10-05 06:00:00","vibration":"36.7705773255783"},"EnqueuedTimeUtc":"2022-10-05 06:00:00","Properties":{"messagetype":"Demo"},"SystemProperties":{"connectionAuthMethod":"{\"scope\":\"device\",\"type\":\"sas\",\"issuer\":\"iothub\",\"acceptingIpFilterRule\":null}","connectionDeviceGenerationId":"638052891151821842","connectionDeviceId":"IOTDevice_4_4","contentEncoding":"utf-8","contentType":"application/json","enqueuedTime":"2022-10-05 06:00:00"}}
{"Body":{"Status":true,"Timestamp":"2022-10-05 07:00:00","volt":"178.436662855749"},"EnqueuedTimeUtc":"2022-10-05 07:00:00","Properties":{"messagetype":"Demo"},"SystemProperties":{"connectionAuthMethod":"{\"scope\":\"device\",\"type\":\"sas\",\"issuer\":\"iothub\",\"acceptingIpFilterRule\":null}","connectionDeviceGenerationId":"638052891151821842","connectionDeviceId":"IOTDevice_4_1","contentEncoding":"utf-8","contentType":"application/json","enqueuedTime":"2022-10-05 07:00:00"}}
{"Body":{"Status":true,"Timestamp":"2022-10-05 07:00:00","rotate":"424.390892780703"},"EnqueuedTimeUtc":"2022-10-05 07:00:00","Properties":{"messagetype":"Demo"},"SystemProperties":{"connectionAuthMethod":"{\"scope\":\"device\",\"type\":\"sas\",\"issuer\":\"iothub\",\"acceptingIpFilterRule\":null}","connectionDeviceGenerationId":"638052891151821842","connectionDeviceId":"IOTDevice_4_2","contentEncoding":"utf-8","contentType":"application/json","enqueuedTime":"2022-10-05 07:00:00"}}
{"Body":{"Status":true,"Timestamp":"2022-10-05 07:00:00","pressure":"87.9699049505259"},"EnqueuedTimeUtc":"2022-10-05 07:00:00","Properties":{"messagetype":"Demo"},"SystemProperties":{"connectionAuthMethod":"{\"scope\":\"device\",\"type\":\"sas\",\"issuer\":\"iothub\",\"acceptingIpFilterRule\":null}","connectionDeviceGenerationId":"638052891151821842","connectionDeviceId":"IOTDevice_4_3","contentEncoding":"utf-8","contentType":"application/json","enqueuedTime":"2022-10-05 07:00:00"}}
{"Body":{"Status":true,"Timestamp":"2022-10-05 07:00:00","vibration":"33.2837779997202"},"EnqueuedTimeUtc":"2022-10-05 07:00:00","Properties":{"messagetype":"Demo"},"SystemProperties":{"connectionAuthMethod":"{\"scope\":\"device\",\"type\":\"sas\",\"issuer\":\"iothub\",\"acceptingIpFilterRule\":null}","connectionDeviceGenerationId":"638052891151821842","connectionDeviceId":"IOTDevice_4_4","contentEncoding":"utf-8","contentType":"application/json","enqueuedTime":"2022-10-05 07:00:00"}}
{"Body":{"Status":true,"Timestamp":"2022-10-05 08:00:00","volt":"170.750029850217"},"EnqueuedTimeUtc":"2022-10-05 08:00:00","Properties":{"messagetype":"Demo"},"SystemProperties":{"connectionAuthMethod":"{\"scope\":\"device\",\"type\":\"sas\",\"issuer\":\"iothub\",\"acceptingIpFilterRule\":null}","connectionDeviceGenerationId":"638052891151821842","connectionDeviceId":"IOTDevice_4_1","contentEncoding":"utf-8","contentType":"application/json","enqueuedTime":"2022-10-05 08:00:00"}}
{"Body":{"Status":true,"Timestamp":"2022-10-05 08:00:00","rotate":"537.015778029994"},"EnqueuedTimeUtc":"2022-10-05 08:00:00","Properties":{"messagetype":"Demo"},"SystemProperties":{"connectionAuthMethod":"{\"scope\":\"device\",\"type\":\"sas\",\"issuer\":\"iothub\",\"acceptingIpFilterRule\":null}","connectionDeviceGenerationId":"638052891151821842","connectionDeviceId":"IOTDevice_4_2","contentEncoding":"utf-8","contentType":"application/json","enqueuedTime":"2022-10-05 08:00:00"}}
{"Body":{"Status":true,"Timestamp":"2022-10-05 08:00:00","pressure":"103.4402804888"},"EnqueuedTimeUtc":"2022-10-05 08:00:00","Properties":{"messagetype":"Demo"},"SystemProperties":{"connectionAuthMethod":"{\"scope\":\"device\",\"type\":\"sas\",\"issuer\":\"iothub\",\"acceptingIpFilterRule\":null}","connectionDeviceGenerationId":"638052891151821842","connectionDeviceId":"IOTDevice_4_3","contentEncoding":"utf-8","contentType":"application/json","enqueuedTime":"2022-10-05 08:00:00"}}
{"Body":{"Status":true,"Timestamp":"2022-10-05 08:00:00","vibration":"31.53441846876"},"EnqueuedTimeUtc":"2022-10-05 08:00:00","Properties":{"messagetype":"Demo"},"SystemProperties":{"connectionAuthMethod":"{\"scope\":\"device\",\"type\":\"sas\",\"issuer\":\"iothub\",\"acceptingIpFilterRule\":null}","connectionDeviceGenerationId":"638052891151821842","connectionDeviceId":"IOTDevice_4_4","contentEncoding":"utf-8","contentType":"application/json","enqueuedTime":"2022-10-05 08:00:00"}}
{"Body":{"Status":true,"Timestamp":"2022-10-05 09:00:00","volt":"182.975782895482"},"EnqueuedTimeUtc":"2022-10-05 09:00:00","Properties":{"messagetype":"Demo"},"SystemProperties":{"connectionAuthMethod":"{\"scope\":\"device\",\"type\":\"sas\",\"issuer\":\"iothub\",\"acceptingIpFilterRule\":null}","connectionDeviceGenerationId":"638052891151821842","connectionDeviceId":"IOTDevice_4_1","contentEncoding":"utf-8","contentType":"application/json","enqueuedTime":"2022-10-05 09:00:00"}}
{"Body":{"Status":true,"Timestamp":"2022-10-05 09:00:00","rotate":"367.54519209192"},"EnqueuedTimeUtc":"2022-10-05 09:00:00","Properties":{"messagetype":"Demo"},"SystemProperties":{"connectionAuthMethod":"{\"scope\":\"device\",\"type\":\"sas\",\"issuer\":\"iothub\",\"acceptingIpFilterRule\":null}","connectionDeviceGenerationId":"638052891151821842","connectionDeviceId":"IOTDevice_4_2","contentEncoding":"utf-8","contentType":"application/json","enqueuedTime":"2022-10-05 09:00:00"}}
{"Body":{"Status":true,"Timestamp":"2022-10-05 09:00:00","pressure":"94.4366938614929"},"EnqueuedTimeUtc":"2022-10-05 09:00:00","Properties":{"messagetype":"Demo"},"SystemProperties":{"connectionAuthMethod":"{\"scope\":\"device\",\"type\":\"sas\",\"issuer\":\"iothub\",\"acceptingIpFilterRule\":null}","connectionDeviceGenerationId":"638052891151821842","connectionDeviceId":"IOTDevice_4_3","contentEncoding":"utf-8","contentType":"application/json","enqueuedTime":"2022-10-05 09:00:00"}}
{"Body":{"Status":true,"Timestamp":"2022-10-05 09:00:00","vibration":"37.4033161505527"},"EnqueuedTimeUtc":"2022-10-05 09:00:00","Properties":{"messagetype":"Demo"},"SystemProperties":{"connectionAuthMethod":"{\"scope\":\"device\",\"type\":\"sas\",\"issuer\":\"iothub\",\"acceptingIpFilterRule\":null}","connectionDeviceGenerationId":"638052891151821842","connectionDeviceId":"IOTDevice_4_4","contentEncoding":"utf-8","contentType":"application/json","enqueuedTime":"2022-10-05 09:00:00"}}
{"Body":{"Status":true,"Timestamp":"2022-10-05 10:00:00","volt":"176.047748297087"},"EnqueuedTimeUtc":"2022-10-05 10:00:00","Properties":{"messagetype":"Demo"},"SystemProperties":{"connectionAuthMethod":"{\"scope\":\"device\",\"type\":\"sas\",\"issuer\":\"iothub\",\"acceptingIpFilterRule\":null}","connectionDeviceGenerationId":"638052891151821842","connectionDeviceId":"IOTDevice_4_1","contentEncoding":"utf-8","contentType":"application/json","enqueuedTime":"2022-10-05 10:00:00"}}
{"Body":{"Status":true,"Timestamp":"2022-10-05 10:00:00","rotate":"445.050097564318"},"EnqueuedTimeUtc":"2022-10-05 10:00:00","Properties":{"messagetype":"Demo"},"SystemProperties":{"connectionAuthMethod":"{\"scope\":\"device\",\"type\":\"sas\",\"issuer\":\"iothub\",\"acceptingIpFilterRule\":null}","connectionDeviceGenerationId":"638052891151821842","connectionDeviceId":"IOTDevice_4_2","contentEncoding":"utf-8","contentType":"application/json","enqueuedTime":"2022-10-05 10:00:00"}}
{"Body":{"Status":true,"Timestamp":"2022-10-05 10:00:00","pressure":"85.7708115076252"},"EnqueuedTimeUtc":"2022-10-05 10:00:00","Properties":{"messagetype":"Demo"},"SystemProperties":{"connectionAuthMethod":"{\"scope\":\"device\",\"type\":\"sas\",\"issuer\":\"iothub\",\"acceptingIpFilterRule\":null}","connectionDeviceGenerationId":"638052891151821842","connectionDeviceId":"IOTDevice_4_3","contentEncoding":"utf-8","contentType":"application/json","enqueuedTime":"2022-10-05 10:00:00"}}
{"Body":{"Status":true,"Timestamp":"2022-10-05 10:00:00","vibration":"37.0296866343071"},"EnqueuedTimeUtc":"2022-10-05 10:00:00","Properties":{"messagetype":"Demo"},"SystemProperties":{"connectionAuthMethod":"{\"scope\":\"device\",\"type\":\"sas\",\"issuer\":\"iothub\",\"acceptingIpFilterRule\":null}","connectionDeviceGenerationId":"638052891151821842","connectionDeviceId":"IOTDevice_4_4","contentEncoding":"utf-8","contentType":"application/json","enqueuedTime":"2022-10-05 10:00:00"}}
{"Body":{"Status":true,"Timestamp":"2022-10-05 11:00:00","volt":"173.973323114485"},"EnqueuedTimeUtc":"2022-10-05 11:00:00","Properties":{"messagetype":"Demo"},"SystemProperties":{"connectionAuthMethod":"{\"scope\":\"device\",\"type\":\"sas\",\"issuer\":\"iothub\",\"acceptingIpFilterRule\":null}","connectionDeviceGenerationId":"638052891151821842","connectionDeviceId":"IOTDevice_4_1","contentEncoding":"utf-8","contentType":"application/json","enqueuedTime":"2022-10-05 11:00:00"}}
{"Body":{"Status":true,"Timestamp":"2022-10-05 11:00:00","rotate":"344.510476927156"},"EnqueuedTimeUtc":"2022-10-05 11:00:00","Properties":{"messagetype":"Demo"},"SystemProperties":{"connectionAuthMethod":"{\"scope\":\"device\",\"type\":\"sas\",\"issuer\":\"iothub\",\"acceptingIpFilterRule\":null}","connectionDeviceGenerationId":"638052891151821842","connectionDeviceId":"IOTDevice_4_2","contentEncoding":"utf-8","contentType":"application/json","enqueuedTime":"2022-10-05 11:00:00"}}
{"Body":{"Status":true,"Timestamp":"2022-10-05 11:00:00","pressure":"101.216772327756"},"EnqueuedTimeUtc":"2022-10-05 11:00:00","Properties":{"messagetype":"Demo"},"SystemProperties":{"connectionAuthMethod":"{\"scope\":\"device\",\"type\":\"sas\",\"issuer\":\"iothub\",\"acceptingIpFilterRule\":null}","connectionDeviceGenerationId":"638052891151821842","connectionDeviceId":"IOTDevice_4_3","contentEncoding":"utf-8","contentType":"application/json","enqueuedTime":"2022-10-05 11:00:00"}}
{"Body":{"Status":true,"Timestamp":"2022-10-05 11:00:00","vibration":"31.2061257200827"},"EnqueuedTimeUtc":"2022-10-05 11:00:00","Properties":{"messagetype":"Demo"},"SystemProperties":{"connectionAuthMethod":"{\"scope\":\"device\",\"type\":\"sas\",\"issuer\":\"iothub\",\"acceptingIpFilterRule\":null}","connectionDeviceGenerationId":"638052891151821842","connectionDeviceId":"IOTDevice_4_4","contentEncoding":"utf-8","contentType":"application/json","enqueuedTime":"2022-10-05 11:00:00"}}
{"Body":{"Status":true,"Timestamp":"2022-10-05 12:00:00","volt":"168.438851762966"},"EnqueuedTimeUtc":"2022-10-05 12:00:00","Properties":{"messagetype":"Demo"},"SystemProperties":{"connectionAuthMethod":"{\"scope\":\"device\",\"type\":\"sas\",\"issuer\":\"iothub\",\"acceptingIpFilterRule\":null}","connectionDeviceGenerationId":"638052891151821842","connectionDeviceId":"IOTDevice_4_1","contentEncoding":"utf-8","contentType":"application/json","enqueuedTime":"2022-10-05 12:00:00"}}
{"Body":{"Status":true,"Timestamp":"2022-10-05 12:00:00","rotate":"318.568940043038"},"EnqueuedTimeUtc":"2022-10-05 12:00:00","Properties":{"messagetype":"Demo"},"SystemProperties":{"connectionAuthMethod":"{\"scope\":\"device\",\"type\":\"sas\",\"issuer\":\"iothub\",\"acceptingIpFilterRule\":null}","connectionDeviceGenerationId":"638052891151821842","connectionDeviceId":"IOTDevice_4_2","contentEncoding":"utf-8","contentType":"application/json","enqueuedTime":"2022-10-05 12:00:00"}}
{"Body":{"Status":true,"Timestamp":"2022-10-05 12:00:00","pressure":"108.619194290678"},"EnqueuedTimeUtc":"2022-10-05 12:00:00","Properties":{"messagetype":"Demo"},"SystemProperties":{"connectionAuthMethod":"{\"scope\":\"device\",\"type\":\"sas\",\"issuer\":\"iothub\",\"acceptingIpFilterRule\":null}","connectionDeviceGenerationId":"638052891151821842","connectionDeviceId":"IOTDevice_4_3","contentEncoding":"utf-8","contentType":"application/json","enqueuedTime":"2022-10-05 12:00:00"}}
{"Body":{"Status":true,"Timestamp":"2022-10-05 12:00:00","vibration":"47.0816306979934"},"EnqueuedTimeUtc":"2022-10-05 12:00:00","Properties":{"messagetype":"Demo"},"SystemProperties":{"connectionAuthMethod":"{\"scope\":\"device\",\"type\":\"sas\",\"issuer\":\"iothub\",\"acceptingIpFilterRule\":null}","connectionDeviceGenerationId":"638052891151821842","connectionDeviceId":"IOTDevice_4_4","contentEncoding":"utf-8","contentType":"application/json","enqueuedTime":"2022-10-05 12:00:00"}}
{"Body":{"Status":true,"Timestamp":"2022-10-05 13:00:00","volt":"151.819232183693"},"EnqueuedTimeUtc":"2022-10-05 13:00:00","Properties":{"messagetype":"Demo"},"SystemProperties":{"connectionAuthMethod":"{\"scope\":\"device\",\"type\":\"sas\",\"issuer\":\"iothub\",\"acceptingIpFilterRule\":null}","connectionDeviceGenerationId":"638052891151821842","connectionDeviceId":"IOTDevice_4_1","contentEncoding":"utf-8","contentType":"application/json","enqueuedTime":"2022-10-05 13:00:00"}}
{"Body":{"Status":true,"Timestamp":"2022-10-05 13:00:00","rotate":"584.759963964222"},"EnqueuedTimeUtc":"2022-10-05 13:00:00","Properties":{"messagetype":"Demo"},"SystemProperties":{"connectionAuthMethod":"{\"scope\":\"device\",\"type\":\"sas\",\"issuer\":\"iothub\",\"acceptingIpFilterRule\":null}","connectionDeviceGenerationId":"638052891151821842","connectionDeviceId":"IOTDevice_4_2","contentEncoding":"utf-8","contentType":"application/json","enqueuedTime":"2022-10-05 13:00:00"}}
{"Body":{"Status":true,"Timestamp":"2022-10-05 13:00:00","pressure":"97.4651752788618"},"EnqueuedTimeUtc":"2022-10-05 13:00:00","Properties":{"messagetype":"Demo"},"SystemProperties":{"connectionAuthMethod":"{\"scope\":\"device\",\"type\":\"sas\",\"issuer\":\"iothub\",\"acceptingIpFilterRule\":null}","connectionDeviceGenerationId":"638052891151821842","connectionDeviceId":"IOTDevice_4_3","contentEncoding":"utf-8","contentType":"application/json","enqueuedTime":"2022-10-05 13:00:00"}}
{"Body":{"Status":true,"Timestamp":"2022-10-05 13:00:00","vibration":"41.1753060930838"},"EnqueuedTimeUtc":"2022-10-05 13:00:00","Properties":{"messagetype":"Demo"},"SystemProperties":{"connectionAuthMethod":"{\"scope\":\"device\",\"type\":\"sas\",\"issuer\":\"iothub\",\"acceptingIpFilterRule\":null}","connectionDeviceGenerationId":"638052891151821842","connectionDeviceId":"IOTDevice_4_4","contentEncoding":"utf-8","contentType":"application/json","enqueuedTime":"2022-10-05 13:00:00"}}
{"Body":{"Status":true,"Timestamp":"2022-10-05 14:00:00","volt":"177.307356634841"},"EnqueuedTimeUtc":"2022-10-05 14:00:00","Properties":{"messagetype":"Demo"},"SystemProperties":{"connectionAuthMethod":"{\"scope\":\"device\",\"type\":\"sas\",\"issuer\":\"iothub\",\"acceptingIpFilterRule\":null}","connectionDeviceGenerationId":"638052891151821842","connectionDeviceId":"IOTDevice_4_1","contentEncoding":"utf-8","contentType":"application/json","enqueuedTime":"2022-10-05 14:00:00"}}
{"Body":{"Status":true,"Timestamp":"2022-10-05 14:00:00","rotate":"479.215435537568"},"EnqueuedTimeUtc":"2022-10-05 14:00:00","Properties":{"messagetype":"Demo"},"SystemProperties":{"connectionAuthMethod":"{\"scope\":\"device\",\"type\":\"sas\",\"issuer\":\"iothub\",\"acceptingIpFilterRule\":null}","connectionDeviceGenerationId":"638052891151821842","connectionDeviceId":"IOTDevice_4_2","contentEncoding":"utf-8","contentType":"application/json","enqueuedTime":"2022-10-05 14:00:00"}}
{"Body":{"Status":true,"Timestamp":"2022-10-05 14:00:00","pressure":"99.3396566584443"},"EnqueuedTimeUtc":"2022-10-05 14:00:00","Properties":{"messagetype":"Demo"},"SystemProperties":{"connectionAuthMethod":"{\"scope\":\"device\",\"type\":\"sas\",\"issuer\":\"iothub\",\"acceptingIpFilterRule\":null}","connectionDeviceGenerationId":"638052891151821842","connectionDeviceId":"IOTDevice_4_3","contentEncoding":"utf-8","contentType":"application/json","enqueuedTime":"2022-10-05 14:00:00"}}
{"Body":{"Status":true,"Timestamp":"2022-10-05 14:00:00","vibration":"43.4606711366062"},"EnqueuedTimeUtc":"2022-10-05 14:00:00","Properties":{"messagetype":"Demo"},"SystemProperties":{"connectionAuthMethod":"{\"scope\":\"device\",\"type\":\"sas\",\"issuer\":\"iothub\",\"acceptingIpFilterRule\":null}","connectionDeviceGenerationId":"638052891151821842","connectionDeviceId":"IOTDevice_4_4","contentEncoding":"utf-8","contentType":"application/json","enqueuedTime":"2022-10-05 14:00:00"}}
{"Body":{"Status":true,"Timestamp":"2022-10-05 15:00:00","volt":"158.274570163259"},"EnqueuedTimeUtc":"2022-10-05 15:00:00","Properties":{"messagetype":"Demo"},"SystemProperties":{"connectionAuthMethod":"{\"scope\":\"device\",\"type\":\"sas\",\"issuer\":\"iothub\",\"acceptingIpFilterRule\":null}","connectionDeviceGenerationId":"638052891151821842","connectionDeviceId":"IOTDevice_4_1","contentEncoding":"utf-8","contentType":"application/json","enqueuedTime":"2022-10-05 15:00:00"}}
{"Body":{"Status":true,"Timestamp":"2022-10-05 15:00:00","rotate":"471.290778157388"},"EnqueuedTimeUtc":"2022-10-05 15:00:00","Properties":{"messagetype":"Demo"},"SystemProperties":{"connectionAuthMethod":"{\"scope\":\"device\",\"type\":\"sas\",\"issuer\":\"iothub\",\"acceptingIpFilterRule\":null}","connectionDeviceGenerationId":"638052891151821842","connectionDeviceId":"IOTDevice_4_2","contentEncoding":"utf-8","contentType":"application/json","enqueuedTime":"2022-10-05 15:00:00"}}
{"Body":{"Status":true,"Timestamp":"2022-10-05 15:00:00","pressure":"97.494411630332"},"EnqueuedTimeUtc":"2022-10-05 15:00:00","Properties":{"messagetype":"Demo"},"SystemProperties":{"connectionAuthMethod":"{\"scope\":\"device\",\"type\":\"sas\",\"issuer\":\"iothub\",\"acceptingIpFilterRule\":null}","connectionDeviceGenerationId":"638052891151821842","connectionDeviceId":"IOTDevice_4_3","contentEncoding":"utf-8","contentType":"application/json","enqueuedTime":"2022-10-05 15:00:00"}}
{"Body":{"Status":true,"Timestamp":"2022-10-05 15:00:00","vibration":"39.8097753289348"},"EnqueuedTimeUtc":"2022-10-05 15:00:00","Properties":{"messagetype":"Demo"},"SystemProperties":{"connectionAuthMethod":"{\"scope\":\"device\",\"type\":\"sas\",\"issuer\":\"iothub\",\"acceptingIpFilterRule\":null}","connectionDeviceGenerationId":"638052891151821842","connectionDeviceId":"IOTDevice_4_4","contentEncoding":"utf-8","contentType":"application/json","enqueuedTime":"2022-10-05 15:00:00"}}
{"Body":{"Status":true,"Timestamp":"2022-10-05 16:00:00","volt":"160.63096825024"},"EnqueuedTimeUtc":"2022-10-05 16:00:00","Properties":{"messagetype":"Demo"},"SystemProperties":{"connectionAuthMethod":"{\"scope\":\"device\",\"type\":\"sas\",\"issuer\":\"iothub\",\"acceptingIpFilterRule\":null}","connectionDeviceGenerationId":"638052891151821842","connectionDeviceId":"IOTDevice_4_1","contentEncoding":"utf-8","contentType":"application/json","enqueuedTime":"2022-10-05 16:00:00"}}
{"Body":{"Status":true,"Timestamp":"2022-10-05 16:00:00","rotate":"456.065111114012"},"EnqueuedTimeUtc":"2022-10-05 16:00:00","Properties":{"messagetype":"Demo"},"SystemProperties":{"connectionAuthMethod":"{\"scope\":\"device\",\"type\":\"sas\",\"issuer\":\"iothub\",\"acceptingIpFilterRule\":null}","connectionDeviceGenerationId":"638052891151821842","connectionDeviceId":"IOTDevice_4_2","contentEncoding":"utf-8","contentType":"application/json","enqueuedTime":"2022-10-05 16:00:00"}}
{"Body":{"Status":true,"Timestamp":"2022-10-05 16:00:00","pressure":"110.840534973972"},"EnqueuedTimeUtc":"2022-10-05 16:00:00","Properties":{"messagetype":"Demo"},"SystemProperties":{"connectionAuthMethod":"{\"scope\":\"device\",\"type\":\"sas\",\"issuer\":\"iothub\",\"acceptingIpFilterRule\":null}","connectionDeviceGenerationId":"638052891151821842","connectionDeviceId":"IOTDevice_4_3","contentEncoding":"utf-8","contentType":"application/json","enqueuedTime":"2022-10-05 16:00:00"}}
{"Body":{"Status":true,"Timestamp":"2022-10-05 16:00:00","vibration":"37.2448808542089"},"EnqueuedTimeUtc":"2022-10-05 16:00:00","Properties":{"messagetype":"Demo"},"SystemProperties":{"connectionAuthMethod":"{\"scope\":\"device\",\"type\":\"sas\",\"issuer\":\"iothub\",\"acceptingIpFilterRule\":null}","connectionDeviceGenerationId":"638052891151821842","connectionDeviceId":"IOTDevice_4_4","contentEncoding":"utf-8","contentType":"application/json","enqueuedTime":"2022-10-05 16:00:00"}}
{"Body":{"Status":true,"Timestamp":"2022-10-05 17:00:00","volt":"181.061819852014"},"EnqueuedTimeUtc":"2022-10-05 17:00:00","Properties":{"messagetype":"Demo"},"SystemProperties":{"connectionAuthMethod":"{\"scope\":\"device\",\"type\":\"sas\",\"issuer\":\"iothub\",\"acceptingIpFilterRule\":null}","connectionDeviceGenerationId":"638052891151821842","connectionDeviceId":"IOTDevice_4_1","contentEncoding":"utf-8","contentType":"application/json","enqueuedTime":"2022-10-05 17:00:00"}}
{"Body":{"Status":true,"Timestamp":"2022-10-05 17:00:00","rotate":"503.363455964478"},"EnqueuedTimeUtc":"2022-10-05 17:00:00","Properties":{"messagetype":"Demo"},"SystemProperties":{"connectionAuthMethod":"{\"scope\":\"device\",\"type\":\"sas\",\"issuer\":\"iothub\",\"acceptingIpFilterRule\":null}","connectionDeviceGenerationId":"638052891151821842","connectionDeviceId":"IOTDevice_4_2","contentEncoding":"utf-8","contentType":"application/json","enqueuedTime":"2022-10-05 17:00:00"}}
{"Body":{"Status":true,"Timestamp":"2022-10-05 17:00:00","pressure":"97.7334635583115"},"EnqueuedTimeUtc":"2022-10-05 17:00:00","Properties":{"messagetype":"Demo"},"SystemProperties":{"connectionAuthMethod":"{\"scope\":\"device\",\"type\":\"sas\",\"issuer\":\"iothub\",\"acceptingIpFilterRule\":null}","connectionDeviceGenerationId":"638052891151821842","connectionDeviceId":"IOTDevice_4_3","contentEncoding":"utf-8","contentType":"application/json","enqueuedTime":"2022-10-05 17:00:00"}}
{"Body":{"Status":true,"Timestamp":"2022-10-05 17:00:00","vibration":"46.030177013261"},"EnqueuedTimeUtc":"2022-10-05 17:00:00","Properties":{"messagetype":"Demo"},"SystemProperties":{"connectionAuthMethod":"{\"scope\":\"device\",\"type\":\"sas\",\"issuer\":\"iothub\",\"acceptingIpFilterRule\":null}","connectionDeviceGenerationId":"638052891151821842","connectionDeviceId":"IOTDevice_4_4","contentEncoding":"utf-8","contentType":"application/json","enqueuedTime":"2022-10-05 17:00:00"}}
