{"Body":{"Status":true,"Timestamp":"2022-10-05 18:00:00","volt":"151.3264653083"},"EnqueuedTimeUtc":"2022-10-05 18:00:00","Properties":{"messagetype":"Demo"},"SystemProperties":{"connectionAuthMethod":"{\"scope\":\"device\",\"type\":\"sas\",\"issuer\":\"iothub\",\"acceptingIpFilterRule\":null}","connectionDeviceGenerationId":"638052891151821842","connectionDeviceId":"IOTDevice_9_1","contentEncoding":"utf-8","contentType":"application/json","enqueuedTime":"2022-10-05 18:00:00"}}
{"Body":{"Status":true,"Timestamp":"2022-10-05 18:00:00","rotate":"468.966002358951"},"EnqueuedTimeUtc":"2022-10-05 18:00:00","Properties":{"messagetype":"Demo"},"SystemProperties":{"connectionAuthMethod":"{\"scope\":\"device\",\"type\":\"sas\",\"issuer\":\"iothub\",\"acceptingIpFilterRule\":null}","connectionDeviceGenerationId":"638052891151821842","connectionDeviceId":"IOTDevice_9_2","contentEncoding":"utf-8","contentType":"application/json","enqueuedTime":"2022-10-05 18:00:00"}}
{"Body":{"Status":true,"Timestamp":"2022-10-05 18:00:00","pressure":"93.7333021097906"},"EnqueuedTimeUtc":"2022-10-05 18:00:00","Properties":{"messagetype":"Demo"},"SystemProperties":{"connectionAuthMethod":"{\"scope\":\"device\",\"type\":\"sas\",\"issuer\":\"iothub\",\"acceptingIpFilterRule\":null}","connectionDeviceGenerationId":"638052891151821842","connectionDeviceId":"IOTDevice_9_3","contentEncoding":"utf-8","contentType":"application/json","enqueuedTime":"2022-10-05 18:00:00"}}
{"Body":{"Status":true,"Timestamp":"2022-10-05 18:00:00","vibration":"33.5178648645867"},"EnqueuedTimeUtc":"2022-10-05 18:00:00","Properties":{"messagetype":"Demo"},"SystemProperties":{"connectionAuthMethod":"{\"scope\":\"device\",\"type\":\"sas\",\"issuer\":\"iothub\",\"acceptingIpFilterRule\":null}","connectionDeviceGenerationId":"638052891151821842","connectionDeviceId":"IOTDevice_9_4","contentEncoding":"utf-8","contentType":"application/json","enqueuedTime":"2022-10-05 18:00:00"}}
{"Body":{"Status":true,"Timestamp":"2022-10-05 19:00:00","volt":"183.685673954076"},"EnqueuedTimeUtc":"2022-10-05 19:00:00","Properties":{"messagetype":"Demo"},"SystemProperties":{"connectionAuthMethod":"{\"scope\":\"device\",\"type\":\"sas\",\"issuer\":\"iothub\",\"acceptingIpFilterRule\":null}","connectionDeviceGenerationId":"638052891151821842","connectionDeviceId":"IOTDevice_9_1","contentEncoding":"utf-8","contentType":"application/json","enqueuedTime":"2022-10-05 19:00:00"}}
{"Body":{"Status":true,"Timestamp":"2022-10-05 19:00:00","rotate":"424.484636190939"},"EnqueuedTimeUtc":"2022-10-05 19:00:00","Properties":{"messagetype":"Demo"},"SystemProperties":{"connectionAuthMethod":"{\"scope\":\"device\",\"type\":\"sas\",\"issuer\":\"iothub\",\"acceptingIpFilterRule\":null}","connectionDeviceGenerationId":"638052891151821842","connectionDeviceId":"IOTDevice_9_2","contentEncoding":"utf-8","contentType":"application/json","enqueuedTime":"2022-10-05 19:00:00"}}
{"Body":{"Status":true,"Timestamp":"2022-10-05 19:00:00","pressure":"92.6258543221263"},"EnqueuedTimeUtc":"2022-10-05 19:00:00","Properties":{"messagetype":"Demo"},"SystemProperties":{"connectionAuthMethod":"{\"scope\":\"device\",\"type\":\"sas\",\"issuer\":\"iothub\",\"acceptingIpFilterRule\":null}","connectionDeviceGenerationId":"638052891151821842","connectionDeviceId":"IOTDevice_9_3","contentEncoding":"utf-8","contentType":"application/json","enqueuedTime":"2022-10-05 19:00:00"}}
{"Body":{"Status":true,"Timestamp":"2022-10-05 19:00:00","vibration":"34.4046552078985"},"EnqueuedTimeUtc":"2022-10-05 19:00:00","Properties":{"messagetype":"Demo"},"SystemProperties":{"connectionAuthMethod":"{\"scope\":\"device\",\"type\":\"sas\",\"issuer\":\"iothub\",\"acceptingIpFilterRule\":null}","connectionDeviceGenerationId":"638052891151821842","connectionDeviceId":"IOTDevice_9_4","contentEncoding":"utf-8","contentType":"application/json","enqueuedTime":"2022-10-05 19:00:00"}}
{"Body":{"Status":true,"Timestamp":"2022-10-05 20:00:00","volt":"184.609738295481"},"EnqueuedTimeUtc":"2022-10-05 20:00:00","Properties":{"messagetype":"Demo"},"SystemProperties":{"connectionAuthMethod":"{\"scope\":\"device\",\"type\":\"sas\",\"issuer\":\"iothub\",\"acceptingIpFilterRule\":null}","connectionDeviceGenerationId":"638052891151821842","connectionDeviceId":"IOTDevice_9_1","contentEncoding":"utf-8","contentType":"application/json","enqueuedTime":"2022-10-05 20:00:00"}}
{"Body":{"Status":true,"Timestamp":"2022-10-05 20:00:00","rotate":"490.584084285006"},"EnqueuedTimeUtc":"2022-10-05 20:00:00","Properties":{"messagetype":"Demo"},"SystemProperties":{"connectionAuthMethod":"{\"scope\":\"device\",\"type\":\"sas\",\"issuer\":\"iothub\",\"acceptingIpFilterRule\":null}","connectionDeviceGenerationId":"638052891151821842","connectionDeviceId":"IOTDevice_9_2","contentEncoding":"utf-8","contentType":"application/json","enqueuedTime":"2022-10-05 20:00:00"}}
{"Body":{"Status":true,"Timestamp":"2022-10-05 20:00:00","pressure":"100.148973501324"},"EnqueuedTimeUtc":"2022-10-05 20:00:00","Properties":{"messagetype":"Demo"},"SystemProperties":{"connectionAuthMethod":"{\"scope\":\"device\",\"type\":\"sas\",\"issuer\":\"iothub\",\"acceptingIpFilterRule\":null}","connectionDeviceGenerationId":"638052891151821842","connectionDeviceId":"IOTDevice_9_3","contentEncoding":"utf-8","contentType":"application/json","enqueuedTime":"2022-10-05 20:00:00"}}
{"Body":{"Status":true,"Timestamp":"2022-10-05 20:00:00","vibration":"32.0582492766787"},"EnqueuedTimeUtc":"2022-10-05 20:00:00","Properties":{"messagetype":"Demo"},"SystemProperties":{"connectionAuthMethod":"{\"scope\":\"device\",\"type\":\"sas\",\"issuer\":\"iothub\",\"acceptingIpFilterRule\":null}","connectionDeviceGenerationId":"638052891151821842","connectionDeviceId":"IOTDevice_9_4","contentEncoding":"utf-8","contentType":"application/json","enqueuedTime":"2022-10-05 20:00:00"}}
{"Body":{"Status":true,"Timestamp":"2022-10-05 21:00:00","volt":"169.980204792956"},"EnqueuedTimeUtc":"2022-10-05 21:00:00","Properties":{"messagetype":"Demo"},"SystemProperties":{"connectionAuthMethod":"{\"scope\":\"device\",\"type\":\"sas\",\"issuer\":\"iothub\",\"acceptingIpFilterRule\":null}","connectionDeviceGenerationId":"638052891151821842","connectionDeviceId":"IOTDevice_9_1","contentEncoding":"utf-8","contentType":"application/json","enqueuedTime":"2022-10-05 21:00:00"}}
{"Body":{"Status":true,"Timestamp":"2022-10-05 21:00:00","rotate":"485.465399153798"},"EnqueuedTimeUtc":"2022-10-05 21:00:00","Properties":{"messagetype":"Demo"},"SystemProperties":{"connectionAuthMethod":"{\"scope\":\"device\",\"type\":\"sas\",\"issuer\":\"iothub\",\"acceptingIpFilterRule\":null}","connectionDeviceGenerationId":"638052891151821842","connectionDeviceId":"IOTDevice_9_2","contentEncoding":"utf-8","contentType":"application/json","enqueuedTime":"2022-10-05 21:00:00"}}
{"Body":{"Status":true,"Timestamp":"2022-10-05 21:00:00","pressure":"111.32106812134"},"EnqueuedTimeUtc":"2022-10-05 21:00:00","Properties":{"messagetype":"Demo"},"SystemProperties":{"connectionAuthMethod":"{\"scope\":\"device\",\"type\":\"sas\",\"issuer\":\"iothub\",\"acceptingIpFilterRule\":null}","connectionDeviceGenerationId":"638052891151821842","connectionDeviceId":"IOTDevice_9_3","contentEncoding":"utf-8","contentType":"application/json","enqueuedTime":"2022-10-05 21:00:00"}}
{"Body":{"Status":true,"Timestamp":"2022-10-05 21:00:00","vibration":"35.207508579625"},"EnqueuedTimeUtc":"2022-10-05 21:00:00","Properties":{"messagetype":"Demo"},"SystemProperties":{"connectionAuthMethod":"{\"scope\":\"device\",\"type\":\"sas\",\"issuer\":\"iothub\",\"acceptingIpFilterRule\":null}","connectionDeviceGenerationId":"638052891151821842","connectionDeviceId":"IOTDevice_9_4","contentEncoding":"utf-8","contentType":"application/json","enqueuedTime":"2022-10-05 21:00:00"}}
{"Body":{"Status":true,"Timestamp":"2022-10-05 22:00:00","volt":"164.949422040909"},"EnqueuedTimeUtc":"2022-10-05 22:00:00","Properties":{"messagetype":"Demo"},"SystemProperties":{"connectionAuthMethod":"{\"scope\":\"device\",\"type\":\"sas\",\"issuer\":\"iothub\",\"acceptingIpFilterRule\":null}","connectionDeviceGenerationId":"638052891151821842","connectionDeviceId":"IOTDevice_9_1","contentEncoding":"utf-8","contentType":"application/json","enqueuedTime":"2022-10-05 22:00:00"}}
{"Body":{"Status":true,"Timestamp":"2022-10-05 22:00:00","rotate":"459.06929996813"},"EnqueuedTimeUtc":"2022-10-05 22:00:00","Properties":{"messagetype":"Demo"},"SystemProperties":{"connectionAuthMethod":"{\"scope\":\"device\",\"type\":\"sas\",\"issuer\":\"iothub\",\"acceptingIpFilterRule\":null}","connectionDeviceGenerationId":"638052891151821842","connectionDeviceId":"IOTDevice_9_2","contentEncoding":"utf-8","contentType":"application/json","enqueuedTime":"2022-10-05 22:00:00"}}
{"Body":{"Status":true,"Timestamp":"2022-10-05 22:00:00","pressure":"96.2663082592304"},"EnqueuedTimeUtc":"2022-10-05 22:00:00","Properties":{"messagetype":"Demo"},"SystemProperties":{"connectionAuthMethod":"{\"scope\":\"device\",\"type\":\"sas\",\"issuer\":\"iothub\",\"acceptingIpFilterRule\":null}","connectionDeviceGenerationId":"638052891151821842","connectionDeviceId":"IOTDevice_9_3","contentEncoding":"utf-8","contentType":"application/json","enqueuedTime":"2022-10-05 22:00:00"}}
{"Body":{"Status":true,"Timestamp":"2022-10-05 22:00:00","vibration":"35.9214459216559"},"EnqueuedTimeUtc":"2022-10-05 22:00:00","Properties":{"messagetype":"Demo"},"SystemProperties":{"connectionAuthMethod":"{\"scope\":\"device\",\"type\":\"sas\",\"issuer\":\"iothub\",\"acceptingIpFilterRule\":null}","connectionDeviceGenerationId":"638052891151821842","connectionDeviceId":"IOTDevice_9_4","contentEncoding":"utf-8","contentType":"application/json","enqueuedTime":"2022-10-05 22:00:00"}}
{"Body":{"Status":true,"Timestamp":"2022-10-05 23:00:00","volt":"161.276290748682"},"EnqueuedTimeUtc":"2022-10-05 23:00:00","Properties":{"messagetype":"Demo"},"SystemProperties":{"connectionAuthMethod":"{\"scope\":\"device\",\"type\":\"sas\",\"issuer\":\"iothub\",\"acceptingIpFilterRule\":null}","connectionDeviceGenerationId":"638052891151821842","connectionDeviceId":"IOTDevice_9_1","contentEncoding":"utf-8","contentType":"application/json","enqueuedTime":"2022-10-05 23:00:00"}}
{"Body":{"Status":true,"Timestamp":"2022-10-05 23:00:00","rotate":"445.177877023318"},"EnqueuedTimeUtc":"2022-10-05 23:00:00","Properties":{"messagetype":"Demo"},"SystemProperties":{"connectionAuthMethod":"{\"scope\":\"device\",\"type\":\"sas\",\"issuer\":\"iothub\",\"acceptingIpFilterRule\":null}","connectionDeviceGenerationId":"638052891151821842","connectionDeviceId":"IOTDevice_9_2","contentEncoding":"utf-8","contentType":"application/json","enqueuedTime":"2022-10-05 23:00:00"}}
{"Body":{"Status":true,"Timestamp":"2022-10-05 23:00:00","pressure":"117.129086685139"},"EnqueuedTimeUtc":"2022-10-05 23:00:00","Properties":{"messagetype":"Demo"},"SystemProperties":{"connectionAuthMethod":"{\"scope\":\"device\",\"type\":\"sas\",\"issuer\":\"iothub\",\"acceptingIpFilterRule\":null}","connectionDeviceGenerationId":"638052891151821842","connectionDeviceId":"IOTDevice_9_3","contentEncoding":"utf-8","contentType":"application/json","enqueuedTime":"2022-10-05 23:00:00"}}
{"Body":{"Status":true,"Timestamp":"2022-10-05 23:00:00","vibration":"36.6462039961116"},"EnqueuedTimeUtc":"2022-10-05 23:00:00","Properties":{"messagetype":"Demo"},"SystemProperties":{"connectionAuthMethod":"{\"scope\":\"device\",\"type\":\"sas\",\"issuer\":\"iothub\",\"acceptingIpFilterRule\":null}","connectionDeviceGenerationId":"638052891151821842","connectionDeviceId":"IOTDevice_9_4","contentEncoding":"utf-8","contentType":"application/json","enqueuedTime":"2022-10-05 23:00:00"}}
{"Body":{"Status":true,"Timestamp":"2022-10-05 00:00:00","volt":"160.415049202728"},"EnqueuedTimeUtc":"2022-10-05 00:00:00","Properties":{"messagetype":"Demo"},"SystemProperties":{"connectionAuthMethod":"{\"scope\":\"device\",\"type\":\"sas\",\"issuer\":\"iothub\",\"acceptingIpFilterRule\":null}","connectionDeviceGenerationId":"638052891151821842","connectionDeviceId":"IOTDevice_10_1","contentEncoding":"utf-8","contentType":"application/json","enqueuedTime":"2022-10-05 00:00:00"}}
{"Body":{"Status":true,"Timestamp":"2022-10-05 00:00:00","rotate":"299.679095285427"},"EnqueuedTimeUtc":"2022-10-05 00:00:00","Properties":{"messagetype":"Demo"},"SystemProperties":{"connectionAuthMethod":"{\"scope\":\"device\",\"type\":\"sas\",\"issuer\":\"iothub\",\"acceptingIpFilterRule\":null}","connectionDeviceGenerationId":"638052891151821842","connectionDeviceId":"IOTDevice_10_2","contentEncoding":"utf-8","contentType":"application/json","enqueuedTime":"2022-10-05 00:00:00"}}
{"Body":{"Status":true,"Timestamp":"2022-10-05 00:00:00","pressure":"99.8489468589646"},"EnqueuedTimeUtc":"2022-10-05 00:00:00","Properties":{"messagetype":"Demo"},"SystemProperties":{"connectionAuthMethod":"{\"scope\":\"device\",\"type\":\"sas\",\"issuer\":\"iothub\",\"acceptingIpFilterRule\":null}","connectionDeviceGenerationId":"638052891151821842","connectionDeviceId":"IOTDevice_10_3","contentEncoding":"utf-8","contentType":"application/json","enqueuedTime":"2022-10-05 00:00:00"}}
{"Body":{"Status":true,"Timestamp":"2022-10-05 00:00:00","vibration":"36.379074401433"},"EnqueuedTimeUtc":"2022-10-05 00:00:00","Properties":{"messagetype":"Demo"},"SystemProperties":{"connectionAuthMethod":"{\"scope\":\"device\",\"type\":\"sas\",\"issuer\":\"iothub\",\"acceptingIpFilterRule\":null}","connectionDeviceGenerationId":"638052891151821842","connectionDeviceId":"IOTDevice_10_4","contentEncoding":"utf-8","contentType":"application/json","enqueuedTime":"2022-10-05 00:00:00"}}
{"Body":{"Status":true,"Timestamp":"2022-10-05 01:00:00","volt":"189.500635360684"},"EnqueuedTimeUtc":"2022-10-05 01:00:00","Properties":{"messagetype":"Demo"},"SystemProperties":{"connectionAuthMethod":"{\"scope\":\"device\",\"type\":\"sas\",\"issuer\":\"iothub\",\"acceptingIpFilterRule\":null}","connectionDeviceGenerationId":"638052891151821842","connectionDeviceId":"IOTDevice_10_1","contentEncoding":"utf-8","contentType":"application/json","enqueuedTime":"2022-10-05 01:00:00"}}
{"Body":{"Status":true,"Timestamp":"2022-10-05 01:00:00","rotate":"357.857062007829"},"EnqueuedTimeUtc":"2022-10-05 01:00:00","Properties":{"messagetype":"Demo"},"SystemProperties":{"connectionAuthMethod":"{\"scope\":\"device\",\"type\":\"sas\",\"issuer\":\"iothub\",\"acceptingIpFilterRule\":null}","connectionDeviceGenerationId":"638052891151821842","connectionDeviceId":"IOTDevice_10_2","contentEncoding":"utf-8","contentType":"application/json","enqueuedTime":"2022-10-05 01:00:00"}}
{"Body":{"Status":true,"Timestamp":"2022-10-05 01:00:00","pressure":"103.991283193798"},"EnqueuedTimeUtc":"2022-10-05 01:00:00","Properties":{"messagetype":"Demo"},"SystemProperties":{"connectionAuthMethod":"{\"scope\":\"device\",\"type\":\"sas\",\"issuer\":\"iothub\",\"acceptingIpFilterRule\":null}","connectionDeviceGenerationId":"638052891151821842","connectionDeviceId":"IOTDevice_10_3","contentEncoding":"utf-8","contentType":"application/json","enqueuedTime":"2022-10-05 01:00:00"}}
{"Body":{"Status":true,"Timestamp":"2022-10-05 01:00:00","vibration":"43.059678424177"},"EnqueuedTimeUtc":"2022-10-05 01:00:00","Properties":{"messagetype":"Demo"},"SystemProperties":{"connectionAuthMethod":"{\"scope\":\"device\",\"type\":\"sas\",\"issuer\":\"iothub\",\"acceptingIpFilterRule\":null}","connectionDeviceGenerationId":"638052891151821842","connectionDeviceId":"IOTDevice_10_4","contentEncoding":"utf-8","contentType":"application/json","enqueuedTime":"2022-10-05 01:00:00"}}
{"Body":{"Status":true,"Timestamp":"2022-10-05 02:00:00","volt":"205.535095539164"},"EnqueuedTimeUtc":"2022-10-05 02:00:00","Properties":{"messagetype":"Demo"},"SystemProperties":{"connectionAuthMethod":"{\"scope\":\"device\",\"type\":\"sas\",\"issuer\":\"iothub\",\"acceptingIpFilterRule\":null}","connectionDeviceGenerationId":"638052891151821842","connectionDeviceId":"IOTDevice_10_1","contentEncoding":"utf-8","contentType":"application/json","enqueuedTime":"2022-10-05 02:00:00"}}
{"Body":{"Status":true,"Timestamp":"2022-10-05 02:00:00","rotate":"514.89720584208"},"EnqueuedTimeUtc":"2022-10-05 02:00:00","Properties":{"messagetype":"Demo"},"SystemProperties":{"connectionAuthMethod":"{\"scope\":\"device\",\"type\":\"sas\",\"issuer\":\"iothub\",\"acceptingIpFilterRule\":null}","connectionDeviceGenerationId":"638052891151821842","connectionDeviceId":"IOTDevice_10_2","contentEncoding":"utf-8","contentType":"application/json","enqueuedTime":"2022-10-05 02:00:00"}}
{"Body":{"Status":true,"Timestamp":"2022-10-05 02:00:00","pressure":"101.6734681626"},"EnqueuedTimeUtc":"2022-10-05 02:00:00","Properties":{"messagetype":"Demo"},"SystemProperties":{"connectionAuthMethod":"{\"scope\":\"device\",\"type\":\"sas\",\"issuer\":\"iothub\",\"acceptingIpFilterRule\":null}","connectionDeviceGenerationId":"638052891151821842","connectionDeviceId":"IOTDevice_10_3","contentEncoding":"utf-8","contentType":"application/json","enqueuedTime":"2022-10-05 02:00:00"}}
{"Body":{"Status":true,"Timestamp":"2022-10-05 02:00:00","vibration":"30.0101019453812"},"EnqueuedTimeUtc":"2022-10-05 02:00:00","Properties":{"messagetype":"Demo"},"SystemProperties":{"connectionAuthMethod":"{\"scope\":\"device\",\"type\":\"sas\",\"issuer\":\"iothub\",\"acceptingIpFilterRule\":null}","connectionDeviceGenerationId":"638052891151821842","connectionDeviceId":"IOTDevice_10_4","contentEncoding":"utf-8","contentType":"application/json","enqueuedTime":"2022-10-05 02:00:00"}}
{"Body":{"Status":true,"Timestamp":"2022-10-05 03:00:00","volt":"168.159745349729"},"EnqueuedTimeUtc":"2022-10-05 03:00:00","Properties":{"messagetype":"Demo"},"SystemProperties":{"connectionAuthMethod":"{\"scope\":\"device\",\"type\":\"sas\",\"issuer\":\"iothub\",\"acceptingIpFilterRule\":null}","connectionDeviceGenerationId":"638052891151821842","connectionDeviceId":"IOTDevice_10_1","contentEncoding":"utf-8","contentType":"application/json","enqueuedTime":"2022-10-05 03:00:00"}}
{"Body":{"Status":true,"Timestamp":"2022-10-05 03:00:00","rotate":"581.320732156724"},"EnqueuedTimeUtc":"2022-10-05 03:00:00","Properties":{"messagetype":"Demo"},"SystemProperties":{"connectionAuthMethod":"{\"scope\":\"device\",\"type\":\"sas\",\"issuer\":\"iothub\",\"acceptingIpFilterRule\":null}","connectionDeviceGenerationId":"638052891151821842","connectionDeviceId":"IOTDevice_10_2","contentEncoding":"utf-8","contentType":"application/json","enqueuedTime":"2022-10-05 03:00:00"}}
{"Body":{"Status":true,"Timestamp":"2022-10-05 03:00:00","pressure":"108.704867574598"},"EnqueuedTimeUtc":"2022-10-05 03:00:00","Properties":{"messagetype":"Demo"},"SystemProperties":{"connectionAuthMethod":"{\"scope\":\"device\",\"type\":\"sas\",\"issuer\":\"iothub\",\"acceptingIpFilterRule\":null}","connectionDeviceGenerationId":"638052891151821842","connectionDeviceId":"IOTDevice_10_3","contentEncoding":"utf-8","contentType":"application/json","enqueuedTime":"2022-10-05 03:00:00"}}
{"Body":{"Status":true,"Timestamp":"2022-10-05 03:00:00","vibration":"34.4546045557078"},"EnqueuedTimeUtc":"2022-10-05 03:00:00","Properties":{"messagetype":"Demo"},"SystemProperties":{"connectionAuthMethod":"{\"scope\":\"device\",\"type\":\"sas\",\"issuer\":\"iothub\",\"acceptingIpFilterRule\":null}","connectionDeviceGenerationId":"638052891151821842","connectionDeviceId":"IOTDevice_10_4","contentEncoding":"utf-8","contentType":"application/json","enqueuedTime":"2022-10-05 03:00:00"}}
{"Body":{"Status":true,"Timestamp":"2022-10-05 04:00:00","volt":"175.458100144165"},"EnqueuedTimeUtc":"2022-10-05 04:00:00","Properties":{"messagetype":"Demo"},"SystemProperties":{"connectionAuthMethod":"{\"scope\":\"device\",\"type\":\"sas\",\"issuer\":\"iothub\",\"acceptingIpFilterRule\":null}","connectionDeviceGenerationId":"638052891151821842","connectionDeviceId":"IOTDevice_10_1","contentEncoding":"utf-8","contentType":"application/json","enqueuedTime":"2022-10-05 04:00:00"}}
{"Body":{"Status":true,"Timestamp":"2022-10-05 04:00:00","rotate":"408.412778184567"},"EnqueuedTimeUtc":"2022-10-05 04:00:00","Properties":{"messagetype":"Demo"},"SystemProperties":{"connectionAuthMethod":"{\"scope\":\"device\",\"type\":\"sas\",\"issuer\":\"iothub\",\"acceptingIpFilterRule\":null}","connectionDeviceGenerationId":"638052891151821842","connectionDeviceId":"IOTDevice_10_2","contentEncoding":"utf-8","contentType":"application/json","enqueuedTime":"2022-10-05 04:00:00"}}
{"Body":{"Status":true,"Timestamp":"2022-10-05 04:00:00","pressure":"108.353607362095"},"EnqueuedTimeUtc":"2022-10-05 04:00:00","Properties":{"messagetype":"Demo"},"SystemProperties":{"connectionAuthMethod":"{\"scope\":\"device\",\"type\":\"sas\",\"issuer\":\"iothub\",\"acceptingIpFilterRule\":null}","connectionDeviceGenerationId":"638052891151821842","connectionDeviceId":"IOTDevice_10_3","contentEncoding":"utf-8","contentType":"application/json","enqueuedTime":"2022-10-05 04:00:00"}}
{"Body":{"Status":true,"Timestamp":"2022-10-05 04:00:00","vibration":"33.6450397796443"},"EnqueuedTimeUtc":"2022-10-05 04:00:00","Properties":{"messagetype":"Demo"},"SystemProperties":{"connectionAuthMethod":"{\"scope\":\"device\",\"type\":\"sas\",\"issuer\":\"iothub\",\"acceptingIpFilterRule\":null}","connectionDeviceGenerationId":"638052891151821842","connectionDeviceId":"IOTDevice_10_4","contentEncoding":"utf-8","contentType":"application/json","enqueuedTime":"2022-10-05 04:00:00"}}
{"Body":{"Status":true,"Timestamp":"2022-10-05 05:00:00","volt":"194.71012554538"},"EnqueuedTimeUtc":"2022-10-05 05:00:00","Properties":{"messagetype":"Demo"},"SystemProperties":{"connectionAuthMethod":"{\"scope\":\"device\",\"type\":\"sas\",\"issuer\":\"iothub\",\"acceptingIpFilterRule\":null}","connectionDeviceGenerationId":"638052891151821842","connectionDeviceId":"IOTDevice_10_1","contentEncoding":"utf-8","contentType":"application/json","enqueuedTime":"2022-10-05 05:00:00"}}
{"Body":{"Status":true,"Timestamp":"2022-10-05 05:00:00","rotate":"428.752021707909"},"EnqueuedTimeUtc":"2022-10-05 05:00:00","Properties":{"messagetype":"Demo"},"SystemProperties":{"connectionAuthMethod":"{\"scope\":\"device\",\"type\":\"sas\",\"issuer\":\"iothub\",\"acceptingIpFilterRule\":null}","connectionDeviceGenerationId":"638052891151821842","connectionDeviceId":"IOTDevice_10_2","contentEncoding":"utf-8","contentType":"application/json","enqueuedTime":"2022-10-05 05:00:00"}}
{"Body":{"Status":true,"Timestamp":"2022-10-05 05:00:00","pressure":"99.8914842414042"},"EnqueuedTimeUtc":"2022-10-05 05:00:00","Properties":{"messagetype":"Demo"},"SystemProperties":{"connectionAuthMethod":"{\"scope\":\"device\",\"type\":\"sas\",\"issuer\":\"iothub\",\"acceptingIpFilterRule\":null}","connectionDeviceGenerationId":"638052891151821842","connectionDeviceId":"IOTDevice_10_3","contentEncoding":"utf-8","contentType":"application/json","enqueuedTime":"2022-10-05 05:00:00"}}
{"Body":{"Status":true,"Timestamp":"2022-10-05 05:00:00","vibration":"32.4352179128828"},"EnqueuedTimeUtc":"2022-10-05 05:00:00","Properties":{"messagetype":"Demo"},"SystemProperties":{"connectionAuthMethod":"{\"scope\":\"device\",\"type\":\"sas\",\"issuer\":\"iothub\",\"acceptingIpFilterRule\":null}","connectionDeviceGenerationId":"638052891151821842","connectionDeviceId":"IOTDevice_10_4","contentEncoding":"utf-8","contentType":"application/json","enqueuedTime":"2022-10-05 05:00:00"}}
{"Body":{"Status":true,"Timestamp":"2022-10-05 06:00:00","volt":"169.915250331072"},"EnqueuedTimeUtc":"2022-10-05 06:00:00","Properties":{"messagetype":"Demo"},"SystemProperties":{"connectionAuthMethod":"{\"scope\":\"device\",\"type\":\"sas\",\"issuer\":\"iothub\",\"acceptingIpFilterRule\":null}","connectionDeviceGenerationId":"638052891151821842","connectionDeviceId":"IOTDevice_10_1","contentEncoding":"utf-8","contentType":"application/json","enqueuedTime":"2022-10-05 06:00:00"}}
{"Body":{"Status":true,"Timestamp":"2022-10-05 06:00:00","rotate":"392.868546128805"},"EnqueuedTimeUtc":"2022-10-05 06:00:00","Properties":{"messagetype":"Demo"},"SystemProperties":{"connectionAuthMethod":"{\"scope\":\"device\",\"type\":\"sas\",\"issuer\":\"iothub\",\"acceptingIpFilterRule\":null}","connectionDeviceGenerationId":"638052891151821842","connectionDeviceId":"IOTDevice_10_2","contentEncoding":"utf-8","contentType":"application/json","enqueuedTime":"2022-10-05 06:00:00"}}
{"Body":{"Status":true,"Timestamp":"2022-10-05 06:00:00","pressure":"96.8978362449046"},"EnqueuedTimeUtc":"2022-10-05 06:00:00","Properties":{"messagetype":"Demo"},"SystemProperties":{"connectionAuthMethod":"{\"scope\":\"device\",\"type\":\"sas\",\"issuer\":\"iothub\",\"acceptingIpFilterRule\":null}","connectionDeviceGenerationId":"638052891151821842","connectionDeviceId":"IOTDevice_10_3","contentEncoding":"utf-8","contentType":"application/json","enqueuedTime":"2022-10-05 06:00:00"}}
{"Body":{"Status":true,"Timestamp":"2022-10-05 06:00:00","vibration":"37.0554069472521"},"EnqueuedTimeUtc":"2022-10-05 06:00:00","Properties":{"messagetype":"Demo"},"SystemProperties":{"connectionAuthMethod":"{\"scope\":\"device\",\"type\":\"sas\",\"issuer\":\"iothub\",\"acceptingIpFilterRule\":null}","connectionDeviceGenerationId":"638052891151821842","connectionDeviceId":"IOTDevice_10_4","contentEncoding":"utf-8","contentType":"application/json","enqueuedTime":"2022-10-05 06:00:00"}}
{"Body":{"Status":true,"Timestamp":"2022-10-05 07:00:00","volt":"167.82734616462"},"EnqueuedTimeUtc":"2022-10-05 07:00:00","Properties":{"messagetype":"Demo"},"SystemProperties":{"connectionAuthMethod":"{\"scope\":\"device\",\"type\":\"sas\",\"issuer\":\"iothub\",\"acceptingIpFilterRule\":null}","connectionDeviceGenerationId":"638052891151821842","connectionDeviceId":"IOTDevice_10_1","contentEncoding":"utf-8","contentType":"application/json","enqueuedTime":"2022-10-05 07:00:00"}}
{"Body":{"Status":true,"Timestamp":"2022-10-05 07:00:00","rotate":"448.559632773948"},"EnqueuedTimeUtc":"2022-10-05 07:00:00","Properties":{"messagetype":"Demo"},"SystemProperties":{"connectionAuthMethod":"{\"scope\":\"device\",\"type\":\"sas\",\"issuer\":\"iothub\",\"acceptingIpFilterRule\":null}","connectionDeviceGenerationId":"638052891151821842","connectionDeviceId":"IOTDevice_10_2","contentEncoding":"utf-8","contentType":"application/json","enqueuedTime":"2022-10-05 07:00:00"}}
{"Body":{"Status":true,"Timestamp":"2022-10-05 07:00:00","pressure":"104.931700845647"},"EnqueuedTimeUtc":"2022-10-05 07:00:00","Properties":{"messagetype":"Demo"},"SystemProperties":{"connectionAuthMethod":"{\"scope\":\"device\",\"type\":\"sas\",\"issuer\":\"iothub\",\"acceptingIpFilterRule\":null}","connectionDeviceGenerationId":"638052891151821842","connectionDeviceId":"IOTDevice_10_3","contentEncoding":"utf-8","contentType":"application/json","enqueuedTime":"2022-10-05 07:00:00"}}
{"Body":{"Status":true,"Timestamp":"2022-10-05 07:00:00","vibration":"41.5763328636941"},"EnqueuedTimeUtc":"2022-10-05 07:00:00","Properties":{"messagetype":"Demo"},"SystemProperties":{"connectionAuthMethod":"{\"scope\":\"device\",\"type\":\"sas\",\"issuer\":\"iothub\",\"acceptingIpFilterRule\":null}","connectionDeviceGenerationId":"638052891151821842","connectionDeviceId":"IOTDevice_10_4","contentEncoding":"utf-8","contentType":"application/json","enqueuedTime":"2022-10-05 07:00:00"}}
{"Body":{"Status":true,"Timestamp":"2022-10-05 08:00:00","volt":"172.755007646285"},"EnqueuedTimeUtc":"2022-10-05 08:00:00","Properties":{"messagetype":"Demo"},"SystemProperties":{"connectionAuthMethod":"{\"scope\":\"device\",\"type\":\"sas\",\"issuer\":\"iothub\",\"acceptingIpFilterRule\":null}","connectionDeviceGenerationId":"638052891151821842","connectionDeviceId":"IOTDevice_10_1","contentEncoding":"utf-8","contentType":"application/json","enqueuedTime":"2022-10-05 08:00:00"}}
{"Body":{"Status":true,"Timestamp":"2022-10-05 08:00:00","rotate":"402.367571849324"},"EnqueuedTimeUtc":"2022-10-05 08:00:00","Properties":{"messagetype":"Demo"},"SystemProperties":{"connectionAuthMethod":"{\"scope\":\"device\",\"type\":\"sas\",\"issuer\":\"iothub\",\"acceptingIpFilterRule\":null}","connectionDeviceGenerationId":"638052891151821842","connectionDeviceId":"IOTDevice_10_2","contentEncoding":"utf-8","contentType":"application/json","enqueuedTime":"2022-10-05 08:00:00"}}
{"Body":{"Status":true,"Timestamp":"2022-10-05 08:00:00","pressure":"105.614057591581"},"EnqueuedTimeUtc":"2022-10-05 08:00:00","Properties":{"messagetype":"Demo"},"SystemProperties":{"connectionAuthMethod":"{\"scope\":\"device\",\"type\":\"sas\",\"issuer\":\"iothub\",\"acceptingIpFilterRule\":null}","connectionDeviceGenerationId":"638052891151821842","connectionDeviceId":"IOTDevice_10_3","contentEncoding":"utf-8","contentType":"application/json","enqueuedTime":"2022-10-05 08:00:00"}}
{"Body":{"Status":true,"Timestamp":"2022-10-05 08:00:00","vibration":"40.8889398998141"},"EnqueuedTimeUtc":"2022-10-05 08:00:00","Properties":{"messagetype":"Demo"},"SystemProperties":{"connectionAuthMethod":"{\"scope\":\"device\",\"type\":\"sas\",\"issuer\":\"iothub\",\"acceptingIpFilterRule\":null}","connectionDeviceGenerationId":"638052891151821842","connectionDeviceId":"IOTDevice_10_4","contentEncoding":"utf-8","contentType":"application/json","enqueuedTime":"2022-10-05 08:00:00"}}
