{"Body":{"Status":true,"Timestamp":"2022-10-13 21:00:00","volt":"177.565164300554"},"EnqueuedTimeUtc":"2022-10-13 21:00:00","Properties":{"messagetype":"Demo"},"SystemProperties":{"connectionAuthMethod":"{\"scope\":\"device\",\"type\":\"sas\",\"issuer\":\"iothub\",\"acceptingIpFilterRule\":null}","connectionDeviceGenerationId":"638052891151821842","connectionDeviceId":"IOTDevice_2_1","contentEncoding":"utf-8","contentType":"application/json","enqueuedTime":"2022-10-13 21:00:00"}}
{"Body":{"Status":true,"Timestamp":"2022-10-13 21:00:00","rotate":"458.292020631984"},"EnqueuedTimeUtc":"2022-10-13 21:00:00","Properties":{"messagetype":"Demo"},"SystemProperties":{"connectionAuthMethod":"{\"scope\":\"device\",\"type\":\"sas\",\"issuer\":\"iothub\",\"acceptingIpFilterRule\":null}","connectionDeviceGenerationId":"638052891151821842","connectionDeviceId":"IOTDevice_2_2","contentEncoding":"utf-8","contentType":"application/json","enqueuedTime":"2022-10-13 21:00:00"}}
{"Body":{"Status":true,"Timestamp":"2022-10-13 21:00:00","pressure":"95.5095253201439"},"EnqueuedTimeUtc":"2022-10-13 21:00:00","Properties":{"messagetype":"Demo"},"SystemProperties":{"connectionAuthMethod":"{\"scope\":\"device\",\"type\":\"sas\",\"issuer\":\"iothub\",\"acceptingIpFilterRule\":null}","connectionDeviceGenerationId":"638052891151821842","connectionDeviceId":"IOTDevice_2_3","contentEncoding":"utf-8","contentType":"application/json","enqueuedTime":"2022-10-13 21:00:00"}}
{"Body":{"Status":true,"Timestamp":"2022-10-13 21:00:00","vibration":"40.2572052710663"},"EnqueuedTimeUtc":"2022-10-13 21:00:00","Properties":{"messagetype":"Demo"},"SystemProperties":{"connectionAuthMethod":"{\"scope\":\"device\",\"type\":\"sas\",\"issuer\":\"iothub\",\"acceptingIpFilterRule\":null}","connectionDeviceGenerationId":"638052891151821842","connectionDeviceId":"IOTDevice_2_4","contentEncoding":"utf-8","contentType":"application/json","enqueuedTime":"2022-10-13 21:00:00"}}
{"Body":{"Status":true,"Timestamp":"2022-10-13 22:00:00","volt":"183.684210443037"},"EnqueuedTimeUtc":"2022-10-13 22:00:00","Properties":{"messagetype":"Demo"},"SystemProperties":{"connectionAuthMethod":"{\"scope\":\"device\",\"type\":\"sas\",\"issuer\":\"iothub\",\"acceptingIpFilterRule\":null}","connectionDeviceGenerationId":"638052891151821842","connectionDeviceId":"IOTDevice_2_1","contentEncoding":"utf-8","contentType":"application/json","enqueuedTime":"2022-10-13 22:00:00"}}
{"Body":{"Status":true,"Timestamp":"2022-10-13 22:00:00","rotate":"419.450147625727"},"EnqueuedTimeUtc":"2022-10-13 22:00:00","Properties":{"messagetype":"Demo"},"SystemProperties":{"connectionAuthMethod":"{\"scope\":\"device\",\"type\":\"sas\",\"issuer\":\"iothub\",\"acceptingIpFilterRule\":null}","connectionDeviceGenerationId":"638052891151821842","connectionDeviceId":"IOTDevice_2_2","contentEncoding":"utf-8","contentType":"application/json","enqueuedTime":"2022-10-13 22:00:00"}}
{"Body":{"Status":true,"Timestamp":"2022-10-13 22:00:00","pressure":"92.7592186856408"},"EnqueuedTimeUtc":"2022-10-13 22:00:00","Properties":{"messagetype":"Demo"},"SystemProperties":{"connectionAuthMethod":"{\"scope\":\"device\",\"type\":\"sas\",\"issuer\":\"iothub\",\"acceptingIpFilterRule\":null}","connectionDeviceGenerationId":"638052891151821842","connectionDeviceId":"IOTDevice_2_3","contentEncoding":"utf-8","contentType":"application/json","enqueuedTime":"2022-10-13 22:00:00"}}
{"Body":{"Status":true,"Timestamp":"2022-10-13 22:00:00","vibration":"40.5564753483038"},"EnqueuedTimeUtc":"2022-10-13 22:00:00","Properties":{"messagetype":"Demo"},"SystemProperties":{"connectionAuthMethod":"{\"scope\":\"device\",\"type\":\"sas\",\"issuer\":\"iothub\",\"acceptingIpFilterRule\":null}","connectionDeviceGenerationId":"638052891151821842","connectionDeviceId":"IOTDevice_2_4","contentEncoding":"utf-8","contentType":"application/json","enqueuedTime":"2022-10-13 22:00:00"}}
{"Body":{"Status":true,"Timestamp":"2022-10-13 23:00:00","volt":"179.750646670235"},"EnqueuedTimeUtc":"2022-10-13 23:00:00","Properties":{"messagetype":"Demo"},"SystemProperties":{"connectionAuthMethod":"{\"scope\":\"device\",\"type\":\"sas\",\"issuer\":\"iothub\",\"acceptingIpFilterRule\":null}","connectionDeviceGenerationId":"638052891151821842","connectionDeviceId":"IOTDevice_2_1","contentEncoding":"utf-8","contentType":"application/json","enqueuedTime":"2022-10-13 23:00:00"}}
{"Body":{"Status":true,"Timestamp":"2022-10-13 23:00:00","rotate":"514.264698866551"},"EnqueuedTimeUtc":"2022-10-13 23:00:00","Properties":{"messagetype":"Demo"},"SystemProperties":{"connectionAuthMethod":"{\"scope\":\"device\",\"type\":\"sas\",\"issuer\":\"iothub\",\"acceptingIpFilterRule\":null}","connectionDeviceGenerationId":"638052891151821842","connectionDeviceId":"IOTDevice_2_2","contentEncoding":"utf-8","contentType":"application/json","enqueuedTime":"2022-10-13 23:00:00"}}
{"Body":{"Status":true,"Timestamp":"2022-10-13 23:00:00","pressure":"86.1457884408994"},"EnqueuedTimeUtc":"2022-10-13 23:00:00","Properties":{"messagetype":"Demo"},"SystemProperties":{"connectionAuthMethod":"{\"scope\":\"device\",\"type\":\"sas\",\"issuer\":\"iothub\",\"acceptingIpFilterRule\":null}","connectionDeviceGenerationId":"638052891151821842","connectionDeviceId":"IOTDevice_2_3","contentEncoding":"utf-8","contentType":"application/json","enqueuedTime":"2022-10-13 23:00:00"}}
{"Body":{"Status":true,"Timestamp":"2022-10-13 23:00:00","vibration":"42.7041392864737"},"EnqueuedTimeUtc":"2022-10-13 23:00:00","Properties":{"messagetype":"Demo"},"SystemProperties":{"connectionAuthMethod":"{\"scope\":\"device\",\"type\":\"sas\",\"issuer\":\"iothub\",\"acceptingIpFilterRule\":null}","connectionDeviceGenerationId":"638052891151821842","connectionDeviceId":"IOTDevice_2_4","contentEncoding":"utf-8","contentType":"application/json","enqueuedTime":"2022-10-13 23:00:00"}}
{"Body":{"Status":true,"Timestamp":"2022-10-13 00:00:00","volt":"141.953675699488"},"EnqueuedTimeUtc":"2022-10-13 00:00:00","Properties":{"messagetype":"Demo"},"SystemProperties":{"connectionAuthMethod":"{\"scope\":\"device\",\"type\":\"sas\",\"issuer\":\"iothub\",\"acceptingIpFilterRule\":null}","connectionDeviceGenerationId":"638052891151821842","connectionDeviceId":"IOTDevice_3_1","contentEncoding":"utf-8","contentType":"application/json","enqueuedTime":"2022-10-13 00:00:00"}}
{"Body":{"Status":true,"Timestamp":"2022-10-13 00:00:00","rotate":"499.412350662111"},"EnqueuedTimeUtc":"2022-10-13 00:00:00","Properties":{"messagetype":"Demo"},"SystemProperties":{"connectionAuthMethod":"{\"scope\":\"device\",\"type\":\"sas\",\"issuer\":\"iothub\",\"acceptingIpFilterRule\":null}","connectionDeviceGenerationId":"638052891151821842","connectionDeviceId":"IOTDevice_3_2","contentEncoding":"utf-8","contentType":"application/json","enqueuedTime":"2022-10-13 00:00:00"}}
{"Body":{"Status":true,"Timestamp":"2022-10-13 00:00:00","pressure":"106.54677082762"},"EnqueuedTimeUtc":"2022-10-13 00:00:00","Properties":{"messagetype":"Demo"},"SystemProperties":{"connectionAuthMethod":"{\"scope\":\"device\",\"type\":\"sas\",\"issuer\":\"iothub\",\"acceptingIpFilterRule\":null}","connectionDeviceGenerationId":"638052891151821842","connectionDeviceId":"IOTDevice_3_3","contentEncoding":"utf-8","contentType":"application/json","enqueuedTime":"2022-10-13 00:00:00"}}
{"Body":{"Status":true,"Timestamp":"2022-10-13 00:00:00","vibration":"44.7371486411935"},"EnqueuedTimeUtc":"2022-10-13 00:00:00","Properties":{"messagetype":"Demo"},"SystemProperties":{"connectionAuthMethod":"{\"scope\":\"device\",\"type\":\"sas\",\"issuer\":\"iothub\",\"acceptingIpFilterRule\":null}","connectionDeviceGenerationId":"638052891151821842","connectionDeviceId":"IOTDevice_3_4","contentEncoding":"utf-8","contentType":"application/json","enqueuedTime":"2022-10-13 00:00:00"}}
{"Body":{"Status":true,"Timestamp":"2022-10-13 01:00:00","volt":"149.578403469409"},"EnqueuedTimeUtc":"2022-10-13 01:00:00","Properties":{"messagetype":"Demo"},"SystemProperties":{"connectionAuthMethod":"{\"scope\":\"device\",\"type\":\"sas\",\"issuer\":\"iothub\",\"acceptingIpFilterRule\":null}","connectionDeviceGenerationId":"638052891151821842","connectionDeviceId":"IOTDevice_3_1","contentEncoding":"utf-8","contentType":"application/json","enqueuedTime":"2022-10-13 01:00:00"}}
{"Body":{"Status":true,"Timestamp":"2022-10-13 01:00:00","rotate":"521.593279843069"},"EnqueuedTimeUtc":"2022-10-13 01:00:00","Properties":{"messagetype":"Demo"},"SystemProperties":{"connectionAuthMethod":"{\"scope\":\"device\",\"type\":\"sas\",\"issuer\":\"iothub\",\"acceptingIpFilterRule\":null}","connectionDeviceGenerationId":"638052891151821842","connectionDeviceId":"IOTDevice_3_2","contentEncoding":"utf-8","contentType":"application/json","enqueuedTime":"2022-10-13 01:00:00"}}
{"Body":{"Status":true,"Timestamp":"2022-10-13 01:00:00","pressure":"101.41420717169"},"EnqueuedTimeUtc":"2022-10-13 01:00:00","Properties":{"messagetype":"Demo"},"SystemProperties":{"connectionAuthMethod":"{\"scope\":\"device\",\"type\":\"sas\",\"issuer\":\"iothub\",\"acceptingIpFilterRule\":null}","connectionDeviceGenerationId":"638052891151821842","connectionDeviceId":"IOTDevice_3_3","contentEncoding":"utf-8","contentType":"application/json","enqueuedTime":"2022-10-13 01:00:00"}}
{"Body":{"Status":true,"Timestamp":"2022-10-13 01:00:00","vibration":"38.1383850942568"},"EnqueuedTimeUtc":"2022-10-13 01:00:00","Properties":{"messagetype":"Demo"},"SystemProperties":{"connectionAuthMethod":"{\"scope\":\"device\",\"type\":\"sas\",\"issuer\":\"iothub\",\"acceptingIpFilterRule\":null}","connectionDeviceGenerationId":"638052891151821842","connectionDeviceId":"IOTDevice_3_4","contentEncoding":"utf-8","contentType":"application/json","enqueuedTime":"2022-10-13 01:00:00"}}
{"Body":{"Status":true,"Timestamp":"2022-10-13 02:00:00","volt":"155.241235059898"},"EnqueuedTimeUtc":"2022-10-13 02:00:00","Properties":{"messagetype":"Demo"},"SystemProperties":{"connectionAuthMethod":"{\"scope\":\"device\",\"type\":\"sas\",\"issuer\":\"iothub\",\"acceptingIpFilterRule\":null}","connectionDeviceGenerationId":"638052891151821842","connectionDeviceId":"IOTDevice_3_1","contentEncoding":"utf-8","contentType":"application/json","enqueuedTime":"2022-10-13 02:00:00"}}
{"Body":{"Status":true,"Timestamp":"2022-10-13 02:00:00","rotate":"396.782046832304"},"EnqueuedTimeUtc":"2022-10-13 02:00:00","Properties":{"messagetype":"Demo"},"SystemProperties":{"connectionAuthMethod":"{\"scope\":\"device\",\"type\":\"sas\",\"issuer\":\"iothub\",\"acceptingIpFilterRule\":null}","connectionDeviceGenerationId":"638052891151821842","connectionDeviceId":"IOTDevice_3_2","contentEncoding":"utf-8","contentType":"application/json","enqueuedTime":"2022-10-13 02:00:00"}}
{"Body":{"Status":true,"Timestamp":"2022-10-13 02:00:00","pressure":"80.5362917247897"},"EnqueuedTimeUtc":"2022-10-13 02:00:00","Properties":{"messagetype":"Demo"},"SystemProperties":{"connectionAuthMethod":"{\"scope\":\"device\",\"type\":\"sas\",\"issuer\":\"iothub\",\"acceptingIpFilterRule\":null}","connectionDeviceGenerationId":"638052891151821842","connectionDeviceId":"IOTDevice_3_3","contentEncoding":"utf-8","contentType":"application/json","enqueuedTime":"2022-10-13 02:00:00"}}
{"Body":{"Status":true,"Timestamp":"2022-10-13 02:00:00","vibration":"43.8658444695077"},"EnqueuedTimeUtc":"2022-10-13 02:00:00","Properties":{"messagetype":"Demo"},"SystemProperties":{"connectionAuthMethod":"{\"scope\":\"device\",\"type\":\"sas\",\"issuer\":\"iothub\",\"acceptingIpFilterRule\":null}","connectionDeviceGenerationId":"638052891151821842","connectionDeviceId":"IOTDevice_3_4","contentEncoding":"utf-8","contentType":"application/json","enqueuedTime":"2022-10-13 02:00:00"}}
{"Body":{"Status":true,"Timestamp":"2022-10-13 03:00:00","volt":"176.252309897323"},"EnqueuedTimeUtc":"2022-10-13 03:00:00","Properties":{"messagetype":"Demo"},"SystemProperties":{"connectionAuthMethod":"{\"scope\":\"device\",\"type\":\"sas\",\"issuer\":\"iothub\",\"acceptingIpFilterRule\":null}","connectionDeviceGenerationId":"638052891151821842","connectionDeviceId":"IOTDevice_3_1","contentEncoding":"utf-8","contentType":"application/json","enqueuedTime":"2022-10-13 03:00:00"}}
{"Body":{"Status":true,"Timestamp":"2022-10-13 03:00:00","rotate":"504.332855584222"},"EnqueuedTimeUtc":"2022-10-13 03:00:00","Properties":{"messagetype":"Demo"},"SystemProperties":{"connectionAuthMethod":"{\"scope\":\"device\",\"type\":\"sas\",\"issuer\":\"iothub\",\"acceptingIpFilterRule\":null}","connectionDeviceGenerationId":"638052891151821842","connectionDeviceId":"IOTDevice_3_2","contentEncoding":"utf-8","contentType":"application/json","enqueuedTime":"2022-10-13 03:00:00"}}
{"Body":{"Status":true,"Timestamp":"2022-10-13 03:00:00","pressure":"90.2350330069828"},"EnqueuedTimeUtc":"2022-10-13 03:00:00","Properties":{"messagetype":"Demo"},"SystemProperties":{"connectionAuthMethod":"{\"scope\":\"device\",\"type\":\"sas\",\"issuer\":\"iothub\",\"acceptingIpFilterRule\":null}","connectionDeviceGenerationId":"638052891151821842","connectionDeviceId":"IOTDevice_3_3","contentEncoding":"utf-8","contentType":"application/json","enqueuedTime":"2022-10-13 03:00:00"}}
{"Body":{"Status":true,"Timestamp":"2022-10-13 03:00:00","vibration":"46.7864303576784"},"EnqueuedTimeUtc":"2022-10-13 03:00:00","Properties":{"messagetype":"Demo"},"SystemProperties":{"connectionAuthMethod":"{\"scope\":\"device\",\"type\":\"sas\",\"issuer\":\"iothub\",\"acceptingIpFilterRule\":null}","connectionDeviceGenerationId":"638052891151821842","connectionDeviceId":"IOTDevice_3_4","contentEncoding":"utf-8","contentType":"application/json","enqueuedTime":"2022-10-13 03:00:00"}}
{"Body":{"Status":true,"Timestamp":"2022-10-13 04:00:00","volt":"177.671877871707"},"EnqueuedTimeUtc":"2022-10-13 04:00:00","Properties":{"messagetype":"Demo"},"SystemProperties":{"connectionAuthMethod":"{\"scope\":\"device\",\"type\":\"sas\",\"issuer\":\"iothub\",\"acceptingIpFilterRule\":null}","connectionDeviceGenerationId":"638052891151821842","connectionDeviceId":"IOTDevice_3_1","contentEncoding":"utf-8","contentType":"application/json","enqueuedTime":"2022-10-13 04:00:00"}}
{"Body":{"Status":true,"Timestamp":"2022-10-13 04:00:00","rotate":"438.416284565864"},"EnqueuedTimeUtc":"2022-10-13 04:00:00","Properties":{"messagetype":"Demo"},"SystemProperties":{"connectionAuthMethod":"{\"scope\":\"device\",\"type\":\"sas\",\"issuer\":\"iothub\",\"acceptingIpFilterRule\":null}","connectionDeviceGenerationId":"638052891151821842","connectionDeviceId":"IOTDevice_3_2","contentEncoding":"utf-8","contentType":"application/json","enqueuedTime":"2022-10-13 04:00:00"}}
{"Body":{"Status":true,"Timestamp":"2022-10-13 04:00:00","pressure":"88.3957293895576"},"EnqueuedTimeUtc":"2022-10-13 04:00:00","Properties":{"messagetype":"Demo"},"SystemProperties":{"connectionAuthMethod":"{\"scope\":\"device\",\"type\":\"sas\",\"issuer\":\"iothub\",\"acceptingIpFilterRule\":null}","connectionDeviceGenerationId":"638052891151821842","connectionDeviceId":"IOTDevice_3_3","contentEncoding":"utf-8","contentType":"application/json","enqueuedTime":"2022-10-13 04:00:00"}}
{"Body":{"Status":true,"Timestamp":"2022-10-13 04:00:00","vibration":"45.6803388379658"},"EnqueuedTimeUtc":"2022-10-13 04:00:00","Properties":{"messagetype":"Demo"},"SystemProperties":{"connectionAuthMethod":"{\"scope\":\"device\",\"type\":\"sas\",\"issuer\":\"iothub\",\"acceptingIpFilterRule\":null}","connectionDeviceGenerationId":"638052891151821842","connectionDeviceId":"IOTDevice_3_4","contentEncoding":"utf-8","contentType":"application/json","enqueuedTime":"2022-10-13 04:00:00"}}
{"Body":{"Status":true,"Timestamp":"2022-10-13 05:00:00","volt":"174.075767845388"},"EnqueuedTimeUtc":"2022-10-13 05:00:00","Properties":{"messagetype":"Demo"},"SystemProperties":{"connectionAuthMethod":"{\"scope\":\"device\",\"type\":\"sas\",\"issuer\":\"iothub\",\"acceptingIpFilterRule\":null}","connectionDeviceGenerationId":"638052891151821842","connectionDeviceId":"IOTDevice_3_1","contentEncoding":"utf-8","contentType":"application/json","enqueuedTime":"2022-10-13 05:00:00"}}
{"Body":{"Status":true,"Timestamp":"2022-10-13 05:00:00","rotate":"492.66790223491"},"EnqueuedTimeUtc":"2022-10-13 05:00:00","Properties":{"messagetype":"Demo"},"SystemProperties":{"connectionAuthMethod":"{\"scope\":\"device\",\"type\":\"sas\",\"issuer\":\"iothub\",\"acceptingIpFilterRule\":null}","connectionDeviceGenerationId":"638052891151821842","connectionDeviceId":"IOTDevice_3_2","contentEncoding":"utf-8","contentType":"application/json","enqueuedTime":"2022-10-13 05:00:00"}}
{"Body":{"Status":true,"Timestamp":"2022-10-13 05:00:00","pressure":"105.367412269285"},"EnqueuedTimeUtc":"2022-10-13 05:00:00","Properties":{"messagetype":"Demo"},"SystemProperties":{"connectionAuthMethod":"{\"scope\":\"device\",\"type\":\"sas\",\"issuer\":\"iothub\",\"acceptingIpFilterRule\":null}","connectionDeviceGenerationId":"638052891151821842","connectionDeviceId":"IOTDevice_3_3","contentEncoding":"utf-8","contentType":"application/json","enqueuedTime":"2022-10-13 05:00:00"}}
{"Body":{"Status":true,"Timestamp":"2022-10-13 05:00:00","vibration":"34.1923094764072"},"EnqueuedTimeUtc":"2022-10-13 05:00:00","Properties":{"messagetype":"Demo"},"SystemProperties":{"connectionAuthMethod":"{\"scope\":\"device\",\"type\":\"sas\",\"issuer\":\"iothub\",\"acceptingIpFilterRule\":null}","connectionDeviceGenerationId":"638052891151821842","connectionDeviceId":"IOTDevice_3_4","contentEncoding":"utf-8","contentType":"application/json","enqueuedTime":"2022-10-13 05:00:00"}}
{"Body":{"Status":true,"Timestamp":"2022-10-13 06:00:00","volt":"141.017766496871"},"EnqueuedTimeUtc":"2022-10-13 06:00:00","Properties":{"messagetype":"Demo"},"SystemProperties":{"connectionAuthMethod":"{\"scope\":\"device\",\"type\":\"sas\",\"issuer\":\"iothub\",\"acceptingIpFilterRule\":null}","connectionDeviceGenerationId":"638052891151821842","connectionDeviceId":"IOTDevice_3_1","contentEncoding":"utf-8","contentType":"application/json","enqueuedTime":"2022-10-13 06:00:00"}}
{"Body":{"Status":true,"Timestamp":"2022-10-13 06:00:00","rotate":"507.683493227213"},"EnqueuedTimeUtc":"2022-10-13 06:00:00","Properties":{"messagetype":"Demo"},"SystemProperties":{"connectionAuthMethod":"{\"scope\":\"device\",\"type\":\"sas\",\"issuer\":\"iothub\",\"acceptingIpFilterRule\":null}","connectionDeviceGenerationId":"638052891151821842","connectionDeviceId":"IOTDevice_3_2","contentEncoding":"utf-8","contentType":"application/json","enqueuedTime":"2022-10-13 06:00:00"}}
{"Body":{"Status":true,"Timestamp":"2022-10-13 06:00:00","pressure":"103.304046259909"},"EnqueuedTimeUtc":"2022-10-13 06:00:00","Properties":{"messagetype":"Demo"},"SystemProperties":{"connectionAuthMethod":"{\"scope\":\"device\",\"type\":\"sas\",\"issuer\":\"iothub\",\"acceptingIpFilterRule\":null}","connectionDeviceGenerationId":"638052891151821842","connectionDeviceId":"IOTDevice_3_3","contentEncoding":"utf-8","contentType":"application/json","enqueuedTime":"2022-10-13 06:00:00"}}
{"Body":{"Status":true,"Timestamp":"2022-10-13 06:00:00","vibration":"38.8465467534015"},"EnqueuedTimeUtc":"2022-10-13 06:00:00","Properties":{"messagetype":"Demo"},"SystemProperties":{"connectionAuthMethod":"{\"scope\":\"device\",\"type\":\"sas\",\"issuer\":\"iothub\",\"acceptingIpFilterRule\":null}","connectionDeviceGenerationId":"638052891151821842","connectionDeviceId":"IOTDevice_3_4","contentEncoding":"utf-8","contentType":"application/json","enqueuedTime":"2022-10-13 06:00:00"}}
{"Body":{"Status":true,"Timestamp":"2022-10-13 07:00:00","volt":"180.940076348311"},"EnqueuedTimeUtc":"2022-10-13 07:00:00","Properties":{"messagetype":"Demo"},"SystemProperties":{"connectionAuthMethod":"{\"scope\":\"device\",\"type\":\"sas\",\"issuer\":\"iothub\",\"acceptingIpFilterRule\":null}","connectionDeviceGenerationId":"638052891151821842","connectionDeviceId":"IOTDevice_3_1","contentEncoding":"utf-8","contentType":"application/json","enqueuedTime":"2022-10-13 07:00:00"}}
{"Body":{"Status":true,"Timestamp":"2022-10-13 07:00:00","rotate":"517.264461945577"},"EnqueuedTimeUtc":"2022-10-13 07:00:00","Properties":{"messagetype":"Demo"},"SystemProperties":{"connectionAuthMethod":"{\"scope\":\"device\",\"type\":\"sas\",\"issuer\":\"iothub\",\"acceptingIpFilterRule\":null}","connectionDeviceGenerationId":"638052891151821842","connectionDeviceId":"IOTDevice_3_2","contentEncoding":"utf-8","contentType":"application/json","enqueuedTime":"2022-10-13 07:00:00"}}
{"Body":{"Status":true,"Timestamp":"2022-10-13 07:00:00","pressure":"90.9657145135912"},"EnqueuedTimeUtc":"2022-10-13 07:00:00","Properties":{"messagetype":"Demo"},"SystemProperties":{"connectionAuthMethod":"{\"scope\":\"device\",\"type\":\"sas\",\"issuer\":\"iothub\",\"acceptingIpFilterRule\":null}","connectionDeviceGenerationId":"638052891151821842","connectionDeviceId":"IOTDevice_3_3","contentEncoding":"utf-8","contentType":"application/json","enqueuedTime":"2022-10-13 07:00:00"}}
{"Body":{"Status":true,"Timestamp":"2022-10-13 07:00:00","vibration":"38.4005769048617"},"EnqueuedTimeUtc":"2022-10-13 07:00:00","Properties":{"messagetype":"Demo"},"SystemProperties":{"connectionAuthMethod":"{\"scope\":\"device\",\"type\":\"sas\",\"issuer\":\"iothub\",\"acceptingIpFilterRule\":null}","connectionDeviceGenerationId":"638052891151821842","connectionDeviceId":"IOTDevice_3_4","contentEncoding":"utf-8","contentType":"application/json","enqueuedTime":"2022-10-13 07:00:00"}}
{"Body":{"Status":true,"Timestamp":"2022-10-13 08:00:00","volt":"163.82038554195"},"EnqueuedTimeUtc":"2022-10-13 08:00:00","Properties":{"messagetype":"Demo"},"SystemProperties":{"connectionAuthMethod":"{\"scope\":\"device\",\"type\":\"sas\",\"issuer\":\"iothub\",\"acceptingIpFilterRule\":null}","connectionDeviceGenerationId":"638052891151821842","connectionDeviceId":"IOTDevice_3_1","contentEncoding":"utf-8","contentType":"application/json","enqueuedTime":"2022-10-13 08:00:00"}}
{"Body":{"Status":true,"Timestamp":"2022-10-13 08:00:00","rotate":"502.327656278143"},"EnqueuedTimeUtc":"2022-10-13 08:00:00","Properties":{"messagetype":"Demo"},"SystemProperties":{"connectionAuthMethod":"{\"scope\":\"device\",\"type\":\"sas\",\"issuer\":\"iothub\",\"acceptingIpFilterRule\":null}","connectionDeviceGenerationId":"638052891151821842","connectionDeviceId":"IOTDevice_3_2","contentEncoding":"utf-8","contentType":"application/json","enqueuedTime":"2022-10-13 08:00:00"}}
{"Body":{"Status":true,"Timestamp":"2022-10-13 08:00:00","pressure":"95.7035400215079"},"EnqueuedTimeUtc":"2022-10-13 08:00:00","Properties":{"messagetype":"Demo"},"SystemProperties":{"connectionAuthMethod":"{\"scope\":\"device\",\"type\":\"sas\",\"issuer\":\"iothub\",\"acceptingIpFilterRule\":null}","connectionDeviceGenerationId":"638052891151821842","connectionDeviceId":"IOTDevice_3_3","contentEncoding":"utf-8","contentType":"application/json","enqueuedTime":"2022-10-13 08:00:00"}}
{"Body":{"Status":true,"Timestamp":"2022-10-13 08:00:00","vibration":"44.7652968989452"},"EnqueuedTimeUtc":"2022-10-13 08:00:00","Properties":{"messagetype":"Demo"},"SystemProperties":{"connectionAuthMethod":"{\"scope\":\"device\",\"type\":\"sas\",\"issuer\":\"iothub\",\"acceptingIpFilterRule\":null}","connectionDeviceGenerationId":"638052891151821842","connectionDeviceId":"IOTDevice_3_4","contentEncoding":"utf-8","contentType":"application/json","enqueuedTime":"2022-10-13 08:00:00"}}
{"Body":{"Status":true,"Timestamp":"2022-10-13 09:00:00","volt":"169.560515952106"},"EnqueuedTimeUtc":"2022-10-13 09:00:00","Properties":{"messagetype":"Demo"},"SystemProperties":{"connectionAuthMethod":"{\"scope\":\"device\",\"type\":\"sas\",\"issuer\":\"iothub\",\"acceptingIpFilterRule\":null}","connectionDeviceGenerationId":"638052891151821842","connectionDeviceId":"IOTDevice_3_1","contentEncoding":"utf-8","contentType":"application/json","enqueuedTime":"2022-10-13 09:00:00"}}
{"Body":{"Status":true,"Timestamp":"2022-10-13 09:00:00","rotate":"449.093564667167"},"EnqueuedTimeUtc":"2022-10-13 09:00:00","Properties":{"messagetype":"Demo"},"SystemProperties":{"connectionAuthMethod":"{\"scope\":\"device\",\"type\":\"sas\",\"issuer\":\"iothub\",\"acceptingIpFilterRule\":null}","connectionDeviceGenerationId":"638052891151821842","connectionDeviceId":"IOTDevice_3_2","contentEncoding":"utf-8","contentType":"application/json","enqueuedTime":"2022-10-13 09:00:00"}}
{"Body":{"Status":true,"Timestamp":"2022-10-13 09:00:00","pressure":"94.8330827919074"},"EnqueuedTimeUtc":"2022-10-13 09:00:00","Properties":{"messagetype":"Demo"},"SystemProperties":{"connectionAuthMethod":"{\"scope\":\"device\",\"type\":\"sas\",\"issuer\":\"iothub\",\"acceptingIpFilterRule\":null}","connectionDeviceGenerationId":"638052891151821842","connectionDeviceId":"IOTDevice_3_3","contentEncoding":"utf-8","contentType":"application/json","enqueuedTime":"2022-10-13 09:00:00"}}
{"Body":{"Status":true,"Timestamp":"2022-10-13 09:00:00","vibration":"35.8691290199533"},"EnqueuedTimeUtc":"2022-10-13 09:00:00","Properties":{"messagetype":"Demo"},"SystemProperties":{"connectionAuthMethod":"{\"scope\":\"device\",\"type\":\"sas\",\"issuer\":\"iothub\",\"acceptingIpFilterRule\":null}","connectionDeviceGenerationId":"638052891151821842","connectionDeviceId":"IOTDevice_3_4","contentEncoding":"utf-8","contentType":"application/json","enqueuedTime":"2022-10-13 09:00:00"}}
{"Body":{"Status":true,"Timestamp":"2022-10-13 10:00:00","volt":"190.24223837278"},"EnqueuedTimeUtc":"2022-10-13 10:00:00","Properties":{"messagetype":"Demo"},"SystemProperties":{"connectionAuthMethod":"{\"scope\":\"device\",\"type\":\"sas\",\"issuer\":\"iothub\",\"acceptingIpFilterRule\":null}","connectionDeviceGenerationId":"638052891151821842","connectionDeviceId":"IOTDevice_3_1","contentEncoding":"utf-8","contentType":"application/json","enqueuedTime":"2022-10-13 10:00:00"}}
{"Body":{"Status":true,"Timestamp":"2022-10-13 10:00:00","rotate":"456.32296808495"},"EnqueuedTimeUtc":"2022-10-13 10:00:00","Properties":{"messagetype":"Demo"},"SystemProperties":{"connectionAuthMethod":"{\"scope\":\"device\",\"type\":\"sas\",\"issuer\":\"iothub\",\"acceptingIpFilterRule\":null}","connectionDeviceGenerationId":"638052891151821842","connectionDeviceId":"IOTDevice_3_2","contentEncoding":"utf-8","contentType":"application/json","enqueuedTime":"2022-10-13 10:00:00"}}
{"Body":{"Status":true,"Timestamp":"2022-10-13 10:00:00","pressure":"103.238698305131"},"EnqueuedTimeUtc":"2022-10-13 10:00:00","Properties":{"messagetype":"Demo"},"SystemProperties":{"connectionAuthMethod":"{\"scope\":\"device\",\"type\":\"sas\",\"issuer\":\"iothub\",\"acceptingIpFilterRule\":null}","connectionDeviceGenerationId":"638052891151821842","connectionDeviceId":"IOTDevice_3_3","contentEncoding":"utf-8","contentType":"application/json","enqueuedTime":"2022-10-13 10:00:00"}}
{"Body":{"Status":true,"Timestamp":"2022-10-13 10:00:00","vibration":"35.0248376165328"},"EnqueuedTimeUtc":"2022-10-13 10:00:00","Properties":{"messagetype":"Demo"},"SystemProperties":{"connectionAuthMethod":"{\"scope\":\"device\",\"type\":\"sas\",\"issuer\":\"iothub\",\"acceptingIpFilterRule\":null}","connectionDeviceGenerationId":"638052891151821842","connectionDeviceId":"IOTDevice_3_4","contentEncoding":"utf-8","contentType":"application/json","enqueuedTime":"2022-10-13 10:00:00"}}
{"Body":{"Status":true,"Timestamp":"2022-10-13 11:00:00","volt":"162.701293006671"},"EnqueuedTimeUtc":"2022-10-13 11:00:00","Properties":{"messagetype":"Demo"},"SystemProperties":{"connectionAuthMethod":"{\"scope\":\"device\",\"type\":\"sas\",\"issuer\":\"iothub\",\"acceptingIpFilterRule\":null}","connectionDeviceGenerationId":"638052891151821842","connectionDeviceId":"IOTDevice_3_1","contentEncoding":"utf-8","contentType":"application/json","enqueuedTime":"2022-10-13 11:00:00"}}
{"Body":{"Status":true,"Timestamp":"2022-10-13 11:00:00","rotate":"405.787270175316"},"EnqueuedTimeUtc":"2022-10-13 11:00:00","Properties":{"messagetype":"Demo"},"SystemProperties":{"connectionAuthMethod":"{\"scope\":\"device\",\"type\":\"sas\",\"issuer\":\"iothub\",\"acceptingIpFilterRule\":null}","connectionDeviceGenerationId":"638052891151821842","connectionDeviceId":"IOTDevice_3_2","contentEncoding":"utf-8","contentType":"application/json","enqueuedTime":"2022-10-13 11:00:00"}}
{"Body":{"Status":true,"Timestamp":"2022-10-13 11:00:00","pressure":"102.124190385067"},"EnqueuedTimeUtc":"2022-10-13 11:00:00","Properties":{"messagetype":"Demo"},"SystemProperties":{"connectionAuthMethod":"{\"scope\":\"device\",\"type\":\"sas\",\"issuer\":\"iothub\",\"acceptingIpFilterRule\":null}","connectionDeviceGenerationId":"638052891151821842","connectionDeviceId":"IOTDevice_3_3","contentEncoding":"utf-8","contentType":"application/json","enqueuedTime":"2022-10-13 11:00:00"}}
{"Body":{"Status":true,"Timestamp":"2022-10-13 11:00:00","vibration":"25.3934403968887"},"EnqueuedTimeUtc":"2022-10-13 11:00:00","Properties":{"messagetype":"Demo"},"SystemProperties":{"connectionAuthMethod":"{\"scope\":\"device\",\"type\":\"sas\",\"issuer\":\"iothub\",\"acceptingIpFilterRule\":null}","connectionDeviceGenerationId":"638052891151821842","connectionDeviceId":"IOTDevice_3_4","contentEncoding":"utf-8","contentType":"application/json","enqueuedTime":"2022-10-13 11:00:00"}}
