{"Body":{"Status":true,"Timestamp":"2022-10-13 15:00:00","volt":"179.103553245444"},"EnqueuedTimeUtc":"2022-10-13 15:00:00","Properties":{"messagetype":"Demo"},"SystemProperties":{"connectionAuthMethod":"{\"scope\":\"device\",\"type\":\"sas\",\"issuer\":\"iothub\",\"acceptingIpFilterRule\":null}","connectionDeviceGenerationId":"638052891151821842","connectionDeviceId":"IOTDevice_6_1","contentEncoding":"utf-8","contentType":"application/json","enqueuedTime":"2022-10-13 15:00:00"}}
{"Body":{"Status":true,"Timestamp":"2022-10-13 15:00:00","rotate":"355.065439203999"},"EnqueuedTimeUtc":"2022-10-13 15:00:00","Properties":{"messagetype":"Demo"},"SystemProperties":{"connectionAuthMethod":"{\"scope\":\"device\",\"type\":\"sas\",\"issuer\":\"iothub\",\"acceptingIpFilterRule\":null}","connectionDeviceGenerationId":"638052891151821842","connectionDeviceId":"IOTDevice_6_2","contentEncoding":"utf-8","contentType":"application/json","enqueuedTime":"2022-10-13 15:00:00"}}
{"Body":{"Status":true,"Timestamp":"2022-10-13 15:00:00","pressure":"83.6982871314516"},"EnqueuedTimeUtc":"2022-10-13 15:00:00","Properties":{"messagetype":"Demo"},"SystemProperties":{"connectionAuthMethod":"{\"scope\":\"device\",\"type\":\"sas\",\"issuer\":\"iothub\",\"acceptingIpFilterRule\":null}","connectionDeviceGenerationId":"638052891151821842","connectionDeviceId":"IOTDevice_6_3","contentEncoding":"utf-8","contentType":"application/json","enqueuedTime":"2022-10-13 15:00:00"}}
{"Body":{"Status":true,"Timestamp":"2022-10-13 15:00:00","vibration":"45.8711135180933"},"EnqueuedTimeUtc":"2022-10-13 15:00:00","Properties":{"messagetype":"Demo"},"SystemProperties":{"connectionAuthMethod":"{\"scope\":\"device\",\"type\":\"sas\",\"issuer\":\"iothub\",\"acceptingIpFilterRule\":null}","connectionDeviceGenerationId":"638052891151821842","connectionDeviceId":"IOTDevice_6_4","contentEncoding":"utf-8","contentType":"application/json","enqueuedTime":"2022-10-13 15:00:00"}}
{"Body":{"Status":true,"Timestamp":"2022-10-13 16:00:00","volt":"161.360471373591"},"EnqueuedTimeUtc":"2022-10-13 16:00:00","Properties":{"messagetype":"Demo"},"SystemProperties":{"connectionAuthMethod":"{\"scope\":\"device\",\"type\":\"sas\",\"issuer\":\"iothub\",\"acceptingIpFilterRule\":null}","connectionDeviceGenerationId":"638052891151821842","connectionDeviceId":"IOTDevice_6_1","contentEncoding":"utf-8","contentType":"application/json","enqueuedTime":"2022-10-13 16:00:00"}}
{"Body":{"Status":true,"Timestamp":"2022-10-13 16:00:00","rotate":"305.334154153653"},"EnqueuedTimeUtc":"2022-10-13 16:00:00","Properties":{"messagetype":"Demo"},"SystemProperties":{"connectionAuthMethod":"{\"scope\":\"device\",\"type\":\"sas\",\"issuer\":\"iothub\",\"acceptingIpFilterRule\":null}","connectionDeviceGenerationId":"638052891151821842","connectionDeviceId":"IOTDevice_6_2","contentEncoding":"utf-8","contentType":"application/json","enqueuedTime":"2022-10-13 16:00:00"}}
{"Body":{"Status":true,"Timestamp":"2022-10-13 16:00:00","pressure":"96.325865447574"},"EnqueuedTimeUtc":"2022-10-13 16:00:00","Properties":{"messagetype":"Demo"},"SystemProperties":{"connectionAuthMethod":"{\"scope\":\"device\",\"type\":\"sas\",\"issuer\":\"iothub\",\"acceptingIpFilterRule\":null}","connectionDeviceGenerationId":"638052891151821842","connectionDeviceId":"IOTDevice_6_3","contentEncoding":"utf-8","contentType":"application/json","enqueuedTime":"2022-10-13 16:00:00"}}
{"Body":{"Status":true,"Timestamp":"2022-10-13 16:00:00","vibration":"45.1746808905952"},"EnqueuedTimeUtc":"2022-10-13 16:00:00","Properties":{"messagetype":"Demo"},"SystemProperties":{"connectionAuthMethod":"{\"scope\":\"device\",\"type\":\"sas\",\"issuer\":\"iothub\",\"acceptingIpFilterRule\":null}","connectionDeviceGenerationId":"638052891151821842","connectionDeviceId":"IOTDevice_6_4","contentEncoding":"utf-8","contentType":"application/json","enqueuedTime":"2022-10-13 16:00:00"}}
{"Body":{"Status":true,"Timestamp":"2022-10-13 17:00:00","volt":"165.604435681687"},"EnqueuedTimeUtc":"2022-10-13 17:00:00","Properties":{"messagetype":"Demo"},"SystemProperties":{"connectionAuthMethod":"{\"scope\":\"device\",\"type\":\"sas\",\"issuer\":\"iothub\",\"acceptingIpFilterRule\":null}","connectionDeviceGenerationId":"638052891151821842","connectionDeviceId":"IOTDevice_6_1","contentEncoding":"utf-8","contentType":"application/json","enqueuedTime":"2022-10-13 17:00:00"}}
{"Body":{"Status":true,"Timestamp":"2022-10-13 17:00:00","rotate":"339.634647139913"},"EnqueuedTimeUtc":"2022-10-13 17:00:00","Properties":{"messagetype":"Demo"},"SystemProperties":{"connectionAuthMethod":"{\"scope\":\"device\",\"type\":\"sas\",\"issuer\":\"iothub\",\"acceptingIpFilterRule\":null}","connectionDeviceGenerationId":"638052891151821842","connectionDeviceId":"IOTDevice_6_2","contentEncoding":"utf-8","contentType":"application/json","enqueuedTime":"2022-10-13 17:00:00"}}
{"Body":{"Status":true,"Timestamp":"2022-10-13 17:00:00","pressure":"108.230860774195"},"EnqueuedTimeUtc":"2022-10-13 17:00:00","Properties":{"messagetype":"Demo"},"SystemProperties":{"connectionAuthMethod":"{\"scope\":\"device\",\"type\":\"sas\",\"issuer\":\"iothub\",\"acceptingIpFilterRule\":null}","connectionDeviceGenerationId":"638052891151821842","connectionDeviceId":"IOTDevice_6_3","contentEncoding":"utf-8","contentType":"application/json","enqueuedTime":"2022-10-13 17:00:00"}}
{"Body":{"Status":true,"Timestamp":"2022-10-13 17:00:00","vibration":"40.6744505043604"},"EnqueuedTimeUtc":"2022-10-13 17:00:00","Properties":{"messagetype":"Demo"},"SystemProperties":{"connectionAuthMethod":"{\"scope\":\"device\",\"type\":\"sas\",\"issuer\":\"iothub\",\"acceptingIpFilterRule\":null}","connectionDeviceGenerationId":"638052891151821842","connectionDeviceId":"IOTDevice_6_4","contentEncoding":"utf-8","contentType":"application/json","enqueuedTime":"2022-10-13 17:00:00"}}
{"Body":{"Status":true,"Timestamp":"2022-10-13 18:00:00","volt":"184.66988316041"},"EnqueuedTimeUtc":"2022-10-13 18:00:00","Properties":{"messagetype":"Demo"},"SystemProperties":{"connectionAuthMethod":"{\"scope\":\"device\",\"type\":\"sas\",\"issuer\":\"iothub\",\"acceptingIpFilterRule\":null}","connectionDeviceGenerationId":"638052891151821842","connectionDeviceId":"IOTDevice_6_1","contentEncoding":"utf-8","contentType":"application/json","enqueuedTime":"2022-10-13 18:00:00"}}
{"Body":{"Status":true,"Timestamp":"2022-10-13 18:00:00","rotate":"374.588113552555"},"EnqueuedTimeUtc":"2022-10-13 18:00:00","Properties":{"messagetype":"Demo"},"SystemProperties":{"connectionAuthMethod":"{\"scope\":\"device\",\"type\":\"sas\",\"issuer\":\"iothub\",\"acceptingIpFilterRule\":null}","connectionDeviceGenerationId":"638052891151821842","connectionDeviceId":"IOTDevice_6_2","contentEncoding":"utf-8","contentType":"application/json","enqueuedTime":"2022-10-13 18:00:00"}}
{"Body":{"Status":true,"Timestamp":"2022-10-13 18:00:00","pressure":"97.5379276534985"},"EnqueuedTimeUtc":"2022-10-13 18:00:00","Properties":{"messagetype":"Demo"},"SystemProperties":{"connectionAuthMethod":"{\"scope\":\"device\",\"type\":\"sas\",\"issuer\":\"iothub\",\"acceptingIpFilterRule\":null}","connectionDeviceGenerationId":"638052891151821842","connectionDeviceId":"IOTDevice_6_3","contentEncoding":"utf-8","contentType":"application/json","enqueuedTime":"2022-10-13 18:00:00"}}
{"Body":{"Status":true,"Timestamp":"2022-10-13 18:00:00","vibration":"39.546869049276"},"EnqueuedTimeUtc":"2022-10-13 18:00:00","Properties":{"messagetype":"Demo"},"SystemProperties":{"connectionAuthMethod":"{\"scope\":\"device\",\"type\":\"sas\",\"issuer\":\"iothub\",\"acceptingIpFilterRule\":null}","connectionDeviceGenerationId":"638052891151821842","connectionDeviceId":"IOTDevice_6_4","contentEncoding":"utf-8","contentType":"application/json","enqueuedTime":"2022-10-13 18:00:00"}}
{"Body":{"Status":true,"Timestamp":"2022-10-13 19:00:00","volt":"166.426400488028"},"EnqueuedTimeUtc":"2022-10-13 19:00:00","Properties":{"messagetype":"Demo"},"SystemProperties":{"connectionAuthMethod":"{\"scope\":\"device\",\"type\":\"sas\",\"issuer\":\"iothub\",\"acceptingIpFilterRule\":null}","connectionDeviceGenerationId":"638052891151821842","connectionDeviceId":"IOTDevice_6_1","contentEncoding":"utf-8","contentType":"application/json","enqueuedTime":"2022-10-13 19:00:00"}}
{"Body":{"Status":true,"Timestamp":"2022-10-13 19:00:00","rotate":"303.810914048203"},"EnqueuedTimeUtc":"2022-10-13 19:00:00","Properties":{"messagetype":"Demo"},"SystemProperties":{"connectionAuthMethod":"{\"scope\":\"device\",\"type\":\"sas\",\"issuer\":\"iothub\",\"acceptingIpFilterRule\":null}","connectionDeviceGenerationId":"638052891151821842","connectionDeviceId":"IOTDevice_6_2","contentEncoding":"utf-8","contentType":"application/json","enqueuedTime":"2022-10-13 19:00:00"}}
{"Body":{"Status":true,"Timestamp":"2022-10-13 19:00:00","pressure":"97.7935843460273"},"EnqueuedTimeUtc":"2022-10-13 19:00:00","Properties":{"messagetype":"Demo"},"SystemProperties":{"connectionAuthMethod":"{\"scope\":\"device\",\"type\":\"sas\",\"issuer\":\"iothub\",\"acceptingIpFilterRule\":null}","connectionDeviceGenerationId":"638052891151821842","connectionDeviceId":"IOTDevice_6_3","contentEncoding":"utf-8","contentType":"application/json","enqueuedTime":"2022-10-13 19:00:00"}}
{"Body":{"Status":true,"Timestamp":"2022-10-13 19:00:00","vibration":"41.4524442679722"},"EnqueuedTimeUtc":"2022-10-13 19:00:00","Properties":{"messagetype":"Demo"},"SystemProperties":{"connectionAuthMethod":"{\"scope\":\"device\",\"type\":\"sas\",\"issuer\":\"iothub\",\"acceptingIpFilterRule\":null}","connectionDeviceGenerationId":"638052891151821842","connectionDeviceId":"IOTDevice_6_4","contentEncoding":"utf-8","contentType":"application/json","enqueuedTime":"2022-10-13 19:00:00"}}
{"Body":{"Status":true,"Timestamp":"2022-10-13 20:00:00","volt":"162.696519524256"},"EnqueuedTimeUtc":"2022-10-13 20:00:00","Properties":{"messagetype":"Demo"},"SystemProperties":{"connectionAuthMethod":"{\"scope\":\"device\",\"type\":\"sas\",\"issuer\":\"iothub\",\"acceptingIpFilterRule\":null}","connectionDeviceGenerationId":"638052891151821842","connectionDeviceId":"IOTDevice_6_1","contentEncoding":"utf-8","contentType":"application/json","enqueuedTime":"2022-10-13 20:00:00"}}
{"Body":{"Status":true,"Timestamp":"2022-10-13 20:00:00","rotate":"383.961868847246"},"EnqueuedTimeUtc":"2022-10-13 20:00:00","Properties":{"messagetype":"Demo"},"SystemProperties":{"connectionAuthMethod":"{\"scope\":\"device\",\"type\":\"sas\",\"issuer\":\"iothub\",\"acceptingIpFilterRule\":null}","connectionDeviceGenerationId":"638052891151821842","connectionDeviceId":"IOTDevice_6_2","contentEncoding":"utf-8","contentType":"application/json","enqueuedTime":"2022-10-13 20:00:00"}}
{"Body":{"Status":true,"Timestamp":"2022-10-13 20:00:00","pressure":"113.653697174297"},"EnqueuedTimeUtc":"2022-10-13 20:00:00","Properties":{"messagetype":"Demo"},"SystemProperties":{"connectionAuthMethod":"{\"scope\":\"device\",\"type\":\"sas\",\"issuer\":\"iothub\",\"acceptingIpFilterRule\":null}","connectionDeviceGenerationId":"638052891151821842","connectionDeviceId":"IOTDevice_6_3","contentEncoding":"utf-8","contentType":"application/json","enqueuedTime":"2022-10-13 20:00:00"}}
{"Body":{"Status":true,"Timestamp":"2022-10-13 20:00:00","vibration":"35.8874010282335"},"EnqueuedTimeUtc":"2022-10-13 20:00:00","Properties":{"messagetype":"Demo"},"SystemProperties":{"connectionAuthMethod":"{\"scope\":\"device\",\"type\":\"sas\",\"issuer\":\"iothub\",\"acceptingIpFilterRule\":null}","connectionDeviceGenerationId":"638052891151821842","connectionDeviceId":"IOTDevice_6_4","contentEncoding":"utf-8","contentType":"application/json","enqueuedTime":"2022-10-13 20:00:00"}}
{"Body":{"Status":true,"Timestamp":"2022-10-13 21:00:00","volt":"184.418772406419"},"EnqueuedTimeUtc":"2022-10-13 21:00:00","Properties":{"messagetype":"Demo"},"SystemProperties":{"connectionAuthMethod":"{\"scope\":\"device\",\"type\":\"sas\",\"issuer\":\"iothub\",\"acceptingIpFilterRule\":null}","connectionDeviceGenerationId":"638052891151821842","connectionDeviceId":"IOTDevice_6_1","contentEncoding":"utf-8","contentType":"application/json","enqueuedTime":"2022-10-13 21:00:00"}}
{"Body":{"Status":true,"Timestamp":"2022-10-13 21:00:00","rotate":"330.440973482975"},"EnqueuedTimeUtc":"2022-10-13 21:00:00","Properties":{"messagetype":"Demo"},"SystemProperties":{"connectionAuthMethod":"{\"scope\":\"device\",\"type\":\"sas\",\"issuer\":\"iothub\",\"acceptingIpFilterRule\":null}","connectionDeviceGenerationId":"638052891151821842","connectionDeviceId":"IOTDevice_6_2","contentEncoding":"utf-8","contentType":"application/json","enqueuedTime":"2022-10-13 21:00:00"}}
{"Body":{"Status":true,"Timestamp":"2022-10-13 21:00:00","pressure":"108.646923540325"},"EnqueuedTimeUtc":"2022-10-13 21:00:00","Properties":{"messagetype":"Demo"},"SystemProperties":{"connectionAuthMethod":"{\"scope\":\"device\",\"type\":\"sas\",\"issuer\":\"iothub\",\"acceptingIpFilterRule\":null}","connectionDeviceGenerationId":"638052891151821842","connectionDeviceId":"IOTDevice_6_3","contentEncoding":"utf-8","contentType":"application/json","enqueuedTime":"2022-10-13 21:00:00"}}
{"Body":{"Status":true,"Timestamp":"2022-10-13 21:00:00","vibration":"37.0883031018026"},"EnqueuedTimeUtc":"2022-10-13 21:00:00","Properties":{"messagetype":"Demo"},"SystemProperties":{"connectionAuthMethod":"{\"scope\":\"device\",\"type\":\"sas\",\"issuer\":\"iothub\",\"acceptingIpFilterRule\":null}","connectionDeviceGenerationId":"638052891151821842","connectionDeviceId":"IOTDevice_6_4","contentEncoding":"utf-8","contentType":"application/json","enqueuedTime":"2022-10-13 21:00:00"}}
{"Body":{"Status":true,"Timestamp":"2022-10-13 22:00:00","volt":"166.487068933128"},"EnqueuedTimeUtc":"2022-10-13 22:00:00","Properties":{"messagetype":"Demo"},"SystemProperties":{"connectionAuthMethod":"{\"scope\":\"device\",\"type\":\"sas\",\"issuer\":\"iothub\",\"acceptingIpFilterRule\":null}","connectionDeviceGenerationId":"638052891151821842","connectionDeviceId":"IOTDevice_6_1","contentEncoding":"utf-8","contentType":"application/json","enqueuedTime":"2022-10-13 22:00:00"}}
{"Body":{"Status":true,"Timestamp":"2022-10-13 22:00:00","rotate":"417.785873621992"},"EnqueuedTimeUtc":"2022-10-13 22:00:00","Properties":{"messagetype":"Demo"},"SystemProperties":{"connectionAuthMethod":"{\"scope\":\"device\",\"type\":\"sas\",\"issuer\":\"iothub\",\"acceptingIpFilterRule\":null}","connectionDeviceGenerationId":"638052891151821842","connectionDeviceId":"IOTDevice_6_2","contentEncoding":"utf-8","contentType":"application/json","enqueuedTime":"2022-10-13 22:00:00"}}
{"Body":{"Status":true,"Timestamp":"2022-10-13 22:00:00","pressure":"104.239699463619"},"EnqueuedTimeUtc":"2022-10-13 22:00:00","Properties":{"messagetype":"Demo"},"SystemProperties":{"connectionAuthMethod":"{\"scope\":\"device\",\"type\":\"sas\",\"issuer\":\"iothub\",\"acceptingIpFilterRule\":null}","connectionDeviceGenerationId":"638052891151821842","connectionDeviceId":"IOTDevice_6_3","contentEncoding":"utf-8","contentType":"application/json","enqueuedTime":"2022-10-13 22:00:00"}}
{"Body":{"Status":true,"Timestamp":"2022-10-13 22:00:00","vibration":"43.7789327240913"},"EnqueuedTimeUtc":"2022-10-13 22:00:00","Properties":{"messagetype":"Demo"},"SystemProperties":{"connectionAuthMethod":"{\"scope\":\"device\",\"type\":\"sas\",\"issuer\":\"iothub\",\"acceptingIpFilterRule\":null}","connectionDeviceGenerationId":"638052891151821842","connectionDeviceId":"IOTDevice_6_4","contentEncoding":"utf-8","contentType":"application/json","enqueuedTime":"2022-10-13 22:00:00"}}
{"Body":{"Status":true,"Timestamp":"2022-10-13 23:00:00","volt":"167.30347267716"},"EnqueuedTimeUtc":"2022-10-13 23:00:00","Properties":{"messagetype":"Demo"},"SystemProperties":{"connectionAuthMethod":"{\"scope\":\"device\",\"type\":\"sas\",\"issuer\":\"iothub\",\"acceptingIpFilterRule\":null}","connectionDeviceGenerationId":"638052891151821842","connectionDeviceId":"IOTDevice_6_1","contentEncoding":"utf-8","contentType":"application/json","enqueuedTime":"2022-10-13 23:00:00"}}
{"Body":{"Status":true,"Timestamp":"2022-10-13 23:00:00","rotate":"280.973375377043"},"EnqueuedTimeUtc":"2022-10-13 23:00:00","Properties":{"messagetype":"Demo"},"SystemProperties":{"connectionAuthMethod":"{\"scope\":\"device\",\"type\":\"sas\",\"issuer\":\"iothub\",\"acceptingIpFilterRule\":null}","connectionDeviceGenerationId":"638052891151821842","connectionDeviceId":"IOTDevice_6_2","contentEncoding":"utf-8","contentType":"application/json","enqueuedTime":"2022-10-13 23:00:00"}}
{"Body":{"Status":true,"Timestamp":"2022-10-13 23:00:00","pressure":"112.2946777554"},"EnqueuedTimeUtc":"2022-10-13 23:00:00","Properties":{"messagetype":"Demo"},"SystemProperties":{"connectionAuthMethod":"{\"scope\":\"device\",\"type\":\"sas\",\"issuer\":\"iothub\",\"acceptingIpFilterRule\":null}","connectionDeviceGenerationId":"638052891151821842","connectionDeviceId":"IOTDevice_6_3","contentEncoding":"utf-8","contentType":"application/json","enqueuedTime":"2022-10-13 23:00:00"}}
{"Body":{"Status":true,"Timestamp":"2022-10-13 23:00:00","vibration":"49.0893485421185"},"EnqueuedTimeUtc":"2022-10-13 23:00:00","Properties":{"messagetype":"Demo"},"SystemProperties":{"connectionAuthMethod":"{\"scope\":\"device\",\"type\":\"sas\",\"issuer\":\"iothub\",\"acceptingIpFilterRule\":null}","connectionDeviceGenerationId":"638052891151821842","connectionDeviceId":"IOTDevice_6_4","contentEncoding":"utf-8","contentType":"application/json","enqueuedTime":"2022-10-13 23:00:00"}}
{"Body":{"Status":true,"Timestamp":"2022-10-13 00:00:00","volt":"149.396296403111"},"EnqueuedTimeUtc":"2022-10-13 00:00:00","Properties":{"messagetype":"Demo"},"SystemProperties":{"connectionAuthMethod":"{\"scope\":\"device\",\"type\":\"sas\",\"issuer\":\"iothub\",\"acceptingIpFilterRule\":null}","connectionDeviceGenerationId":"638052891151821842","connectionDeviceId":"IOTDevice_7_1","contentEncoding":"utf-8","contentType":"application/json","enqueuedTime":"2022-10-13 00:00:00"}}
{"Body":{"Status":true,"Timestamp":"2022-10-13 00:00:00","rotate":"442.986287393289"},"EnqueuedTimeUtc":"2022-10-13 00:00:00","Properties":{"messagetype":"Demo"},"SystemProperties":{"connectionAuthMethod":"{\"scope\":\"device\",\"type\":\"sas\",\"issuer\":\"iothub\",\"acceptingIpFilterRule\":null}","connectionDeviceGenerationId":"638052891151821842","connectionDeviceId":"IOTDevice_7_2","contentEncoding":"utf-8","contentType":"application/json","enqueuedTime":"2022-10-13 00:00:00"}}
{"Body":{"Status":true,"Timestamp":"2022-10-13 00:00:00","pressure":"107.362524751184"},"EnqueuedTimeUtc":"2022-10-13 00:00:00","Properties":{"messagetype":"Demo"},"SystemProperties":{"connectionAuthMethod":"{\"scope\":\"device\",\"type\":\"sas\",\"issuer\":\"iothub\",\"acceptingIpFilterRule\":null}","connectionDeviceGenerationId":"638052891151821842","connectionDeviceId":"IOTDevice_7_3","contentEncoding":"utf-8","contentType":"application/json","enqueuedTime":"2022-10-13 00:00:00"}}
{"Body":{"Status":true,"Timestamp":"2022-10-13 00:00:00","vibration":"30.7242438905602"},"EnqueuedTimeUtc":"2022-10-13 00:00:00","Properties":{"messagetype":"Demo"},"SystemProperties":{"connectionAuthMethod":"{\"scope\":\"device\",\"type\":\"sas\",\"issuer\":\"iothub\",\"acceptingIpFilterRule\":null}","connectionDeviceGenerationId":"638052891151821842","connectionDeviceId":"IOTDevice_7_4","contentEncoding":"utf-8","contentType":"application/json","enqueuedTime":"2022-10-13 00:00:00"}}
{"Body":{"Status":true,"Timestamp":"2022-10-13 01:00:00","volt":"137.125870232221"},"EnqueuedTimeUtc":"2022-10-13 01:00:00","Properties":{"messagetype":"Demo"},"SystemProperties":{"connectionAuthMethod":"{\"scope\":\"device\",\"type\":\"sas\",\"issuer\":\"iothub\",\"acceptingIpFilterRule\":null}","connectionDeviceGenerationId":"638052891151821842","connectionDeviceId":"IOTDevice_7_1","contentEncoding":"utf-8","contentType":"application/json","enqueuedTime":"2022-10-13 01:00:00"}}
{"Body":{"Status":true,"Timestamp":"2022-10-13 01:00:00","rotate":"360.104317664656"},"EnqueuedTimeUtc":"2022-10-13 01:00:00","Properties":{"messagetype":"Demo"},"SystemProperties":{"connectionAuthMethod":"{\"scope\":\"device\",\"type\":\"sas\",\"issuer\":\"iothub\",\"acceptingIpFilterRule\":null}","connectionDeviceGenerationId":"638052891151821842","connectionDeviceId":"IOTDevice_7_2","contentEncoding":"utf-8","contentType":"application/json","enqueuedTime":"2022-10-13 01:00:00"}}
{"Body":{"Status":true,"Timestamp":"2022-10-13 01:00:00","pressure":"88.6028990008358"},"EnqueuedTimeUtc":"2022-10-13 01:00:00","Properties":{"messagetype":"Demo"},"SystemProperties":{"connectionAuthMethod":"{\"scope\":\"device\",\"type\":\"sas\",\"issuer\":\"iothub\",\"acceptingIpFilterRule\":null}","connectionDeviceGenerationId":"638052891151821842","connectionDeviceId":"IOTDevice_7_3","contentEncoding":"utf-8","contentType":"application/json","enqueuedTime":"2022-10-13 01:00:00"}}
{"Body":{"Status":true,"Timestamp":"2022-10-13 01:00:00","vibration":"33.5776341101092"},"EnqueuedTimeUtc":"2022-10-13 01:00:00","Properties":{"messagetype":"Demo"},"SystemProperties":{"connectionAuthMethod":"{\"scope\":\"device\",\"type\":\"sas\",\"issuer\":\"iothub\",\"acceptingIpFilterRule\":null}","connectionDeviceGenerationId":"638052891151821842","connectionDeviceId":"IOTDevice_7_4","contentEncoding":"utf-8","contentType":"application/json","enqueuedTime":"2022-10-13 01:00:00"}}
{"Body":{"Status":true,"Timestamp":"2022-10-13 02:00:00","volt":"139.466529466835"},"EnqueuedTimeUtc":"2022-10-13 02:00:00","Properties":{"messagetype":"Demo"},"SystemProperties":{"connectionAuthMethod":"{\"scope\":\"device\",\"type\":\"sas\",\"issuer\":\"iothub\",\"acceptingIpFilterRule\":null}","connectionDeviceGenerationId":"638052891151821842","connectionDeviceId":"IOTDevice_7_1","contentEncoding":"utf-8","contentType":"application/json","enqueuedTime":"2022-10-13 02:00:00"}}
{"Body":{"Status":true,"Timestamp":"2022-10-13 02:00:00","rotate":"415.070047240065"},"EnqueuedTimeUtc":"2022-10-13 02:00:00","Properties":{"messagetype":"Demo"},"SystemProperties":{"connectionAuthMethod":"{\"scope\":\"device\",\"type\":\"sas\",\"issuer\":\"iothub\",\"acceptingIpFilterRule\":null}","connectionDeviceGenerationId":"638052891151821842","connectionDeviceId":"IOTDevice_7_2","contentEncoding":"utf-8","contentType":"application/json","enqueuedTime":"2022-10-13 02:00:00"}}
{"Body":{"Status":true,"Timestamp":"2022-10-13 02:00:00","pressure":"96.4300032735981"},"EnqueuedTimeUtc":"2022-10-13 02:00:00","Properties":{"messagetype":"Demo"},"SystemProperties":{"connectionAuthMethod":"{\"scope\":\"device\",\"type\":\"sas\",\"issuer\":\"iothub\",\"acceptingIpFilterRule\":null}","connectionDeviceGenerationId":"638052891151821842","connectionDeviceId":"IOTDevice_7_3","contentEncoding":"utf-8","contentType":"application/json","enqueuedTime":"2022-10-13 02:00:00"}}
{"Body":{"Status":true,"Timestamp":"2022-10-13 02:00:00","vibration":"43.7776516660886"},"EnqueuedTimeUtc":"2022-10-13 02:00:00","Properties":{"messagetype":"Demo"},"SystemProperties":{"connectionAuthMethod":"{\"scope\":\"device\",\"type\":\"sas\",\"issuer\":\"iothub\",\"acceptingIpFilterRule\":null}","connectionDeviceGenerationId":"638052891151821842","connectionDeviceId":"IOTDevice_7_4","contentEncoding":"utf-8","contentType":"application/json","enqueuedTime":"2022-10-13 02:00:00"}}
{"Body":{"Status":true,"Timestamp":"2022-10-13 03:00:00","volt":"187.58459632189"},"EnqueuedTimeUtc":"2022-10-13 03:00:00","Properties":{"messagetype":"Demo"},"SystemProperties":{"connectionAuthMethod":"{\"scope\":\"device\",\"type\":\"sas\",\"issuer\":\"iothub\",\"acceptingIpFilterRule\":null}","connectionDeviceGenerationId":"638052891151821842","connectionDeviceId":"IOTDevice_7_1","contentEncoding":"utf-8","contentType":"application/json","enqueuedTime":"2022-10-13 03:00:00"}}
{"Body":{"Status":true,"Timestamp":"2022-10-13 03:00:00","rotate":"426.128690162387"},"EnqueuedTimeUtc":"2022-10-13 03:00:00","Properties":{"messagetype":"Demo"},"SystemProperties":{"connectionAuthMethod":"{\"scope\":\"device\",\"type\":\"sas\",\"issuer\":\"iothub\",\"acceptingIpFilterRule\":null}","connectionDeviceGenerationId":"638052891151821842","connectionDeviceId":"IOTDevice_7_2","contentEncoding":"utf-8","contentType":"application/json","enqueuedTime":"2022-10-13 03:00:00"}}
{"Body":{"Status":true,"Timestamp":"2022-10-13 03:00:00","pressure":"98.0190725680018"},"EnqueuedTimeUtc":"2022-10-13 03:00:00","Properties":{"messagetype":"Demo"},"SystemProperties":{"connectionAuthMethod":"{\"scope\":\"device\",\"type\":\"sas\",\"issuer\":\"iothub\",\"acceptingIpFilterRule\":null}","connectionDeviceGenerationId":"638052891151821842","connectionDeviceId":"IOTDevice_7_3","contentEncoding":"utf-8","contentType":"application/json","enqueuedTime":"2022-10-13 03:00:00"}}
{"Body":{"Status":true,"Timestamp":"2022-10-13 03:00:00","vibration":"49.7456814258026"},"EnqueuedTimeUtc":"2022-10-13 03:00:00","Properties":{"messagetype":"Demo"},"SystemProperties":{"connectionAuthMethod":"{\"scope\":\"device\",\"type\":\"sas\",\"issuer\":\"iothub\",\"acceptingIpFilterRule\":null}","connectionDeviceGenerationId":"638052891151821842","connectionDeviceId":"IOTDevice_7_4","contentEncoding":"utf-8","contentType":"application/json","enqueuedTime":"2022-10-13 03:00:00"}}
{"Body":{"Status":true,"Timestamp":"2022-10-13 04:00:00","volt":"156.098059541997"},"EnqueuedTimeUtc":"2022-10-13 04:00:00","Properties":{"messagetype":"Demo"},"SystemProperties":{"connectionAuthMethod":"{\"scope\":\"device\",\"type\":\"sas\",\"issuer\":\"iothub\",\"acceptingIpFilterRule\":null}","connectionDeviceGenerationId":"638052891151821842","connectionDeviceId":"IOTDevice_7_1","contentEncoding":"utf-8","contentType":"application/json","enqueuedTime":"2022-10-13 04:00:00"}}
{"Body":{"Status":true,"Timestamp":"2022-10-13 04:00:00","rotate":"428.124548441169"},"EnqueuedTimeUtc":"2022-10-13 04:00:00","Properties":{"messagetype":"Demo"},"SystemProperties":{"connectionAuthMethod":"{\"scope\":\"device\",\"type\":\"sas\",\"issuer\":\"iothub\",\"acceptingIpFilterRule\":null}","connectionDeviceGenerationId":"638052891151821842","connectionDeviceId":"IOTDevice_7_2","contentEncoding":"utf-8","contentType":"application/json","enqueuedTime":"2022-10-13 04:00:00"}}
{"Body":{"Status":true,"Timestamp":"2022-10-13 04:00:00","pressure":"105.460035911638"},"EnqueuedTimeUtc":"2022-10-13 04:00:00","Properties":{"messagetype":"Demo"},"SystemProperties":{"connectionAuthMethod":"{\"scope\":\"device\",\"type\":\"sas\",\"issuer\":\"iothub\",\"acceptingIpFilterRule\":null}","connectionDeviceGenerationId":"638052891151821842","connectionDeviceId":"IOTDevice_7_3","contentEncoding":"utf-8","contentType":"application/json","enqueuedTime":"2022-10-13 04:00:00"}}
{"Body":{"Status":true,"Timestamp":"2022-10-13 04:00:00","vibration":"39.7426684008241"},"EnqueuedTimeUtc":"2022-10-13 04:00:00","Properties":{"messagetype":"Demo"},"SystemProperties":{"connectionAuthMethod":"{\"scope\":\"device\",\"type\":\"sas\",\"issuer\":\"iothub\",\"acceptingIpFilterRule\":null}","connectionDeviceGenerationId":"638052891151821842","connectionDeviceId":"IOTDevice_7_4","contentEncoding":"utf-8","contentType":"application/json","enqueuedTime":"2022-10-13 04:00:00"}}
{"Body":{"Status":true,"Timestamp":"2022-10-13 05:00:00","volt":"159.432106572923"},"EnqueuedTimeUtc":"2022-10-13 05:00:00","Properties":{"messagetype":"Demo"},"SystemProperties":{"connectionAuthMethod":"{\"scope\":\"device\",\"type\":\"sas\",\"issuer\":\"iothub\",\"acceptingIpFilterRule\":null}","connectionDeviceGenerationId":"638052891151821842","connectionDeviceId":"IOTDevice_7_1","contentEncoding":"utf-8","contentType":"application/json","enqueuedTime":"2022-10-13 05:00:00"}}
{"Body":{"Status":true,"Timestamp":"2022-10-13 05:00:00","rotate":"509.480254205479"},"EnqueuedTimeUtc":"2022-10-13 05:00:00","Properties":{"messagetype":"Demo"},"SystemProperties":{"connectionAuthMethod":"{\"scope\":\"device\",\"type\":\"sas\",\"issuer\":\"iothub\",\"acceptingIpFilterRule\":null}","connectionDeviceGenerationId":"638052891151821842","connectionDeviceId":"IOTDevice_7_2","contentEncoding":"utf-8","contentType":"application/json","enqueuedTime":"2022-10-13 05:00:00"}}
{"Body":{"Status":true,"Timestamp":"2022-10-13 05:00:00","pressure":"85.6551320478727"},"EnqueuedTimeUtc":"2022-10-13 05:00:00","Properties":{"messagetype":"Demo"},"SystemProperties":{"connectionAuthMethod":"{\"scope\":\"device\",\"type\":\"sas\",\"issuer\":\"iothub\",\"acceptingIpFilterRule\":null}","connectionDeviceGenerationId":"638052891151821842","connectionDeviceId":"IOTDevice_7_3","contentEncoding":"utf-8","contentType":"application/json","enqueuedTime":"2022-10-13 05:00:00"}}
{"Body":{"Status":true,"Timestamp":"2022-10-13 05:00:00","vibration":"44.6453584895527"},"EnqueuedTimeUtc":"2022-10-13 05:00:00","Properties":{"messagetype":"Demo"},"SystemProperties":{"connectionAuthMethod":"{\"scope\":\"device\",\"type\":\"sas\",\"issuer\":\"iothub\",\"acceptingIpFilterRule\":null}","connectionDeviceGenerationId":"638052891151821842","connectionDeviceId":"IOTDevice_7_4","contentEncoding":"utf-8","contentType":"application/json","enqueuedTime":"2022-10-13 05:00:00"}}
