{"Body":{"Status":true,"Timestamp":"2022-10-13 15:00:00","volt":"166.655944293928"},"EnqueuedTimeUtc":"2022-10-13 15:00:00","Properties":{"messagetype":"Demo"},"SystemProperties":{"connectionAuthMethod":"{\"scope\":\"device\",\"type\":\"sas\",\"issuer\":\"iothub\",\"acceptingIpFilterRule\":null}","connectionDeviceGenerationId":"638052891151821842","connectionDeviceId":"IOTDevice_1_1","contentEncoding":"utf-8","contentType":"application/json","enqueuedTime":"2022-10-13 15:00:00"}}
{"Body":{"Status":true,"Timestamp":"2022-10-13 15:00:00","rotate":"507.544206492078"},"EnqueuedTimeUtc":"2022-10-13 15:00:00","Properties":{"messagetype":"Demo"},"SystemProperties":{"connectionAuthMethod":"{\"scope\":\"device\",\"type\":\"sas\",\"issuer\":\"iothub\",\"acceptingIpFilterRule\":null}","connectionDeviceGenerationId":"638052891151821842","connectionDeviceId":"IOTDevice_1_2","contentEncoding":"utf-8","contentType":"application/json","enqueuedTime":"2022-10-13 15:00:00"}}
{"Body":{"Status":true,"Timestamp":"2022-10-13 15:00:00","pressure":"79.6187169946146"},"EnqueuedTimeUtc":"2022-10-13 15:00:00","Properties":{"messagetype":"Demo"},"SystemProperties":{"connectionAuthMethod":"{\"scope\":\"device\",\"type\":\"sas\",\"issuer\":\"iothub\",\"acceptingIpFilterRule\":null}","connectionDeviceGenerationId":"638052891151821842","connectionDeviceId":"IOTDevice_1_3","contentEncoding":"utf-8","contentType":"application/json","enqueuedTime":"2022-10-13 15:00:00"}}
{"Body":{"Status":true,"Timestamp":"2022-10-13 15:00:00","vibration":"33.5907716068583"},"EnqueuedTimeUtc":"2022-10-13 15:00:00","Properties":{"messagetype":"Demo"},"SystemProperties":{"connectionAuthMethod":"{\"scope\":\"device\",\"type\":\"sas\",\"issuer\":\"iothub\",\"acceptingIpFilterRule\":null}","connectionDeviceGenerationId":"638052891151821842","connectionDeviceId":"IOTDevice_1_4","contentEncoding":"utf-8","contentType":"application/json","enqueuedTime":"2022-10-13 15:00:00"}}
{"Body":{"Status":true,"Timestamp":"2022-10-13 16:00:00","volt":"158.88946689404"},"EnqueuedTimeUtc":"2022-10-13 16:00:00","Properties":{"messagetype":"Demo"},"SystemProperties":{"connectionAuthMethod":"{\"scope\":\"device\",\"type\":\"sas\",\"issuer\":\"iothub\",\"acceptingIpFilterRule\":null}","connectionDeviceGenerationId":"638052891151821842","connectionDeviceId":"IOTDevice_1_1","contentEncoding":"utf-8","contentType":"application/json","enqueuedTime":"2022-10-13 16:00:00"}}
{"Body":{"Status":true,"Timestamp":"2022-10-13 16:00:00","rotate":"491.963888730674"},"EnqueuedTimeUtc":"2022-10-13 16:00:00","Properties":{"messagetype":"Demo"},"SystemProperties":{"connectionAuthMethod":"{\"scope\":\"device\",\"type\":\"sas\",\"issuer\":\"iothub\",\"acceptingIpFilterRule\":null}","connectionDeviceGenerationId":"638052891151821842","connectionDeviceId":"IOTDevice_1_2","contentEncoding":"utf-8","contentType":"application/json","enqueuedTime":"2022-10-13 16:00:00"}}
{"Body":{"Status":true,"Timestamp":"2022-10-13 16:00:00","pressure":"105.805773628751"},"EnqueuedTimeUtc":"2022-10-13 16:00:00","Properties":{"messagetype":"Demo"},"SystemProperties":{"connectionAuthMethod":"{\"scope\":\"device\",\"type\":\"sas\",\"issuer\":\"iothub\",\"acceptingIpFilterRule\":null}","connectionDeviceGenerationId":"638052891151821842","connectionDeviceId":"IOTDevice_1_3","contentEncoding":"utf-8","contentType":"application/json","enqueuedTime":"2022-10-13 16:00:00"}}
{"Body":{"Status":true,"Timestamp":"2022-10-13 16:00:00","vibration":"37.7779782569472"},"EnqueuedTimeUtc":"2022-10-13 16:00:00","Properties":{"messagetype":"Demo"},"SystemProperties":{"connectionAuthMethod":"{\"scope\":\"device\",\"type\":\"sas\",\"issuer\":\"iothub\",\"acceptingIpFilterRule\":null}","connectionDeviceGenerationId":"638052891151821842","connectionDeviceId":"IOTDevice_1_4","contentEncoding":"utf-8","contentType":"application/json","enqueuedTime":"2022-10-13 16:00:00"}}
{"Body":{"Status":true,"Timestamp":"2022-10-13 17:00:00","volt":"155.090303811317"},"EnqueuedTimeUtc":"2022-10-13 17:00:00","Properties":{"messagetype":"Demo"},"SystemProperties":{"connectionAuthMethod":"{\"scope\":\"device\",\"type\":\"sas\",\"issuer\":\"iothub\",\"acceptingIpFilterRule\":null}","connectionDeviceGenerationId":"638052891151821842","connectionDeviceId":"IOTDevice_1_1","contentEncoding":"utf-8","contentType":"application/json","enqueuedTime":"2022-10-13 17:00:00"}}
{"Body":{"Status":true,"Timestamp":"2022-10-13 17:00:00","rotate":"400.543264823835"},"EnqueuedTimeUtc":"2022-10-13 17:00:00","Properties":{"messagetype":"Demo"},"SystemProperties":{"connectionAuthMethod":"{\"scope\":\"device\",\"type\":\"sas\",\"issuer\":\"iothub\",\"acceptingIpFilterRule\":null}","connectionDeviceGenerationId":"638052891151821842","connectionDeviceId":"IOTDevice_1_2","contentEncoding":"utf-8","contentType":"application/json","enqueuedTime":"2022-10-13 17:00:00"}}
{"Body":{"Status":true,"Timestamp":"2022-10-13 17:00:00","pressure":"90.3274101549992"},"EnqueuedTimeUtc":"2022-10-13 17:00:00","Properties":{"messagetype":"Demo"},"SystemProperties":{"connectionAuthMethod":"{\"scope\":\"device\",\"type\":\"sas\",\"issuer\":\"iothub\",\"acceptingIpFilterRule\":null}","connectionDeviceGenerationId":"638052891151821842","connectionDeviceId":"IOTDevice_1_3","contentEncoding":"utf-8","contentType":"application/json","enqueuedTime":"2022-10-13 17:00:00"}}
{"Body":{"Status":true,"Timestamp":"2022-10-13 17:00:00","vibration":"39.1856987997646"},"EnqueuedTimeUtc":"2022-10-13 17:00:00","Properties":{"messagetype":"Demo"},"SystemProperties":{"connectionAuthMethod":"{\"scope\":\"device\",\"type\":\"sas\",\"issuer\":\"iothub\",\"acceptingIpFilterRule\":null}","connectionDeviceGenerationId":"638052891151821842","connectionDeviceId":"IOTDevice_1_4","contentEncoding":"utf-8","contentType":"application/json","enqueuedTime":"2022-10-13 17:00:00"}}
{"Body":{"Status":true,"Timestamp":"2022-10-13 18:00:00","volt":"155.137286257424"},"EnqueuedTimeUtc":"2022-10-13 18:00:00","Properties":{"messagetype":"Demo"},"SystemProperties":{"connectionAuthMethod":"{\"scope\":\"device\",\"type\":\"sas\",\"issuer\":\"iothub\",\"acceptingIpFilterRule\":null}","connectionDeviceGenerationId":"638052891151821842","connectionDeviceId":"IOTDevice_1_1","contentEncoding":"utf-8","contentType":"application/json","enqueuedTime":"2022-10-13 18:00:00"}}
{"Body":{"Status":true,"Timestamp":"2022-10-13 18:00:00","rotate":"478.899311071834"},"EnqueuedTimeUtc":"2022-10-13 18:00:00","Properties":{"messagetype":"Demo"},"SystemProperties":{"connectionAuthMethod":"{\"scope\":\"device\",\"type\":\"sas\",\"issuer\":\"iothub\",\"acceptingIpFilterRule\":null}","connectionDeviceGenerationId":"638052891151821842","connectionDeviceId":"IOTDevice_1_2","contentEncoding":"utf-8","contentType":"application/json","enqueuedTime":"2022-10-13 18:00:00"}}
{"Body":{"Status":true,"Timestamp":"2022-10-13 18:00:00","pressure":"94.9745550768288"},"EnqueuedTimeUtc":"2022-10-13 18:00:00","Properties":{"messagetype":"Demo"},"SystemProperties":{"connectionAuthMethod":"{\"scope\":\"device\",\"type\":\"sas\",\"issuer\":\"iothub\",\"acceptingIpFilterRule\":null}","connectionDeviceGenerationId":"638052891151821842","connectionDeviceId":"IOTDevice_1_3","contentEncoding":"utf-8","contentType":"application/json","enqueuedTime":"2022-10-13 18:00:00"}}
{"Body":{"Status":true,"Timestamp":"2022-10-13 18:00:00","vibration":"38.1874193711822"},"EnqueuedTimeUtc":"2022-10-13 18:00:00","Properties":{"messagetype":"Demo"},"SystemProperties":{"connectionAuthMethod":"{\"scope\":\"device\",\"type\":\"sas\",\"issuer\":\"iothub\",\"acceptingIpFilterRule\":null}","connectionDeviceGenerationId":"638052891151821842","connectionDeviceId":"IOTDevice_1_4","contentEncoding":"utf-8","contentType":"application/json","enqueuedTime":"2022-10-13 18:00:00"}}
{"Body":{"Status":true,"Timestamp":"2022-10-13 19:00:00","volt":"151.034250874109"},"EnqueuedTimeUtc":"2022-10-13 19:00:00","Properties":{"messagetype":"Demo"},"SystemProperties":{"connectionAuthMethod":"{\"scope\":\"device\",\"type\":\"sas\",\"issuer\":\"iothub\",\"acceptingIpFilterRule\":null}","connectionDeviceGenerationId":"638052891151821842","connectionDeviceId":"IOTDevice_1_1","contentEncoding":"utf-8","contentType":"application/json","enqueuedTime":"2022-10-13 19:00:00"}}
{"Body":{"Status":true,"Timestamp":"2022-10-13 19:00:00","rotate":"501.098701720199"},"EnqueuedTimeUtc":"2022-10-13 19:00:00","Properties":{"messagetype":"Demo"},"SystemProperties":{"connectionAuthMethod":"{\"scope\":\"device\",\"type\":\"sas\",\"issuer\":\"iothub\",\"acceptingIpFilterRule\":null}","connectionDeviceGenerationId":"638052891151821842","connectionDeviceId":"IOTDevice_1_2","contentEncoding":"utf-8","contentType":"application/json","enqueuedTime":"2022-10-13 19:00:00"}}
{"Body":{"Status":true,"Timestamp":"2022-10-13 19:00:00","pressure":"122.644313061813"},"EnqueuedTimeUtc":"2022-10-13 19:00:00","Properties":{"messagetype":"Demo"},"SystemProperties":{"connectionAuthMethod":"{\"scope\":\"device\",\"type\":\"sas\",\"issuer\":\"iothub\",\"acceptingIpFilterRule\":null}","connectionDeviceGenerationId":"638052891151821842","connectionDeviceId":"IOTDevice_1_3","contentEncoding":"utf-8","contentType":"application/json","enqueuedTime":"2022-10-13 19:00:00"}}
{"Body":{"Status":true,"Timestamp":"2022-10-13 19:00:00","vibration":"37.4711476980862"},"EnqueuedTimeUtc":"2022-10-13 19:00:00","Properties":{"messagetype":"Demo"},"SystemProperties":{"connectionAuthMethod":"{\"scope\":\"device\",\"type\":\"sas\",\"issuer\":\"iothub\",\"acceptingIpFilterRule\":null}","connectionDeviceGenerationId":"638052891151821842","connectionDeviceId":"IOTDevice_1_4","contentEncoding":"utf-8","contentType":"application/json","enqueuedTime":"2022-10-13 19:00:00"}}
{"Body":{"Status":true,"Timestamp":"2022-10-13 20:00:00","volt":"152.566740698023"},"EnqueuedTimeUtc":"2022-10-13 20:00:00","Properties":{"messagetype":"Demo"},"SystemProperties":{"connectionAuthMethod":"{\"scope\":\"device\",\"type\":\"sas\",\"issuer\":\"iothub\",\"acceptingIpFilterRule\":null}","connectionDeviceGenerationId":"638052891151821842","connectionDeviceId":"IOTDevice_1_1","contentEncoding":"utf-8","contentType":"application/json","enqueuedTime":"2022-10-13 20:00:00"}}
{"Body":{"Status":true,"Timestamp":"2022-10-13 20:00:00","rotate":"470.760688481507"},"EnqueuedTimeUtc":"2022-10-13 20:00:00","Properties":{"messagetype":"Demo"},"SystemProperties":{"connectionAuthMethod":"{\"scope\":\"device\",\"type\":\"sas\",\"issuer\":\"iothub\",\"acceptingIpFilterRule\":null}","connectionDeviceGenerationId":"638052891151821842","connectionDeviceId":"IOTDevice_1_2","contentEncoding":"utf-8","contentType":"application/json","enqueuedTime":"2022-10-13 20:00:00"}}
{"Body":{"Status":true,"Timestamp":"2022-10-13 20:00:00","pressure":"88.1795220670898"},"EnqueuedTimeUtc":"2022-10-13 20:00:00","Properties":{"messagetype":"Demo"},"SystemProperties":{"connectionAuthMethod":"{\"scope\":\"device\",\"type\":\"sas\",\"issuer\":\"iothub\",\"acceptingIpFilterRule\":null}","connectionDeviceGenerationId":"638052891151821842","connectionDeviceId":"IOTDevice_1_3","contentEncoding":"utf-8","contentType":"application/json","enqueuedTime":"2022-10-13 20:00:00"}}
{"Body":{"Status":true,"Timestamp":"2022-10-13 20:00:00","vibration":"31.5826224167825"},"EnqueuedTimeUtc":"2022-10-13 20:00:00","Properties":{"messagetype":"Demo"},"SystemProperties":{"connectionAuthMethod":"{\"scope\":\"device\",\"type\":\"sas\",\"issuer\":\"iothub\",\"acceptingIpFilterRule\":null}","connectionDeviceGenerationId":"638052891151821842","connectionDeviceId":"IOTDevice_1_4","contentEncoding":"utf-8","contentType":"application/json","enqueuedTime":"2022-10-13 20:00:00"}}
{"Body":{"Status":true,"Timestamp":"2022-10-13 21:00:00","volt":"204.466664485189"},"EnqueuedTimeUtc":"2022-10-13 21:00:00","Properties":{"messagetype":"Demo"},"SystemProperties":{"connectionAuthMethod":"{\"scope\":\"device\",\"type\":\"sas\",\"issuer\":\"iothub\",\"acceptingIpFilterRule\":null}","connectionDeviceGenerationId":"638052891151821842","connectionDeviceId":"IOTDevice_1_1","contentEncoding":"utf-8","contentType":"application/json","enqueuedTime":"2022-10-13 21:00:00"}}
{"Body":{"Status":true,"Timestamp":"2022-10-13 21:00:00","rotate":"490.736678665659"},"EnqueuedTimeUtc":"2022-10-13 21:00:00","Properties":{"messagetype":"Demo"},"SystemProperties":{"connectionAuthMethod":"{\"scope\":\"device\",\"type\":\"sas\",\"issuer\":\"iothub\",\"acceptingIpFilterRule\":null}","connectionDeviceGenerationId":"638052891151821842","connectionDeviceId":"IOTDevice_1_2","contentEncoding":"utf-8","contentType":"application/json","enqueuedTime":"2022-10-13 21:00:00"}}
{"Body":{"Status":true,"Timestamp":"2022-10-13 21:00:00","pressure":"96.1712778420674"},"EnqueuedTimeUtc":"2022-10-13 21:00:00","Properties":{"messagetype":"Demo"},"SystemProperties":{"connectionAuthMethod":"{\"scope\":\"device\",\"type\":\"sas\",\"issuer\":\"iothub\",\"acceptingIpFilterRule\":null}","connectionDeviceGenerationId":"638052891151821842","connectionDeviceId":"IOTDevice_1_3","contentEncoding":"utf-8","contentType":"application/json","enqueuedTime":"2022-10-13 21:00:00"}}
{"Body":{"Status":true,"Timestamp":"2022-10-13 21:00:00","vibration":"45.552994089826"},"EnqueuedTimeUtc":"2022-10-13 21:00:00","Properties":{"messagetype":"Demo"},"SystemProperties":{"connectionAuthMethod":"{\"scope\":\"device\",\"type\":\"sas\",\"issuer\":\"iothub\",\"acceptingIpFilterRule\":null}","connectionDeviceGenerationId":"638052891151821842","connectionDeviceId":"IOTDevice_1_4","contentEncoding":"utf-8","contentType":"application/json","enqueuedTime":"2022-10-13 21:00:00"}}
{"Body":{"Status":true,"Timestamp":"2022-10-13 22:00:00","volt":"178.530651932617"},"EnqueuedTimeUtc":"2022-10-13 22:00:00","Properties":{"messagetype":"Demo"},"SystemProperties":{"connectionAuthMethod":"{\"scope\":\"device\",\"type\":\"sas\",\"issuer\":\"iothub\",\"acceptingIpFilterRule\":null}","connectionDeviceGenerationId":"638052891151821842","connectionDeviceId":"IOTDevice_1_1","contentEncoding":"utf-8","contentType":"application/json","enqueuedTime":"2022-10-13 22:00:00"}}
{"Body":{"Status":true,"Timestamp":"2022-10-13 22:00:00","rotate":"446.286281793586"},"EnqueuedTimeUtc":"2022-10-13 22:00:00","Properties":{"messagetype":"Demo"},"SystemProperties":{"connectionAuthMethod":"{\"scope\":\"device\",\"type\":\"sas\",\"issuer\":\"iothub\",\"acceptingIpFilterRule\":null}","connectionDeviceGenerationId":"638052891151821842","connectionDeviceId":"IOTDevice_1_2","contentEncoding":"utf-8","contentType":"application/json","enqueuedTime":"2022-10-13 22:00:00"}}
{"Body":{"Status":true,"Timestamp":"2022-10-13 22:00:00","pressure":"98.721663579781"},"EnqueuedTimeUtc":"2022-10-13 22:00:00","Properties":{"messagetype":"Demo"},"SystemProperties":{"connectionAuthMethod":"{\"scope\":\"device\",\"type\":\"sas\",\"issuer\":\"iothub\",\"acceptingIpFilterRule\":null}","connectionDeviceGenerationId":"638052891151821842","connectionDeviceId":"IOTDevice_1_3","contentEncoding":"utf-8","contentType":"application/json","enqueuedTime":"2022-10-13 22:00:00"}}
{"Body":{"Status":true,"Timestamp":"2022-10-13 22:00:00","vibration":"31.3394917824832"},"EnqueuedTimeUtc":"2022-10-13 22:00:00","Properties":{"messagetype":"Demo"},"SystemProperties":{"connectionAuthMethod":"{\"scope\":\"device\",\"type\":\"sas\",\"issuer\":\"iothub\",\"acceptingIpFilterRule\":null}","connectionDeviceGenerationId":"638052891151821842","connectionDeviceId":"IOTDevice_1_4","contentEncoding":"utf-8","contentType":"application/json","enqueuedTime":"2022-10-13 22:00:00"}}
{"Body":{"Status":true,"Timestamp":"2022-10-13 23:00:00","volt":"156.706748250827"},"EnqueuedTimeUtc":"2022-10-13 23:00:00","Properties":{"messagetype":"Demo"},"SystemProperties":{"connectionAuthMethod":"{\"scope\":\"device\",\"type\":\"sas\",\"issuer\":\"iothub\",\"acceptingIpFilterRule\":null}","connectionDeviceGenerationId":"638052891151821842","connectionDeviceId":"IOTDevice_1_1","contentEncoding":"utf-8","contentType":"application/json","enqueuedTime":"2022-10-13 23:00:00"}}
{"Body":{"Status":true,"Timestamp":"2022-10-13 23:00:00","rotate":"425.24002726409"},"EnqueuedTimeUtc":"2022-10-13 23:00:00","Properties":{"messagetype":"Demo"},"SystemProperties":{"connectionAuthMethod":"{\"scope\":\"device\",\"type\":\"sas\",\"issuer\":\"iothub\",\"acceptingIpFilterRule\":null}","connectionDeviceGenerationId":"638052891151821842","connectionDeviceId":"IOTDevice_1_2","contentEncoding":"utf-8","contentType":"application/json","enqueuedTime":"2022-10-13 23:00:00"}}
{"Body":{"Status":true,"Timestamp":"2022-10-13 23:00:00","pressure":"95.9651518585842"},"EnqueuedTimeUtc":"2022-10-13 23:00:00","Properties":{"messagetype":"Demo"},"SystemProperties":{"connectionAuthMethod":"{\"scope\":\"device\",\"type\":\"sas\",\"issuer\":\"iothub\",\"acceptingIpFilterRule\":null}","connectionDeviceGenerationId":"638052891151821842","connectionDeviceId":"IOTDevice_1_3","contentEncoding":"utf-8","contentType":"application/json","enqueuedTime":"2022-10-13 23:00:00"}}
{"Body":{"Status":true,"Timestamp":"2022-10-13 23:00:00","vibration":"34.3047267823721"},"EnqueuedTimeUtc":"2022-10-13 23:00:00","Properties":{"messagetype":"Demo"},"SystemProperties":{"connectionAuthMethod":"{\"scope\":\"device\",\"type\":\"sas\",\"issuer\":\"iothub\",\"acceptingIpFilterRule\":null}","connectionDeviceGenerationId":"638052891151821842","connectionDeviceId":"IOTDevice_1_4","contentEncoding":"utf-8","contentType":"application/json","enqueuedTime":"2022-10-13 23:00:00"}}
{"Body":{"Status":true,"Timestamp":"2022-10-13 00:00:00","volt":"154.723822022123"},"EnqueuedTimeUtc":"2022-10-13 00:00:00","Properties":{"messagetype":"Demo"},"SystemProperties":{"connectionAuthMethod":"{\"scope\":\"device\",\"type\":\"sas\",\"issuer\":\"iothub\",\"acceptingIpFilterRule\":null}","connectionDeviceGenerationId":"638052891151821842","connectionDeviceId":"IOTDevice_2_1","contentEncoding":"utf-8","contentType":"application/json","enqueuedTime":"2022-10-13 00:00:00"}}
{"Body":{"Status":true,"Timestamp":"2022-10-13 00:00:00","rotate":"436.979602245228"},"EnqueuedTimeUtc":"2022-10-13 00:00:00","Properties":{"messagetype":"Demo"},"SystemProperties":{"connectionAuthMethod":"{\"scope\":\"device\",\"type\":\"sas\",\"issuer\":\"iothub\",\"acceptingIpFilterRule\":null}","connectionDeviceGenerationId":"638052891151821842","connectionDeviceId":"IOTDevice_2_2","contentEncoding":"utf-8","contentType":"application/json","enqueuedTime":"2022-10-13 00:00:00"}}
{"Body":{"Status":true,"Timestamp":"2022-10-13 00:00:00","pressure":"103.809543556132"},"EnqueuedTimeUtc":"2022-10-13 00:00:00","Properties":{"messagetype":"Demo"},"SystemProperties":{"connectionAuthMethod":"{\"scope\":\"device\",\"type\":\"sas\",\"issuer\":\"iothub\",\"acceptingIpFilterRule\":null}","connectionDeviceGenerationId":"638052891151821842","connectionDeviceId":"IOTDevice_2_3","contentEncoding":"utf-8","contentType":"application/json","enqueuedTime":"2022-10-13 00:00:00"}}
{"Body":{"Status":true,"Timestamp":"2022-10-13 00:00:00","vibration":"41.7830020134741"},"EnqueuedTimeUtc":"2022-10-13 00:00:00","Properties":{"messagetype":"Demo"},"SystemProperties":{"connectionAuthMethod":"{\"scope\":\"device\",\"type\":\"sas\",\"issuer\":\"iothub\",\"acceptingIpFilterRule\":null}","connectionDeviceGenerationId":"638052891151821842","connectionDeviceId":"IOTDevice_2_4","contentEncoding":"utf-8","contentType":"application/json","enqueuedTime":"2022-10-13 00:00:00"}}
{"Body":{"Status":true,"Timestamp":"2022-10-13 01:00:00","volt":"164.72745240571"},"EnqueuedTimeUtc":"2022-10-13 01:00:00","Properties":{"messagetype":"Demo"},"SystemProperties":{"connectionAuthMethod":"{\"scope\":\"device\",\"type\":\"sas\",\"issuer\":\"iothub\",\"acceptingIpFilterRule\":null}","connectionDeviceGenerationId":"638052891151821842","connectionDeviceId":"IOTDevice_2_1","contentEncoding":"utf-8","contentType":"application/json","enqueuedTime":"2022-10-13 01:00:00"}}
{"Body":{"Status":true,"Timestamp":"2022-10-13 01:00:00","rotate":"433.517913295089"},"EnqueuedTimeUtc":"2022-10-13 01:00:00","Properties":{"messagetype":"Demo"},"SystemProperties":{"connectionAuthMethod":"{\"scope\":\"device\",\"type\":\"sas\",\"issuer\":\"iothub\",\"acceptingIpFilterRule\":null}","connectionDeviceGenerationId":"638052891151821842","connectionDeviceId":"IOTDevice_2_2","contentEncoding":"utf-8","contentType":"application/json","enqueuedTime":"2022-10-13 01:00:00"}}
{"Body":{"Status":true,"Timestamp":"2022-10-13 01:00:00","pressure":"107.973776385535"},"EnqueuedTimeUtc":"2022-10-13 01:00:00","Properties":{"messagetype":"Demo"},"SystemProperties":{"connectionAuthMethod":"{\"scope\":\"device\",\"type\":\"sas\",\"issuer\":\"iothub\",\"acceptingIpFilterRule\":null}","connectionDeviceGenerationId":"638052891151821842","connectionDeviceId":"IOTDevice_2_3","contentEncoding":"utf-8","contentType":"application/json","enqueuedTime":"2022-10-13 01:00:00"}}
{"Body":{"Status":true,"Timestamp":"2022-10-13 01:00:00","vibration":"38.4269286308563"},"EnqueuedTimeUtc":"2022-10-13 01:00:00","Properties":{"messagetype":"Demo"},"SystemProperties":{"connectionAuthMethod":"{\"scope\":\"device\",\"type\":\"sas\",\"issuer\":\"iothub\",\"acceptingIpFilterRule\":null}","connectionDeviceGenerationId":"638052891151821842","connectionDeviceId":"IOTDevice_2_4","contentEncoding":"utf-8","contentType":"application/json","enqueuedTime":"2022-10-13 01:00:00"}}
{"Body":{"Status":true,"Timestamp":"2022-10-13 02:00:00","volt":"159.042180657572"},"EnqueuedTimeUtc":"2022-10-13 02:00:00","Properties":{"messagetype":"Demo"},"SystemProperties":{"connectionAuthMethod":"{\"scope\":\"device\",\"type\":\"sas\",\"issuer\":\"iothub\",\"acceptingIpFilterRule\":null}","connectionDeviceGenerationId":"638052891151821842","connectionDeviceId":"IOTDevice_2_1","contentEncoding":"utf-8","contentType":"application/json","enqueuedTime":"2022-10-13 02:00:00"}}
{"Body":{"Status":true,"Timestamp":"2022-10-13 02:00:00","rotate":"375.066809143195"},"EnqueuedTimeUtc":"2022-10-13 02:00:00","Properties":{"messagetype":"Demo"},"SystemProperties":{"connectionAuthMethod":"{\"scope\":\"device\",\"type\":\"sas\",\"issuer\":\"iothub\",\"acceptingIpFilterRule\":null}","connectionDeviceGenerationId":"638052891151821842","connectionDeviceId":"IOTDevice_2_2","contentEncoding":"utf-8","contentType":"application/json","enqueuedTime":"2022-10-13 02:00:00"}}
{"Body":{"Status":true,"Timestamp":"2022-10-13 02:00:00","pressure":"96.5041831794497"},"EnqueuedTimeUtc":"2022-10-13 02:00:00","Properties":{"messagetype":"Demo"},"SystemProperties":{"connectionAuthMethod":"{\"scope\":\"device\",\"type\":\"sas\",\"issuer\":\"iothub\",\"acceptingIpFilterRule\":null}","connectionDeviceGenerationId":"638052891151821842","connectionDeviceId":"IOTDevice_2_3","contentEncoding":"utf-8","contentType":"application/json","enqueuedTime":"2022-10-13 02:00:00"}}
{"Body":{"Status":true,"Timestamp":"2022-10-13 02:00:00","vibration":"45.021258100934"},"EnqueuedTimeUtc":"2022-10-13 02:00:00","Properties":{"messagetype":"Demo"},"SystemProperties":{"connectionAuthMethod":"{\"scope\":\"device\",\"type\":\"sas\",\"issuer\":\"iothub\",\"acceptingIpFilterRule\":null}","connectionDeviceGenerationId":"638052891151821842","connectionDeviceId":"IOTDevice_2_4","contentEncoding":"utf-8","contentType":"application/json","enqueuedTime":"2022-10-13 02:00:00"}}
{"Body":{"Status":true,"Timestamp":"2022-10-13 03:00:00","volt":"192.973179566334"},"EnqueuedTimeUtc":"2022-10-13 03:00:00","Properties":{"messagetype":"Demo"},"SystemProperties":{"connectionAuthMethod":"{\"scope\":\"device\",\"type\":\"sas\",\"issuer\":\"iothub\",\"acceptingIpFilterRule\":null}","connectionDeviceGenerationId":"638052891151821842","connectionDeviceId":"IOTDevice_2_1","contentEncoding":"utf-8","contentType":"application/json","enqueuedTime":"2022-10-13 03:00:00"}}
{"Body":{"Status":true,"Timestamp":"2022-10-13 03:00:00","rotate":"430.176239257201"},"EnqueuedTimeUtc":"2022-10-13 03:00:00","Properties":{"messagetype":"Demo"},"SystemProperties":{"connectionAuthMethod":"{\"scope\":\"device\",\"type\":\"sas\",\"issuer\":\"iothub\",\"acceptingIpFilterRule\":null}","connectionDeviceGenerationId":"638052891151821842","connectionDeviceId":"IOTDevice_2_2","contentEncoding":"utf-8","contentType":"application/json","enqueuedTime":"2022-10-13 03:00:00"}}
{"Body":{"Status":true,"Timestamp":"2022-10-13 03:00:00","pressure":"102.325713673159"},"EnqueuedTimeUtc":"2022-10-13 03:00:00","Properties":{"messagetype":"Demo"},"SystemProperties":{"connectionAuthMethod":"{\"scope\":\"device\",\"type\":\"sas\",\"issuer\":\"iothub\",\"acceptingIpFilterRule\":null}","connectionDeviceGenerationId":"638052891151821842","connectionDeviceId":"IOTDevice_2_3","contentEncoding":"utf-8","contentType":"application/json","enqueuedTime":"2022-10-13 03:00:00"}}
{"Body":{"Status":true,"Timestamp":"2022-10-13 03:00:00","vibration":"42.9315484520852"},"EnqueuedTimeUtc":"2022-10-13 03:00:00","Properties":{"messagetype":"Demo"},"SystemProperties":{"connectionAuthMethod":"{\"scope\":\"device\",\"type\":\"sas\",\"issuer\":\"iothub\",\"acceptingIpFilterRule\":null}","connectionDeviceGenerationId":"638052891151821842","connectionDeviceId":"IOTDevice_2_4","contentEncoding":"utf-8","contentType":"application/json","enqueuedTime":"2022-10-13 03:00:00"}}
{"Body":{"Status":true,"Timestamp":"2022-10-13 04:00:00","volt":"165.207115180045"},"EnqueuedTimeUtc":"2022-10-13 04:00:00","Properties":{"messagetype":"Demo"},"SystemProperties":{"connectionAuthMethod":"{\"scope\":\"device\",\"type\":\"sas\",\"issuer\":\"iothub\",\"acceptingIpFilterRule\":null}","connectionDeviceGenerationId":"638052891151821842","connectionDeviceId":"IOTDevice_2_1","contentEncoding":"utf-8","contentType":"application/json","enqueuedTime":"2022-10-13 04:00:00"}}
{"Body":{"Status":true,"Timestamp":"2022-10-13 04:00:00","rotate":"469.258012841184"},"EnqueuedTimeUtc":"2022-10-13 04:00:00","Properties":{"messagetype":"Demo"},"SystemProperties":{"connectionAuthMethod":"{\"scope\":\"device\",\"type\":\"sas\",\"issuer\":\"iothub\",\"acceptingIpFilterRule\":null}","connectionDeviceGenerationId":"638052891151821842","connectionDeviceId":"IOTDevice_2_2","contentEncoding":"utf-8","contentType":"application/json","enqueuedTime":"2022-10-13 04:00:00"}}
{"Body":{"Status":true,"Timestamp":"2022-10-13 04:00:00","pressure":"103.421173314302"},"EnqueuedTimeUtc":"2022-10-13 04:00:00","Properties":{"messagetype":"Demo"},"SystemProperties":{"connectionAuthMethod":"{\"scope\":\"device\",\"type\":\"sas\",\"issuer\":\"iothub\",\"acceptingIpFilterRule\":null}","connectionDeviceGenerationId":"638052891151821842","connectionDeviceId":"IOTDevice_2_3","contentEncoding":"utf-8","contentType":"application/json","enqueuedTime":"2022-10-13 04:00:00"}}
{"Body":{"Status":true,"Timestamp":"2022-10-13 04:00:00","vibration":"50.2262687999048"},"EnqueuedTimeUtc":"2022-10-13 04:00:00","Properties":{"messagetype":"Demo"},"SystemProperties":{"connectionAuthMethod":"{\"scope\":\"device\",\"type\":\"sas\",\"issuer\":\"iothub\",\"acceptingIpFilterRule\":null}","connectionDeviceGenerationId":"638052891151821842","connectionDeviceId":"IOTDevice_2_4","contentEncoding":"utf-8","contentType":"application/json","enqueuedTime":"2022-10-13 04:00:00"}}
{"Body":{"Status":true,"Timestamp":"2022-10-13 05:00:00","volt":"197.238937138117"},"EnqueuedTimeUtc":"2022-10-13 05:00:00","Properties":{"messagetype":"Demo"},"SystemProperties":{"connectionAuthMethod":"{\"scope\":\"device\",\"type\":\"sas\",\"issuer\":\"iothub\",\"acceptingIpFilterRule\":null}","connectionDeviceGenerationId":"638052891151821842","connectionDeviceId":"IOTDevice_2_1","contentEncoding":"utf-8","contentType":"application/json","enqueuedTime":"2022-10-13 05:00:00"}}
{"Body":{"Status":true,"Timestamp":"2022-10-13 05:00:00","rotate":"497.283626255619"},"EnqueuedTimeUtc":"2022-10-13 05:00:00","Properties":{"messagetype":"Demo"},"SystemProperties":{"connectionAuthMethod":"{\"scope\":\"device\",\"type\":\"sas\",\"issuer\":\"iothub\",\"acceptingIpFilterRule\":null}","connectionDeviceGenerationId":"638052891151821842","connectionDeviceId":"IOTDevice_2_2","contentEncoding":"utf-8","contentType":"application/json","enqueuedTime":"2022-10-13 05:00:00"}}
{"Body":{"Status":true,"Timestamp":"2022-10-13 05:00:00","pressure":"95.9441334109294"},"EnqueuedTimeUtc":"2022-10-13 05:00:00","Properties":{"messagetype":"Demo"},"SystemProperties":{"connectionAuthMethod":"{\"scope\":\"device\",\"type\":\"sas\",\"issuer\":\"iothub\",\"acceptingIpFilterRule\":null}","connectionDeviceGenerationId":"638052891151821842","connectionDeviceId":"IOTDevice_2_3","contentEncoding":"utf-8","contentType":"application/json","enqueuedTime":"2022-10-13 05:00:00"}}
{"Body":{"Status":true,"Timestamp":"2022-10-13 05:00:00","vibration":"36.0434721146056"},"EnqueuedTimeUtc":"2022-10-13 05:00:00","Properties":{"messagetype":"Demo"},"SystemProperties":{"connectionAuthMethod":"{\"scope\":\"device\",\"type\":\"sas\",\"issuer\":\"iothub\",\"acceptingIpFilterRule\":null}","connectionDeviceGenerationId":"638052891151821842","connectionDeviceId":"IOTDevice_2_4","contentEncoding":"utf-8","contentType":"application/json","enqueuedTime":"2022-10-13 05:00:00"}}
