{"Body":{"Status":true,"Timestamp":"2022-10-14 00:00:00","volt":"169.432745825988"},"EnqueuedTimeUtc":"2022-10-14 00:00:00","Properties":{"messagetype":"Demo"},"SystemProperties":{"connectionAuthMethod":"{\"scope\":\"device\",\"type\":\"sas\",\"issuer\":\"iothub\",\"acceptingIpFilterRule\":null}","connectionDeviceGenerationId":"638052891151821842","connectionDeviceId":"IOTDevice_1_1","contentEncoding":"utf-8","contentType":"application/json","enqueuedTime":"2022-10-14 00:00:00"}}
{"Body":{"Status":true,"Timestamp":"2022-10-14 00:00:00","rotate":"445.065971933859"},"EnqueuedTimeUtc":"2022-10-14 00:00:00","Properties":{"messagetype":"Demo"},"SystemProperties":{"connectionAuthMethod":"{\"scope\":\"device\",\"type\":\"sas\",\"issuer\":\"iothub\",\"acceptingIpFilterRule\":null}","connectionDeviceGenerationId":"638052891151821842","connectionDeviceId":"IOTDevice_1_2","contentEncoding":"utf-8","contentType":"application/json","enqueuedTime":"2022-10-14 00:00:00"}}
{"Body":{"Status":true,"Timestamp":"2022-10-14 00:00:00","pressure":"107.642427896618"},"EnqueuedTimeUtc":"2022-10-14 00:00:00","Properties":{"messagetype":"Demo"},"SystemProperties":{"connectionAuthMethod":"{\"scope\":\"device\",\"type\":\"sas\",\"issuer\":\"iothub\",\"acceptingIpFilterRule\":null}","connectionDeviceGenerationId":"638052891151821842","connectionDeviceId":"IOTDevice_1_3","contentEncoding":"utf-8","contentType":"application/json","enqueuedTime":"2022-10-14 00:00:00"}}
{"Body":{"Status":true,"Timestamp":"2022-10-14 00:00:00","vibration":"42.0480293014754"},"EnqueuedTimeUtc":"2022-10-14 00:00:00","Properties":{"messagetype":"Demo"},"SystemProperties":{"connectionAuthMethod":"{\"scope\":\"device\",\"type\":\"sas\",\"issuer\":\"iothub\",\"acceptingIpFilterRule\":null}","connectionDeviceGenerationId":"638052891151821842","connectionDeviceId":"IOTDevice_1_4","contentEncoding":"utf-8","contentType":"application/json","enqueuedTime":"2022-10-14 00:00:00"}}
{"Body":{"Status":true,"Timestamp":"2022-10-14 01:00:00","volt":"168.321116371202"},"EnqueuedTimeUtc":"2022-10-14 01:00:00","Properties":{"messagetype":"Demo"},"SystemProperties":{"connectionAuthMethod":"{\"scope\":\"device\",\"type\":\"sas\",\"issuer\":\"iothub\",\"acceptingIpFilterRule\":null}","connectionDeviceGenerationId":"638052891151821842","connectionDeviceId":"IOTDevice_1_1","contentEncoding":"utf-8","contentType":"application/json","enqueuedTime":"2022-10-14 01:00:00"}}
{"Body":{"Status":true,"Timestamp":"2022-10-14 01:00:00","rotate":"338.487868788044"},"EnqueuedTimeUtc":"2022-10-14 01:00:00","Properties":{"messagetype":"Demo"},"SystemProperties":{"connectionAuthMethod":"{\"scope\":\"device\",\"type\":\"sas\",\"issuer\":\"iothub\",\"acceptingIpFilterRule\":null}","connectionDeviceGenerationId":"638052891151821842","connectionDeviceId":"IOTDevice_1_2","contentEncoding":"utf-8","contentType":"application/json","enqueuedTime":"2022-10-14 01:00:00"}}
{"Body":{"Status":true,"Timestamp":"2022-10-14 01:00:00","pressure":"110.69894383409"},"EnqueuedTimeUtc":"2022-10-14 01:00:00","Properties":{"messagetype":"Demo"},"SystemProperties":{"connectionAuthMethod":"{\"scope\":\"device\",\"type\":\"sas\",\"issuer\":\"iothub\",\"acceptingIpFilterRule\":null}","connectionDeviceGenerationId":"638052891151821842","connectionDeviceId":"IOTDevice_1_3","contentEncoding":"utf-8","contentType":"application/json","enqueuedTime":"2022-10-14 01:00:00"}}
{"Body":{"Status":true,"Timestamp":"2022-10-14 01:00:00","vibration":"37.9448336362636"},"EnqueuedTimeUtc":"2022-10-14 01:00:00","Properties":{"messagetype":"Demo"},"SystemProperties":{"connectionAuthMethod":"{\"scope\":\"device\",\"type\":\"sas\",\"issuer\":\"iothub\",\"acceptingIpFilterRule\":null}","connectionDeviceGenerationId":"638052891151821842","connectionDeviceId":"IOTDevice_1_4","contentEncoding":"utf-8","contentType":"application/json","enqueuedTime":"2022-10-14 01:00:00"}}
{"Body":{"Status":true,"Timestamp":"2022-10-14 02:00:00","volt":"178.738198300066"},"EnqueuedTimeUtc":"2022-10-14 02:00:00","Properties":{"messagetype":"Demo"},"SystemProperties":{"connectionAuthMethod":"{\"scope\":\"device\",\"type\":\"sas\",\"issuer\":\"iothub\",\"acceptingIpFilterRule\":null}","connectionDeviceGenerationId":"638052891151821842","connectionDeviceId":"IOTDevice_1_1","contentEncoding":"utf-8","contentType":"application/json","enqueuedTime":"2022-10-14 02:00:00"}}
{"Body":{"Status":true,"Timestamp":"2022-10-14 02:00:00","rotate":"417.813198374747"},"EnqueuedTimeUtc":"2022-10-14 02:00:00","Properties":{"messagetype":"Demo"},"SystemProperties":{"connectionAuthMethod":"{\"scope\":\"device\",\"type\":\"sas\",\"issuer\":\"iothub\",\"acceptingIpFilterRule\":null}","connectionDeviceGenerationId":"638052891151821842","connectionDeviceId":"IOTDevice_1_2","contentEncoding":"utf-8","contentType":"application/json","enqueuedTime":"2022-10-14 02:00:00"}}
{"Body":{"Status":true,"Timestamp":"2022-10-14 02:00:00","pressure":"88.7484071595478"},"EnqueuedTimeUtc":"2022-10-14 02:00:00","Properties":{"messagetype":"Demo"},"SystemProperties":{"connectionAuthMethod":"{\"scope\":\"device\",\"type\":\"sas\",\"issuer\":\"iothub\",\"acceptingIpFilterRule\":null}","connectionDeviceGenerationId":"638052891151821842","connectionDeviceId":"IOTDevice_1_3","contentEncoding":"utf-8","contentType":"application/json","enqueuedTime":"2022-10-14 02:00:00"}}
{"Body":{"Status":true,"Timestamp":"2022-10-14 02:00:00","vibration":"35.6759683295274"},"EnqueuedTimeUtc":"2022-10-14 02:00:00","Properties":{"messagetype":"Demo"},"SystemProperties":{"connectionAuthMethod":"{\"scope\":\"device\",\"type\":\"sas\",\"issuer\":\"iothub\",\"acceptingIpFilterRule\":null}","connectionDeviceGenerationId":"638052891151821842","connectionDeviceId":"IOTDevice_1_4","contentEncoding":"utf-8","contentType":"application/json","enqueuedTime":"2022-10-14 02:00:00"}}
{"Body":{"Status":true,"Timestamp":"2022-10-14 03:00:00","volt":"156.640918948149"},"EnqueuedTimeUtc":"2022-10-14 03:00:00","Properties":{"messagetype":"Demo"},"SystemProperties":{"connectionAuthMethod":"{\"scope\":\"device\",\"type\":\"sas\",\"issuer\":\"iothub\",\"acceptingIpFilterRule\":null}","connectionDeviceGenerationId":"638052891151821842","connectionDeviceId":"IOTDevice_1_1","contentEncoding":"utf-8","contentType":"application/json","enqueuedTime":"2022-10-14 03:00:00"}}
{"Body":{"Status":true,"Timestamp":"2022-10-14 03:00:00","rotate":"448.340402195851"},"EnqueuedTimeUtc":"2022-10-14 03:00:00","Properties":{"messagetype":"Demo"},"SystemProperties":{"connectionAuthMethod":"{\"scope\":\"device\",\"type\":\"sas\",\"issuer\":\"iothub\",\"acceptingIpFilterRule\":null}","connectionDeviceGenerationId":"638052891151821842","connectionDeviceId":"IOTDevice_1_2","contentEncoding":"utf-8","contentType":"application/json","enqueuedTime":"2022-10-14 03:00:00"}}
{"Body":{"Status":true,"Timestamp":"2022-10-14 03:00:00","pressure":"109.453981995898"},"EnqueuedTimeUtc":"2022-10-14 03:00:00","Properties":{"messagetype":"Demo"},"SystemProperties":{"connectionAuthMethod":"{\"scope\":\"device\",\"type\":\"sas\",\"issuer\":\"iothub\",\"acceptingIpFilterRule\":null}","connectionDeviceGenerationId":"638052891151821842","connectionDeviceId":"IOTDevice_1_3","contentEncoding":"utf-8","contentType":"application/json","enqueuedTime":"2022-10-14 03:00:00"}}
{"Body":{"Status":true,"Timestamp":"2022-10-14 03:00:00","vibration":"32.2562031472959"},"EnqueuedTimeUtc":"2022-10-14 03:00:00","Properties":{"messagetype":"Demo"},"SystemProperties":{"connectionAuthMethod":"{\"scope\":\"device\",\"type\":\"sas\",\"issuer\":\"iothub\",\"acceptingIpFilterRule\":null}","connectionDeviceGenerationId":"638052891151821842","connectionDeviceId":"IOTDevice_1_4","contentEncoding":"utf-8","contentType":"application/json","enqueuedTime":"2022-10-14 03:00:00"}}
{"Body":{"Status":true,"Timestamp":"2022-10-14 04:00:00","volt":"138.17087857981"},"EnqueuedTimeUtc":"2022-10-14 04:00:00","Properties":{"messagetype":"Demo"},"SystemProperties":{"connectionAuthMethod":"{\"scope\":\"device\",\"type\":\"sas\",\"issuer\":\"iothub\",\"acceptingIpFilterRule\":null}","connectionDeviceGenerationId":"638052891151821842","connectionDeviceId":"IOTDevice_1_1","contentEncoding":"utf-8","contentType":"application/json","enqueuedTime":"2022-10-14 04:00:00"}}
{"Body":{"Status":true,"Timestamp":"2022-10-14 04:00:00","rotate":"380.973084139318"},"EnqueuedTimeUtc":"2022-10-14 04:00:00","Properties":{"messagetype":"Demo"},"SystemProperties":{"connectionAuthMethod":"{\"scope\":\"device\",\"type\":\"sas\",\"issuer\":\"iothub\",\"acceptingIpFilterRule\":null}","connectionDeviceGenerationId":"638052891151821842","connectionDeviceId":"IOTDevice_1_2","contentEncoding":"utf-8","contentType":"application/json","enqueuedTime":"2022-10-14 04:00:00"}}
{"Body":{"Status":true,"Timestamp":"2022-10-14 04:00:00","pressure":"92.6424820879398"},"EnqueuedTimeUtc":"2022-10-14 04:00:00","Properties":{"messagetype":"Demo"},"SystemProperties":{"connectionAuthMethod":"{\"scope\":\"device\",\"type\":\"sas\",\"issuer\":\"iothub\",\"acceptingIpFilterRule\":null}","connectionDeviceGenerationId":"638052891151821842","connectionDeviceId":"IOTDevice_1_3","contentEncoding":"utf-8","contentType":"application/json","enqueuedTime":"2022-10-14 04:00:00"}}
{"Body":{"Status":true,"Timestamp":"2022-10-14 04:00:00","vibration":"33.631539618704"},"EnqueuedTimeUtc":"2022-10-14 04:00:00","Properties":{"messagetype":"Demo"},"SystemProperties":{"connectionAuthMethod":"{\"scope\":\"device\",\"type\":\"sas\",\"issuer\":\"iothub\",\"acceptingIpFilterRule\":null}","connectionDeviceGenerationId":"638052891151821842","connectionDeviceId":"IOTDevice_1_4","contentEncoding":"utf-8","contentType":"application/json","enqueuedTime":"2022-10-14 04:00:00"}}
{"Body":{"Status":true,"Timestamp":"2022-10-14 05:00:00","volt":"182.338148679828"},"EnqueuedTimeUtc":"2022-10-14 05:00:00","Properties":{"messagetype":"Demo"},"SystemProperties":{"connectionAuthMethod":"{\"scope\":\"device\",\"type\":\"sas\",\"issuer\":\"iothub\",\"acceptingIpFilterRule\":null}","connectionDeviceGenerationId":"638052891151821842","connectionDeviceId":"IOTDevice_1_1","contentEncoding":"utf-8","contentType":"application/json","enqueuedTime":"2022-10-14 05:00:00"}}
{"Body":{"Status":true,"Timestamp":"2022-10-14 05:00:00","rotate":"365.749922632539"},"EnqueuedTimeUtc":"2022-10-14 05:00:00","Properties":{"messagetype":"Demo"},"SystemProperties":{"connectionAuthMethod":"{\"scope\":\"device\",\"type\":\"sas\",\"issuer\":\"iothub\",\"acceptingIpFilterRule\":null}","connectionDeviceGenerationId":"638052891151821842","connectionDeviceId":"IOTDevice_1_2","contentEncoding":"utf-8","contentType":"application/json","enqueuedTime":"2022-10-14 05:00:00"}}
{"Body":{"Status":true,"Timestamp":"2022-10-14 05:00:00","pressure":"106.133976972431"},"EnqueuedTimeUtc":"2022-10-14 05:00:00","Properties":{"messagetype":"Demo"},"SystemProperties":{"connectionAuthMethod":"{\"scope\":\"device\",\"type\":\"sas\",\"issuer\":\"iothub\",\"acceptingIpFilterRule\":null}","connectionDeviceGenerationId":"638052891151821842","connectionDeviceId":"IOTDevice_1_3","contentEncoding":"utf-8","contentType":"application/json","enqueuedTime":"2022-10-14 05:00:00"}}
{"Body":{"Status":true,"Timestamp":"2022-10-14 05:00:00","vibration":"45.87373824007"},"EnqueuedTimeUtc":"2022-10-14 05:00:00","Properties":{"messagetype":"Demo"},"SystemProperties":{"connectionAuthMethod":"{\"scope\":\"device\",\"type\":\"sas\",\"issuer\":\"iothub\",\"acceptingIpFilterRule\":null}","connectionDeviceGenerationId":"638052891151821842","connectionDeviceId":"IOTDevice_1_4","contentEncoding":"utf-8","contentType":"application/json","enqueuedTime":"2022-10-14 05:00:00"}}
{"Body":{"Status":true,"Timestamp":"2022-10-14 06:00:00","volt":"181.539648398702"},"EnqueuedTimeUtc":"2022-10-14 06:00:00","Properties":{"messagetype":"Demo"},"SystemProperties":{"connectionAuthMethod":"{\"scope\":\"device\",\"type\":\"sas\",\"issuer\":\"iothub\",\"acceptingIpFilterRule\":null}","connectionDeviceGenerationId":"638052891151821842","connectionDeviceId":"IOTDevice_1_1","contentEncoding":"utf-8","contentType":"application/json","enqueuedTime":"2022-10-14 06:00:00"}}
{"Body":{"Status":true,"Timestamp":"2022-10-14 06:00:00","rotate":"406.440082095225"},"EnqueuedTimeUtc":"2022-10-14 06:00:00","Properties":{"messagetype":"Demo"},"SystemProperties":{"connectionAuthMethod":"{\"scope\":\"device\",\"type\":\"sas\",\"issuer\":\"iothub\",\"acceptingIpFilterRule\":null}","connectionDeviceGenerationId":"638052891151821842","connectionDeviceId":"IOTDevice_1_2","contentEncoding":"utf-8","contentType":"application/json","enqueuedTime":"2022-10-14 06:00:00"}}
{"Body":{"Status":true,"Timestamp":"2022-10-14 06:00:00","pressure":"95.8616273346677"},"EnqueuedTimeUtc":"2022-10-14 06:00:00","Properties":{"messagetype":"Demo"},"SystemProperties":{"connectionAuthMethod":"{\"scope\":\"device\",\"type\":\"sas\",\"issuer\":\"iothub\",\"acceptingIpFilterRule\":null}","connectionDeviceGenerationId":"638052891151821842","connectionDeviceId":"IOTDevice_1_3","contentEncoding":"utf-8","contentType":"application/json","enqueuedTime":"2022-10-14 06:00:00"}}
{"Body":{"Status":true,"Timestamp":"2022-10-14 06:00:00","vibration":"42.8821920460752"},"EnqueuedTimeUtc":"2022-10-14 06:00:00","Properties":{"messagetype":"Demo"},"SystemProperties":{"connectionAuthMethod":"{\"scope\":\"device\",\"type\":\"sas\",\"issuer\":\"iothub\",\"acceptingIpFilterRule\":null}","connectionDeviceGenerationId":"638052891151821842","connectionDeviceId":"IOTDevice_1_4","contentEncoding":"utf-8","contentType":"application/json","enqueuedTime":"2022-10-14 06:00:00"}}
{"Body":{"Status":true,"Timestamp":"2022-10-14 07:00:00","volt":"164.427668020727"},"EnqueuedTimeUtc":"2022-10-14 07:00:00","Properties":{"messagetype":"Demo"},"SystemProperties":{"connectionAuthMethod":"{\"scope\":\"device\",\"type\":\"sas\",\"issuer\":\"iothub\",\"acceptingIpFilterRule\":null}","connectionDeviceGenerationId":"638052891151821842","connectionDeviceId":"IOTDevice_1_1","contentEncoding":"utf-8","contentType":"application/json","enqueuedTime":"2022-10-14 07:00:00"}}
{"Body":{"Status":true,"Timestamp":"2022-10-14 07:00:00","rotate":"408.732960989413"},"EnqueuedTimeUtc":"2022-10-14 07:00:00","Properties":{"messagetype":"Demo"},"SystemProperties":{"connectionAuthMethod":"{\"scope\":\"device\",\"type\":\"sas\",\"issuer\":\"iothub\",\"acceptingIpFilterRule\":null}","connectionDeviceGenerationId":"638052891151821842","connectionDeviceId":"IOTDevice_1_2","contentEncoding":"utf-8","contentType":"application/json","enqueuedTime":"2022-10-14 07:00:00"}}
{"Body":{"Status":true,"Timestamp":"2022-10-14 07:00:00","pressure":"107.106021560473"},"EnqueuedTimeUtc":"2022-10-14 07:00:00","Properties":{"messagetype":"Demo"},"SystemProperties":{"connectionAuthMethod":"{\"scope\":\"device\",\"type\":\"sas\",\"issuer\":\"iothub\",\"acceptingIpFilterRule\":null}","connectionDeviceGenerationId":"638052891151821842","connectionDeviceId":"IOTDevice_1_3","contentEncoding":"utf-8","contentType":"application/json","enqueuedTime":"2022-10-14 07:00:00"}}
{"Body":{"Status":true,"Timestamp":"2022-10-14 07:00:00","vibration":"41.579148807024"},"EnqueuedTimeUtc":"2022-10-14 07:00:00","Properties":{"messagetype":"Demo"},"SystemProperties":{"connectionAuthMethod":"{\"scope\":\"device\",\"type\":\"sas\",\"issuer\":\"iothub\",\"acceptingIpFilterRule\":null}","connectionDeviceGenerationId":"638052891151821842","connectionDeviceId":"IOTDevice_1_4","contentEncoding":"utf-8","contentType":"application/json","enqueuedTime":"2022-10-14 07:00:00"}}
{"Body":{"Status":true,"Timestamp":"2022-10-14 08:00:00","volt":"196.157260257828"},"EnqueuedTimeUtc":"2022-10-14 08:00:00","Properties":{"messagetype":"Demo"},"SystemProperties":{"connectionAuthMethod":"{\"scope\":\"device\",\"type\":\"sas\",\"issuer\":\"iothub\",\"acceptingIpFilterRule\":null}","connectionDeviceGenerationId":"638052891151821842","connectionDeviceId":"IOTDevice_1_1","contentEncoding":"utf-8","contentType":"application/json","enqueuedTime":"2022-10-14 08:00:00"}}
{"Body":{"Status":true,"Timestamp":"2022-10-14 08:00:00","rotate":"487.415215416826"},"EnqueuedTimeUtc":"2022-10-14 08:00:00","Properties":{"messagetype":"Demo"},"SystemProperties":{"connectionAuthMethod":"{\"scope\":\"device\",\"type\":\"sas\",\"issuer\":\"iothub\",\"acceptingIpFilterRule\":null}","connectionDeviceGenerationId":"638052891151821842","connectionDeviceId":"IOTDevice_1_2","contentEncoding":"utf-8","contentType":"application/json","enqueuedTime":"2022-10-14 08:00:00"}}
{"Body":{"Status":true,"Timestamp":"2022-10-14 08:00:00","pressure":"104.676870779998"},"EnqueuedTimeUtc":"2022-10-14 08:00:00","Properties":{"messagetype":"Demo"},"SystemProperties":{"connectionAuthMethod":"{\"scope\":\"device\",\"type\":\"sas\",\"issuer\":\"iothub\",\"acceptingIpFilterRule\":null}","connectionDeviceGenerationId":"638052891151821842","connectionDeviceId":"IOTDevice_1_3","contentEncoding":"utf-8","contentType":"application/json","enqueuedTime":"2022-10-14 08:00:00"}}
{"Body":{"Status":true,"Timestamp":"2022-10-14 08:00:00","vibration":"43.8288440174372"},"EnqueuedTimeUtc":"2022-10-14 08:00:00","Properties":{"messagetype":"Demo"},"SystemProperties":{"connectionAuthMethod":"{\"scope\":\"device\",\"type\":\"sas\",\"issuer\":\"iothub\",\"acceptingIpFilterRule\":null}","connectionDeviceGenerationId":"638052891151821842","connectionDeviceId":"IOTDevice_1_4","contentEncoding":"utf-8","contentType":"application/json","enqueuedTime":"2022-10-14 08:00:00"}}
{"Body":{"Status":true,"Timestamp":"2022-10-14 09:00:00","volt":"163.262369062763"},"EnqueuedTimeUtc":"2022-10-14 09:00:00","Properties":{"messagetype":"Demo"},"SystemProperties":{"connectionAuthMethod":"{\"scope\":\"device\",\"type\":\"sas\",\"issuer\":\"iothub\",\"acceptingIpFilterRule\":null}","connectionDeviceGenerationId":"638052891151821842","connectionDeviceId":"IOTDevice_1_1","contentEncoding":"utf-8","contentType":"application/json","enqueuedTime":"2022-10-14 09:00:00"}}
{"Body":{"Status":true,"Timestamp":"2022-10-14 09:00:00","rotate":"455.65955916617"},"EnqueuedTimeUtc":"2022-10-14 09:00:00","Properties":{"messagetype":"Demo"},"SystemProperties":{"connectionAuthMethod":"{\"scope\":\"device\",\"type\":\"sas\",\"issuer\":\"iothub\",\"acceptingIpFilterRule\":null}","connectionDeviceGenerationId":"638052891151821842","connectionDeviceId":"IOTDevice_1_2","contentEncoding":"utf-8","contentType":"application/json","enqueuedTime":"2022-10-14 09:00:00"}}
{"Body":{"Status":true,"Timestamp":"2022-10-14 09:00:00","pressure":"100.968770300264"},"EnqueuedTimeUtc":"2022-10-14 09:00:00","Properties":{"messagetype":"Demo"},"SystemProperties":{"connectionAuthMethod":"{\"scope\":\"device\",\"type\":\"sas\",\"issuer\":\"iothub\",\"acceptingIpFilterRule\":null}","connectionDeviceGenerationId":"638052891151821842","connectionDeviceId":"IOTDevice_1_3","contentEncoding":"utf-8","contentType":"application/json","enqueuedTime":"2022-10-14 09:00:00"}}
{"Body":{"Status":true,"Timestamp":"2022-10-14 09:00:00","vibration":"34.0966578686529"},"EnqueuedTimeUtc":"2022-10-14 09:00:00","Properties":{"messagetype":"Demo"},"SystemProperties":{"connectionAuthMethod":"{\"scope\":\"device\",\"type\":\"sas\",\"issuer\":\"iothub\",\"acceptingIpFilterRule\":null}","connectionDeviceGenerationId":"638052891151821842","connectionDeviceId":"IOTDevice_1_4","contentEncoding":"utf-8","contentType":"application/json","enqueuedTime":"2022-10-14 09:00:00"}}
{"Body":{"Status":true,"Timestamp":"2022-10-14 10:00:00","volt":"176.637824380983"},"EnqueuedTimeUtc":"2022-10-14 10:00:00","Properties":{"messagetype":"Demo"},"SystemProperties":{"connectionAuthMethod":"{\"scope\":\"device\",\"type\":\"sas\",\"issuer\":\"iothub\",\"acceptingIpFilterRule\":null}","connectionDeviceGenerationId":"638052891151821842","connectionDeviceId":"IOTDevice_1_1","contentEncoding":"utf-8","contentType":"application/json","enqueuedTime":"2022-10-14 10:00:00"}}
{"Body":{"Status":true,"Timestamp":"2022-10-14 10:00:00","rotate":"359.954498507218"},"EnqueuedTimeUtc":"2022-10-14 10:00:00","Properties":{"messagetype":"Demo"},"SystemProperties":{"connectionAuthMethod":"{\"scope\":\"device\",\"type\":\"sas\",\"issuer\":\"iothub\",\"acceptingIpFilterRule\":null}","connectionDeviceGenerationId":"638052891151821842","connectionDeviceId":"IOTDevice_1_2","contentEncoding":"utf-8","contentType":"application/json","enqueuedTime":"2022-10-14 10:00:00"}}
{"Body":{"Status":true,"Timestamp":"2022-10-14 10:00:00","pressure":"103.385209902503"},"EnqueuedTimeUtc":"2022-10-14 10:00:00","Properties":{"messagetype":"Demo"},"SystemProperties":{"connectionAuthMethod":"{\"scope\":\"device\",\"type\":\"sas\",\"issuer\":\"iothub\",\"acceptingIpFilterRule\":null}","connectionDeviceGenerationId":"638052891151821842","connectionDeviceId":"IOTDevice_1_3","contentEncoding":"utf-8","contentType":"application/json","enqueuedTime":"2022-10-14 10:00:00"}}
{"Body":{"Status":true,"Timestamp":"2022-10-14 10:00:00","vibration":"41.2458507162953"},"EnqueuedTimeUtc":"2022-10-14 10:00:00","Properties":{"messagetype":"Demo"},"SystemProperties":{"connectionAuthMethod":"{\"scope\":\"device\",\"type\":\"sas\",\"issuer\":\"iothub\",\"acceptingIpFilterRule\":null}","connectionDeviceGenerationId":"638052891151821842","connectionDeviceId":"IOTDevice_1_4","contentEncoding":"utf-8","contentType":"application/json","enqueuedTime":"2022-10-14 10:00:00"}}
{"Body":{"Status":true,"Timestamp":"2022-10-14 11:00:00","volt":"137.389368714945"},"EnqueuedTimeUtc":"2022-10-14 11:00:00","Properties":{"messagetype":"Demo"},"SystemProperties":{"connectionAuthMethod":"{\"scope\":\"device\",\"type\":\"sas\",\"issuer\":\"iothub\",\"acceptingIpFilterRule\":null}","connectionDeviceGenerationId":"638052891151821842","connectionDeviceId":"IOTDevice_1_1","contentEncoding":"utf-8","contentType":"application/json","enqueuedTime":"2022-10-14 11:00:00"}}
{"Body":{"Status":true,"Timestamp":"2022-10-14 11:00:00","rotate":"482.986294005697"},"EnqueuedTimeUtc":"2022-10-14 11:00:00","Properties":{"messagetype":"Demo"},"SystemProperties":{"connectionAuthMethod":"{\"scope\":\"device\",\"type\":\"sas\",\"issuer\":\"iothub\",\"acceptingIpFilterRule\":null}","connectionDeviceGenerationId":"638052891151821842","connectionDeviceId":"IOTDevice_1_2","contentEncoding":"utf-8","contentType":"application/json","enqueuedTime":"2022-10-14 11:00:00"}}
{"Body":{"Status":true,"Timestamp":"2022-10-14 11:00:00","pressure":"102.865312053723"},"EnqueuedTimeUtc":"2022-10-14 11:00:00","Properties":{"messagetype":"Demo"},"SystemProperties":{"connectionAuthMethod":"{\"scope\":\"device\",\"type\":\"sas\",\"issuer\":\"iothub\",\"acceptingIpFilterRule\":null}","connectionDeviceGenerationId":"638052891151821842","connectionDeviceId":"IOTDevice_1_3","contentEncoding":"utf-8","contentType":"application/json","enqueuedTime":"2022-10-14 11:00:00"}}
{"Body":{"Status":true,"Timestamp":"2022-10-14 11:00:00","vibration":"41.3017981482595"},"EnqueuedTimeUtc":"2022-10-14 11:00:00","Properties":{"messagetype":"Demo"},"SystemProperties":{"connectionAuthMethod":"{\"scope\":\"device\",\"type\":\"sas\",\"issuer\":\"iothub\",\"acceptingIpFilterRule\":null}","connectionDeviceGenerationId":"638052891151821842","connectionDeviceId":"IOTDevice_1_4","contentEncoding":"utf-8","contentType":"application/json","enqueuedTime":"2022-10-14 11:00:00"}}
{"Body":{"Status":true,"Timestamp":"2022-10-14 12:00:00","volt":"201.815426138371"},"EnqueuedTimeUtc":"2022-10-14 12:00:00","Properties":{"messagetype":"Demo"},"SystemProperties":{"connectionAuthMethod":"{\"scope\":\"device\",\"type\":\"sas\",\"issuer\":\"iothub\",\"acceptingIpFilterRule\":null}","connectionDeviceGenerationId":"638052891151821842","connectionDeviceId":"IOTDevice_1_1","contentEncoding":"utf-8","contentType":"application/json","enqueuedTime":"2022-10-14 12:00:00"}}
{"Body":{"Status":true,"Timestamp":"2022-10-14 12:00:00","rotate":"446.981917962117"},"EnqueuedTimeUtc":"2022-10-14 12:00:00","Properties":{"messagetype":"Demo"},"SystemProperties":{"connectionAuthMethod":"{\"scope\":\"device\",\"type\":\"sas\",\"issuer\":\"iothub\",\"acceptingIpFilterRule\":null}","connectionDeviceGenerationId":"638052891151821842","connectionDeviceId":"IOTDevice_1_2","contentEncoding":"utf-8","contentType":"application/json","enqueuedTime":"2022-10-14 12:00:00"}}
{"Body":{"Status":true,"Timestamp":"2022-10-14 12:00:00","pressure":"101.635452904201"},"EnqueuedTimeUtc":"2022-10-14 12:00:00","Properties":{"messagetype":"Demo"},"SystemProperties":{"connectionAuthMethod":"{\"scope\":\"device\",\"type\":\"sas\",\"issuer\":\"iothub\",\"acceptingIpFilterRule\":null}","connectionDeviceGenerationId":"638052891151821842","connectionDeviceId":"IOTDevice_1_3","contentEncoding":"utf-8","contentType":"application/json","enqueuedTime":"2022-10-14 12:00:00"}}
{"Body":{"Status":true,"Timestamp":"2022-10-14 12:00:00","vibration":"35.6621734347429"},"EnqueuedTimeUtc":"2022-10-14 12:00:00","Properties":{"messagetype":"Demo"},"SystemProperties":{"connectionAuthMethod":"{\"scope\":\"device\",\"type\":\"sas\",\"issuer\":\"iothub\",\"acceptingIpFilterRule\":null}","connectionDeviceGenerationId":"638052891151821842","connectionDeviceId":"IOTDevice_1_4","contentEncoding":"utf-8","contentType":"application/json","enqueuedTime":"2022-10-14 12:00:00"}}
{"Body":{"Status":true,"Timestamp":"2022-10-14 13:00:00","volt":"168.971597393491"},"EnqueuedTimeUtc":"2022-10-14 13:00:00","Properties":{"messagetype":"Demo"},"SystemProperties":{"connectionAuthMethod":"{\"scope\":\"device\",\"type\":\"sas\",\"issuer\":\"iothub\",\"acceptingIpFilterRule\":null}","connectionDeviceGenerationId":"638052891151821842","connectionDeviceId":"IOTDevice_1_1","contentEncoding":"utf-8","contentType":"application/json","enqueuedTime":"2022-10-14 13:00:00"}}
{"Body":{"Status":true,"Timestamp":"2022-10-14 13:00:00","rotate":"415.64134325631"},"EnqueuedTimeUtc":"2022-10-14 13:00:00","Properties":{"messagetype":"Demo"},"SystemProperties":{"connectionAuthMethod":"{\"scope\":\"device\",\"type\":\"sas\",\"issuer\":\"iothub\",\"acceptingIpFilterRule\":null}","connectionDeviceGenerationId":"638052891151821842","connectionDeviceId":"IOTDevice_1_2","contentEncoding":"utf-8","contentType":"application/json","enqueuedTime":"2022-10-14 13:00:00"}}
{"Body":{"Status":true,"Timestamp":"2022-10-14 13:00:00","pressure":"107.549893413789"},"EnqueuedTimeUtc":"2022-10-14 13:00:00","Properties":{"messagetype":"Demo"},"SystemProperties":{"connectionAuthMethod":"{\"scope\":\"device\",\"type\":\"sas\",\"issuer\":\"iothub\",\"acceptingIpFilterRule\":null}","connectionDeviceGenerationId":"638052891151821842","connectionDeviceId":"IOTDevice_1_3","contentEncoding":"utf-8","contentType":"application/json","enqueuedTime":"2022-10-14 13:00:00"}}
{"Body":{"Status":true,"Timestamp":"2022-10-14 13:00:00","vibration":"44.2009406596132"},"EnqueuedTimeUtc":"2022-10-14 13:00:00","Properties":{"messagetype":"Demo"},"SystemProperties":{"connectionAuthMethod":"{\"scope\":\"device\",\"type\":\"sas\",\"issuer\":\"iothub\",\"acceptingIpFilterRule\":null}","connectionDeviceGenerationId":"638052891151821842","connectionDeviceId":"IOTDevice_1_4","contentEncoding":"utf-8","contentType":"application/json","enqueuedTime":"2022-10-14 13:00:00"}}
{"Body":{"Status":true,"Timestamp":"2022-10-14 14:00:00","volt":"149.102823578119"},"EnqueuedTimeUtc":"2022-10-14 14:00:00","Properties":{"messagetype":"Demo"},"SystemProperties":{"connectionAuthMethod":"{\"scope\":\"device\",\"type\":\"sas\",\"issuer\":\"iothub\",\"acceptingIpFilterRule\":null}","connectionDeviceGenerationId":"638052891151821842","connectionDeviceId":"IOTDevice_1_1","contentEncoding":"utf-8","contentType":"application/json","enqueuedTime":"2022-10-14 14:00:00"}}
{"Body":{"Status":true,"Timestamp":"2022-10-14 14:00:00","rotate":"475.043737192789"},"EnqueuedTimeUtc":"2022-10-14 14:00:00","Properties":{"messagetype":"Demo"},"SystemProperties":{"connectionAuthMethod":"{\"scope\":\"device\",\"type\":\"sas\",\"issuer\":\"iothub\",\"acceptingIpFilterRule\":null}","connectionDeviceGenerationId":"638052891151821842","connectionDeviceId":"IOTDevice_1_2","contentEncoding":"utf-8","contentType":"application/json","enqueuedTime":"2022-10-14 14:00:00"}}
{"Body":{"Status":true,"Timestamp":"2022-10-14 14:00:00","pressure":"94.2407728257162"},"EnqueuedTimeUtc":"2022-10-14 14:00:00","Properties":{"messagetype":"Demo"},"SystemProperties":{"connectionAuthMethod":"{\"scope\":\"device\",\"type\":\"sas\",\"issuer\":\"iothub\",\"acceptingIpFilterRule\":null}","connectionDeviceGenerationId":"638052891151821842","connectionDeviceId":"IOTDevice_1_3","contentEncoding":"utf-8","contentType":"application/json","enqueuedTime":"2022-10-14 14:00:00"}}
{"Body":{"Status":true,"Timestamp":"2022-10-14 14:00:00","vibration":"39.3920616861212"},"EnqueuedTimeUtc":"2022-10-14 14:00:00","Properties":{"messagetype":"Demo"},"SystemProperties":{"connectionAuthMethod":"{\"scope\":\"device\",\"type\":\"sas\",\"issuer\":\"iothub\",\"acceptingIpFilterRule\":null}","connectionDeviceGenerationId":"638052891151821842","connectionDeviceId":"IOTDevice_1_4","contentEncoding":"utf-8","contentType":"application/json","enqueuedTime":"2022-10-14 14:00:00"}}
