{"Body":{"Status":true,"Timestamp":"2022-10-08 06:00:00","volt":"155.449143523869"},"EnqueuedTimeUtc":"2022-10-08 06:00:00","Properties":{"messagetype":"Demo"},"SystemProperties":{"connectionAuthMethod":"{\"scope\":\"device\",\"type\":\"sas\",\"issuer\":\"iothub\",\"acceptingIpFilterRule\":null}","connectionDeviceGenerationId":"638052891151821842","connectionDeviceId":"IOTDevice_7_1","contentEncoding":"utf-8","contentType":"application/json","enqueuedTime":"2022-10-08 06:00:00"}}
{"Body":{"Status":true,"Timestamp":"2022-10-08 06:00:00","rotate":"468.22623491333"},"EnqueuedTimeUtc":"2022-10-08 06:00:00","Properties":{"messagetype":"Demo"},"SystemProperties":{"connectionAuthMethod":"{\"scope\":\"device\",\"type\":\"sas\",\"issuer\":\"iothub\",\"acceptingIpFilterRule\":null}","connectionDeviceGenerationId":"638052891151821842","connectionDeviceId":"IOTDevice_7_2","contentEncoding":"utf-8","contentType":"application/json","enqueuedTime":"2022-10-08 06:00:00"}}
{"Body":{"Status":true,"Timestamp":"2022-10-08 06:00:00","pressure":"97.2839077516885"},"EnqueuedTimeUtc":"2022-10-08 06:00:00","Properties":{"messagetype":"Demo"},"SystemProperties":{"connectionAuthMethod":"{\"scope\":\"device\",\"type\":\"sas\",\"issuer\":\"iothub\",\"acceptingIpFilterRule\":null}","connectionDeviceGenerationId":"638052891151821842","connectionDeviceId":"IOTDevice_7_3","contentEncoding":"utf-8","contentType":"application/json","enqueuedTime":"2022-10-08 06:00:00"}}
{"Body":{"Status":true,"Timestamp":"2022-10-08 06:00:00","vibration":"42.4936462085264"},"EnqueuedTimeUtc":"2022-10-08 06:00:00","Properties":{"messagetype":"Demo"},"SystemProperties":{"connectionAuthMethod":"{\"scope\":\"device\",\"type\":\"sas\",\"issuer\":\"iothub\",\"acceptingIpFilterRule\":null}","connectionDeviceGenerationId":"638052891151821842","connectionDeviceId":"IOTDevice_7_4","contentEncoding":"utf-8","contentType":"application/json","enqueuedTime":"2022-10-08 06:00:00"}}
{"Body":{"Status":true,"Timestamp":"2022-10-08 07:00:00","volt":"179.889180002811"},"EnqueuedTimeUtc":"2022-10-08 07:00:00","Properties":{"messagetype":"Demo"},"SystemProperties":{"connectionAuthMethod":"{\"scope\":\"device\",\"type\":\"sas\",\"issuer\":\"iothub\",\"acceptingIpFilterRule\":null}","connectionDeviceGenerationId":"638052891151821842","connectionDeviceId":"IOTDevice_7_1","contentEncoding":"utf-8","contentType":"application/json","enqueuedTime":"2022-10-08 07:00:00"}}
{"Body":{"Status":true,"Timestamp":"2022-10-08 07:00:00","rotate":"483.388267536979"},"EnqueuedTimeUtc":"2022-10-08 07:00:00","Properties":{"messagetype":"Demo"},"SystemProperties":{"connectionAuthMethod":"{\"scope\":\"device\",\"type\":\"sas\",\"issuer\":\"iothub\",\"acceptingIpFilterRule\":null}","connectionDeviceGenerationId":"638052891151821842","connectionDeviceId":"IOTDevice_7_2","contentEncoding":"utf-8","contentType":"application/json","enqueuedTime":"2022-10-08 07:00:00"}}
{"Body":{"Status":true,"Timestamp":"2022-10-08 07:00:00","pressure":"88.127004647805"},"EnqueuedTimeUtc":"2022-10-08 07:00:00","Properties":{"messagetype":"Demo"},"SystemProperties":{"connectionAuthMethod":"{\"scope\":\"device\",\"type\":\"sas\",\"issuer\":\"iothub\",\"acceptingIpFilterRule\":null}","connectionDeviceGenerationId":"638052891151821842","connectionDeviceId":"IOTDevice_7_3","contentEncoding":"utf-8","contentType":"application/json","enqueuedTime":"2022-10-08 07:00:00"}}
{"Body":{"Status":true,"Timestamp":"2022-10-08 07:00:00","vibration":"42.7321877747384"},"EnqueuedTimeUtc":"2022-10-08 07:00:00","Properties":{"messagetype":"Demo"},"SystemProperties":{"connectionAuthMethod":"{\"scope\":\"device\",\"type\":\"sas\",\"issuer\":\"iothub\",\"acceptingIpFilterRule\":null}","connectionDeviceGenerationId":"638052891151821842","connectionDeviceId":"IOTDevice_7_4","contentEncoding":"utf-8","contentType":"application/json","enqueuedTime":"2022-10-08 07:00:00"}}
{"Body":{"Status":true,"Timestamp":"2022-10-08 08:00:00","volt":"172.140230792608"},"EnqueuedTimeUtc":"2022-10-08 08:00:00","Properties":{"messagetype":"Demo"},"SystemProperties":{"connectionAuthMethod":"{\"scope\":\"device\",\"type\":\"sas\",\"issuer\":\"iothub\",\"acceptingIpFilterRule\":null}","connectionDeviceGenerationId":"638052891151821842","connectionDeviceId":"IOTDevice_7_1","contentEncoding":"utf-8","contentType":"application/json","enqueuedTime":"2022-10-08 08:00:00"}}
{"Body":{"Status":true,"Timestamp":"2022-10-08 08:00:00","rotate":"389.588233984985"},"EnqueuedTimeUtc":"2022-10-08 08:00:00","Properties":{"messagetype":"Demo"},"SystemProperties":{"connectionAuthMethod":"{\"scope\":\"device\",\"type\":\"sas\",\"issuer\":\"iothub\",\"acceptingIpFilterRule\":null}","connectionDeviceGenerationId":"638052891151821842","connectionDeviceId":"IOTDevice_7_2","contentEncoding":"utf-8","contentType":"application/json","enqueuedTime":"2022-10-08 08:00:00"}}
{"Body":{"Status":true,"Timestamp":"2022-10-08 08:00:00","pressure":"111.373381826543"},"EnqueuedTimeUtc":"2022-10-08 08:00:00","Properties":{"messagetype":"Demo"},"SystemProperties":{"connectionAuthMethod":"{\"scope\":\"device\",\"type\":\"sas\",\"issuer\":\"iothub\",\"acceptingIpFilterRule\":null}","connectionDeviceGenerationId":"638052891151821842","connectionDeviceId":"IOTDevice_7_3","contentEncoding":"utf-8","contentType":"application/json","enqueuedTime":"2022-10-08 08:00:00"}}
{"Body":{"Status":true,"Timestamp":"2022-10-08 08:00:00","vibration":"26.5576390112853"},"EnqueuedTimeUtc":"2022-10-08 08:00:00","Properties":{"messagetype":"Demo"},"SystemProperties":{"connectionAuthMethod":"{\"scope\":\"device\",\"type\":\"sas\",\"issuer\":\"iothub\",\"acceptingIpFilterRule\":null}","connectionDeviceGenerationId":"638052891151821842","connectionDeviceId":"IOTDevice_7_4","contentEncoding":"utf-8","contentType":"application/json","enqueuedTime":"2022-10-08 08:00:00"}}
{"Body":{"Status":true,"Timestamp":"2022-10-08 09:00:00","volt":"158.536590033258"},"EnqueuedTimeUtc":"2022-10-08 09:00:00","Properties":{"messagetype":"Demo"},"SystemProperties":{"connectionAuthMethod":"{\"scope\":\"device\",\"type\":\"sas\",\"issuer\":\"iothub\",\"acceptingIpFilterRule\":null}","connectionDeviceGenerationId":"638052891151821842","connectionDeviceId":"IOTDevice_7_1","contentEncoding":"utf-8","contentType":"application/json","enqueuedTime":"2022-10-08 09:00:00"}}
{"Body":{"Status":true,"Timestamp":"2022-10-08 09:00:00","rotate":"384.913223954582"},"EnqueuedTimeUtc":"2022-10-08 09:00:00","Properties":{"messagetype":"Demo"},"SystemProperties":{"connectionAuthMethod":"{\"scope\":\"device\",\"type\":\"sas\",\"issuer\":\"iothub\",\"acceptingIpFilterRule\":null}","connectionDeviceGenerationId":"638052891151821842","connectionDeviceId":"IOTDevice_7_2","contentEncoding":"utf-8","contentType":"application/json","enqueuedTime":"2022-10-08 09:00:00"}}
{"Body":{"Status":true,"Timestamp":"2022-10-08 09:00:00","pressure":"109.980691865539"},"EnqueuedTimeUtc":"2022-10-08 09:00:00","Properties":{"messagetype":"Demo"},"SystemProperties":{"connectionAuthMethod":"{\"scope\":\"device\",\"type\":\"sas\",\"issuer\":\"iothub\",\"acceptingIpFilterRule\":null}","connectionDeviceGenerationId":"638052891151821842","connectionDeviceId":"IOTDevice_7_3","contentEncoding":"utf-8","contentType":"application/json","enqueuedTime":"2022-10-08 09:00:00"}}
{"Body":{"Status":true,"Timestamp":"2022-10-08 09:00:00","vibration":"43.2446153060738"},"EnqueuedTimeUtc":"2022-10-08 09:00:00","Properties":{"messagetype":"Demo"},"SystemProperties":{"connectionAuthMethod":"{\"scope\":\"device\",\"type\":\"sas\",\"issuer\":\"iothub\",\"acceptingIpFilterRule\":null}","connectionDeviceGenerationId":"638052891151821842","connectionDeviceId":"IOTDevice_7_4","contentEncoding":"utf-8","contentType":"application/json","enqueuedTime":"2022-10-08 09:00:00"}}
{"Body":{"Status":true,"Timestamp":"2022-10-08 10:00:00","volt":"166.107074735715"},"EnqueuedTimeUtc":"2022-10-08 10:00:00","Properties":{"messagetype":"Demo"},"SystemProperties":{"connectionAuthMethod":"{\"scope\":\"device\",\"type\":\"sas\",\"issuer\":\"iothub\",\"acceptingIpFilterRule\":null}","connectionDeviceGenerationId":"638052891151821842","connectionDeviceId":"IOTDevice_7_1","contentEncoding":"utf-8","contentType":"application/json","enqueuedTime":"2022-10-08 10:00:00"}}
{"Body":{"Status":true,"Timestamp":"2022-10-08 10:00:00","rotate":"478.390344354238"},"EnqueuedTimeUtc":"2022-10-08 10:00:00","Properties":{"messagetype":"Demo"},"SystemProperties":{"connectionAuthMethod":"{\"scope\":\"device\",\"type\":\"sas\",\"issuer\":\"iothub\",\"acceptingIpFilterRule\":null}","connectionDeviceGenerationId":"638052891151821842","connectionDeviceId":"IOTDevice_7_2","contentEncoding":"utf-8","contentType":"application/json","enqueuedTime":"2022-10-08 10:00:00"}}
{"Body":{"Status":true,"Timestamp":"2022-10-08 10:00:00","pressure":"102.448930978727"},"EnqueuedTimeUtc":"2022-10-08 10:00:00","Properties":{"messagetype":"Demo"},"SystemProperties":{"connectionAuthMethod":"{\"scope\":\"device\",\"type\":\"sas\",\"issuer\":\"iothub\",\"acceptingIpFilterRule\":null}","connectionDeviceGenerationId":"638052891151821842","connectionDeviceId":"IOTDevice_7_3","contentEncoding":"utf-8","contentType":"application/json","enqueuedTime":"2022-10-08 10:00:00"}}
{"Body":{"Status":true,"Timestamp":"2022-10-08 10:00:00","vibration":"43.3512760507566"},"EnqueuedTimeUtc":"2022-10-08 10:00:00","Properties":{"messagetype":"Demo"},"SystemProperties":{"connectionAuthMethod":"{\"scope\":\"device\",\"type\":\"sas\",\"issuer\":\"iothub\",\"acceptingIpFilterRule\":null}","connectionDeviceGenerationId":"638052891151821842","connectionDeviceId":"IOTDevice_7_4","contentEncoding":"utf-8","contentType":"application/json","enqueuedTime":"2022-10-08 10:00:00"}}
{"Body":{"Status":true,"Timestamp":"2022-10-08 11:00:00","volt":"187.732711937672"},"EnqueuedTimeUtc":"2022-10-08 11:00:00","Properties":{"messagetype":"Demo"},"SystemProperties":{"connectionAuthMethod":"{\"scope\":\"device\",\"type\":\"sas\",\"issuer\":\"iothub\",\"acceptingIpFilterRule\":null}","connectionDeviceGenerationId":"638052891151821842","connectionDeviceId":"IOTDevice_7_1","contentEncoding":"utf-8","contentType":"application/json","enqueuedTime":"2022-10-08 11:00:00"}}
{"Body":{"Status":true,"Timestamp":"2022-10-08 11:00:00","rotate":"405.105136517262"},"EnqueuedTimeUtc":"2022-10-08 11:00:00","Properties":{"messagetype":"Demo"},"SystemProperties":{"connectionAuthMethod":"{\"scope\":\"device\",\"type\":\"sas\",\"issuer\":\"iothub\",\"acceptingIpFilterRule\":null}","connectionDeviceGenerationId":"638052891151821842","connectionDeviceId":"IOTDevice_7_2","contentEncoding":"utf-8","contentType":"application/json","enqueuedTime":"2022-10-08 11:00:00"}}
{"Body":{"Status":true,"Timestamp":"2022-10-08 11:00:00","pressure":"96.2932891719926"},"EnqueuedTimeUtc":"2022-10-08 11:00:00","Properties":{"messagetype":"Demo"},"SystemProperties":{"connectionAuthMethod":"{\"scope\":\"device\",\"type\":\"sas\",\"issuer\":\"iothub\",\"acceptingIpFilterRule\":null}","connectionDeviceGenerationId":"638052891151821842","connectionDeviceId":"IOTDevice_7_3","contentEncoding":"utf-8","contentType":"application/json","enqueuedTime":"2022-10-08 11:00:00"}}
{"Body":{"Status":true,"Timestamp":"2022-10-08 11:00:00","vibration":"46.2419878192331"},"EnqueuedTimeUtc":"2022-10-08 11:00:00","Properties":{"messagetype":"Demo"},"SystemProperties":{"connectionAuthMethod":"{\"scope\":\"device\",\"type\":\"sas\",\"issuer\":\"iothub\",\"acceptingIpFilterRule\":null}","connectionDeviceGenerationId":"638052891151821842","connectionDeviceId":"IOTDevice_7_4","contentEncoding":"utf-8","contentType":"application/json","enqueuedTime":"2022-10-08 11:00:00"}}
{"Body":{"Status":true,"Timestamp":"2022-10-08 12:00:00","volt":"139.627181454864"},"EnqueuedTimeUtc":"2022-10-08 12:00:00","Properties":{"messagetype":"Demo"},"SystemProperties":{"connectionAuthMethod":"{\"scope\":\"device\",\"type\":\"sas\",\"issuer\":\"iothub\",\"acceptingIpFilterRule\":null}","connectionDeviceGenerationId":"638052891151821842","connectionDeviceId":"IOTDevice_7_1","contentEncoding":"utf-8","contentType":"application/json","enqueuedTime":"2022-10-08 12:00:00"}}
{"Body":{"Status":true,"Timestamp":"2022-10-08 12:00:00","rotate":"477.254155281877"},"EnqueuedTimeUtc":"2022-10-08 12:00:00","Properties":{"messagetype":"Demo"},"SystemProperties":{"connectionAuthMethod":"{\"scope\":\"device\",\"type\":\"sas\",\"issuer\":\"iothub\",\"acceptingIpFilterRule\":null}","connectionDeviceGenerationId":"638052891151821842","connectionDeviceId":"IOTDevice_7_2","contentEncoding":"utf-8","contentType":"application/json","enqueuedTime":"2022-10-08 12:00:00"}}
{"Body":{"Status":true,"Timestamp":"2022-10-08 12:00:00","pressure":"104.844325614418"},"EnqueuedTimeUtc":"2022-10-08 12:00:00","Properties":{"messagetype":"Demo"},"SystemProperties":{"connectionAuthMethod":"{\"scope\":\"device\",\"type\":\"sas\",\"issuer\":\"iothub\",\"acceptingIpFilterRule\":null}","connectionDeviceGenerationId":"638052891151821842","connectionDeviceId":"IOTDevice_7_3","contentEncoding":"utf-8","contentType":"application/json","enqueuedTime":"2022-10-08 12:00:00"}}
{"Body":{"Status":true,"Timestamp":"2022-10-08 12:00:00","vibration":"44.1742500990254"},"EnqueuedTimeUtc":"2022-10-08 12:00:00","Properties":{"messagetype":"Demo"},"SystemProperties":{"connectionAuthMethod":"{\"scope\":\"device\",\"type\":\"sas\",\"issuer\":\"iothub\",\"acceptingIpFilterRule\":null}","connectionDeviceGenerationId":"638052891151821842","connectionDeviceId":"IOTDevice_7_4","contentEncoding":"utf-8","contentType":"application/json","enqueuedTime":"2022-10-08 12:00:00"}}
{"Body":{"Status":true,"Timestamp":"2022-10-08 13:00:00","volt":"186.425205980595"},"EnqueuedTimeUtc":"2022-10-08 13:00:00","Properties":{"messagetype":"Demo"},"SystemProperties":{"connectionAuthMethod":"{\"scope\":\"device\",\"type\":\"sas\",\"issuer\":\"iothub\",\"acceptingIpFilterRule\":null}","connectionDeviceGenerationId":"638052891151821842","connectionDeviceId":"IOTDevice_7_1","contentEncoding":"utf-8","contentType":"application/json","enqueuedTime":"2022-10-08 13:00:00"}}
{"Body":{"Status":true,"Timestamp":"2022-10-08 13:00:00","rotate":"453.953190984486"},"EnqueuedTimeUtc":"2022-10-08 13:00:00","Properties":{"messagetype":"Demo"},"SystemProperties":{"connectionAuthMethod":"{\"scope\":\"device\",\"type\":\"sas\",\"issuer\":\"iothub\",\"acceptingIpFilterRule\":null}","connectionDeviceGenerationId":"638052891151821842","connectionDeviceId":"IOTDevice_7_2","contentEncoding":"utf-8","contentType":"application/json","enqueuedTime":"2022-10-08 13:00:00"}}
{"Body":{"Status":true,"Timestamp":"2022-10-08 13:00:00","pressure":"101.850973050294"},"EnqueuedTimeUtc":"2022-10-08 13:00:00","Properties":{"messagetype":"Demo"},"SystemProperties":{"connectionAuthMethod":"{\"scope\":\"device\",\"type\":\"sas\",\"issuer\":\"iothub\",\"acceptingIpFilterRule\":null}","connectionDeviceGenerationId":"638052891151821842","connectionDeviceId":"IOTDevice_7_3","contentEncoding":"utf-8","contentType":"application/json","enqueuedTime":"2022-10-08 13:00:00"}}
{"Body":{"Status":true,"Timestamp":"2022-10-08 13:00:00","vibration":"37.1658000174539"},"EnqueuedTimeUtc":"2022-10-08 13:00:00","Properties":{"messagetype":"Demo"},"SystemProperties":{"connectionAuthMethod":"{\"scope\":\"device\",\"type\":\"sas\",\"issuer\":\"iothub\",\"acceptingIpFilterRule\":null}","connectionDeviceGenerationId":"638052891151821842","connectionDeviceId":"IOTDevice_7_4","contentEncoding":"utf-8","contentType":"application/json","enqueuedTime":"2022-10-08 13:00:00"}}
{"Body":{"Status":true,"Timestamp":"2022-10-08 14:00:00","volt":"164.380828889624"},"EnqueuedTimeUtc":"2022-10-08 14:00:00","Properties":{"messagetype":"Demo"},"SystemProperties":{"connectionAuthMethod":"{\"scope\":\"device\",\"type\":\"sas\",\"issuer\":\"iothub\",\"acceptingIpFilterRule\":null}","connectionDeviceGenerationId":"638052891151821842","connectionDeviceId":"IOTDevice_7_1","contentEncoding":"utf-8","contentType":"application/json","enqueuedTime":"2022-10-08 14:00:00"}}
{"Body":{"Status":true,"Timestamp":"2022-10-08 14:00:00","rotate":"366.561261453953"},"EnqueuedTimeUtc":"2022-10-08 14:00:00","Properties":{"messagetype":"Demo"},"SystemProperties":{"connectionAuthMethod":"{\"scope\":\"device\",\"type\":\"sas\",\"issuer\":\"iothub\",\"acceptingIpFilterRule\":null}","connectionDeviceGenerationId":"638052891151821842","connectionDeviceId":"IOTDevice_7_2","contentEncoding":"utf-8","contentType":"application/json","enqueuedTime":"2022-10-08 14:00:00"}}
{"Body":{"Status":true,"Timestamp":"2022-10-08 14:00:00","pressure":"99.3707962866168"},"EnqueuedTimeUtc":"2022-10-08 14:00:00","Properties":{"messagetype":"Demo"},"SystemProperties":{"connectionAuthMethod":"{\"scope\":\"device\",\"type\":\"sas\",\"issuer\":\"iothub\",\"acceptingIpFilterRule\":null}","connectionDeviceGenerationId":"638052891151821842","connectionDeviceId":"IOTDevice_7_3","contentEncoding":"utf-8","contentType":"application/json","enqueuedTime":"2022-10-08 14:00:00"}}
{"Body":{"Status":true,"Timestamp":"2022-10-08 14:00:00","vibration":"42.5009786656478"},"EnqueuedTimeUtc":"2022-10-08 14:00:00","Properties":{"messagetype":"Demo"},"SystemProperties":{"connectionAuthMethod":"{\"scope\":\"device\",\"type\":\"sas\",\"issuer\":\"iothub\",\"acceptingIpFilterRule\":null}","connectionDeviceGenerationId":"638052891151821842","connectionDeviceId":"IOTDevice_7_4","contentEncoding":"utf-8","contentType":"application/json","enqueuedTime":"2022-10-08 14:00:00"}}
{"Body":{"Status":true,"Timestamp":"2022-10-08 15:00:00","volt":"189.999023661898"},"EnqueuedTimeUtc":"2022-10-08 15:00:00","Properties":{"messagetype":"Demo"},"SystemProperties":{"connectionAuthMethod":"{\"scope\":\"device\",\"type\":\"sas\",\"issuer\":\"iothub\",\"acceptingIpFilterRule\":null}","connectionDeviceGenerationId":"638052891151821842","connectionDeviceId":"IOTDevice_7_1","contentEncoding":"utf-8","contentType":"application/json","enqueuedTime":"2022-10-08 15:00:00"}}
{"Body":{"Status":true,"Timestamp":"2022-10-08 15:00:00","rotate":"493.209439433315"},"EnqueuedTimeUtc":"2022-10-08 15:00:00","Properties":{"messagetype":"Demo"},"SystemProperties":{"connectionAuthMethod":"{\"scope\":\"device\",\"type\":\"sas\",\"issuer\":\"iothub\",\"acceptingIpFilterRule\":null}","connectionDeviceGenerationId":"638052891151821842","connectionDeviceId":"IOTDevice_7_2","contentEncoding":"utf-8","contentType":"application/json","enqueuedTime":"2022-10-08 15:00:00"}}
{"Body":{"Status":true,"Timestamp":"2022-10-08 15:00:00","pressure":"112.890900971709"},"EnqueuedTimeUtc":"2022-10-08 15:00:00","Properties":{"messagetype":"Demo"},"SystemProperties":{"connectionAuthMethod":"{\"scope\":\"device\",\"type\":\"sas\",\"issuer\":\"iothub\",\"acceptingIpFilterRule\":null}","connectionDeviceGenerationId":"638052891151821842","connectionDeviceId":"IOTDevice_7_3","contentEncoding":"utf-8","contentType":"application/json","enqueuedTime":"2022-10-08 15:00:00"}}
{"Body":{"Status":true,"Timestamp":"2022-10-08 15:00:00","vibration":"44.6210182549123"},"EnqueuedTimeUtc":"2022-10-08 15:00:00","Properties":{"messagetype":"Demo"},"SystemProperties":{"connectionAuthMethod":"{\"scope\":\"device\",\"type\":\"sas\",\"issuer\":\"iothub\",\"acceptingIpFilterRule\":null}","connectionDeviceGenerationId":"638052891151821842","connectionDeviceId":"IOTDevice_7_4","contentEncoding":"utf-8","contentType":"application/json","enqueuedTime":"2022-10-08 15:00:00"}}
{"Body":{"Status":true,"Timestamp":"2022-10-08 16:00:00","volt":"176.908709013817"},"EnqueuedTimeUtc":"2022-10-08 16:00:00","Properties":{"messagetype":"Demo"},"SystemProperties":{"connectionAuthMethod":"{\"scope\":\"device\",\"type\":\"sas\",\"issuer\":\"iothub\",\"acceptingIpFilterRule\":null}","connectionDeviceGenerationId":"638052891151821842","connectionDeviceId":"IOTDevice_7_1","contentEncoding":"utf-8","contentType":"application/json","enqueuedTime":"2022-10-08 16:00:00"}}
{"Body":{"Status":true,"Timestamp":"2022-10-08 16:00:00","rotate":"416.399164989301"},"EnqueuedTimeUtc":"2022-10-08 16:00:00","Properties":{"messagetype":"Demo"},"SystemProperties":{"connectionAuthMethod":"{\"scope\":\"device\",\"type\":\"sas\",\"issuer\":\"iothub\",\"acceptingIpFilterRule\":null}","connectionDeviceGenerationId":"638052891151821842","connectionDeviceId":"IOTDevice_7_2","contentEncoding":"utf-8","contentType":"application/json","enqueuedTime":"2022-10-08 16:00:00"}}
{"Body":{"Status":true,"Timestamp":"2022-10-08 16:00:00","pressure":"101.90454128828"},"EnqueuedTimeUtc":"2022-10-08 16:00:00","Properties":{"messagetype":"Demo"},"SystemProperties":{"connectionAuthMethod":"{\"scope\":\"device\",\"type\":\"sas\",\"issuer\":\"iothub\",\"acceptingIpFilterRule\":null}","connectionDeviceGenerationId":"638052891151821842","connectionDeviceId":"IOTDevice_7_3","contentEncoding":"utf-8","contentType":"application/json","enqueuedTime":"2022-10-08 16:00:00"}}
{"Body":{"Status":true,"Timestamp":"2022-10-08 16:00:00","vibration":"37.2076335731386"},"EnqueuedTimeUtc":"2022-10-08 16:00:00","Properties":{"messagetype":"Demo"},"SystemProperties":{"connectionAuthMethod":"{\"scope\":\"device\",\"type\":\"sas\",\"issuer\":\"iothub\",\"acceptingIpFilterRule\":null}","connectionDeviceGenerationId":"638052891151821842","connectionDeviceId":"IOTDevice_7_4","contentEncoding":"utf-8","contentType":"application/json","enqueuedTime":"2022-10-08 16:00:00"}}
{"Body":{"Status":true,"Timestamp":"2022-10-08 17:00:00","volt":"160.938897003526"},"EnqueuedTimeUtc":"2022-10-08 17:00:00","Properties":{"messagetype":"Demo"},"SystemProperties":{"connectionAuthMethod":"{\"scope\":\"device\",\"type\":\"sas\",\"issuer\":\"iothub\",\"acceptingIpFilterRule\":null}","connectionDeviceGenerationId":"638052891151821842","connectionDeviceId":"IOTDevice_7_1","contentEncoding":"utf-8","contentType":"application/json","enqueuedTime":"2022-10-08 17:00:00"}}
{"Body":{"Status":true,"Timestamp":"2022-10-08 17:00:00","rotate":"397.603020688709"},"EnqueuedTimeUtc":"2022-10-08 17:00:00","Properties":{"messagetype":"Demo"},"SystemProperties":{"connectionAuthMethod":"{\"scope\":\"device\",\"type\":\"sas\",\"issuer\":\"iothub\",\"acceptingIpFilterRule\":null}","connectionDeviceGenerationId":"638052891151821842","connectionDeviceId":"IOTDevice_7_2","contentEncoding":"utf-8","contentType":"application/json","enqueuedTime":"2022-10-08 17:00:00"}}
{"Body":{"Status":true,"Timestamp":"2022-10-08 17:00:00","pressure":"108.613775801911"},"EnqueuedTimeUtc":"2022-10-08 17:00:00","Properties":{"messagetype":"Demo"},"SystemProperties":{"connectionAuthMethod":"{\"scope\":\"device\",\"type\":\"sas\",\"issuer\":\"iothub\",\"acceptingIpFilterRule\":null}","connectionDeviceGenerationId":"638052891151821842","connectionDeviceId":"IOTDevice_7_3","contentEncoding":"utf-8","contentType":"application/json","enqueuedTime":"2022-10-08 17:00:00"}}
{"Body":{"Status":true,"Timestamp":"2022-10-08 17:00:00","vibration":"43.8335389829605"},"EnqueuedTimeUtc":"2022-10-08 17:00:00","Properties":{"messagetype":"Demo"},"SystemProperties":{"connectionAuthMethod":"{\"scope\":\"device\",\"type\":\"sas\",\"issuer\":\"iothub\",\"acceptingIpFilterRule\":null}","connectionDeviceGenerationId":"638052891151821842","connectionDeviceId":"IOTDevice_7_4","contentEncoding":"utf-8","contentType":"application/json","enqueuedTime":"2022-10-08 17:00:00"}}
{"Body":{"Status":true,"Timestamp":"2022-10-08 18:00:00","volt":"146.042591881901"},"EnqueuedTimeUtc":"2022-10-08 18:00:00","Properties":{"messagetype":"Demo"},"SystemProperties":{"connectionAuthMethod":"{\"scope\":\"device\",\"type\":\"sas\",\"issuer\":\"iothub\",\"acceptingIpFilterRule\":null}","connectionDeviceGenerationId":"638052891151821842","connectionDeviceId":"IOTDevice_7_1","contentEncoding":"utf-8","contentType":"application/json","enqueuedTime":"2022-10-08 18:00:00"}}
{"Body":{"Status":true,"Timestamp":"2022-10-08 18:00:00","rotate":"462.787360025976"},"EnqueuedTimeUtc":"2022-10-08 18:00:00","Properties":{"messagetype":"Demo"},"SystemProperties":{"connectionAuthMethod":"{\"scope\":\"device\",\"type\":\"sas\",\"issuer\":\"iothub\",\"acceptingIpFilterRule\":null}","connectionDeviceGenerationId":"638052891151821842","connectionDeviceId":"IOTDevice_7_2","contentEncoding":"utf-8","contentType":"application/json","enqueuedTime":"2022-10-08 18:00:00"}}
{"Body":{"Status":true,"Timestamp":"2022-10-08 18:00:00","pressure":"114.727620868796"},"EnqueuedTimeUtc":"2022-10-08 18:00:00","Properties":{"messagetype":"Demo"},"SystemProperties":{"connectionAuthMethod":"{\"scope\":\"device\",\"type\":\"sas\",\"issuer\":\"iothub\",\"acceptingIpFilterRule\":null}","connectionDeviceGenerationId":"638052891151821842","connectionDeviceId":"IOTDevice_7_3","contentEncoding":"utf-8","contentType":"application/json","enqueuedTime":"2022-10-08 18:00:00"}}
{"Body":{"Status":true,"Timestamp":"2022-10-08 18:00:00","vibration":"47.1848804036"},"EnqueuedTimeUtc":"2022-10-08 18:00:00","Properties":{"messagetype":"Demo"},"SystemProperties":{"connectionAuthMethod":"{\"scope\":\"device\",\"type\":\"sas\",\"issuer\":\"iothub\",\"acceptingIpFilterRule\":null}","connectionDeviceGenerationId":"638052891151821842","connectionDeviceId":"IOTDevice_7_4","contentEncoding":"utf-8","contentType":"application/json","enqueuedTime":"2022-10-08 18:00:00"}}
{"Body":{"Status":true,"Timestamp":"2022-10-08 19:00:00","volt":"188.393057180208"},"EnqueuedTimeUtc":"2022-10-08 19:00:00","Properties":{"messagetype":"Demo"},"SystemProperties":{"connectionAuthMethod":"{\"scope\":\"device\",\"type\":\"sas\",\"issuer\":\"iothub\",\"acceptingIpFilterRule\":null}","connectionDeviceGenerationId":"638052891151821842","connectionDeviceId":"IOTDevice_7_1","contentEncoding":"utf-8","contentType":"application/json","enqueuedTime":"2022-10-08 19:00:00"}}
{"Body":{"Status":true,"Timestamp":"2022-10-08 19:00:00","rotate":"494.582652365866"},"EnqueuedTimeUtc":"2022-10-08 19:00:00","Properties":{"messagetype":"Demo"},"SystemProperties":{"connectionAuthMethod":"{\"scope\":\"device\",\"type\":\"sas\",\"issuer\":\"iothub\",\"acceptingIpFilterRule\":null}","connectionDeviceGenerationId":"638052891151821842","connectionDeviceId":"IOTDevice_7_2","contentEncoding":"utf-8","contentType":"application/json","enqueuedTime":"2022-10-08 19:00:00"}}
{"Body":{"Status":true,"Timestamp":"2022-10-08 19:00:00","pressure":"99.2125742722997"},"EnqueuedTimeUtc":"2022-10-08 19:00:00","Properties":{"messagetype":"Demo"},"SystemProperties":{"connectionAuthMethod":"{\"scope\":\"device\",\"type\":\"sas\",\"issuer\":\"iothub\",\"acceptingIpFilterRule\":null}","connectionDeviceGenerationId":"638052891151821842","connectionDeviceId":"IOTDevice_7_3","contentEncoding":"utf-8","contentType":"application/json","enqueuedTime":"2022-10-08 19:00:00"}}
{"Body":{"Status":true,"Timestamp":"2022-10-08 19:00:00","vibration":"41.0156672051057"},"EnqueuedTimeUtc":"2022-10-08 19:00:00","Properties":{"messagetype":"Demo"},"SystemProperties":{"connectionAuthMethod":"{\"scope\":\"device\",\"type\":\"sas\",\"issuer\":\"iothub\",\"acceptingIpFilterRule\":null}","connectionDeviceGenerationId":"638052891151821842","connectionDeviceId":"IOTDevice_7_4","contentEncoding":"utf-8","contentType":"application/json","enqueuedTime":"2022-10-08 19:00:00"}}
{"Body":{"Status":true,"Timestamp":"2022-10-08 20:00:00","volt":"164.43873922487"},"EnqueuedTimeUtc":"2022-10-08 20:00:00","Properties":{"messagetype":"Demo"},"SystemProperties":{"connectionAuthMethod":"{\"scope\":\"device\",\"type\":\"sas\",\"issuer\":\"iothub\",\"acceptingIpFilterRule\":null}","connectionDeviceGenerationId":"638052891151821842","connectionDeviceId":"IOTDevice_7_1","contentEncoding":"utf-8","contentType":"application/json","enqueuedTime":"2022-10-08 20:00:00"}}
{"Body":{"Status":true,"Timestamp":"2022-10-08 20:00:00","rotate":"512.578359663484"},"EnqueuedTimeUtc":"2022-10-08 20:00:00","Properties":{"messagetype":"Demo"},"SystemProperties":{"connectionAuthMethod":"{\"scope\":\"device\",\"type\":\"sas\",\"issuer\":\"iothub\",\"acceptingIpFilterRule\":null}","connectionDeviceGenerationId":"638052891151821842","connectionDeviceId":"IOTDevice_7_2","contentEncoding":"utf-8","contentType":"application/json","enqueuedTime":"2022-10-08 20:00:00"}}
{"Body":{"Status":true,"Timestamp":"2022-10-08 20:00:00","pressure":"88.7989213144749"},"EnqueuedTimeUtc":"2022-10-08 20:00:00","Properties":{"messagetype":"Demo"},"SystemProperties":{"connectionAuthMethod":"{\"scope\":\"device\",\"type\":\"sas\",\"issuer\":\"iothub\",\"acceptingIpFilterRule\":null}","connectionDeviceGenerationId":"638052891151821842","connectionDeviceId":"IOTDevice_7_3","contentEncoding":"utf-8","contentType":"application/json","enqueuedTime":"2022-10-08 20:00:00"}}
{"Body":{"Status":true,"Timestamp":"2022-10-08 20:00:00","vibration":"39.2485486107769"},"EnqueuedTimeUtc":"2022-10-08 20:00:00","Properties":{"messagetype":"Demo"},"SystemProperties":{"connectionAuthMethod":"{\"scope\":\"device\",\"type\":\"sas\",\"issuer\":\"iothub\",\"acceptingIpFilterRule\":null}","connectionDeviceGenerationId":"638052891151821842","connectionDeviceId":"IOTDevice_7_4","contentEncoding":"utf-8","contentType":"application/json","enqueuedTime":"2022-10-08 20:00:00"}}
