{"Body":{"Status":true,"Timestamp":"2022-10-08 09:00:00","volt":"162.519525859799"},"EnqueuedTimeUtc":"2022-10-08 09:00:00","Properties":{"messagetype":"Demo"},"SystemProperties":{"connectionAuthMethod":"{\"scope\":\"device\",\"type\":\"sas\",\"issuer\":\"iothub\",\"acceptingIpFilterRule\":null}","connectionDeviceGenerationId":"638052891151821842","connectionDeviceId":"IOTDevice_5_1","contentEncoding":"utf-8","contentType":"application/json","enqueuedTime":"2022-10-08 09:00:00"}}
{"Body":{"Status":true,"Timestamp":"2022-10-08 09:00:00","rotate":"418.161210224687"},"EnqueuedTimeUtc":"2022-10-08 09:00:00","Properties":{"messagetype":"Demo"},"SystemProperties":{"connectionAuthMethod":"{\"scope\":\"device\",\"type\":\"sas\",\"issuer\":\"iothub\",\"acceptingIpFilterRule\":null}","connectionDeviceGenerationId":"638052891151821842","connectionDeviceId":"IOTDevice_5_2","contentEncoding":"utf-8","contentType":"application/json","enqueuedTime":"2022-10-08 09:00:00"}}
{"Body":{"Status":true,"Timestamp":"2022-10-08 09:00:00","pressure":"85.4510636200281"},"EnqueuedTimeUtc":"2022-10-08 09:00:00","Properties":{"messagetype":"Demo"},"SystemProperties":{"connectionAuthMethod":"{\"scope\":\"device\",\"type\":\"sas\",\"issuer\":\"iothub\",\"acceptingIpFilterRule\":null}","connectionDeviceGenerationId":"638052891151821842","connectionDeviceId":"IOTDevice_5_3","contentEncoding":"utf-8","contentType":"application/json","enqueuedTime":"2022-10-08 09:00:00"}}
{"Body":{"Status":true,"Timestamp":"2022-10-08 09:00:00","vibration":"38.1091310405705"},"EnqueuedTimeUtc":"2022-10-08 09:00:00","Properties":{"messagetype":"Demo"},"SystemProperties":{"connectionAuthMethod":"{\"scope\":\"device\",\"type\":\"sas\",\"issuer\":\"iothub\",\"acceptingIpFilterRule\":null}","connectionDeviceGenerationId":"638052891151821842","connectionDeviceId":"IOTDevice_5_4","contentEncoding":"utf-8","contentType":"application/json","enqueuedTime":"2022-10-08 09:00:00"}}
{"Body":{"Status":true,"Timestamp":"2022-10-08 10:00:00","volt":"181.834671942114"},"EnqueuedTimeUtc":"2022-10-08 10:00:00","Properties":{"messagetype":"Demo"},"SystemProperties":{"connectionAuthMethod":"{\"scope\":\"device\",\"type\":\"sas\",\"issuer\":\"iothub\",\"acceptingIpFilterRule\":null}","connectionDeviceGenerationId":"638052891151821842","connectionDeviceId":"IOTDevice_5_1","contentEncoding":"utf-8","contentType":"application/json","enqueuedTime":"2022-10-08 10:00:00"}}
{"Body":{"Status":true,"Timestamp":"2022-10-08 10:00:00","rotate":"437.093941924271"},"EnqueuedTimeUtc":"2022-10-08 10:00:00","Properties":{"messagetype":"Demo"},"SystemProperties":{"connectionAuthMethod":"{\"scope\":\"device\",\"type\":\"sas\",\"issuer\":\"iothub\",\"acceptingIpFilterRule\":null}","connectionDeviceGenerationId":"638052891151821842","connectionDeviceId":"IOTDevice_5_2","contentEncoding":"utf-8","contentType":"application/json","enqueuedTime":"2022-10-08 10:00:00"}}
{"Body":{"Status":true,"Timestamp":"2022-10-08 10:00:00","pressure":"85.8302799626911"},"EnqueuedTimeUtc":"2022-10-08 10:00:00","Properties":{"messagetype":"Demo"},"SystemProperties":{"connectionAuthMethod":"{\"scope\":\"device\",\"type\":\"sas\",\"issuer\":\"iothub\",\"acceptingIpFilterRule\":null}","connectionDeviceGenerationId":"638052891151821842","connectionDeviceId":"IOTDevice_5_3","contentEncoding":"utf-8","contentType":"application/json","enqueuedTime":"2022-10-08 10:00:00"}}
{"Body":{"Status":true,"Timestamp":"2022-10-08 10:00:00","vibration":"31.5931836182546"},"EnqueuedTimeUtc":"2022-10-08 10:00:00","Properties":{"messagetype":"Demo"},"SystemProperties":{"connectionAuthMethod":"{\"scope\":\"device\",\"type\":\"sas\",\"issuer\":\"iothub\",\"acceptingIpFilterRule\":null}","connectionDeviceGenerationId":"638052891151821842","connectionDeviceId":"IOTDevice_5_4","contentEncoding":"utf-8","contentType":"application/json","enqueuedTime":"2022-10-08 10:00:00"}}
{"Body":{"Status":true,"Timestamp":"2022-10-08 11:00:00","volt":"172.433964585252"},"EnqueuedTimeUtc":"2022-10-08 11:00:00","Properties":{"messagetype":"Demo"},"SystemProperties":{"connectionAuthMethod":"{\"scope\":\"device\",\"type\":\"sas\",\"issuer\":\"iothub\",\"acceptingIpFilterRule\":null}","connectionDeviceGenerationId":"638052891151821842","connectionDeviceId":"IOTDevice_5_1","contentEncoding":"utf-8","contentType":"application/json","enqueuedTime":"2022-10-08 11:00:00"}}
{"Body":{"Status":true,"Timestamp":"2022-10-08 11:00:00","rotate":"451.132206860863"},"EnqueuedTimeUtc":"2022-10-08 11:00:00","Properties":{"messagetype":"Demo"},"SystemProperties":{"connectionAuthMethod":"{\"scope\":\"device\",\"type\":\"sas\",\"issuer\":\"iothub\",\"acceptingIpFilterRule\":null}","connectionDeviceGenerationId":"638052891151821842","connectionDeviceId":"IOTDevice_5_2","contentEncoding":"utf-8","contentType":"application/json","enqueuedTime":"2022-10-08 11:00:00"}}
{"Body":{"Status":true,"Timestamp":"2022-10-08 11:00:00","pressure":"98.6868235670244"},"EnqueuedTimeUtc":"2022-10-08 11:00:00","Properties":{"messagetype":"Demo"},"SystemProperties":{"connectionAuthMethod":"{\"scope\":\"device\",\"type\":\"sas\",\"issuer\":\"iothub\",\"acceptingIpFilterRule\":null}","connectionDeviceGenerationId":"638052891151821842","connectionDeviceId":"IOTDevice_5_3","contentEncoding":"utf-8","contentType":"application/json","enqueuedTime":"2022-10-08 11:00:00"}}
{"Body":{"Status":true,"Timestamp":"2022-10-08 11:00:00","vibration":"32.3095077648002"},"EnqueuedTimeUtc":"2022-10-08 11:00:00","Properties":{"messagetype":"Demo"},"SystemProperties":{"connectionAuthMethod":"{\"scope\":\"device\",\"type\":\"sas\",\"issuer\":\"iothub\",\"acceptingIpFilterRule\":null}","connectionDeviceGenerationId":"638052891151821842","connectionDeviceId":"IOTDevice_5_4","contentEncoding":"utf-8","contentType":"application/json","enqueuedTime":"2022-10-08 11:00:00"}}
{"Body":{"Status":true,"Timestamp":"2022-10-08 12:00:00","volt":"176.514276309235"},"EnqueuedTimeUtc":"2022-10-08 12:00:00","Properties":{"messagetype":"Demo"},"SystemProperties":{"connectionAuthMethod":"{\"scope\":\"device\",\"type\":\"sas\",\"issuer\":\"iothub\",\"acceptingIpFilterRule\":null}","connectionDeviceGenerationId":"638052891151821842","connectionDeviceId":"IOTDevice_5_1","contentEncoding":"utf-8","contentType":"application/json","enqueuedTime":"2022-10-08 12:00:00"}}
{"Body":{"Status":true,"Timestamp":"2022-10-08 12:00:00","rotate":"451.169227650505"},"EnqueuedTimeUtc":"2022-10-08 12:00:00","Properties":{"messagetype":"Demo"},"SystemProperties":{"connectionAuthMethod":"{\"scope\":\"device\",\"type\":\"sas\",\"issuer\":\"iothub\",\"acceptingIpFilterRule\":null}","connectionDeviceGenerationId":"638052891151821842","connectionDeviceId":"IOTDevice_5_2","contentEncoding":"utf-8","contentType":"application/json","enqueuedTime":"2022-10-08 12:00:00"}}
{"Body":{"Status":true,"Timestamp":"2022-10-08 12:00:00","pressure":"97.2201185745274"},"EnqueuedTimeUtc":"2022-10-08 12:00:00","Properties":{"messagetype":"Demo"},"SystemProperties":{"connectionAuthMethod":"{\"scope\":\"device\",\"type\":\"sas\",\"issuer\":\"iothub\",\"acceptingIpFilterRule\":null}","connectionDeviceGenerationId":"638052891151821842","connectionDeviceId":"IOTDevice_5_3","contentEncoding":"utf-8","contentType":"application/json","enqueuedTime":"2022-10-08 12:00:00"}}
{"Body":{"Status":true,"Timestamp":"2022-10-08 12:00:00","vibration":"38.9726898238719"},"EnqueuedTimeUtc":"2022-10-08 12:00:00","Properties":{"messagetype":"Demo"},"SystemProperties":{"connectionAuthMethod":"{\"scope\":\"device\",\"type\":\"sas\",\"issuer\":\"iothub\",\"acceptingIpFilterRule\":null}","connectionDeviceGenerationId":"638052891151821842","connectionDeviceId":"IOTDevice_5_4","contentEncoding":"utf-8","contentType":"application/json","enqueuedTime":"2022-10-08 12:00:00"}}
{"Body":{"Status":true,"Timestamp":"2022-10-08 13:00:00","volt":"168.251982545001"},"EnqueuedTimeUtc":"2022-10-08 13:00:00","Properties":{"messagetype":"Demo"},"SystemProperties":{"connectionAuthMethod":"{\"scope\":\"device\",\"type\":\"sas\",\"issuer\":\"iothub\",\"acceptingIpFilterRule\":null}","connectionDeviceGenerationId":"638052891151821842","connectionDeviceId":"IOTDevice_5_1","contentEncoding":"utf-8","contentType":"application/json","enqueuedTime":"2022-10-08 13:00:00"}}
{"Body":{"Status":true,"Timestamp":"2022-10-08 13:00:00","rotate":"416.190956561152"},"EnqueuedTimeUtc":"2022-10-08 13:00:00","Properties":{"messagetype":"Demo"},"SystemProperties":{"connectionAuthMethod":"{\"scope\":\"device\",\"type\":\"sas\",\"issuer\":\"iothub\",\"acceptingIpFilterRule\":null}","connectionDeviceGenerationId":"638052891151821842","connectionDeviceId":"IOTDevice_5_2","contentEncoding":"utf-8","contentType":"application/json","enqueuedTime":"2022-10-08 13:00:00"}}
{"Body":{"Status":true,"Timestamp":"2022-10-08 13:00:00","pressure":"86.1435907671543"},"EnqueuedTimeUtc":"2022-10-08 13:00:00","Properties":{"messagetype":"Demo"},"SystemProperties":{"connectionAuthMethod":"{\"scope\":\"device\",\"type\":\"sas\",\"issuer\":\"iothub\",\"acceptingIpFilterRule\":null}","connectionDeviceGenerationId":"638052891151821842","connectionDeviceId":"IOTDevice_5_3","contentEncoding":"utf-8","contentType":"application/json","enqueuedTime":"2022-10-08 13:00:00"}}
{"Body":{"Status":true,"Timestamp":"2022-10-08 13:00:00","vibration":"39.9826088208488"},"EnqueuedTimeUtc":"2022-10-08 13:00:00","Properties":{"messagetype":"Demo"},"SystemProperties":{"connectionAuthMethod":"{\"scope\":\"device\",\"type\":\"sas\",\"issuer\":\"iothub\",\"acceptingIpFilterRule\":null}","connectionDeviceGenerationId":"638052891151821842","connectionDeviceId":"IOTDevice_5_4","contentEncoding":"utf-8","contentType":"application/json","enqueuedTime":"2022-10-08 13:00:00"}}
{"Body":{"Status":true,"Timestamp":"2022-10-08 14:00:00","volt":"163.407944648544"},"EnqueuedTimeUtc":"2022-10-08 14:00:00","Properties":{"messagetype":"Demo"},"SystemProperties":{"connectionAuthMethod":"{\"scope\":\"device\",\"type\":\"sas\",\"issuer\":\"iothub\",\"acceptingIpFilterRule\":null}","connectionDeviceGenerationId":"638052891151821842","connectionDeviceId":"IOTDevice_5_1","contentEncoding":"utf-8","contentType":"application/json","enqueuedTime":"2022-10-08 14:00:00"}}
{"Body":{"Status":true,"Timestamp":"2022-10-08 14:00:00","rotate":"428.412952185635"},"EnqueuedTimeUtc":"2022-10-08 14:00:00","Properties":{"messagetype":"Demo"},"SystemProperties":{"connectionAuthMethod":"{\"scope\":\"device\",\"type\":\"sas\",\"issuer\":\"iothub\",\"acceptingIpFilterRule\":null}","connectionDeviceGenerationId":"638052891151821842","connectionDeviceId":"IOTDevice_5_2","contentEncoding":"utf-8","contentType":"application/json","enqueuedTime":"2022-10-08 14:00:00"}}
{"Body":{"Status":true,"Timestamp":"2022-10-08 14:00:00","pressure":"108.01135100814"},"EnqueuedTimeUtc":"2022-10-08 14:00:00","Properties":{"messagetype":"Demo"},"SystemProperties":{"connectionAuthMethod":"{\"scope\":\"device\",\"type\":\"sas\",\"issuer\":\"iothub\",\"acceptingIpFilterRule\":null}","connectionDeviceGenerationId":"638052891151821842","connectionDeviceId":"IOTDevice_5_3","contentEncoding":"utf-8","contentType":"application/json","enqueuedTime":"2022-10-08 14:00:00"}}
{"Body":{"Status":true,"Timestamp":"2022-10-08 14:00:00","vibration":"42.8497567474518"},"EnqueuedTimeUtc":"2022-10-08 14:00:00","Properties":{"messagetype":"Demo"},"SystemProperties":{"connectionAuthMethod":"{\"scope\":\"device\",\"type\":\"sas\",\"issuer\":\"iothub\",\"acceptingIpFilterRule\":null}","connectionDeviceGenerationId":"638052891151821842","connectionDeviceId":"IOTDevice_5_4","contentEncoding":"utf-8","contentType":"application/json","enqueuedTime":"2022-10-08 14:00:00"}}
{"Body":{"Status":true,"Timestamp":"2022-10-08 15:00:00","volt":"191.261251792791"},"EnqueuedTimeUtc":"2022-10-08 15:00:00","Properties":{"messagetype":"Demo"},"SystemProperties":{"connectionAuthMethod":"{\"scope\":\"device\",\"type\":\"sas\",\"issuer\":\"iothub\",\"acceptingIpFilterRule\":null}","connectionDeviceGenerationId":"638052891151821842","connectionDeviceId":"IOTDevice_5_1","contentEncoding":"utf-8","contentType":"application/json","enqueuedTime":"2022-10-08 15:00:00"}}
{"Body":{"Status":true,"Timestamp":"2022-10-08 15:00:00","rotate":"415.526496452025"},"EnqueuedTimeUtc":"2022-10-08 15:00:00","Properties":{"messagetype":"Demo"},"SystemProperties":{"connectionAuthMethod":"{\"scope\":\"device\",\"type\":\"sas\",\"issuer\":\"iothub\",\"acceptingIpFilterRule\":null}","connectionDeviceGenerationId":"638052891151821842","connectionDeviceId":"IOTDevice_5_2","contentEncoding":"utf-8","contentType":"application/json","enqueuedTime":"2022-10-08 15:00:00"}}
{"Body":{"Status":true,"Timestamp":"2022-10-08 15:00:00","pressure":"90.3006332783605"},"EnqueuedTimeUtc":"2022-10-08 15:00:00","Properties":{"messagetype":"Demo"},"SystemProperties":{"connectionAuthMethod":"{\"scope\":\"device\",\"type\":\"sas\",\"issuer\":\"iothub\",\"acceptingIpFilterRule\":null}","connectionDeviceGenerationId":"638052891151821842","connectionDeviceId":"IOTDevice_5_3","contentEncoding":"utf-8","contentType":"application/json","enqueuedTime":"2022-10-08 15:00:00"}}
{"Body":{"Status":true,"Timestamp":"2022-10-08 15:00:00","vibration":"35.1180488792064"},"EnqueuedTimeUtc":"2022-10-08 15:00:00","Properties":{"messagetype":"Demo"},"SystemProperties":{"connectionAuthMethod":"{\"scope\":\"device\",\"type\":\"sas\",\"issuer\":\"iothub\",\"acceptingIpFilterRule\":null}","connectionDeviceGenerationId":"638052891151821842","connectionDeviceId":"IOTDevice_5_4","contentEncoding":"utf-8","contentType":"application/json","enqueuedTime":"2022-10-08 15:00:00"}}
{"Body":{"Status":true,"Timestamp":"2022-10-08 16:00:00","volt":"152.536698094184"},"EnqueuedTimeUtc":"2022-10-08 16:00:00","Properties":{"messagetype":"Demo"},"SystemProperties":{"connectionAuthMethod":"{\"scope\":\"device\",\"type\":\"sas\",\"issuer\":\"iothub\",\"acceptingIpFilterRule\":null}","connectionDeviceGenerationId":"638052891151821842","connectionDeviceId":"IOTDevice_5_1","contentEncoding":"utf-8","contentType":"application/json","enqueuedTime":"2022-10-08 16:00:00"}}
{"Body":{"Status":true,"Timestamp":"2022-10-08 16:00:00","rotate":"419.841194253249"},"EnqueuedTimeUtc":"2022-10-08 16:00:00","Properties":{"messagetype":"Demo"},"SystemProperties":{"connectionAuthMethod":"{\"scope\":\"device\",\"type\":\"sas\",\"issuer\":\"iothub\",\"acceptingIpFilterRule\":null}","connectionDeviceGenerationId":"638052891151821842","connectionDeviceId":"IOTDevice_5_2","contentEncoding":"utf-8","contentType":"application/json","enqueuedTime":"2022-10-08 16:00:00"}}
{"Body":{"Status":true,"Timestamp":"2022-10-08 16:00:00","pressure":"102.664898149179"},"EnqueuedTimeUtc":"2022-10-08 16:00:00","Properties":{"messagetype":"Demo"},"SystemProperties":{"connectionAuthMethod":"{\"scope\":\"device\",\"type\":\"sas\",\"issuer\":\"iothub\",\"acceptingIpFilterRule\":null}","connectionDeviceGenerationId":"638052891151821842","connectionDeviceId":"IOTDevice_5_3","contentEncoding":"utf-8","contentType":"application/json","enqueuedTime":"2022-10-08 16:00:00"}}
{"Body":{"Status":true,"Timestamp":"2022-10-08 16:00:00","vibration":"36.3079358781662"},"EnqueuedTimeUtc":"2022-10-08 16:00:00","Properties":{"messagetype":"Demo"},"SystemProperties":{"connectionAuthMethod":"{\"scope\":\"device\",\"type\":\"sas\",\"issuer\":\"iothub\",\"acceptingIpFilterRule\":null}","connectionDeviceGenerationId":"638052891151821842","connectionDeviceId":"IOTDevice_5_4","contentEncoding":"utf-8","contentType":"application/json","enqueuedTime":"2022-10-08 16:00:00"}}
{"Body":{"Status":true,"Timestamp":"2022-10-08 17:00:00","volt":"155.903834857488"},"EnqueuedTimeUtc":"2022-10-08 17:00:00","Properties":{"messagetype":"Demo"},"SystemProperties":{"connectionAuthMethod":"{\"scope\":\"device\",\"type\":\"sas\",\"issuer\":\"iothub\",\"acceptingIpFilterRule\":null}","connectionDeviceGenerationId":"638052891151821842","connectionDeviceId":"IOTDevice_5_1","contentEncoding":"utf-8","contentType":"application/json","enqueuedTime":"2022-10-08 17:00:00"}}
{"Body":{"Status":true,"Timestamp":"2022-10-08 17:00:00","rotate":"368.423875113822"},"EnqueuedTimeUtc":"2022-10-08 17:00:00","Properties":{"messagetype":"Demo"},"SystemProperties":{"connectionAuthMethod":"{\"scope\":\"device\",\"type\":\"sas\",\"issuer\":\"iothub\",\"acceptingIpFilterRule\":null}","connectionDeviceGenerationId":"638052891151821842","connectionDeviceId":"IOTDevice_5_2","contentEncoding":"utf-8","contentType":"application/json","enqueuedTime":"2022-10-08 17:00:00"}}
{"Body":{"Status":true,"Timestamp":"2022-10-08 17:00:00","pressure":"89.8585152225478"},"EnqueuedTimeUtc":"2022-10-08 17:00:00","Properties":{"messagetype":"Demo"},"SystemProperties":{"connectionAuthMethod":"{\"scope\":\"device\",\"type\":\"sas\",\"issuer\":\"iothub\",\"acceptingIpFilterRule\":null}","connectionDeviceGenerationId":"638052891151821842","connectionDeviceId":"IOTDevice_5_3","contentEncoding":"utf-8","contentType":"application/json","enqueuedTime":"2022-10-08 17:00:00"}}
{"Body":{"Status":true,"Timestamp":"2022-10-08 17:00:00","vibration":"43.0544443098283"},"EnqueuedTimeUtc":"2022-10-08 17:00:00","Properties":{"messagetype":"Demo"},"SystemProperties":{"connectionAuthMethod":"{\"scope\":\"device\",\"type\":\"sas\",\"issuer\":\"iothub\",\"acceptingIpFilterRule\":null}","connectionDeviceGenerationId":"638052891151821842","connectionDeviceId":"IOTDevice_5_4","contentEncoding":"utf-8","contentType":"application/json","enqueuedTime":"2022-10-08 17:00:00"}}
{"Body":{"Status":true,"Timestamp":"2022-10-08 18:00:00","volt":"208.852263222732"},"EnqueuedTimeUtc":"2022-10-08 18:00:00","Properties":{"messagetype":"Demo"},"SystemProperties":{"connectionAuthMethod":"{\"scope\":\"device\",\"type\":\"sas\",\"issuer\":\"iothub\",\"acceptingIpFilterRule\":null}","connectionDeviceGenerationId":"638052891151821842","connectionDeviceId":"IOTDevice_5_1","contentEncoding":"utf-8","contentType":"application/json","enqueuedTime":"2022-10-08 18:00:00"}}
{"Body":{"Status":true,"Timestamp":"2022-10-08 18:00:00","rotate":"367.904589342006"},"EnqueuedTimeUtc":"2022-10-08 18:00:00","Properties":{"messagetype":"Demo"},"SystemProperties":{"connectionAuthMethod":"{\"scope\":\"device\",\"type\":\"sas\",\"issuer\":\"iothub\",\"acceptingIpFilterRule\":null}","connectionDeviceGenerationId":"638052891151821842","connectionDeviceId":"IOTDevice_5_2","contentEncoding":"utf-8","contentType":"application/json","enqueuedTime":"2022-10-08 18:00:00"}}
{"Body":{"Status":true,"Timestamp":"2022-10-08 18:00:00","pressure":"96.4746600866224"},"EnqueuedTimeUtc":"2022-10-08 18:00:00","Properties":{"messagetype":"Demo"},"SystemProperties":{"connectionAuthMethod":"{\"scope\":\"device\",\"type\":\"sas\",\"issuer\":\"iothub\",\"acceptingIpFilterRule\":null}","connectionDeviceGenerationId":"638052891151821842","connectionDeviceId":"IOTDevice_5_3","contentEncoding":"utf-8","contentType":"application/json","enqueuedTime":"2022-10-08 18:00:00"}}
{"Body":{"Status":true,"Timestamp":"2022-10-08 18:00:00","vibration":"36.9553467750051"},"EnqueuedTimeUtc":"2022-10-08 18:00:00","Properties":{"messagetype":"Demo"},"SystemProperties":{"connectionAuthMethod":"{\"scope\":\"device\",\"type\":\"sas\",\"issuer\":\"iothub\",\"acceptingIpFilterRule\":null}","connectionDeviceGenerationId":"638052891151821842","connectionDeviceId":"IOTDevice_5_4","contentEncoding":"utf-8","contentType":"application/json","enqueuedTime":"2022-10-08 18:00:00"}}
{"Body":{"Status":true,"Timestamp":"2022-10-08 19:00:00","volt":"178.634203800926"},"EnqueuedTimeUtc":"2022-10-08 19:00:00","Properties":{"messagetype":"Demo"},"SystemProperties":{"connectionAuthMethod":"{\"scope\":\"device\",\"type\":\"sas\",\"issuer\":\"iothub\",\"acceptingIpFilterRule\":null}","connectionDeviceGenerationId":"638052891151821842","connectionDeviceId":"IOTDevice_5_1","contentEncoding":"utf-8","contentType":"application/json","enqueuedTime":"2022-10-08 19:00:00"}}
{"Body":{"Status":true,"Timestamp":"2022-10-08 19:00:00","rotate":"408.78597179083"},"EnqueuedTimeUtc":"2022-10-08 19:00:00","Properties":{"messagetype":"Demo"},"SystemProperties":{"connectionAuthMethod":"{\"scope\":\"device\",\"type\":\"sas\",\"issuer\":\"iothub\",\"acceptingIpFilterRule\":null}","connectionDeviceGenerationId":"638052891151821842","connectionDeviceId":"IOTDevice_5_2","contentEncoding":"utf-8","contentType":"application/json","enqueuedTime":"2022-10-08 19:00:00"}}
{"Body":{"Status":true,"Timestamp":"2022-10-08 19:00:00","pressure":"93.928590174453"},"EnqueuedTimeUtc":"2022-10-08 19:00:00","Properties":{"messagetype":"Demo"},"SystemProperties":{"connectionAuthMethod":"{\"scope\":\"device\",\"type\":\"sas\",\"issuer\":\"iothub\",\"acceptingIpFilterRule\":null}","connectionDeviceGenerationId":"638052891151821842","connectionDeviceId":"IOTDevice_5_3","contentEncoding":"utf-8","contentType":"application/json","enqueuedTime":"2022-10-08 19:00:00"}}
{"Body":{"Status":true,"Timestamp":"2022-10-08 19:00:00","vibration":"39.9009515442836"},"EnqueuedTimeUtc":"2022-10-08 19:00:00","Properties":{"messagetype":"Demo"},"SystemProperties":{"connectionAuthMethod":"{\"scope\":\"device\",\"type\":\"sas\",\"issuer\":\"iothub\",\"acceptingIpFilterRule\":null}","connectionDeviceGenerationId":"638052891151821842","connectionDeviceId":"IOTDevice_5_4","contentEncoding":"utf-8","contentType":"application/json","enqueuedTime":"2022-10-08 19:00:00"}}
{"Body":{"Status":true,"Timestamp":"2022-10-08 20:00:00","volt":"151.894497589403"},"EnqueuedTimeUtc":"2022-10-08 20:00:00","Properties":{"messagetype":"Demo"},"SystemProperties":{"connectionAuthMethod":"{\"scope\":\"device\",\"type\":\"sas\",\"issuer\":\"iothub\",\"acceptingIpFilterRule\":null}","connectionDeviceGenerationId":"638052891151821842","connectionDeviceId":"IOTDevice_5_1","contentEncoding":"utf-8","contentType":"application/json","enqueuedTime":"2022-10-08 20:00:00"}}
{"Body":{"Status":true,"Timestamp":"2022-10-08 20:00:00","rotate":"426.286637100193"},"EnqueuedTimeUtc":"2022-10-08 20:00:00","Properties":{"messagetype":"Demo"},"SystemProperties":{"connectionAuthMethod":"{\"scope\":\"device\",\"type\":\"sas\",\"issuer\":\"iothub\",\"acceptingIpFilterRule\":null}","connectionDeviceGenerationId":"638052891151821842","connectionDeviceId":"IOTDevice_5_2","contentEncoding":"utf-8","contentType":"application/json","enqueuedTime":"2022-10-08 20:00:00"}}
{"Body":{"Status":true,"Timestamp":"2022-10-08 20:00:00","pressure":"106.08557363513"},"EnqueuedTimeUtc":"2022-10-08 20:00:00","Properties":{"messagetype":"Demo"},"SystemProperties":{"connectionAuthMethod":"{\"scope\":\"device\",\"type\":\"sas\",\"issuer\":\"iothub\",\"acceptingIpFilterRule\":null}","connectionDeviceGenerationId":"638052891151821842","connectionDeviceId":"IOTDevice_5_3","contentEncoding":"utf-8","contentType":"application/json","enqueuedTime":"2022-10-08 20:00:00"}}
{"Body":{"Status":true,"Timestamp":"2022-10-08 20:00:00","vibration":"23.1477918005767"},"EnqueuedTimeUtc":"2022-10-08 20:00:00","Properties":{"messagetype":"Demo"},"SystemProperties":{"connectionAuthMethod":"{\"scope\":\"device\",\"type\":\"sas\",\"issuer\":\"iothub\",\"acceptingIpFilterRule\":null}","connectionDeviceGenerationId":"638052891151821842","connectionDeviceId":"IOTDevice_5_4","contentEncoding":"utf-8","contentType":"application/json","enqueuedTime":"2022-10-08 20:00:00"}}
{"Body":{"Status":true,"Timestamp":"2022-10-08 21:00:00","volt":"183.571058736162"},"EnqueuedTimeUtc":"2022-10-08 21:00:00","Properties":{"messagetype":"Demo"},"SystemProperties":{"connectionAuthMethod":"{\"scope\":\"device\",\"type\":\"sas\",\"issuer\":\"iothub\",\"acceptingIpFilterRule\":null}","connectionDeviceGenerationId":"638052891151821842","connectionDeviceId":"IOTDevice_5_1","contentEncoding":"utf-8","contentType":"application/json","enqueuedTime":"2022-10-08 21:00:00"}}
{"Body":{"Status":true,"Timestamp":"2022-10-08 21:00:00","rotate":"425.252865169868"},"EnqueuedTimeUtc":"2022-10-08 21:00:00","Properties":{"messagetype":"Demo"},"SystemProperties":{"connectionAuthMethod":"{\"scope\":\"device\",\"type\":\"sas\",\"issuer\":\"iothub\",\"acceptingIpFilterRule\":null}","connectionDeviceGenerationId":"638052891151821842","connectionDeviceId":"IOTDevice_5_2","contentEncoding":"utf-8","contentType":"application/json","enqueuedTime":"2022-10-08 21:00:00"}}
{"Body":{"Status":true,"Timestamp":"2022-10-08 21:00:00","pressure":"105.581474412494"},"EnqueuedTimeUtc":"2022-10-08 21:00:00","Properties":{"messagetype":"Demo"},"SystemProperties":{"connectionAuthMethod":"{\"scope\":\"device\",\"type\":\"sas\",\"issuer\":\"iothub\",\"acceptingIpFilterRule\":null}","connectionDeviceGenerationId":"638052891151821842","connectionDeviceId":"IOTDevice_5_3","contentEncoding":"utf-8","contentType":"application/json","enqueuedTime":"2022-10-08 21:00:00"}}
{"Body":{"Status":true,"Timestamp":"2022-10-08 21:00:00","vibration":"40.5429576445426"},"EnqueuedTimeUtc":"2022-10-08 21:00:00","Properties":{"messagetype":"Demo"},"SystemProperties":{"connectionAuthMethod":"{\"scope\":\"device\",\"type\":\"sas\",\"issuer\":\"iothub\",\"acceptingIpFilterRule\":null}","connectionDeviceGenerationId":"638052891151821842","connectionDeviceId":"IOTDevice_5_4","contentEncoding":"utf-8","contentType":"application/json","enqueuedTime":"2022-10-08 21:00:00"}}
{"Body":{"Status":true,"Timestamp":"2022-10-08 22:00:00","volt":"158.0817689347"},"EnqueuedTimeUtc":"2022-10-08 22:00:00","Properties":{"messagetype":"Demo"},"SystemProperties":{"connectionAuthMethod":"{\"scope\":\"device\",\"type\":\"sas\",\"issuer\":\"iothub\",\"acceptingIpFilterRule\":null}","connectionDeviceGenerationId":"638052891151821842","connectionDeviceId":"IOTDevice_5_1","contentEncoding":"utf-8","contentType":"application/json","enqueuedTime":"2022-10-08 22:00:00"}}
{"Body":{"Status":true,"Timestamp":"2022-10-08 22:00:00","rotate":"493.81909879452"},"EnqueuedTimeUtc":"2022-10-08 22:00:00","Properties":{"messagetype":"Demo"},"SystemProperties":{"connectionAuthMethod":"{\"scope\":\"device\",\"type\":\"sas\",\"issuer\":\"iothub\",\"acceptingIpFilterRule\":null}","connectionDeviceGenerationId":"638052891151821842","connectionDeviceId":"IOTDevice_5_2","contentEncoding":"utf-8","contentType":"application/json","enqueuedTime":"2022-10-08 22:00:00"}}
{"Body":{"Status":true,"Timestamp":"2022-10-08 22:00:00","pressure":"96.5857286213226"},"EnqueuedTimeUtc":"2022-10-08 22:00:00","Properties":{"messagetype":"Demo"},"SystemProperties":{"connectionAuthMethod":"{\"scope\":\"device\",\"type\":\"sas\",\"issuer\":\"iothub\",\"acceptingIpFilterRule\":null}","connectionDeviceGenerationId":"638052891151821842","connectionDeviceId":"IOTDevice_5_3","contentEncoding":"utf-8","contentType":"application/json","enqueuedTime":"2022-10-08 22:00:00"}}
{"Body":{"Status":true,"Timestamp":"2022-10-08 22:00:00","vibration":"36.4199552566956"},"EnqueuedTimeUtc":"2022-10-08 22:00:00","Properties":{"messagetype":"Demo"},"SystemProperties":{"connectionAuthMethod":"{\"scope\":\"device\",\"type\":\"sas\",\"issuer\":\"iothub\",\"acceptingIpFilterRule\":null}","connectionDeviceGenerationId":"638052891151821842","connectionDeviceId":"IOTDevice_5_4","contentEncoding":"utf-8","contentType":"application/json","enqueuedTime":"2022-10-08 22:00:00"}}
{"Body":{"Status":true,"Timestamp":"2022-10-08 23:00:00","volt":"180.388291958222"},"EnqueuedTimeUtc":"2022-10-08 23:00:00","Properties":{"messagetype":"Demo"},"SystemProperties":{"connectionAuthMethod":"{\"scope\":\"device\",\"type\":\"sas\",\"issuer\":\"iothub\",\"acceptingIpFilterRule\":null}","connectionDeviceGenerationId":"638052891151821842","connectionDeviceId":"IOTDevice_5_1","contentEncoding":"utf-8","contentType":"application/json","enqueuedTime":"2022-10-08 23:00:00"}}
{"Body":{"Status":true,"Timestamp":"2022-10-08 23:00:00","rotate":"372.135595612598"},"EnqueuedTimeUtc":"2022-10-08 23:00:00","Properties":{"messagetype":"Demo"},"SystemProperties":{"connectionAuthMethod":"{\"scope\":\"device\",\"type\":\"sas\",\"issuer\":\"iothub\",\"acceptingIpFilterRule\":null}","connectionDeviceGenerationId":"638052891151821842","connectionDeviceId":"IOTDevice_5_2","contentEncoding":"utf-8","contentType":"application/json","enqueuedTime":"2022-10-08 23:00:00"}}
{"Body":{"Status":true,"Timestamp":"2022-10-08 23:00:00","pressure":"112.30130355854"},"EnqueuedTimeUtc":"2022-10-08 23:00:00","Properties":{"messagetype":"Demo"},"SystemProperties":{"connectionAuthMethod":"{\"scope\":\"device\",\"type\":\"sas\",\"issuer\":\"iothub\",\"acceptingIpFilterRule\":null}","connectionDeviceGenerationId":"638052891151821842","connectionDeviceId":"IOTDevice_5_3","contentEncoding":"utf-8","contentType":"application/json","enqueuedTime":"2022-10-08 23:00:00"}}
{"Body":{"Status":true,"Timestamp":"2022-10-08 23:00:00","vibration":"42.3433149256297"},"EnqueuedTimeUtc":"2022-10-08 23:00:00","Properties":{"messagetype":"Demo"},"SystemProperties":{"connectionAuthMethod":"{\"scope\":\"device\",\"type\":\"sas\",\"issuer\":\"iothub\",\"acceptingIpFilterRule\":null}","connectionDeviceGenerationId":"638052891151821842","connectionDeviceId":"IOTDevice_5_4","contentEncoding":"utf-8","contentType":"application/json","enqueuedTime":"2022-10-08 23:00:00"}}
