{"Body":{"Status":true,"Timestamp":"2022-10-08 21:00:00","volt":"198.728190017263"},"EnqueuedTimeUtc":"2022-10-08 21:00:00","Properties":{"messagetype":"Demo"},"SystemProperties":{"connectionAuthMethod":"{\"scope\":\"device\",\"type\":\"sas\",\"issuer\":\"iothub\",\"acceptingIpFilterRule\":null}","connectionDeviceGenerationId":"638052891151821842","connectionDeviceId":"IOTDevice_7_1","contentEncoding":"utf-8","contentType":"application/json","enqueuedTime":"2022-10-08 21:00:00"}}
{"Body":{"Status":true,"Timestamp":"2022-10-08 21:00:00","rotate":"441.357600239311"},"EnqueuedTimeUtc":"2022-10-08 21:00:00","Properties":{"messagetype":"Demo"},"SystemProperties":{"connectionAuthMethod":"{\"scope\":\"device\",\"type\":\"sas\",\"issuer\":\"iothub\",\"acceptingIpFilterRule\":null}","connectionDeviceGenerationId":"638052891151821842","connectionDeviceId":"IOTDevice_7_2","contentEncoding":"utf-8","contentType":"application/json","enqueuedTime":"2022-10-08 21:00:00"}}
{"Body":{"Status":true,"Timestamp":"2022-10-08 21:00:00","pressure":"89.6168723183583"},"EnqueuedTimeUtc":"2022-10-08 21:00:00","Properties":{"messagetype":"Demo"},"SystemProperties":{"connectionAuthMethod":"{\"scope\":\"device\",\"type\":\"sas\",\"issuer\":\"iothub\",\"acceptingIpFilterRule\":null}","connectionDeviceGenerationId":"638052891151821842","connectionDeviceId":"IOTDevice_7_3","contentEncoding":"utf-8","contentType":"application/json","enqueuedTime":"2022-10-08 21:00:00"}}
{"Body":{"Status":true,"Timestamp":"2022-10-08 21:00:00","vibration":"43.350677567833"},"EnqueuedTimeUtc":"2022-10-08 21:00:00","Properties":{"messagetype":"Demo"},"SystemProperties":{"connectionAuthMethod":"{\"scope\":\"device\",\"type\":\"sas\",\"issuer\":\"iothub\",\"acceptingIpFilterRule\":null}","connectionDeviceGenerationId":"638052891151821842","connectionDeviceId":"IOTDevice_7_4","contentEncoding":"utf-8","contentType":"application/json","enqueuedTime":"2022-10-08 21:00:00"}}
{"Body":{"Status":true,"Timestamp":"2022-10-08 22:00:00","volt":"158.749864926344"},"EnqueuedTimeUtc":"2022-10-08 22:00:00","Properties":{"messagetype":"Demo"},"SystemProperties":{"connectionAuthMethod":"{\"scope\":\"device\",\"type\":\"sas\",\"issuer\":\"iothub\",\"acceptingIpFilterRule\":null}","connectionDeviceGenerationId":"638052891151821842","connectionDeviceId":"IOTDevice_7_1","contentEncoding":"utf-8","contentType":"application/json","enqueuedTime":"2022-10-08 22:00:00"}}
{"Body":{"Status":true,"Timestamp":"2022-10-08 22:00:00","rotate":"407.671026626104"},"EnqueuedTimeUtc":"2022-10-08 22:00:00","Properties":{"messagetype":"Demo"},"SystemProperties":{"connectionAuthMethod":"{\"scope\":\"device\",\"type\":\"sas\",\"issuer\":\"iothub\",\"acceptingIpFilterRule\":null}","connectionDeviceGenerationId":"638052891151821842","connectionDeviceId":"IOTDevice_7_2","contentEncoding":"utf-8","contentType":"application/json","enqueuedTime":"2022-10-08 22:00:00"}}
{"Body":{"Status":true,"Timestamp":"2022-10-08 22:00:00","pressure":"93.8983610309569"},"EnqueuedTimeUtc":"2022-10-08 22:00:00","Properties":{"messagetype":"Demo"},"SystemProperties":{"connectionAuthMethod":"{\"scope\":\"device\",\"type\":\"sas\",\"issuer\":\"iothub\",\"acceptingIpFilterRule\":null}","connectionDeviceGenerationId":"638052891151821842","connectionDeviceId":"IOTDevice_7_3","contentEncoding":"utf-8","contentType":"application/json","enqueuedTime":"2022-10-08 22:00:00"}}
{"Body":{"Status":true,"Timestamp":"2022-10-08 22:00:00","vibration":"36.7760284287456"},"EnqueuedTimeUtc":"2022-10-08 22:00:00","Properties":{"messagetype":"Demo"},"SystemProperties":{"connectionAuthMethod":"{\"scope\":\"device\",\"type\":\"sas\",\"issuer\":\"iothub\",\"acceptingIpFilterRule\":null}","connectionDeviceGenerationId":"638052891151821842","connectionDeviceId":"IOTDevice_7_4","contentEncoding":"utf-8","contentType":"application/json","enqueuedTime":"2022-10-08 22:00:00"}}
{"Body":{"Status":true,"Timestamp":"2022-10-08 23:00:00","volt":"160.551361579027"},"EnqueuedTimeUtc":"2022-10-08 23:00:00","Properties":{"messagetype":"Demo"},"SystemProperties":{"connectionAuthMethod":"{\"scope\":\"device\",\"type\":\"sas\",\"issuer\":\"iothub\",\"acceptingIpFilterRule\":null}","connectionDeviceGenerationId":"638052891151821842","connectionDeviceId":"IOTDevice_7_1","contentEncoding":"utf-8","contentType":"application/json","enqueuedTime":"2022-10-08 23:00:00"}}
{"Body":{"Status":true,"Timestamp":"2022-10-08 23:00:00","rotate":"416.762388855429"},"EnqueuedTimeUtc":"2022-10-08 23:00:00","Properties":{"messagetype":"Demo"},"SystemProperties":{"connectionAuthMethod":"{\"scope\":\"device\",\"type\":\"sas\",\"issuer\":\"iothub\",\"acceptingIpFilterRule\":null}","connectionDeviceGenerationId":"638052891151821842","connectionDeviceId":"IOTDevice_7_2","contentEncoding":"utf-8","contentType":"application/json","enqueuedTime":"2022-10-08 23:00:00"}}
{"Body":{"Status":true,"Timestamp":"2022-10-08 23:00:00","pressure":"110.639202550216"},"EnqueuedTimeUtc":"2022-10-08 23:00:00","Properties":{"messagetype":"Demo"},"SystemProperties":{"connectionAuthMethod":"{\"scope\":\"device\",\"type\":\"sas\",\"issuer\":\"iothub\",\"acceptingIpFilterRule\":null}","connectionDeviceGenerationId":"638052891151821842","connectionDeviceId":"IOTDevice_7_3","contentEncoding":"utf-8","contentType":"application/json","enqueuedTime":"2022-10-08 23:00:00"}}
{"Body":{"Status":true,"Timestamp":"2022-10-08 23:00:00","vibration":"36.1397501212005"},"EnqueuedTimeUtc":"2022-10-08 23:00:00","Properties":{"messagetype":"Demo"},"SystemProperties":{"connectionAuthMethod":"{\"scope\":\"device\",\"type\":\"sas\",\"issuer\":\"iothub\",\"acceptingIpFilterRule\":null}","connectionDeviceGenerationId":"638052891151821842","connectionDeviceId":"IOTDevice_7_4","contentEncoding":"utf-8","contentType":"application/json","enqueuedTime":"2022-10-08 23:00:00"}}
{"Body":{"Status":true,"Timestamp":"2022-10-08 00:00:00","volt":"182.398870333025"},"EnqueuedTimeUtc":"2022-10-08 00:00:00","Properties":{"messagetype":"Demo"},"SystemProperties":{"connectionAuthMethod":"{\"scope\":\"device\",\"type\":\"sas\",\"issuer\":\"iothub\",\"acceptingIpFilterRule\":null}","connectionDeviceGenerationId":"638052891151821842","connectionDeviceId":"IOTDevice_8_1","contentEncoding":"utf-8","contentType":"application/json","enqueuedTime":"2022-10-08 00:00:00"}}
{"Body":{"Status":true,"Timestamp":"2022-10-08 00:00:00","rotate":"366.386949042277"},"EnqueuedTimeUtc":"2022-10-08 00:00:00","Properties":{"messagetype":"Demo"},"SystemProperties":{"connectionAuthMethod":"{\"scope\":\"device\",\"type\":\"sas\",\"issuer\":\"iothub\",\"acceptingIpFilterRule\":null}","connectionDeviceGenerationId":"638052891151821842","connectionDeviceId":"IOTDevice_8_2","contentEncoding":"utf-8","contentType":"application/json","enqueuedTime":"2022-10-08 00:00:00"}}
{"Body":{"Status":true,"Timestamp":"2022-10-08 00:00:00","pressure":"109.568400602415"},"EnqueuedTimeUtc":"2022-10-08 00:00:00","Properties":{"messagetype":"Demo"},"SystemProperties":{"connectionAuthMethod":"{\"scope\":\"device\",\"type\":\"sas\",\"issuer\":\"iothub\",\"acceptingIpFilterRule\":null}","connectionDeviceGenerationId":"638052891151821842","connectionDeviceId":"IOTDevice_8_3","contentEncoding":"utf-8","contentType":"application/json","enqueuedTime":"2022-10-08 00:00:00"}}
{"Body":{"Status":true,"Timestamp":"2022-10-08 00:00:00","vibration":"36.3856402269949"},"EnqueuedTimeUtc":"2022-10-08 00:00:00","Properties":{"messagetype":"Demo"},"SystemProperties":{"connectionAuthMethod":"{\"scope\":\"device\",\"type\":\"sas\",\"issuer\":\"iothub\",\"acceptingIpFilterRule\":null}","connectionDeviceGenerationId":"638052891151821842","connectionDeviceId":"IOTDevice_8_4","contentEncoding":"utf-8","contentType":"application/json","enqueuedTime":"2022-10-08 00:00:00"}}
{"Body":{"Status":true,"Timestamp":"2022-10-08 01:00:00","volt":"198.863201640913"},"EnqueuedTimeUtc":"2022-10-08 01:00:00","Properties":{"messagetype":"Demo"},"SystemProperties":{"connectionAuthMethod":"{\"scope\":\"device\",\"type\":\"sas\",\"issuer\":\"iothub\",\"acceptingIpFilterRule\":null}","connectionDeviceGenerationId":"638052891151821842","connectionDeviceId":"IOTDevice_8_1","contentEncoding":"utf-8","contentType":"application/json","enqueuedTime":"2022-10-08 01:00:00"}}
{"Body":{"Status":true,"Timestamp":"2022-10-08 01:00:00","rotate":"434.560201521264"},"EnqueuedTimeUtc":"2022-10-08 01:00:00","Properties":{"messagetype":"Demo"},"SystemProperties":{"connectionAuthMethod":"{\"scope\":\"device\",\"type\":\"sas\",\"issuer\":\"iothub\",\"acceptingIpFilterRule\":null}","connectionDeviceGenerationId":"638052891151821842","connectionDeviceId":"IOTDevice_8_2","contentEncoding":"utf-8","contentType":"application/json","enqueuedTime":"2022-10-08 01:00:00"}}
{"Body":{"Status":true,"Timestamp":"2022-10-08 01:00:00","pressure":"102.36891514626"},"EnqueuedTimeUtc":"2022-10-08 01:00:00","Properties":{"messagetype":"Demo"},"SystemProperties":{"connectionAuthMethod":"{\"scope\":\"device\",\"type\":\"sas\",\"issuer\":\"iothub\",\"acceptingIpFilterRule\":null}","connectionDeviceGenerationId":"638052891151821842","connectionDeviceId":"IOTDevice_8_3","contentEncoding":"utf-8","contentType":"application/json","enqueuedTime":"2022-10-08 01:00:00"}}
{"Body":{"Status":true,"Timestamp":"2022-10-08 01:00:00","vibration":"41.8941904842066"},"EnqueuedTimeUtc":"2022-10-08 01:00:00","Properties":{"messagetype":"Demo"},"SystemProperties":{"connectionAuthMethod":"{\"scope\":\"device\",\"type\":\"sas\",\"issuer\":\"iothub\",\"acceptingIpFilterRule\":null}","connectionDeviceGenerationId":"638052891151821842","connectionDeviceId":"IOTDevice_8_4","contentEncoding":"utf-8","contentType":"application/json","enqueuedTime":"2022-10-08 01:00:00"}}
{"Body":{"Status":true,"Timestamp":"2022-10-08 02:00:00","volt":"181.011435926949"},"EnqueuedTimeUtc":"2022-10-08 02:00:00","Properties":{"messagetype":"Demo"},"SystemProperties":{"connectionAuthMethod":"{\"scope\":\"device\",\"type\":\"sas\",\"issuer\":\"iothub\",\"acceptingIpFilterRule\":null}","connectionDeviceGenerationId":"638052891151821842","connectionDeviceId":"IOTDevice_8_1","contentEncoding":"utf-8","contentType":"application/json","enqueuedTime":"2022-10-08 02:00:00"}}
{"Body":{"Status":true,"Timestamp":"2022-10-08 02:00:00","rotate":"483.639558813992"},"EnqueuedTimeUtc":"2022-10-08 02:00:00","Properties":{"messagetype":"Demo"},"SystemProperties":{"connectionAuthMethod":"{\"scope\":\"device\",\"type\":\"sas\",\"issuer\":\"iothub\",\"acceptingIpFilterRule\":null}","connectionDeviceGenerationId":"638052891151821842","connectionDeviceId":"IOTDevice_8_2","contentEncoding":"utf-8","contentType":"application/json","enqueuedTime":"2022-10-08 02:00:00"}}
{"Body":{"Status":true,"Timestamp":"2022-10-08 02:00:00","pressure":"102.182828786273"},"EnqueuedTimeUtc":"2022-10-08 02:00:00","Properties":{"messagetype":"Demo"},"SystemProperties":{"connectionAuthMethod":"{\"scope\":\"device\",\"type\":\"sas\",\"issuer\":\"iothub\",\"acceptingIpFilterRule\":null}","connectionDeviceGenerationId":"638052891151821842","connectionDeviceId":"IOTDevice_8_3","contentEncoding":"utf-8","contentType":"application/json","enqueuedTime":"2022-10-08 02:00:00"}}
{"Body":{"Status":true,"Timestamp":"2022-10-08 02:00:00","vibration":"35.6147240987452"},"EnqueuedTimeUtc":"2022-10-08 02:00:00","Properties":{"messagetype":"Demo"},"SystemProperties":{"connectionAuthMethod":"{\"scope\":\"device\",\"type\":\"sas\",\"issuer\":\"iothub\",\"acceptingIpFilterRule\":null}","connectionDeviceGenerationId":"638052891151821842","connectionDeviceId":"IOTDevice_8_4","contentEncoding":"utf-8","contentType":"application/json","enqueuedTime":"2022-10-08 02:00:00"}}
{"Body":{"Status":true,"Timestamp":"2022-10-08 03:00:00","volt":"160.910302349728"},"EnqueuedTimeUtc":"2022-10-08 03:00:00","Properties":{"messagetype":"Demo"},"SystemProperties":{"connectionAuthMethod":"{\"scope\":\"device\",\"type\":\"sas\",\"issuer\":\"iothub\",\"acceptingIpFilterRule\":null}","connectionDeviceGenerationId":"638052891151821842","connectionDeviceId":"IOTDevice_8_1","contentEncoding":"utf-8","contentType":"application/json","enqueuedTime":"2022-10-08 03:00:00"}}
{"Body":{"Status":true,"Timestamp":"2022-10-08 03:00:00","rotate":"435.902762130058"},"EnqueuedTimeUtc":"2022-10-08 03:00:00","Properties":{"messagetype":"Demo"},"SystemProperties":{"connectionAuthMethod":"{\"scope\":\"device\",\"type\":\"sas\",\"issuer\":\"iothub\",\"acceptingIpFilterRule\":null}","connectionDeviceGenerationId":"638052891151821842","connectionDeviceId":"IOTDevice_8_2","contentEncoding":"utf-8","contentType":"application/json","enqueuedTime":"2022-10-08 03:00:00"}}
{"Body":{"Status":true,"Timestamp":"2022-10-08 03:00:00","pressure":"112.438940285354"},"EnqueuedTimeUtc":"2022-10-08 03:00:00","Properties":{"messagetype":"Demo"},"SystemProperties":{"connectionAuthMethod":"{\"scope\":\"device\",\"type\":\"sas\",\"issuer\":\"iothub\",\"acceptingIpFilterRule\":null}","connectionDeviceGenerationId":"638052891151821842","connectionDeviceId":"IOTDevice_8_3","contentEncoding":"utf-8","contentType":"application/json","enqueuedTime":"2022-10-08 03:00:00"}}
{"Body":{"Status":true,"Timestamp":"2022-10-08 03:00:00","vibration":"35.6675068473272"},"EnqueuedTimeUtc":"2022-10-08 03:00:00","Properties":{"messagetype":"Demo"},"SystemProperties":{"connectionAuthMethod":"{\"scope\":\"device\",\"type\":\"sas\",\"issuer\":\"iothub\",\"acceptingIpFilterRule\":null}","connectionDeviceGenerationId":"638052891151821842","connectionDeviceId":"IOTDevice_8_4","contentEncoding":"utf-8","contentType":"application/json","enqueuedTime":"2022-10-08 03:00:00"}}
{"Body":{"Status":true,"Timestamp":"2022-10-08 04:00:00","volt":"149.386143715955"},"EnqueuedTimeUtc":"2022-10-08 04:00:00","Properties":{"messagetype":"Demo"},"SystemProperties":{"connectionAuthMethod":"{\"scope\":\"device\",\"type\":\"sas\",\"issuer\":\"iothub\",\"acceptingIpFilterRule\":null}","connectionDeviceGenerationId":"638052891151821842","connectionDeviceId":"IOTDevice_8_1","contentEncoding":"utf-8","contentType":"application/json","enqueuedTime":"2022-10-08 04:00:00"}}
{"Body":{"Status":true,"Timestamp":"2022-10-08 04:00:00","rotate":"413.564301332259"},"EnqueuedTimeUtc":"2022-10-08 04:00:00","Properties":{"messagetype":"Demo"},"SystemProperties":{"connectionAuthMethod":"{\"scope\":\"device\",\"type\":\"sas\",\"issuer\":\"iothub\",\"acceptingIpFilterRule\":null}","connectionDeviceGenerationId":"638052891151821842","connectionDeviceId":"IOTDevice_8_2","contentEncoding":"utf-8","contentType":"application/json","enqueuedTime":"2022-10-08 04:00:00"}}
{"Body":{"Status":true,"Timestamp":"2022-10-08 04:00:00","pressure":"92.8001749497782"},"EnqueuedTimeUtc":"2022-10-08 04:00:00","Properties":{"messagetype":"Demo"},"SystemProperties":{"connectionAuthMethod":"{\"scope\":\"device\",\"type\":\"sas\",\"issuer\":\"iothub\",\"acceptingIpFilterRule\":null}","connectionDeviceGenerationId":"638052891151821842","connectionDeviceId":"IOTDevice_8_3","contentEncoding":"utf-8","contentType":"application/json","enqueuedTime":"2022-10-08 04:00:00"}}
{"Body":{"Status":true,"Timestamp":"2022-10-08 04:00:00","vibration":"30.3928455055982"},"EnqueuedTimeUtc":"2022-10-08 04:00:00","Properties":{"messagetype":"Demo"},"SystemProperties":{"connectionAuthMethod":"{\"scope\":\"device\",\"type\":\"sas\",\"issuer\":\"iothub\",\"acceptingIpFilterRule\":null}","connectionDeviceGenerationId":"638052891151821842","connectionDeviceId":"IOTDevice_8_4","contentEncoding":"utf-8","contentType":"application/json","enqueuedTime":"2022-10-08 04:00:00"}}
{"Body":{"Status":true,"Timestamp":"2022-10-08 05:00:00","volt":"154.133482933628"},"EnqueuedTimeUtc":"2022-10-08 05:00:00","Properties":{"messagetype":"Demo"},"SystemProperties":{"connectionAuthMethod":"{\"scope\":\"device\",\"type\":\"sas\",\"issuer\":\"iothub\",\"acceptingIpFilterRule\":null}","connectionDeviceGenerationId":"638052891151821842","connectionDeviceId":"IOTDevice_8_1","contentEncoding":"utf-8","contentType":"application/json","enqueuedTime":"2022-10-08 05:00:00"}}
{"Body":{"Status":true,"Timestamp":"2022-10-08 05:00:00","rotate":"532.950992715536"},"EnqueuedTimeUtc":"2022-10-08 05:00:00","Properties":{"messagetype":"Demo"},"SystemProperties":{"connectionAuthMethod":"{\"scope\":\"device\",\"type\":\"sas\",\"issuer\":\"iothub\",\"acceptingIpFilterRule\":null}","connectionDeviceGenerationId":"638052891151821842","connectionDeviceId":"IOTDevice_8_2","contentEncoding":"utf-8","contentType":"application/json","enqueuedTime":"2022-10-08 05:00:00"}}
{"Body":{"Status":true,"Timestamp":"2022-10-08 05:00:00","pressure":"103.822844320544"},"EnqueuedTimeUtc":"2022-10-08 05:00:00","Properties":{"messagetype":"Demo"},"SystemProperties":{"connectionAuthMethod":"{\"scope\":\"device\",\"type\":\"sas\",\"issuer\":\"iothub\",\"acceptingIpFilterRule\":null}","connectionDeviceGenerationId":"638052891151821842","connectionDeviceId":"IOTDevice_8_3","contentEncoding":"utf-8","contentType":"application/json","enqueuedTime":"2022-10-08 05:00:00"}}
{"Body":{"Status":true,"Timestamp":"2022-10-08 05:00:00","vibration":"37.7026586549286"},"EnqueuedTimeUtc":"2022-10-08 05:00:00","Properties":{"messagetype":"Demo"},"SystemProperties":{"connectionAuthMethod":"{\"scope\":\"device\",\"type\":\"sas\",\"issuer\":\"iothub\",\"acceptingIpFilterRule\":null}","connectionDeviceGenerationId":"638052891151821842","connectionDeviceId":"IOTDevice_8_4","contentEncoding":"utf-8","contentType":"application/json","enqueuedTime":"2022-10-08 05:00:00"}}
{"Body":{"Status":true,"Timestamp":"2022-10-08 06:00:00","volt":"181.265463517796"},"EnqueuedTimeUtc":"2022-10-08 06:00:00","Properties":{"messagetype":"Demo"},"SystemProperties":{"connectionAuthMethod":"{\"scope\":\"device\",\"type\":\"sas\",\"issuer\":\"iothub\",\"acceptingIpFilterRule\":null}","connectionDeviceGenerationId":"638052891151821842","connectionDeviceId":"IOTDevice_8_1","contentEncoding":"utf-8","contentType":"application/json","enqueuedTime":"2022-10-08 06:00:00"}}
{"Body":{"Status":true,"Timestamp":"2022-10-08 06:00:00","rotate":"380.476470069771"},"EnqueuedTimeUtc":"2022-10-08 06:00:00","Properties":{"messagetype":"Demo"},"SystemProperties":{"connectionAuthMethod":"{\"scope\":\"device\",\"type\":\"sas\",\"issuer\":\"iothub\",\"acceptingIpFilterRule\":null}","connectionDeviceGenerationId":"638052891151821842","connectionDeviceId":"IOTDevice_8_2","contentEncoding":"utf-8","contentType":"application/json","enqueuedTime":"2022-10-08 06:00:00"}}
{"Body":{"Status":true,"Timestamp":"2022-10-08 06:00:00","pressure":"92.6503192218835"},"EnqueuedTimeUtc":"2022-10-08 06:00:00","Properties":{"messagetype":"Demo"},"SystemProperties":{"connectionAuthMethod":"{\"scope\":\"device\",\"type\":\"sas\",\"issuer\":\"iothub\",\"acceptingIpFilterRule\":null}","connectionDeviceGenerationId":"638052891151821842","connectionDeviceId":"IOTDevice_8_3","contentEncoding":"utf-8","contentType":"application/json","enqueuedTime":"2022-10-08 06:00:00"}}
{"Body":{"Status":true,"Timestamp":"2022-10-08 06:00:00","vibration":"40.9927742702682"},"EnqueuedTimeUtc":"2022-10-08 06:00:00","Properties":{"messagetype":"Demo"},"SystemProperties":{"connectionAuthMethod":"{\"scope\":\"device\",\"type\":\"sas\",\"issuer\":\"iothub\",\"acceptingIpFilterRule\":null}","connectionDeviceGenerationId":"638052891151821842","connectionDeviceId":"IOTDevice_8_4","contentEncoding":"utf-8","contentType":"application/json","enqueuedTime":"2022-10-08 06:00:00"}}
{"Body":{"Status":true,"Timestamp":"2022-10-08 07:00:00","volt":"156.145929330898"},"EnqueuedTimeUtc":"2022-10-08 07:00:00","Properties":{"messagetype":"Demo"},"SystemProperties":{"connectionAuthMethod":"{\"scope\":\"device\",\"type\":\"sas\",\"issuer\":\"iothub\",\"acceptingIpFilterRule\":null}","connectionDeviceGenerationId":"638052891151821842","connectionDeviceId":"IOTDevice_8_1","contentEncoding":"utf-8","contentType":"application/json","enqueuedTime":"2022-10-08 07:00:00"}}
{"Body":{"Status":true,"Timestamp":"2022-10-08 07:00:00","rotate":"454.428994091314"},"EnqueuedTimeUtc":"2022-10-08 07:00:00","Properties":{"messagetype":"Demo"},"SystemProperties":{"connectionAuthMethod":"{\"scope\":\"device\",\"type\":\"sas\",\"issuer\":\"iothub\",\"acceptingIpFilterRule\":null}","connectionDeviceGenerationId":"638052891151821842","connectionDeviceId":"IOTDevice_8_2","contentEncoding":"utf-8","contentType":"application/json","enqueuedTime":"2022-10-08 07:00:00"}}
{"Body":{"Status":true,"Timestamp":"2022-10-08 07:00:00","pressure":"94.013418134407"},"EnqueuedTimeUtc":"2022-10-08 07:00:00","Properties":{"messagetype":"Demo"},"SystemProperties":{"connectionAuthMethod":"{\"scope\":\"device\",\"type\":\"sas\",\"issuer\":\"iothub\",\"acceptingIpFilterRule\":null}","connectionDeviceGenerationId":"638052891151821842","connectionDeviceId":"IOTDevice_8_3","contentEncoding":"utf-8","contentType":"application/json","enqueuedTime":"2022-10-08 07:00:00"}}
{"Body":{"Status":true,"Timestamp":"2022-10-08 07:00:00","vibration":"46.585677821866"},"EnqueuedTimeUtc":"2022-10-08 07:00:00","Properties":{"messagetype":"Demo"},"SystemProperties":{"connectionAuthMethod":"{\"scope\":\"device\",\"type\":\"sas\",\"issuer\":\"iothub\",\"acceptingIpFilterRule\":null}","connectionDeviceGenerationId":"638052891151821842","connectionDeviceId":"IOTDevice_8_4","contentEncoding":"utf-8","contentType":"application/json","enqueuedTime":"2022-10-08 07:00:00"}}
{"Body":{"Status":true,"Timestamp":"2022-10-08 08:00:00","volt":"174.119812694"},"EnqueuedTimeUtc":"2022-10-08 08:00:00","Properties":{"messagetype":"Demo"},"SystemProperties":{"connectionAuthMethod":"{\"scope\":\"device\",\"type\":\"sas\",\"issuer\":\"iothub\",\"acceptingIpFilterRule\":null}","connectionDeviceGenerationId":"638052891151821842","connectionDeviceId":"IOTDevice_8_1","contentEncoding":"utf-8","contentType":"application/json","enqueuedTime":"2022-10-08 08:00:00"}}
{"Body":{"Status":true,"Timestamp":"2022-10-08 08:00:00","rotate":"415.085340053794"},"EnqueuedTimeUtc":"2022-10-08 08:00:00","Properties":{"messagetype":"Demo"},"SystemProperties":{"connectionAuthMethod":"{\"scope\":\"device\",\"type\":\"sas\",\"issuer\":\"iothub\",\"acceptingIpFilterRule\":null}","connectionDeviceGenerationId":"638052891151821842","connectionDeviceId":"IOTDevice_8_2","contentEncoding":"utf-8","contentType":"application/json","enqueuedTime":"2022-10-08 08:00:00"}}
{"Body":{"Status":true,"Timestamp":"2022-10-08 08:00:00","pressure":"105.467509992303"},"EnqueuedTimeUtc":"2022-10-08 08:00:00","Properties":{"messagetype":"Demo"},"SystemProperties":{"connectionAuthMethod":"{\"scope\":\"device\",\"type\":\"sas\",\"issuer\":\"iothub\",\"acceptingIpFilterRule\":null}","connectionDeviceGenerationId":"638052891151821842","connectionDeviceId":"IOTDevice_8_3","contentEncoding":"utf-8","contentType":"application/json","enqueuedTime":"2022-10-08 08:00:00"}}
{"Body":{"Status":true,"Timestamp":"2022-10-08 08:00:00","vibration":"26.8154472310812"},"EnqueuedTimeUtc":"2022-10-08 08:00:00","Properties":{"messagetype":"Demo"},"SystemProperties":{"connectionAuthMethod":"{\"scope\":\"device\",\"type\":\"sas\",\"issuer\":\"iothub\",\"acceptingIpFilterRule\":null}","connectionDeviceGenerationId":"638052891151821842","connectionDeviceId":"IOTDevice_8_4","contentEncoding":"utf-8","contentType":"application/json","enqueuedTime":"2022-10-08 08:00:00"}}
{"Body":{"Status":true,"Timestamp":"2022-10-08 09:00:00","volt":"186.314704981699"},"EnqueuedTimeUtc":"2022-10-08 09:00:00","Properties":{"messagetype":"Demo"},"SystemProperties":{"connectionAuthMethod":"{\"scope\":\"device\",\"type\":\"sas\",\"issuer\":\"iothub\",\"acceptingIpFilterRule\":null}","connectionDeviceGenerationId":"638052891151821842","connectionDeviceId":"IOTDevice_8_1","contentEncoding":"utf-8","contentType":"application/json","enqueuedTime":"2022-10-08 09:00:00"}}
{"Body":{"Status":true,"Timestamp":"2022-10-08 09:00:00","rotate":"424.442083651946"},"EnqueuedTimeUtc":"2022-10-08 09:00:00","Properties":{"messagetype":"Demo"},"SystemProperties":{"connectionAuthMethod":"{\"scope\":\"device\",\"type\":\"sas\",\"issuer\":\"iothub\",\"acceptingIpFilterRule\":null}","connectionDeviceGenerationId":"638052891151821842","connectionDeviceId":"IOTDevice_8_2","contentEncoding":"utf-8","contentType":"application/json","enqueuedTime":"2022-10-08 09:00:00"}}
{"Body":{"Status":true,"Timestamp":"2022-10-08 09:00:00","pressure":"105.604073909862"},"EnqueuedTimeUtc":"2022-10-08 09:00:00","Properties":{"messagetype":"Demo"},"SystemProperties":{"connectionAuthMethod":"{\"scope\":\"device\",\"type\":\"sas\",\"issuer\":\"iothub\",\"acceptingIpFilterRule\":null}","connectionDeviceGenerationId":"638052891151821842","connectionDeviceId":"IOTDevice_8_3","contentEncoding":"utf-8","contentType":"application/json","enqueuedTime":"2022-10-08 09:00:00"}}
{"Body":{"Status":true,"Timestamp":"2022-10-08 09:00:00","vibration":"39.8247393721825"},"EnqueuedTimeUtc":"2022-10-08 09:00:00","Properties":{"messagetype":"Demo"},"SystemProperties":{"connectionAuthMethod":"{\"scope\":\"device\",\"type\":\"sas\",\"issuer\":\"iothub\",\"acceptingIpFilterRule\":null}","connectionDeviceGenerationId":"638052891151821842","connectionDeviceId":"IOTDevice_8_4","contentEncoding":"utf-8","contentType":"application/json","enqueuedTime":"2022-10-08 09:00:00"}}
{"Body":{"Status":true,"Timestamp":"2022-10-08 10:00:00","volt":"165.519090023396"},"EnqueuedTimeUtc":"2022-10-08 10:00:00","Properties":{"messagetype":"Demo"},"SystemProperties":{"connectionAuthMethod":"{\"scope\":\"device\",\"type\":\"sas\",\"issuer\":\"iothub\",\"acceptingIpFilterRule\":null}","connectionDeviceGenerationId":"638052891151821842","connectionDeviceId":"IOTDevice_8_1","contentEncoding":"utf-8","contentType":"application/json","enqueuedTime":"2022-10-08 10:00:00"}}
{"Body":{"Status":true,"Timestamp":"2022-10-08 10:00:00","rotate":"408.070856710548"},"EnqueuedTimeUtc":"2022-10-08 10:00:00","Properties":{"messagetype":"Demo"},"SystemProperties":{"connectionAuthMethod":"{\"scope\":\"device\",\"type\":\"sas\",\"issuer\":\"iothub\",\"acceptingIpFilterRule\":null}","connectionDeviceGenerationId":"638052891151821842","connectionDeviceId":"IOTDevice_8_2","contentEncoding":"utf-8","contentType":"application/json","enqueuedTime":"2022-10-08 10:00:00"}}
{"Body":{"Status":true,"Timestamp":"2022-10-08 10:00:00","pressure":"89.3762261685432"},"EnqueuedTimeUtc":"2022-10-08 10:00:00","Properties":{"messagetype":"Demo"},"SystemProperties":{"connectionAuthMethod":"{\"scope\":\"device\",\"type\":\"sas\",\"issuer\":\"iothub\",\"acceptingIpFilterRule\":null}","connectionDeviceGenerationId":"638052891151821842","connectionDeviceId":"IOTDevice_8_3","contentEncoding":"utf-8","contentType":"application/json","enqueuedTime":"2022-10-08 10:00:00"}}
{"Body":{"Status":true,"Timestamp":"2022-10-08 10:00:00","vibration":"45.9917918742744"},"EnqueuedTimeUtc":"2022-10-08 10:00:00","Properties":{"messagetype":"Demo"},"SystemProperties":{"connectionAuthMethod":"{\"scope\":\"device\",\"type\":\"sas\",\"issuer\":\"iothub\",\"acceptingIpFilterRule\":null}","connectionDeviceGenerationId":"638052891151821842","connectionDeviceId":"IOTDevice_8_4","contentEncoding":"utf-8","contentType":"application/json","enqueuedTime":"2022-10-08 10:00:00"}}
{"Body":{"Status":true,"Timestamp":"2022-10-08 11:00:00","volt":"160.023068678997"},"EnqueuedTimeUtc":"2022-10-08 11:00:00","Properties":{"messagetype":"Demo"},"SystemProperties":{"connectionAuthMethod":"{\"scope\":\"device\",\"type\":\"sas\",\"issuer\":\"iothub\",\"acceptingIpFilterRule\":null}","connectionDeviceGenerationId":"638052891151821842","connectionDeviceId":"IOTDevice_8_1","contentEncoding":"utf-8","contentType":"application/json","enqueuedTime":"2022-10-08 11:00:00"}}
{"Body":{"Status":true,"Timestamp":"2022-10-08 11:00:00","rotate":"474.53134576212"},"EnqueuedTimeUtc":"2022-10-08 11:00:00","Properties":{"messagetype":"Demo"},"SystemProperties":{"connectionAuthMethod":"{\"scope\":\"device\",\"type\":\"sas\",\"issuer\":\"iothub\",\"acceptingIpFilterRule\":null}","connectionDeviceGenerationId":"638052891151821842","connectionDeviceId":"IOTDevice_8_2","contentEncoding":"utf-8","contentType":"application/json","enqueuedTime":"2022-10-08 11:00:00"}}
{"Body":{"Status":true,"Timestamp":"2022-10-08 11:00:00","pressure":"87.2478859007107"},"EnqueuedTimeUtc":"2022-10-08 11:00:00","Properties":{"messagetype":"Demo"},"SystemProperties":{"connectionAuthMethod":"{\"scope\":\"device\",\"type\":\"sas\",\"issuer\":\"iothub\",\"acceptingIpFilterRule\":null}","connectionDeviceGenerationId":"638052891151821842","connectionDeviceId":"IOTDevice_8_3","contentEncoding":"utf-8","contentType":"application/json","enqueuedTime":"2022-10-08 11:00:00"}}
{"Body":{"Status":true,"Timestamp":"2022-10-08 11:00:00","vibration":"31.9524503910707"},"EnqueuedTimeUtc":"2022-10-08 11:00:00","Properties":{"messagetype":"Demo"},"SystemProperties":{"connectionAuthMethod":"{\"scope\":\"device\",\"type\":\"sas\",\"issuer\":\"iothub\",\"acceptingIpFilterRule\":null}","connectionDeviceGenerationId":"638052891151821842","connectionDeviceId":"IOTDevice_8_4","contentEncoding":"utf-8","contentType":"application/json","enqueuedTime":"2022-10-08 11:00:00"}}
