{"Body":{"Status":true,"Timestamp":"2022-10-08 00:00:00","volt":"201.452541920175"},"EnqueuedTimeUtc":"2022-10-08 00:00:00","Properties":{"messagetype":"Demo"},"SystemProperties":{"connectionAuthMethod":"{\"scope\":\"device\",\"type\":\"sas\",\"issuer\":\"iothub\",\"acceptingIpFilterRule\":null}","connectionDeviceGenerationId":"638052891151821842","connectionDeviceId":"IOTDevice_6_1","contentEncoding":"utf-8","contentType":"application/json","enqueuedTime":"2022-10-08 00:00:00"}}
{"Body":{"Status":true,"Timestamp":"2022-10-08 00:00:00","rotate":"495.062989724436"},"EnqueuedTimeUtc":"2022-10-08 00:00:00","Properties":{"messagetype":"Demo"},"SystemProperties":{"connectionAuthMethod":"{\"scope\":\"device\",\"type\":\"sas\",\"issuer\":\"iothub\",\"acceptingIpFilterRule\":null}","connectionDeviceGenerationId":"638052891151821842","connectionDeviceId":"IOTDevice_6_2","contentEncoding":"utf-8","contentType":"application/json","enqueuedTime":"2022-10-08 00:00:00"}}
{"Body":{"Status":true,"Timestamp":"2022-10-08 00:00:00","pressure":"96.1734976368208"},"EnqueuedTimeUtc":"2022-10-08 00:00:00","Properties":{"messagetype":"Demo"},"SystemProperties":{"connectionAuthMethod":"{\"scope\":\"device\",\"type\":\"sas\",\"issuer\":\"iothub\",\"acceptingIpFilterRule\":null}","connectionDeviceGenerationId":"638052891151821842","connectionDeviceId":"IOTDevice_6_3","contentEncoding":"utf-8","contentType":"application/json","enqueuedTime":"2022-10-08 00:00:00"}}
{"Body":{"Status":true,"Timestamp":"2022-10-08 00:00:00","vibration":"36.2932039963993"},"EnqueuedTimeUtc":"2022-10-08 00:00:00","Properties":{"messagetype":"Demo"},"SystemProperties":{"connectionAuthMethod":"{\"scope\":\"device\",\"type\":\"sas\",\"issuer\":\"iothub\",\"acceptingIpFilterRule\":null}","connectionDeviceGenerationId":"638052891151821842","connectionDeviceId":"IOTDevice_6_4","contentEncoding":"utf-8","contentType":"application/json","enqueuedTime":"2022-10-08 00:00:00"}}
{"Body":{"Status":true,"Timestamp":"2022-10-08 01:00:00","volt":"164.653367947483"},"EnqueuedTimeUtc":"2022-10-08 01:00:00","Properties":{"messagetype":"Demo"},"SystemProperties":{"connectionAuthMethod":"{\"scope\":\"device\",\"type\":\"sas\",\"issuer\":\"iothub\",\"acceptingIpFilterRule\":null}","connectionDeviceGenerationId":"638052891151821842","connectionDeviceId":"IOTDevice_6_1","contentEncoding":"utf-8","contentType":"application/json","enqueuedTime":"2022-10-08 01:00:00"}}
{"Body":{"Status":true,"Timestamp":"2022-10-08 01:00:00","rotate":"420.641724805412"},"EnqueuedTimeUtc":"2022-10-08 01:00:00","Properties":{"messagetype":"Demo"},"SystemProperties":{"connectionAuthMethod":"{\"scope\":\"device\",\"type\":\"sas\",\"issuer\":\"iothub\",\"acceptingIpFilterRule\":null}","connectionDeviceGenerationId":"638052891151821842","connectionDeviceId":"IOTDevice_6_2","contentEncoding":"utf-8","contentType":"application/json","enqueuedTime":"2022-10-08 01:00:00"}}
{"Body":{"Status":true,"Timestamp":"2022-10-08 01:00:00","pressure":"110.964545957669"},"EnqueuedTimeUtc":"2022-10-08 01:00:00","Properties":{"messagetype":"Demo"},"SystemProperties":{"connectionAuthMethod":"{\"scope\":\"device\",\"type\":\"sas\",\"issuer\":\"iothub\",\"acceptingIpFilterRule\":null}","connectionDeviceGenerationId":"638052891151821842","connectionDeviceId":"IOTDevice_6_3","contentEncoding":"utf-8","contentType":"application/json","enqueuedTime":"2022-10-08 01:00:00"}}
{"Body":{"Status":true,"Timestamp":"2022-10-08 01:00:00","vibration":"35.204001698009"},"EnqueuedTimeUtc":"2022-10-08 01:00:00","Properties":{"messagetype":"Demo"},"SystemProperties":{"connectionAuthMethod":"{\"scope\":\"device\",\"type\":\"sas\",\"issuer\":\"iothub\",\"acceptingIpFilterRule\":null}","connectionDeviceGenerationId":"638052891151821842","connectionDeviceId":"IOTDevice_6_4","contentEncoding":"utf-8","contentType":"application/json","enqueuedTime":"2022-10-08 01:00:00"}}
{"Body":{"Status":true,"Timestamp":"2022-10-08 02:00:00","volt":"193.397368269197"},"EnqueuedTimeUtc":"2022-10-08 02:00:00","Properties":{"messagetype":"Demo"},"SystemProperties":{"connectionAuthMethod":"{\"scope\":\"device\",\"type\":\"sas\",\"issuer\":\"iothub\",\"acceptingIpFilterRule\":null}","connectionDeviceGenerationId":"638052891151821842","connectionDeviceId":"IOTDevice_6_1","contentEncoding":"utf-8","contentType":"application/json","enqueuedTime":"2022-10-08 02:00:00"}}
{"Body":{"Status":true,"Timestamp":"2022-10-08 02:00:00","rotate":"510.693343392666"},"EnqueuedTimeUtc":"2022-10-08 02:00:00","Properties":{"messagetype":"Demo"},"SystemProperties":{"connectionAuthMethod":"{\"scope\":\"device\",\"type\":\"sas\",\"issuer\":\"iothub\",\"acceptingIpFilterRule\":null}","connectionDeviceGenerationId":"638052891151821842","connectionDeviceId":"IOTDevice_6_2","contentEncoding":"utf-8","contentType":"application/json","enqueuedTime":"2022-10-08 02:00:00"}}
{"Body":{"Status":true,"Timestamp":"2022-10-08 02:00:00","pressure":"91.8411064102326"},"EnqueuedTimeUtc":"2022-10-08 02:00:00","Properties":{"messagetype":"Demo"},"SystemProperties":{"connectionAuthMethod":"{\"scope\":\"device\",\"type\":\"sas\",\"issuer\":\"iothub\",\"acceptingIpFilterRule\":null}","connectionDeviceGenerationId":"638052891151821842","connectionDeviceId":"IOTDevice_6_3","contentEncoding":"utf-8","contentType":"application/json","enqueuedTime":"2022-10-08 02:00:00"}}
{"Body":{"Status":true,"Timestamp":"2022-10-08 02:00:00","vibration":"47.1027073400778"},"EnqueuedTimeUtc":"2022-10-08 02:00:00","Properties":{"messagetype":"Demo"},"SystemProperties":{"connectionAuthMethod":"{\"scope\":\"device\",\"type\":\"sas\",\"issuer\":\"iothub\",\"acceptingIpFilterRule\":null}","connectionDeviceGenerationId":"638052891151821842","connectionDeviceId":"IOTDevice_6_4","contentEncoding":"utf-8","contentType":"application/json","enqueuedTime":"2022-10-08 02:00:00"}}
{"Body":{"Status":true,"Timestamp":"2022-10-08 03:00:00","volt":"178.403193991513"},"EnqueuedTimeUtc":"2022-10-08 03:00:00","Properties":{"messagetype":"Demo"},"SystemProperties":{"connectionAuthMethod":"{\"scope\":\"device\",\"type\":\"sas\",\"issuer\":\"iothub\",\"acceptingIpFilterRule\":null}","connectionDeviceGenerationId":"638052891151821842","connectionDeviceId":"IOTDevice_6_1","contentEncoding":"utf-8","contentType":"application/json","enqueuedTime":"2022-10-08 03:00:00"}}
{"Body":{"Status":true,"Timestamp":"2022-10-08 03:00:00","rotate":"433.815786167393"},"EnqueuedTimeUtc":"2022-10-08 03:00:00","Properties":{"messagetype":"Demo"},"SystemProperties":{"connectionAuthMethod":"{\"scope\":\"device\",\"type\":\"sas\",\"issuer\":\"iothub\",\"acceptingIpFilterRule\":null}","connectionDeviceGenerationId":"638052891151821842","connectionDeviceId":"IOTDevice_6_2","contentEncoding":"utf-8","contentType":"application/json","enqueuedTime":"2022-10-08 03:00:00"}}
{"Body":{"Status":true,"Timestamp":"2022-10-08 03:00:00","pressure":"87.4189917865681"},"EnqueuedTimeUtc":"2022-10-08 03:00:00","Properties":{"messagetype":"Demo"},"SystemProperties":{"connectionAuthMethod":"{\"scope\":\"device\",\"type\":\"sas\",\"issuer\":\"iothub\",\"acceptingIpFilterRule\":null}","connectionDeviceGenerationId":"638052891151821842","connectionDeviceId":"IOTDevice_6_3","contentEncoding":"utf-8","contentType":"application/json","enqueuedTime":"2022-10-08 03:00:00"}}
{"Body":{"Status":true,"Timestamp":"2022-10-08 03:00:00","vibration":"42.8913674622394"},"EnqueuedTimeUtc":"2022-10-08 03:00:00","Properties":{"messagetype":"Demo"},"SystemProperties":{"connectionAuthMethod":"{\"scope\":\"device\",\"type\":\"sas\",\"issuer\":\"iothub\",\"acceptingIpFilterRule\":null}","connectionDeviceGenerationId":"638052891151821842","connectionDeviceId":"IOTDevice_6_4","contentEncoding":"utf-8","contentType":"application/json","enqueuedTime":"2022-10-08 03:00:00"}}
{"Body":{"Status":true,"Timestamp":"2022-10-08 04:00:00","volt":"163.667976354619"},"EnqueuedTimeUtc":"2022-10-08 04:00:00","Properties":{"messagetype":"Demo"},"SystemProperties":{"connectionAuthMethod":"{\"scope\":\"device\",\"type\":\"sas\",\"issuer\":\"iothub\",\"acceptingIpFilterRule\":null}","connectionDeviceGenerationId":"638052891151821842","connectionDeviceId":"IOTDevice_6_1","contentEncoding":"utf-8","contentType":"application/json","enqueuedTime":"2022-10-08 04:00:00"}}
{"Body":{"Status":true,"Timestamp":"2022-10-08 04:00:00","rotate":"435.654636306017"},"EnqueuedTimeUtc":"2022-10-08 04:00:00","Properties":{"messagetype":"Demo"},"SystemProperties":{"connectionAuthMethod":"{\"scope\":\"device\",\"type\":\"sas\",\"issuer\":\"iothub\",\"acceptingIpFilterRule\":null}","connectionDeviceGenerationId":"638052891151821842","connectionDeviceId":"IOTDevice_6_2","contentEncoding":"utf-8","contentType":"application/json","enqueuedTime":"2022-10-08 04:00:00"}}
{"Body":{"Status":true,"Timestamp":"2022-10-08 04:00:00","pressure":"89.1414328019875"},"EnqueuedTimeUtc":"2022-10-08 04:00:00","Properties":{"messagetype":"Demo"},"SystemProperties":{"connectionAuthMethod":"{\"scope\":\"device\",\"type\":\"sas\",\"issuer\":\"iothub\",\"acceptingIpFilterRule\":null}","connectionDeviceGenerationId":"638052891151821842","connectionDeviceId":"IOTDevice_6_3","contentEncoding":"utf-8","contentType":"application/json","enqueuedTime":"2022-10-08 04:00:00"}}
{"Body":{"Status":true,"Timestamp":"2022-10-08 04:00:00","vibration":"41.532822304039"},"EnqueuedTimeUtc":"2022-10-08 04:00:00","Properties":{"messagetype":"Demo"},"SystemProperties":{"connectionAuthMethod":"{\"scope\":\"device\",\"type\":\"sas\",\"issuer\":\"iothub\",\"acceptingIpFilterRule\":null}","connectionDeviceGenerationId":"638052891151821842","connectionDeviceId":"IOTDevice_6_4","contentEncoding":"utf-8","contentType":"application/json","enqueuedTime":"2022-10-08 04:00:00"}}
{"Body":{"Status":true,"Timestamp":"2022-10-08 05:00:00","volt":"178.968531207198"},"EnqueuedTimeUtc":"2022-10-08 05:00:00","Properties":{"messagetype":"Demo"},"SystemProperties":{"connectionAuthMethod":"{\"scope\":\"device\",\"type\":\"sas\",\"issuer\":\"iothub\",\"acceptingIpFilterRule\":null}","connectionDeviceGenerationId":"638052891151821842","connectionDeviceId":"IOTDevice_6_1","contentEncoding":"utf-8","contentType":"application/json","enqueuedTime":"2022-10-08 05:00:00"}}
{"Body":{"Status":true,"Timestamp":"2022-10-08 05:00:00","rotate":"458.090651985205"},"EnqueuedTimeUtc":"2022-10-08 05:00:00","Properties":{"messagetype":"Demo"},"SystemProperties":{"connectionAuthMethod":"{\"scope\":\"device\",\"type\":\"sas\",\"issuer\":\"iothub\",\"acceptingIpFilterRule\":null}","connectionDeviceGenerationId":"638052891151821842","connectionDeviceId":"IOTDevice_6_2","contentEncoding":"utf-8","contentType":"application/json","enqueuedTime":"2022-10-08 05:00:00"}}
{"Body":{"Status":true,"Timestamp":"2022-10-08 05:00:00","pressure":"109.927558924208"},"EnqueuedTimeUtc":"2022-10-08 05:00:00","Properties":{"messagetype":"Demo"},"SystemProperties":{"connectionAuthMethod":"{\"scope\":\"device\",\"type\":\"sas\",\"issuer\":\"iothub\",\"acceptingIpFilterRule\":null}","connectionDeviceGenerationId":"638052891151821842","connectionDeviceId":"IOTDevice_6_3","contentEncoding":"utf-8","contentType":"application/json","enqueuedTime":"2022-10-08 05:00:00"}}
{"Body":{"Status":true,"Timestamp":"2022-10-08 05:00:00","vibration":"37.5272906853409"},"EnqueuedTimeUtc":"2022-10-08 05:00:00","Properties":{"messagetype":"Demo"},"SystemProperties":{"connectionAuthMethod":"{\"scope\":\"device\",\"type\":\"sas\",\"issuer\":\"iothub\",\"acceptingIpFilterRule\":null}","connectionDeviceGenerationId":"638052891151821842","connectionDeviceId":"IOTDevice_6_4","contentEncoding":"utf-8","contentType":"application/json","enqueuedTime":"2022-10-08 05:00:00"}}
{"Body":{"Status":true,"Timestamp":"2022-10-08 06:00:00","volt":"154.468821244274"},"EnqueuedTimeUtc":"2022-10-08 06:00:00","Properties":{"messagetype":"Demo"},"SystemProperties":{"connectionAuthMethod":"{\"scope\":\"device\",\"type\":\"sas\",\"issuer\":\"iothub\",\"acceptingIpFilterRule\":null}","connectionDeviceGenerationId":"638052891151821842","connectionDeviceId":"IOTDevice_6_1","contentEncoding":"utf-8","contentType":"application/json","enqueuedTime":"2022-10-08 06:00:00"}}
{"Body":{"Status":true,"Timestamp":"2022-10-08 06:00:00","rotate":"362.714457035392"},"EnqueuedTimeUtc":"2022-10-08 06:00:00","Properties":{"messagetype":"Demo"},"SystemProperties":{"connectionAuthMethod":"{\"scope\":\"device\",\"type\":\"sas\",\"issuer\":\"iothub\",\"acceptingIpFilterRule\":null}","connectionDeviceGenerationId":"638052891151821842","connectionDeviceId":"IOTDevice_6_2","contentEncoding":"utf-8","contentType":"application/json","enqueuedTime":"2022-10-08 06:00:00"}}
{"Body":{"Status":true,"Timestamp":"2022-10-08 06:00:00","pressure":"101.053122789589"},"EnqueuedTimeUtc":"2022-10-08 06:00:00","Properties":{"messagetype":"Demo"},"SystemProperties":{"connectionAuthMethod":"{\"scope\":\"device\",\"type\":\"sas\",\"issuer\":\"iothub\",\"acceptingIpFilterRule\":null}","connectionDeviceGenerationId":"638052891151821842","connectionDeviceId":"IOTDevice_6_3","contentEncoding":"utf-8","contentType":"application/json","enqueuedTime":"2022-10-08 06:00:00"}}
{"Body":{"Status":true,"Timestamp":"2022-10-08 06:00:00","vibration":"40.3497985949944"},"EnqueuedTimeUtc":"2022-10-08 06:00:00","Properties":{"messagetype":"Demo"},"SystemProperties":{"connectionAuthMethod":"{\"scope\":\"device\",\"type\":\"sas\",\"issuer\":\"iothub\",\"acceptingIpFilterRule\":null}","connectionDeviceGenerationId":"638052891151821842","connectionDeviceId":"IOTDevice_6_4","contentEncoding":"utf-8","contentType":"application/json","enqueuedTime":"2022-10-08 06:00:00"}}
{"Body":{"Status":true,"Timestamp":"2022-10-08 07:00:00","volt":"178.000446554646"},"EnqueuedTimeUtc":"2022-10-08 07:00:00","Properties":{"messagetype":"Demo"},"SystemProperties":{"connectionAuthMethod":"{\"scope\":\"device\",\"type\":\"sas\",\"issuer\":\"iothub\",\"acceptingIpFilterRule\":null}","connectionDeviceGenerationId":"638052891151821842","connectionDeviceId":"IOTDevice_6_1","contentEncoding":"utf-8","contentType":"application/json","enqueuedTime":"2022-10-08 07:00:00"}}
{"Body":{"Status":true,"Timestamp":"2022-10-08 07:00:00","rotate":"375.518948383116"},"EnqueuedTimeUtc":"2022-10-08 07:00:00","Properties":{"messagetype":"Demo"},"SystemProperties":{"connectionAuthMethod":"{\"scope\":\"device\",\"type\":\"sas\",\"issuer\":\"iothub\",\"acceptingIpFilterRule\":null}","connectionDeviceGenerationId":"638052891151821842","connectionDeviceId":"IOTDevice_6_2","contentEncoding":"utf-8","contentType":"application/json","enqueuedTime":"2022-10-08 07:00:00"}}
{"Body":{"Status":true,"Timestamp":"2022-10-08 07:00:00","pressure":"91.7440615816515"},"EnqueuedTimeUtc":"2022-10-08 07:00:00","Properties":{"messagetype":"Demo"},"SystemProperties":{"connectionAuthMethod":"{\"scope\":\"device\",\"type\":\"sas\",\"issuer\":\"iothub\",\"acceptingIpFilterRule\":null}","connectionDeviceGenerationId":"638052891151821842","connectionDeviceId":"IOTDevice_6_3","contentEncoding":"utf-8","contentType":"application/json","enqueuedTime":"2022-10-08 07:00:00"}}
{"Body":{"Status":true,"Timestamp":"2022-10-08 07:00:00","vibration":"35.331699156532"},"EnqueuedTimeUtc":"2022-10-08 07:00:00","Properties":{"messagetype":"Demo"},"SystemProperties":{"connectionAuthMethod":"{\"scope\":\"device\",\"type\":\"sas\",\"issuer\":\"iothub\",\"acceptingIpFilterRule\":null}","connectionDeviceGenerationId":"638052891151821842","connectionDeviceId":"IOTDevice_6_4","contentEncoding":"utf-8","contentType":"application/json","enqueuedTime":"2022-10-08 07:00:00"}}
{"Body":{"Status":true,"Timestamp":"2022-10-08 08:00:00","volt":"162.268792023723"},"EnqueuedTimeUtc":"2022-10-08 08:00:00","Properties":{"messagetype":"Demo"},"SystemProperties":{"connectionAuthMethod":"{\"scope\":\"device\",\"type\":\"sas\",\"issuer\":\"iothub\",\"acceptingIpFilterRule\":null}","connectionDeviceGenerationId":"638052891151821842","connectionDeviceId":"IOTDevice_6_1","contentEncoding":"utf-8","contentType":"application/json","enqueuedTime":"2022-10-08 08:00:00"}}
{"Body":{"Status":true,"Timestamp":"2022-10-08 08:00:00","rotate":"390.927860607313"},"EnqueuedTimeUtc":"2022-10-08 08:00:00","Properties":{"messagetype":"Demo"},"SystemProperties":{"connectionAuthMethod":"{\"scope\":\"device\",\"type\":\"sas\",\"issuer\":\"iothub\",\"acceptingIpFilterRule\":null}","connectionDeviceGenerationId":"638052891151821842","connectionDeviceId":"IOTDevice_6_2","contentEncoding":"utf-8","contentType":"application/json","enqueuedTime":"2022-10-08 08:00:00"}}
{"Body":{"Status":true,"Timestamp":"2022-10-08 08:00:00","pressure":"91.9375218434674"},"EnqueuedTimeUtc":"2022-10-08 08:00:00","Properties":{"messagetype":"Demo"},"SystemProperties":{"connectionAuthMethod":"{\"scope\":\"device\",\"type\":\"sas\",\"issuer\":\"iothub\",\"acceptingIpFilterRule\":null}","connectionDeviceGenerationId":"638052891151821842","connectionDeviceId":"IOTDevice_6_3","contentEncoding":"utf-8","contentType":"application/json","enqueuedTime":"2022-10-08 08:00:00"}}
{"Body":{"Status":true,"Timestamp":"2022-10-08 08:00:00","vibration":"37.8487955738525"},"EnqueuedTimeUtc":"2022-10-08 08:00:00","Properties":{"messagetype":"Demo"},"SystemProperties":{"connectionAuthMethod":"{\"scope\":\"device\",\"type\":\"sas\",\"issuer\":\"iothub\",\"acceptingIpFilterRule\":null}","connectionDeviceGenerationId":"638052891151821842","connectionDeviceId":"IOTDevice_6_4","contentEncoding":"utf-8","contentType":"application/json","enqueuedTime":"2022-10-08 08:00:00"}}
{"Body":{"Status":true,"Timestamp":"2022-10-08 09:00:00","volt":"163.948505369177"},"EnqueuedTimeUtc":"2022-10-08 09:00:00","Properties":{"messagetype":"Demo"},"SystemProperties":{"connectionAuthMethod":"{\"scope\":\"device\",\"type\":\"sas\",\"issuer\":\"iothub\",\"acceptingIpFilterRule\":null}","connectionDeviceGenerationId":"638052891151821842","connectionDeviceId":"IOTDevice_6_1","contentEncoding":"utf-8","contentType":"application/json","enqueuedTime":"2022-10-08 09:00:00"}}
{"Body":{"Status":true,"Timestamp":"2022-10-08 09:00:00","rotate":"437.706561322178"},"EnqueuedTimeUtc":"2022-10-08 09:00:00","Properties":{"messagetype":"Demo"},"SystemProperties":{"connectionAuthMethod":"{\"scope\":\"device\",\"type\":\"sas\",\"issuer\":\"iothub\",\"acceptingIpFilterRule\":null}","connectionDeviceGenerationId":"638052891151821842","connectionDeviceId":"IOTDevice_6_2","contentEncoding":"utf-8","contentType":"application/json","enqueuedTime":"2022-10-08 09:00:00"}}
{"Body":{"Status":true,"Timestamp":"2022-10-08 09:00:00","pressure":"100.778382922246"},"EnqueuedTimeUtc":"2022-10-08 09:00:00","Properties":{"messagetype":"Demo"},"SystemProperties":{"connectionAuthMethod":"{\"scope\":\"device\",\"type\":\"sas\",\"issuer\":\"iothub\",\"acceptingIpFilterRule\":null}","connectionDeviceGenerationId":"638052891151821842","connectionDeviceId":"IOTDevice_6_3","contentEncoding":"utf-8","contentType":"application/json","enqueuedTime":"2022-10-08 09:00:00"}}
{"Body":{"Status":true,"Timestamp":"2022-10-08 09:00:00","vibration":"45.5187135079119"},"EnqueuedTimeUtc":"2022-10-08 09:00:00","Properties":{"messagetype":"Demo"},"SystemProperties":{"connectionAuthMethod":"{\"scope\":\"device\",\"type\":\"sas\",\"issuer\":\"iothub\",\"acceptingIpFilterRule\":null}","connectionDeviceGenerationId":"638052891151821842","connectionDeviceId":"IOTDevice_6_4","contentEncoding":"utf-8","contentType":"application/json","enqueuedTime":"2022-10-08 09:00:00"}}
{"Body":{"Status":true,"Timestamp":"2022-10-08 10:00:00","volt":"185.152816866036"},"EnqueuedTimeUtc":"2022-10-08 10:00:00","Properties":{"messagetype":"Demo"},"SystemProperties":{"connectionAuthMethod":"{\"scope\":\"device\",\"type\":\"sas\",\"issuer\":\"iothub\",\"acceptingIpFilterRule\":null}","connectionDeviceGenerationId":"638052891151821842","connectionDeviceId":"IOTDevice_6_1","contentEncoding":"utf-8","contentType":"application/json","enqueuedTime":"2022-10-08 10:00:00"}}
{"Body":{"Status":true,"Timestamp":"2022-10-08 10:00:00","rotate":"427.114209243649"},"EnqueuedTimeUtc":"2022-10-08 10:00:00","Properties":{"messagetype":"Demo"},"SystemProperties":{"connectionAuthMethod":"{\"scope\":\"device\",\"type\":\"sas\",\"issuer\":\"iothub\",\"acceptingIpFilterRule\":null}","connectionDeviceGenerationId":"638052891151821842","connectionDeviceId":"IOTDevice_6_2","contentEncoding":"utf-8","contentType":"application/json","enqueuedTime":"2022-10-08 10:00:00"}}
{"Body":{"Status":true,"Timestamp":"2022-10-08 10:00:00","pressure":"103.125799599144"},"EnqueuedTimeUtc":"2022-10-08 10:00:00","Properties":{"messagetype":"Demo"},"SystemProperties":{"connectionAuthMethod":"{\"scope\":\"device\",\"type\":\"sas\",\"issuer\":\"iothub\",\"acceptingIpFilterRule\":null}","connectionDeviceGenerationId":"638052891151821842","connectionDeviceId":"IOTDevice_6_3","contentEncoding":"utf-8","contentType":"application/json","enqueuedTime":"2022-10-08 10:00:00"}}
{"Body":{"Status":true,"Timestamp":"2022-10-08 10:00:00","vibration":"43.0015183000353"},"EnqueuedTimeUtc":"2022-10-08 10:00:00","Properties":{"messagetype":"Demo"},"SystemProperties":{"connectionAuthMethod":"{\"scope\":\"device\",\"type\":\"sas\",\"issuer\":\"iothub\",\"acceptingIpFilterRule\":null}","connectionDeviceGenerationId":"638052891151821842","connectionDeviceId":"IOTDevice_6_4","contentEncoding":"utf-8","contentType":"application/json","enqueuedTime":"2022-10-08 10:00:00"}}
{"Body":{"Status":true,"Timestamp":"2022-10-08 11:00:00","volt":"200.049277957311"},"EnqueuedTimeUtc":"2022-10-08 11:00:00","Properties":{"messagetype":"Demo"},"SystemProperties":{"connectionAuthMethod":"{\"scope\":\"device\",\"type\":\"sas\",\"issuer\":\"iothub\",\"acceptingIpFilterRule\":null}","connectionDeviceGenerationId":"638052891151821842","connectionDeviceId":"IOTDevice_6_1","contentEncoding":"utf-8","contentType":"application/json","enqueuedTime":"2022-10-08 11:00:00"}}
{"Body":{"Status":true,"Timestamp":"2022-10-08 11:00:00","rotate":"467.832916430376"},"EnqueuedTimeUtc":"2022-10-08 11:00:00","Properties":{"messagetype":"Demo"},"SystemProperties":{"connectionAuthMethod":"{\"scope\":\"device\",\"type\":\"sas\",\"issuer\":\"iothub\",\"acceptingIpFilterRule\":null}","connectionDeviceGenerationId":"638052891151821842","connectionDeviceId":"IOTDevice_6_2","contentEncoding":"utf-8","contentType":"application/json","enqueuedTime":"2022-10-08 11:00:00"}}
{"Body":{"Status":true,"Timestamp":"2022-10-08 11:00:00","pressure":"94.7692718511039"},"EnqueuedTimeUtc":"2022-10-08 11:00:00","Properties":{"messagetype":"Demo"},"SystemProperties":{"connectionAuthMethod":"{\"scope\":\"device\",\"type\":\"sas\",\"issuer\":\"iothub\",\"acceptingIpFilterRule\":null}","connectionDeviceGenerationId":"638052891151821842","connectionDeviceId":"IOTDevice_6_3","contentEncoding":"utf-8","contentType":"application/json","enqueuedTime":"2022-10-08 11:00:00"}}
{"Body":{"Status":true,"Timestamp":"2022-10-08 11:00:00","vibration":"38.0489804693492"},"EnqueuedTimeUtc":"2022-10-08 11:00:00","Properties":{"messagetype":"Demo"},"SystemProperties":{"connectionAuthMethod":"{\"scope\":\"device\",\"type\":\"sas\",\"issuer\":\"iothub\",\"acceptingIpFilterRule\":null}","connectionDeviceGenerationId":"638052891151821842","connectionDeviceId":"IOTDevice_6_4","contentEncoding":"utf-8","contentType":"application/json","enqueuedTime":"2022-10-08 11:00:00"}}
{"Body":{"Status":true,"Timestamp":"2022-10-08 12:00:00","volt":"163.263903312407"},"EnqueuedTimeUtc":"2022-10-08 12:00:00","Properties":{"messagetype":"Demo"},"SystemProperties":{"connectionAuthMethod":"{\"scope\":\"device\",\"type\":\"sas\",\"issuer\":\"iothub\",\"acceptingIpFilterRule\":null}","connectionDeviceGenerationId":"638052891151821842","connectionDeviceId":"IOTDevice_6_1","contentEncoding":"utf-8","contentType":"application/json","enqueuedTime":"2022-10-08 12:00:00"}}
{"Body":{"Status":true,"Timestamp":"2022-10-08 12:00:00","rotate":"486.165756618844"},"EnqueuedTimeUtc":"2022-10-08 12:00:00","Properties":{"messagetype":"Demo"},"SystemProperties":{"connectionAuthMethod":"{\"scope\":\"device\",\"type\":\"sas\",\"issuer\":\"iothub\",\"acceptingIpFilterRule\":null}","connectionDeviceGenerationId":"638052891151821842","connectionDeviceId":"IOTDevice_6_2","contentEncoding":"utf-8","contentType":"application/json","enqueuedTime":"2022-10-08 12:00:00"}}
{"Body":{"Status":true,"Timestamp":"2022-10-08 12:00:00","pressure":"101.050503039774"},"EnqueuedTimeUtc":"2022-10-08 12:00:00","Properties":{"messagetype":"Demo"},"SystemProperties":{"connectionAuthMethod":"{\"scope\":\"device\",\"type\":\"sas\",\"issuer\":\"iothub\",\"acceptingIpFilterRule\":null}","connectionDeviceGenerationId":"638052891151821842","connectionDeviceId":"IOTDevice_6_3","contentEncoding":"utf-8","contentType":"application/json","enqueuedTime":"2022-10-08 12:00:00"}}
{"Body":{"Status":true,"Timestamp":"2022-10-08 12:00:00","vibration":"42.8005518733185"},"EnqueuedTimeUtc":"2022-10-08 12:00:00","Properties":{"messagetype":"Demo"},"SystemProperties":{"connectionAuthMethod":"{\"scope\":\"device\",\"type\":\"sas\",\"issuer\":\"iothub\",\"acceptingIpFilterRule\":null}","connectionDeviceGenerationId":"638052891151821842","connectionDeviceId":"IOTDevice_6_4","contentEncoding":"utf-8","contentType":"application/json","enqueuedTime":"2022-10-08 12:00:00"}}
{"Body":{"Status":true,"Timestamp":"2022-10-08 13:00:00","volt":"171.53981345003"},"EnqueuedTimeUtc":"2022-10-08 13:00:00","Properties":{"messagetype":"Demo"},"SystemProperties":{"connectionAuthMethod":"{\"scope\":\"device\",\"type\":\"sas\",\"issuer\":\"iothub\",\"acceptingIpFilterRule\":null}","connectionDeviceGenerationId":"638052891151821842","connectionDeviceId":"IOTDevice_6_1","contentEncoding":"utf-8","contentType":"application/json","enqueuedTime":"2022-10-08 13:00:00"}}
{"Body":{"Status":true,"Timestamp":"2022-10-08 13:00:00","rotate":"437.159243111672"},"EnqueuedTimeUtc":"2022-10-08 13:00:00","Properties":{"messagetype":"Demo"},"SystemProperties":{"connectionAuthMethod":"{\"scope\":\"device\",\"type\":\"sas\",\"issuer\":\"iothub\",\"acceptingIpFilterRule\":null}","connectionDeviceGenerationId":"638052891151821842","connectionDeviceId":"IOTDevice_6_2","contentEncoding":"utf-8","contentType":"application/json","enqueuedTime":"2022-10-08 13:00:00"}}
{"Body":{"Status":true,"Timestamp":"2022-10-08 13:00:00","pressure":"121.611131799184"},"EnqueuedTimeUtc":"2022-10-08 13:00:00","Properties":{"messagetype":"Demo"},"SystemProperties":{"connectionAuthMethod":"{\"scope\":\"device\",\"type\":\"sas\",\"issuer\":\"iothub\",\"acceptingIpFilterRule\":null}","connectionDeviceGenerationId":"638052891151821842","connectionDeviceId":"IOTDevice_6_3","contentEncoding":"utf-8","contentType":"application/json","enqueuedTime":"2022-10-08 13:00:00"}}
{"Body":{"Status":true,"Timestamp":"2022-10-08 13:00:00","vibration":"31.7042625916358"},"EnqueuedTimeUtc":"2022-10-08 13:00:00","Properties":{"messagetype":"Demo"},"SystemProperties":{"connectionAuthMethod":"{\"scope\":\"device\",\"type\":\"sas\",\"issuer\":\"iothub\",\"acceptingIpFilterRule\":null}","connectionDeviceGenerationId":"638052891151821842","connectionDeviceId":"IOTDevice_6_4","contentEncoding":"utf-8","contentType":"application/json","enqueuedTime":"2022-10-08 13:00:00"}}
{"Body":{"Status":true,"Timestamp":"2022-10-08 14:00:00","volt":"179.250525672327"},"EnqueuedTimeUtc":"2022-10-08 14:00:00","Properties":{"messagetype":"Demo"},"SystemProperties":{"connectionAuthMethod":"{\"scope\":\"device\",\"type\":\"sas\",\"issuer\":\"iothub\",\"acceptingIpFilterRule\":null}","connectionDeviceGenerationId":"638052891151821842","connectionDeviceId":"IOTDevice_6_1","contentEncoding":"utf-8","contentType":"application/json","enqueuedTime":"2022-10-08 14:00:00"}}
{"Body":{"Status":true,"Timestamp":"2022-10-08 14:00:00","rotate":"458.006583134306"},"EnqueuedTimeUtc":"2022-10-08 14:00:00","Properties":{"messagetype":"Demo"},"SystemProperties":{"connectionAuthMethod":"{\"scope\":\"device\",\"type\":\"sas\",\"issuer\":\"iothub\",\"acceptingIpFilterRule\":null}","connectionDeviceGenerationId":"638052891151821842","connectionDeviceId":"IOTDevice_6_2","contentEncoding":"utf-8","contentType":"application/json","enqueuedTime":"2022-10-08 14:00:00"}}
{"Body":{"Status":true,"Timestamp":"2022-10-08 14:00:00","pressure":"108.883419416544"},"EnqueuedTimeUtc":"2022-10-08 14:00:00","Properties":{"messagetype":"Demo"},"SystemProperties":{"connectionAuthMethod":"{\"scope\":\"device\",\"type\":\"sas\",\"issuer\":\"iothub\",\"acceptingIpFilterRule\":null}","connectionDeviceGenerationId":"638052891151821842","connectionDeviceId":"IOTDevice_6_3","contentEncoding":"utf-8","contentType":"application/json","enqueuedTime":"2022-10-08 14:00:00"}}
{"Body":{"Status":true,"Timestamp":"2022-10-08 14:00:00","vibration":"37.5753785945258"},"EnqueuedTimeUtc":"2022-10-08 14:00:00","Properties":{"messagetype":"Demo"},"SystemProperties":{"connectionAuthMethod":"{\"scope\":\"device\",\"type\":\"sas\",\"issuer\":\"iothub\",\"acceptingIpFilterRule\":null}","connectionDeviceGenerationId":"638052891151821842","connectionDeviceId":"IOTDevice_6_4","contentEncoding":"utf-8","contentType":"application/json","enqueuedTime":"2022-10-08 14:00:00"}}
