{"Body":{"Status":true,"Timestamp":"2022-10-07 21:00:00","volt":"202.33749957134"},"EnqueuedTimeUtc":"2022-10-07 21:00:00","Properties":{"messagetype":"Demo"},"SystemProperties":{"connectionAuthMethod":"{\"scope\":\"device\",\"type\":\"sas\",\"issuer\":\"iothub\",\"acceptingIpFilterRule\":null}","connectionDeviceGenerationId":"638052891151821842","connectionDeviceId":"IOTDevice_7_1","contentEncoding":"utf-8","contentType":"application/json","enqueuedTime":"2022-10-07 21:00:00"}}
{"Body":{"Status":true,"Timestamp":"2022-10-07 21:00:00","rotate":"443.058648146845"},"EnqueuedTimeUtc":"2022-10-07 21:00:00","Properties":{"messagetype":"Demo"},"SystemProperties":{"connectionAuthMethod":"{\"scope\":\"device\",\"type\":\"sas\",\"issuer\":\"iothub\",\"acceptingIpFilterRule\":null}","connectionDeviceGenerationId":"638052891151821842","connectionDeviceId":"IOTDevice_7_2","contentEncoding":"utf-8","contentType":"application/json","enqueuedTime":"2022-10-07 21:00:00"}}
{"Body":{"Status":true,"Timestamp":"2022-10-07 21:00:00","pressure":"90.2701703811204"},"EnqueuedTimeUtc":"2022-10-07 21:00:00","Properties":{"messagetype":"Demo"},"SystemProperties":{"connectionAuthMethod":"{\"scope\":\"device\",\"type\":\"sas\",\"issuer\":\"iothub\",\"acceptingIpFilterRule\":null}","connectionDeviceGenerationId":"638052891151821842","connectionDeviceId":"IOTDevice_7_3","contentEncoding":"utf-8","contentType":"application/json","enqueuedTime":"2022-10-07 21:00:00"}}
{"Body":{"Status":true,"Timestamp":"2022-10-07 21:00:00","vibration":"44.6906082087542"},"EnqueuedTimeUtc":"2022-10-07 21:00:00","Properties":{"messagetype":"Demo"},"SystemProperties":{"connectionAuthMethod":"{\"scope\":\"device\",\"type\":\"sas\",\"issuer\":\"iothub\",\"acceptingIpFilterRule\":null}","connectionDeviceGenerationId":"638052891151821842","connectionDeviceId":"IOTDevice_7_4","contentEncoding":"utf-8","contentType":"application/json","enqueuedTime":"2022-10-07 21:00:00"}}
{"Body":{"Status":true,"Timestamp":"2022-10-07 22:00:00","volt":"134.537228354249"},"EnqueuedTimeUtc":"2022-10-07 22:00:00","Properties":{"messagetype":"Demo"},"SystemProperties":{"connectionAuthMethod":"{\"scope\":\"device\",\"type\":\"sas\",\"issuer\":\"iothub\",\"acceptingIpFilterRule\":null}","connectionDeviceGenerationId":"638052891151821842","connectionDeviceId":"IOTDevice_7_1","contentEncoding":"utf-8","contentType":"application/json","enqueuedTime":"2022-10-07 22:00:00"}}
{"Body":{"Status":true,"Timestamp":"2022-10-07 22:00:00","rotate":"434.133402615308"},"EnqueuedTimeUtc":"2022-10-07 22:00:00","Properties":{"messagetype":"Demo"},"SystemProperties":{"connectionAuthMethod":"{\"scope\":\"device\",\"type\":\"sas\",\"issuer\":\"iothub\",\"acceptingIpFilterRule\":null}","connectionDeviceGenerationId":"638052891151821842","connectionDeviceId":"IOTDevice_7_2","contentEncoding":"utf-8","contentType":"application/json","enqueuedTime":"2022-10-07 22:00:00"}}
{"Body":{"Status":true,"Timestamp":"2022-10-07 22:00:00","pressure":"88.2781954942278"},"EnqueuedTimeUtc":"2022-10-07 22:00:00","Properties":{"messagetype":"Demo"},"SystemProperties":{"connectionAuthMethod":"{\"scope\":\"device\",\"type\":\"sas\",\"issuer\":\"iothub\",\"acceptingIpFilterRule\":null}","connectionDeviceGenerationId":"638052891151821842","connectionDeviceId":"IOTDevice_7_3","contentEncoding":"utf-8","contentType":"application/json","enqueuedTime":"2022-10-07 22:00:00"}}
{"Body":{"Status":true,"Timestamp":"2022-10-07 22:00:00","vibration":"44.1040959353534"},"EnqueuedTimeUtc":"2022-10-07 22:00:00","Properties":{"messagetype":"Demo"},"SystemProperties":{"connectionAuthMethod":"{\"scope\":\"device\",\"type\":\"sas\",\"issuer\":\"iothub\",\"acceptingIpFilterRule\":null}","connectionDeviceGenerationId":"638052891151821842","connectionDeviceId":"IOTDevice_7_4","contentEncoding":"utf-8","contentType":"application/json","enqueuedTime":"2022-10-07 22:00:00"}}
{"Body":{"Status":true,"Timestamp":"2022-10-07 23:00:00","volt":"180.656890993975"},"EnqueuedTimeUtc":"2022-10-07 23:00:00","Properties":{"messagetype":"Demo"},"SystemProperties":{"connectionAuthMethod":"{\"scope\":\"device\",\"type\":\"sas\",\"issuer\":\"iothub\",\"acceptingIpFilterRule\":null}","connectionDeviceGenerationId":"638052891151821842","connectionDeviceId":"IOTDevice_7_1","contentEncoding":"utf-8","contentType":"application/json","enqueuedTime":"2022-10-07 23:00:00"}}
{"Body":{"Status":true,"Timestamp":"2022-10-07 23:00:00","rotate":"460.886549055534"},"EnqueuedTimeUtc":"2022-10-07 23:00:00","Properties":{"messagetype":"Demo"},"SystemProperties":{"connectionAuthMethod":"{\"scope\":\"device\",\"type\":\"sas\",\"issuer\":\"iothub\",\"acceptingIpFilterRule\":null}","connectionDeviceGenerationId":"638052891151821842","connectionDeviceId":"IOTDevice_7_2","contentEncoding":"utf-8","contentType":"application/json","enqueuedTime":"2022-10-07 23:00:00"}}
{"Body":{"Status":true,"Timestamp":"2022-10-07 23:00:00","pressure":"114.877588289194"},"EnqueuedTimeUtc":"2022-10-07 23:00:00","Properties":{"messagetype":"Demo"},"SystemProperties":{"connectionAuthMethod":"{\"scope\":\"device\",\"type\":\"sas\",\"issuer\":\"iothub\",\"acceptingIpFilterRule\":null}","connectionDeviceGenerationId":"638052891151821842","connectionDeviceId":"IOTDevice_7_3","contentEncoding":"utf-8","contentType":"application/json","enqueuedTime":"2022-10-07 23:00:00"}}
{"Body":{"Status":true,"Timestamp":"2022-10-07 23:00:00","vibration":"41.9494853020684"},"EnqueuedTimeUtc":"2022-10-07 23:00:00","Properties":{"messagetype":"Demo"},"SystemProperties":{"connectionAuthMethod":"{\"scope\":\"device\",\"type\":\"sas\",\"issuer\":\"iothub\",\"acceptingIpFilterRule\":null}","connectionDeviceGenerationId":"638052891151821842","connectionDeviceId":"IOTDevice_7_4","contentEncoding":"utf-8","contentType":"application/json","enqueuedTime":"2022-10-07 23:00:00"}}
{"Body":{"Status":true,"Timestamp":"2022-10-07 00:00:00","volt":"151.87989130971"},"EnqueuedTimeUtc":"2022-10-07 00:00:00","Properties":{"messagetype":"Demo"},"SystemProperties":{"connectionAuthMethod":"{\"scope\":\"device\",\"type\":\"sas\",\"issuer\":\"iothub\",\"acceptingIpFilterRule\":null}","connectionDeviceGenerationId":"638052891151821842","connectionDeviceId":"IOTDevice_8_1","contentEncoding":"utf-8","contentType":"application/json","enqueuedTime":"2022-10-07 00:00:00"}}
{"Body":{"Status":true,"Timestamp":"2022-10-07 00:00:00","rotate":"372.126614112352"},"EnqueuedTimeUtc":"2022-10-07 00:00:00","Properties":{"messagetype":"Demo"},"SystemProperties":{"connectionAuthMethod":"{\"scope\":\"device\",\"type\":\"sas\",\"issuer\":\"iothub\",\"acceptingIpFilterRule\":null}","connectionDeviceGenerationId":"638052891151821842","connectionDeviceId":"IOTDevice_8_2","contentEncoding":"utf-8","contentType":"application/json","enqueuedTime":"2022-10-07 00:00:00"}}
{"Body":{"Status":true,"Timestamp":"2022-10-07 00:00:00","pressure":"92.6665438209236"},"EnqueuedTimeUtc":"2022-10-07 00:00:00","Properties":{"messagetype":"Demo"},"SystemProperties":{"connectionAuthMethod":"{\"scope\":\"device\",\"type\":\"sas\",\"issuer\":\"iothub\",\"acceptingIpFilterRule\":null}","connectionDeviceGenerationId":"638052891151821842","connectionDeviceId":"IOTDevice_8_3","contentEncoding":"utf-8","contentType":"application/json","enqueuedTime":"2022-10-07 00:00:00"}}
{"Body":{"Status":true,"Timestamp":"2022-10-07 00:00:00","vibration":"36.5765934588037"},"EnqueuedTimeUtc":"2022-10-07 00:00:00","Properties":{"messagetype":"Demo"},"SystemProperties":{"connectionAuthMethod":"{\"scope\":\"device\",\"type\":\"sas\",\"issuer\":\"iothub\",\"acceptingIpFilterRule\":null}","connectionDeviceGenerationId":"638052891151821842","connectionDeviceId":"IOTDevice_8_4","contentEncoding":"utf-8","contentType":"application/json","enqueuedTime":"2022-10-07 00:00:00"}}
{"Body":{"Status":true,"Timestamp":"2022-10-07 01:00:00","volt":"161.559834257705"},"EnqueuedTimeUtc":"2022-10-07 01:00:00","Properties":{"messagetype":"Demo"},"SystemProperties":{"connectionAuthMethod":"{\"scope\":\"device\",\"type\":\"sas\",\"issuer\":\"iothub\",\"acceptingIpFilterRule\":null}","connectionDeviceGenerationId":"638052891151821842","connectionDeviceId":"IOTDevice_8_1","contentEncoding":"utf-8","contentType":"application/json","enqueuedTime":"2022-10-07 01:00:00"}}
{"Body":{"Status":true,"Timestamp":"2022-10-07 01:00:00","rotate":"524.740480577631"},"EnqueuedTimeUtc":"2022-10-07 01:00:00","Properties":{"messagetype":"Demo"},"SystemProperties":{"connectionAuthMethod":"{\"scope\":\"device\",\"type\":\"sas\",\"issuer\":\"iothub\",\"acceptingIpFilterRule\":null}","connectionDeviceGenerationId":"638052891151821842","connectionDeviceId":"IOTDevice_8_2","contentEncoding":"utf-8","contentType":"application/json","enqueuedTime":"2022-10-07 01:00:00"}}
{"Body":{"Status":true,"Timestamp":"2022-10-07 01:00:00","pressure":"98.1496317794068"},"EnqueuedTimeUtc":"2022-10-07 01:00:00","Properties":{"messagetype":"Demo"},"SystemProperties":{"connectionAuthMethod":"{\"scope\":\"device\",\"type\":\"sas\",\"issuer\":\"iothub\",\"acceptingIpFilterRule\":null}","connectionDeviceGenerationId":"638052891151821842","connectionDeviceId":"IOTDevice_8_3","contentEncoding":"utf-8","contentType":"application/json","enqueuedTime":"2022-10-07 01:00:00"}}
{"Body":{"Status":true,"Timestamp":"2022-10-07 01:00:00","vibration":"30.0458480235564"},"EnqueuedTimeUtc":"2022-10-07 01:00:00","Properties":{"messagetype":"Demo"},"SystemProperties":{"connectionAuthMethod":"{\"scope\":\"device\",\"type\":\"sas\",\"issuer\":\"iothub\",\"acceptingIpFilterRule\":null}","connectionDeviceGenerationId":"638052891151821842","connectionDeviceId":"IOTDevice_8_4","contentEncoding":"utf-8","contentType":"application/json","enqueuedTime":"2022-10-07 01:00:00"}}
{"Body":{"Status":true,"Timestamp":"2022-10-07 02:00:00","volt":"176.596896467823"},"EnqueuedTimeUtc":"2022-10-07 02:00:00","Properties":{"messagetype":"Demo"},"SystemProperties":{"connectionAuthMethod":"{\"scope\":\"device\",\"type\":\"sas\",\"issuer\":\"iothub\",\"acceptingIpFilterRule\":null}","connectionDeviceGenerationId":"638052891151821842","connectionDeviceId":"IOTDevice_8_1","contentEncoding":"utf-8","contentType":"application/json","enqueuedTime":"2022-10-07 02:00:00"}}
{"Body":{"Status":true,"Timestamp":"2022-10-07 02:00:00","rotate":"499.282002269789"},"EnqueuedTimeUtc":"2022-10-07 02:00:00","Properties":{"messagetype":"Demo"},"SystemProperties":{"connectionAuthMethod":"{\"scope\":\"device\",\"type\":\"sas\",\"issuer\":\"iothub\",\"acceptingIpFilterRule\":null}","connectionDeviceGenerationId":"638052891151821842","connectionDeviceId":"IOTDevice_8_2","contentEncoding":"utf-8","contentType":"application/json","enqueuedTime":"2022-10-07 02:00:00"}}
{"Body":{"Status":true,"Timestamp":"2022-10-07 02:00:00","pressure":"90.447881449408"},"EnqueuedTimeUtc":"2022-10-07 02:00:00","Properties":{"messagetype":"Demo"},"SystemProperties":{"connectionAuthMethod":"{\"scope\":\"device\",\"type\":\"sas\",\"issuer\":\"iothub\",\"acceptingIpFilterRule\":null}","connectionDeviceGenerationId":"638052891151821842","connectionDeviceId":"IOTDevice_8_3","contentEncoding":"utf-8","contentType":"application/json","enqueuedTime":"2022-10-07 02:00:00"}}
{"Body":{"Status":true,"Timestamp":"2022-10-07 02:00:00","vibration":"49.6792291419782"},"EnqueuedTimeUtc":"2022-10-07 02:00:00","Properties":{"messagetype":"Demo"},"SystemProperties":{"connectionAuthMethod":"{\"scope\":\"device\",\"type\":\"sas\",\"issuer\":\"iothub\",\"acceptingIpFilterRule\":null}","connectionDeviceGenerationId":"638052891151821842","connectionDeviceId":"IOTDevice_8_4","contentEncoding":"utf-8","contentType":"application/json","enqueuedTime":"2022-10-07 02:00:00"}}
{"Body":{"Status":true,"Timestamp":"2022-10-07 03:00:00","volt":"191.60851619213"},"EnqueuedTimeUtc":"2022-10-07 03:00:00","Properties":{"messagetype":"Demo"},"SystemProperties":{"connectionAuthMethod":"{\"scope\":\"device\",\"type\":\"sas\",\"issuer\":\"iothub\",\"acceptingIpFilterRule\":null}","connectionDeviceGenerationId":"638052891151821842","connectionDeviceId":"IOTDevice_8_1","contentEncoding":"utf-8","contentType":"application/json","enqueuedTime":"2022-10-07 03:00:00"}}
{"Body":{"Status":true,"Timestamp":"2022-10-07 03:00:00","rotate":"438.406451046012"},"EnqueuedTimeUtc":"2022-10-07 03:00:00","Properties":{"messagetype":"Demo"},"SystemProperties":{"connectionAuthMethod":"{\"scope\":\"device\",\"type\":\"sas\",\"issuer\":\"iothub\",\"acceptingIpFilterRule\":null}","connectionDeviceGenerationId":"638052891151821842","connectionDeviceId":"IOTDevice_8_2","contentEncoding":"utf-8","contentType":"application/json","enqueuedTime":"2022-10-07 03:00:00"}}
{"Body":{"Status":true,"Timestamp":"2022-10-07 03:00:00","pressure":"84.8182585249769"},"EnqueuedTimeUtc":"2022-10-07 03:00:00","Properties":{"messagetype":"Demo"},"SystemProperties":{"connectionAuthMethod":"{\"scope\":\"device\",\"type\":\"sas\",\"issuer\":\"iothub\",\"acceptingIpFilterRule\":null}","connectionDeviceGenerationId":"638052891151821842","connectionDeviceId":"IOTDevice_8_3","contentEncoding":"utf-8","contentType":"application/json","enqueuedTime":"2022-10-07 03:00:00"}}
{"Body":{"Status":true,"Timestamp":"2022-10-07 03:00:00","vibration":"43.8572512594542"},"EnqueuedTimeUtc":"2022-10-07 03:00:00","Properties":{"messagetype":"Demo"},"SystemProperties":{"connectionAuthMethod":"{\"scope\":\"device\",\"type\":\"sas\",\"issuer\":\"iothub\",\"acceptingIpFilterRule\":null}","connectionDeviceGenerationId":"638052891151821842","connectionDeviceId":"IOTDevice_8_4","contentEncoding":"utf-8","contentType":"application/json","enqueuedTime":"2022-10-07 03:00:00"}}
{"Body":{"Status":true,"Timestamp":"2022-10-07 04:00:00","volt":"180.249253323792"},"EnqueuedTimeUtc":"2022-10-07 04:00:00","Properties":{"messagetype":"Demo"},"SystemProperties":{"connectionAuthMethod":"{\"scope\":\"device\",\"type\":\"sas\",\"issuer\":\"iothub\",\"acceptingIpFilterRule\":null}","connectionDeviceGenerationId":"638052891151821842","connectionDeviceId":"IOTDevice_8_1","contentEncoding":"utf-8","contentType":"application/json","enqueuedTime":"2022-10-07 04:00:00"}}
{"Body":{"Status":true,"Timestamp":"2022-10-07 04:00:00","rotate":"406.898495664275"},"EnqueuedTimeUtc":"2022-10-07 04:00:00","Properties":{"messagetype":"Demo"},"SystemProperties":{"connectionAuthMethod":"{\"scope\":\"device\",\"type\":\"sas\",\"issuer\":\"iothub\",\"acceptingIpFilterRule\":null}","connectionDeviceGenerationId":"638052891151821842","connectionDeviceId":"IOTDevice_8_2","contentEncoding":"utf-8","contentType":"application/json","enqueuedTime":"2022-10-07 04:00:00"}}
{"Body":{"Status":true,"Timestamp":"2022-10-07 04:00:00","pressure":"104.481768571962"},"EnqueuedTimeUtc":"2022-10-07 04:00:00","Properties":{"messagetype":"Demo"},"SystemProperties":{"connectionAuthMethod":"{\"scope\":\"device\",\"type\":\"sas\",\"issuer\":\"iothub\",\"acceptingIpFilterRule\":null}","connectionDeviceGenerationId":"638052891151821842","connectionDeviceId":"IOTDevice_8_3","contentEncoding":"utf-8","contentType":"application/json","enqueuedTime":"2022-10-07 04:00:00"}}
{"Body":{"Status":true,"Timestamp":"2022-10-07 04:00:00","vibration":"41.7692201374437"},"EnqueuedTimeUtc":"2022-10-07 04:00:00","Properties":{"messagetype":"Demo"},"SystemProperties":{"connectionAuthMethod":"{\"scope\":\"device\",\"type\":\"sas\",\"issuer\":\"iothub\",\"acceptingIpFilterRule\":null}","connectionDeviceGenerationId":"638052891151821842","connectionDeviceId":"IOTDevice_8_4","contentEncoding":"utf-8","contentType":"application/json","enqueuedTime":"2022-10-07 04:00:00"}}
{"Body":{"Status":true,"Timestamp":"2022-10-07 05:00:00","volt":"176.056226745414"},"EnqueuedTimeUtc":"2022-10-07 05:00:00","Properties":{"messagetype":"Demo"},"SystemProperties":{"connectionAuthMethod":"{\"scope\":\"device\",\"type\":\"sas\",\"issuer\":\"iothub\",\"acceptingIpFilterRule\":null}","connectionDeviceGenerationId":"638052891151821842","connectionDeviceId":"IOTDevice_8_1","contentEncoding":"utf-8","contentType":"application/json","enqueuedTime":"2022-10-07 05:00:00"}}
{"Body":{"Status":true,"Timestamp":"2022-10-07 05:00:00","rotate":"524.711244618491"},"EnqueuedTimeUtc":"2022-10-07 05:00:00","Properties":{"messagetype":"Demo"},"SystemProperties":{"connectionAuthMethod":"{\"scope\":\"device\",\"type\":\"sas\",\"issuer\":\"iothub\",\"acceptingIpFilterRule\":null}","connectionDeviceGenerationId":"638052891151821842","connectionDeviceId":"IOTDevice_8_2","contentEncoding":"utf-8","contentType":"application/json","enqueuedTime":"2022-10-07 05:00:00"}}
{"Body":{"Status":true,"Timestamp":"2022-10-07 05:00:00","pressure":"99.5522152036894"},"EnqueuedTimeUtc":"2022-10-07 05:00:00","Properties":{"messagetype":"Demo"},"SystemProperties":{"connectionAuthMethod":"{\"scope\":\"device\",\"type\":\"sas\",\"issuer\":\"iothub\",\"acceptingIpFilterRule\":null}","connectionDeviceGenerationId":"638052891151821842","connectionDeviceId":"IOTDevice_8_3","contentEncoding":"utf-8","contentType":"application/json","enqueuedTime":"2022-10-07 05:00:00"}}
{"Body":{"Status":true,"Timestamp":"2022-10-07 05:00:00","vibration":"46.0258537492337"},"EnqueuedTimeUtc":"2022-10-07 05:00:00","Properties":{"messagetype":"Demo"},"SystemProperties":{"connectionAuthMethod":"{\"scope\":\"device\",\"type\":\"sas\",\"issuer\":\"iothub\",\"acceptingIpFilterRule\":null}","connectionDeviceGenerationId":"638052891151821842","connectionDeviceId":"IOTDevice_8_4","contentEncoding":"utf-8","contentType":"application/json","enqueuedTime":"2022-10-07 05:00:00"}}
{"Body":{"Status":true,"Timestamp":"2022-10-07 06:00:00","volt":"145.646604913908"},"EnqueuedTimeUtc":"2022-10-07 06:00:00","Properties":{"messagetype":"Demo"},"SystemProperties":{"connectionAuthMethod":"{\"scope\":\"device\",\"type\":\"sas\",\"issuer\":\"iothub\",\"acceptingIpFilterRule\":null}","connectionDeviceGenerationId":"638052891151821842","connectionDeviceId":"IOTDevice_8_1","contentEncoding":"utf-8","contentType":"application/json","enqueuedTime":"2022-10-07 06:00:00"}}
{"Body":{"Status":true,"Timestamp":"2022-10-07 06:00:00","rotate":"417.398131219795"},"EnqueuedTimeUtc":"2022-10-07 06:00:00","Properties":{"messagetype":"Demo"},"SystemProperties":{"connectionAuthMethod":"{\"scope\":\"device\",\"type\":\"sas\",\"issuer\":\"iothub\",\"acceptingIpFilterRule\":null}","connectionDeviceGenerationId":"638052891151821842","connectionDeviceId":"IOTDevice_8_2","contentEncoding":"utf-8","contentType":"application/json","enqueuedTime":"2022-10-07 06:00:00"}}
{"Body":{"Status":true,"Timestamp":"2022-10-07 06:00:00","pressure":"110.029300625017"},"EnqueuedTimeUtc":"2022-10-07 06:00:00","Properties":{"messagetype":"Demo"},"SystemProperties":{"connectionAuthMethod":"{\"scope\":\"device\",\"type\":\"sas\",\"issuer\":\"iothub\",\"acceptingIpFilterRule\":null}","connectionDeviceGenerationId":"638052891151821842","connectionDeviceId":"IOTDevice_8_3","contentEncoding":"utf-8","contentType":"application/json","enqueuedTime":"2022-10-07 06:00:00"}}
{"Body":{"Status":true,"Timestamp":"2022-10-07 06:00:00","vibration":"44.2594115563731"},"EnqueuedTimeUtc":"2022-10-07 06:00:00","Properties":{"messagetype":"Demo"},"SystemProperties":{"connectionAuthMethod":"{\"scope\":\"device\",\"type\":\"sas\",\"issuer\":\"iothub\",\"acceptingIpFilterRule\":null}","connectionDeviceGenerationId":"638052891151821842","connectionDeviceId":"IOTDevice_8_4","contentEncoding":"utf-8","contentType":"application/json","enqueuedTime":"2022-10-07 06:00:00"}}
{"Body":{"Status":true,"Timestamp":"2022-10-07 07:00:00","volt":"165.539296465005"},"EnqueuedTimeUtc":"2022-10-07 07:00:00","Properties":{"messagetype":"Demo"},"SystemProperties":{"connectionAuthMethod":"{\"scope\":\"device\",\"type\":\"sas\",\"issuer\":\"iothub\",\"acceptingIpFilterRule\":null}","connectionDeviceGenerationId":"638052891151821842","connectionDeviceId":"IOTDevice_8_1","contentEncoding":"utf-8","contentType":"application/json","enqueuedTime":"2022-10-07 07:00:00"}}
{"Body":{"Status":true,"Timestamp":"2022-10-07 07:00:00","rotate":"470.842882072813"},"EnqueuedTimeUtc":"2022-10-07 07:00:00","Properties":{"messagetype":"Demo"},"SystemProperties":{"connectionAuthMethod":"{\"scope\":\"device\",\"type\":\"sas\",\"issuer\":\"iothub\",\"acceptingIpFilterRule\":null}","connectionDeviceGenerationId":"638052891151821842","connectionDeviceId":"IOTDevice_8_2","contentEncoding":"utf-8","contentType":"application/json","enqueuedTime":"2022-10-07 07:00:00"}}
{"Body":{"Status":true,"Timestamp":"2022-10-07 07:00:00","pressure":"90.9545512389149"},"EnqueuedTimeUtc":"2022-10-07 07:00:00","Properties":{"messagetype":"Demo"},"SystemProperties":{"connectionAuthMethod":"{\"scope\":\"device\",\"type\":\"sas\",\"issuer\":\"iothub\",\"acceptingIpFilterRule\":null}","connectionDeviceGenerationId":"638052891151821842","connectionDeviceId":"IOTDevice_8_3","contentEncoding":"utf-8","contentType":"application/json","enqueuedTime":"2022-10-07 07:00:00"}}
{"Body":{"Status":true,"Timestamp":"2022-10-07 07:00:00","vibration":"41.0158051698434"},"EnqueuedTimeUtc":"2022-10-07 07:00:00","Properties":{"messagetype":"Demo"},"SystemProperties":{"connectionAuthMethod":"{\"scope\":\"device\",\"type\":\"sas\",\"issuer\":\"iothub\",\"acceptingIpFilterRule\":null}","connectionDeviceGenerationId":"638052891151821842","connectionDeviceId":"IOTDevice_8_4","contentEncoding":"utf-8","contentType":"application/json","enqueuedTime":"2022-10-07 07:00:00"}}
{"Body":{"Status":true,"Timestamp":"2022-10-07 08:00:00","volt":"160.703134794542"},"EnqueuedTimeUtc":"2022-10-07 08:00:00","Properties":{"messagetype":"Demo"},"SystemProperties":{"connectionAuthMethod":"{\"scope\":\"device\",\"type\":\"sas\",\"issuer\":\"iothub\",\"acceptingIpFilterRule\":null}","connectionDeviceGenerationId":"638052891151821842","connectionDeviceId":"IOTDevice_8_1","contentEncoding":"utf-8","contentType":"application/json","enqueuedTime":"2022-10-07 08:00:00"}}
{"Body":{"Status":true,"Timestamp":"2022-10-07 08:00:00","rotate":"498.185559642946"},"EnqueuedTimeUtc":"2022-10-07 08:00:00","Properties":{"messagetype":"Demo"},"SystemProperties":{"connectionAuthMethod":"{\"scope\":\"device\",\"type\":\"sas\",\"issuer\":\"iothub\",\"acceptingIpFilterRule\":null}","connectionDeviceGenerationId":"638052891151821842","connectionDeviceId":"IOTDevice_8_2","contentEncoding":"utf-8","contentType":"application/json","enqueuedTime":"2022-10-07 08:00:00"}}
{"Body":{"Status":true,"Timestamp":"2022-10-07 08:00:00","pressure":"87.5551546944076"},"EnqueuedTimeUtc":"2022-10-07 08:00:00","Properties":{"messagetype":"Demo"},"SystemProperties":{"connectionAuthMethod":"{\"scope\":\"device\",\"type\":\"sas\",\"issuer\":\"iothub\",\"acceptingIpFilterRule\":null}","connectionDeviceGenerationId":"638052891151821842","connectionDeviceId":"IOTDevice_8_3","contentEncoding":"utf-8","contentType":"application/json","enqueuedTime":"2022-10-07 08:00:00"}}
{"Body":{"Status":true,"Timestamp":"2022-10-07 08:00:00","vibration":"39.4904092187033"},"EnqueuedTimeUtc":"2022-10-07 08:00:00","Properties":{"messagetype":"Demo"},"SystemProperties":{"connectionAuthMethod":"{\"scope\":\"device\",\"type\":\"sas\",\"issuer\":\"iothub\",\"acceptingIpFilterRule\":null}","connectionDeviceGenerationId":"638052891151821842","connectionDeviceId":"IOTDevice_8_4","contentEncoding":"utf-8","contentType":"application/json","enqueuedTime":"2022-10-07 08:00:00"}}
{"Body":{"Status":true,"Timestamp":"2022-10-07 09:00:00","volt":"185.199460933121"},"EnqueuedTimeUtc":"2022-10-07 09:00:00","Properties":{"messagetype":"Demo"},"SystemProperties":{"connectionAuthMethod":"{\"scope\":\"device\",\"type\":\"sas\",\"issuer\":\"iothub\",\"acceptingIpFilterRule\":null}","connectionDeviceGenerationId":"638052891151821842","connectionDeviceId":"IOTDevice_8_1","contentEncoding":"utf-8","contentType":"application/json","enqueuedTime":"2022-10-07 09:00:00"}}
{"Body":{"Status":true,"Timestamp":"2022-10-07 09:00:00","rotate":"479.442901500749"},"EnqueuedTimeUtc":"2022-10-07 09:00:00","Properties":{"messagetype":"Demo"},"SystemProperties":{"connectionAuthMethod":"{\"scope\":\"device\",\"type\":\"sas\",\"issuer\":\"iothub\",\"acceptingIpFilterRule\":null}","connectionDeviceGenerationId":"638052891151821842","connectionDeviceId":"IOTDevice_8_2","contentEncoding":"utf-8","contentType":"application/json","enqueuedTime":"2022-10-07 09:00:00"}}
{"Body":{"Status":true,"Timestamp":"2022-10-07 09:00:00","pressure":"86.5909690221291"},"EnqueuedTimeUtc":"2022-10-07 09:00:00","Properties":{"messagetype":"Demo"},"SystemProperties":{"connectionAuthMethod":"{\"scope\":\"device\",\"type\":\"sas\",\"issuer\":\"iothub\",\"acceptingIpFilterRule\":null}","connectionDeviceGenerationId":"638052891151821842","connectionDeviceId":"IOTDevice_8_3","contentEncoding":"utf-8","contentType":"application/json","enqueuedTime":"2022-10-07 09:00:00"}}
{"Body":{"Status":true,"Timestamp":"2022-10-07 09:00:00","vibration":"28.7284010458651"},"EnqueuedTimeUtc":"2022-10-07 09:00:00","Properties":{"messagetype":"Demo"},"SystemProperties":{"connectionAuthMethod":"{\"scope\":\"device\",\"type\":\"sas\",\"issuer\":\"iothub\",\"acceptingIpFilterRule\":null}","connectionDeviceGenerationId":"638052891151821842","connectionDeviceId":"IOTDevice_8_4","contentEncoding":"utf-8","contentType":"application/json","enqueuedTime":"2022-10-07 09:00:00"}}
{"Body":{"Status":true,"Timestamp":"2022-10-07 10:00:00","volt":"160.793935147694"},"EnqueuedTimeUtc":"2022-10-07 10:00:00","Properties":{"messagetype":"Demo"},"SystemProperties":{"connectionAuthMethod":"{\"scope\":\"device\",\"type\":\"sas\",\"issuer\":\"iothub\",\"acceptingIpFilterRule\":null}","connectionDeviceGenerationId":"638052891151821842","connectionDeviceId":"IOTDevice_8_1","contentEncoding":"utf-8","contentType":"application/json","enqueuedTime":"2022-10-07 10:00:00"}}
{"Body":{"Status":true,"Timestamp":"2022-10-07 10:00:00","rotate":"442.840121440006"},"EnqueuedTimeUtc":"2022-10-07 10:00:00","Properties":{"messagetype":"Demo"},"SystemProperties":{"connectionAuthMethod":"{\"scope\":\"device\",\"type\":\"sas\",\"issuer\":\"iothub\",\"acceptingIpFilterRule\":null}","connectionDeviceGenerationId":"638052891151821842","connectionDeviceId":"IOTDevice_8_2","contentEncoding":"utf-8","contentType":"application/json","enqueuedTime":"2022-10-07 10:00:00"}}
{"Body":{"Status":true,"Timestamp":"2022-10-07 10:00:00","pressure":"99.4047715783104"},"EnqueuedTimeUtc":"2022-10-07 10:00:00","Properties":{"messagetype":"Demo"},"SystemProperties":{"connectionAuthMethod":"{\"scope\":\"device\",\"type\":\"sas\",\"issuer\":\"iothub\",\"acceptingIpFilterRule\":null}","connectionDeviceGenerationId":"638052891151821842","connectionDeviceId":"IOTDevice_8_3","contentEncoding":"utf-8","contentType":"application/json","enqueuedTime":"2022-10-07 10:00:00"}}
{"Body":{"Status":true,"Timestamp":"2022-10-07 10:00:00","vibration":"42.1594062916287"},"EnqueuedTimeUtc":"2022-10-07 10:00:00","Properties":{"messagetype":"Demo"},"SystemProperties":{"connectionAuthMethod":"{\"scope\":\"device\",\"type\":\"sas\",\"issuer\":\"iothub\",\"acceptingIpFilterRule\":null}","connectionDeviceGenerationId":"638052891151821842","connectionDeviceId":"IOTDevice_8_4","contentEncoding":"utf-8","contentType":"application/json","enqueuedTime":"2022-10-07 10:00:00"}}
{"Body":{"Status":true,"Timestamp":"2022-10-07 11:00:00","volt":"163.677691269576"},"EnqueuedTimeUtc":"2022-10-07 11:00:00","Properties":{"messagetype":"Demo"},"SystemProperties":{"connectionAuthMethod":"{\"scope\":\"device\",\"type\":\"sas\",\"issuer\":\"iothub\",\"acceptingIpFilterRule\":null}","connectionDeviceGenerationId":"638052891151821842","connectionDeviceId":"IOTDevice_8_1","contentEncoding":"utf-8","contentType":"application/json","enqueuedTime":"2022-10-07 11:00:00"}}
{"Body":{"Status":true,"Timestamp":"2022-10-07 11:00:00","rotate":"391.730727934401"},"EnqueuedTimeUtc":"2022-10-07 11:00:00","Properties":{"messagetype":"Demo"},"SystemProperties":{"connectionAuthMethod":"{\"scope\":\"device\",\"type\":\"sas\",\"issuer\":\"iothub\",\"acceptingIpFilterRule\":null}","connectionDeviceGenerationId":"638052891151821842","connectionDeviceId":"IOTDevice_8_2","contentEncoding":"utf-8","contentType":"application/json","enqueuedTime":"2022-10-07 11:00:00"}}
{"Body":{"Status":true,"Timestamp":"2022-10-07 11:00:00","pressure":"103.325866810908"},"EnqueuedTimeUtc":"2022-10-07 11:00:00","Properties":{"messagetype":"Demo"},"SystemProperties":{"connectionAuthMethod":"{\"scope\":\"device\",\"type\":\"sas\",\"issuer\":\"iothub\",\"acceptingIpFilterRule\":null}","connectionDeviceGenerationId":"638052891151821842","connectionDeviceId":"IOTDevice_8_3","contentEncoding":"utf-8","contentType":"application/json","enqueuedTime":"2022-10-07 11:00:00"}}
{"Body":{"Status":true,"Timestamp":"2022-10-07 11:00:00","vibration":"46.9448079198806"},"EnqueuedTimeUtc":"2022-10-07 11:00:00","Properties":{"messagetype":"Demo"},"SystemProperties":{"connectionAuthMethod":"{\"scope\":\"device\",\"type\":\"sas\",\"issuer\":\"iothub\",\"acceptingIpFilterRule\":null}","connectionDeviceGenerationId":"638052891151821842","connectionDeviceId":"IOTDevice_8_4","contentEncoding":"utf-8","contentType":"application/json","enqueuedTime":"2022-10-07 11:00:00"}}
