{"Body":{"Status":true,"Timestamp":"2022-10-07 03:00:00","volt":"186.078905841464"},"EnqueuedTimeUtc":"2022-10-07 03:00:00","Properties":{"messagetype":"Demo"},"SystemProperties":{"connectionAuthMethod":"{\"scope\":\"device\",\"type\":\"sas\",\"issuer\":\"iothub\",\"acceptingIpFilterRule\":null}","connectionDeviceGenerationId":"638052891151821842","connectionDeviceId":"IOTDevice_9_1","contentEncoding":"utf-8","contentType":"application/json","enqueuedTime":"2022-10-07 03:00:00"}}
{"Body":{"Status":true,"Timestamp":"2022-10-07 03:00:00","rotate":"459.896436602744"},"EnqueuedTimeUtc":"2022-10-07 03:00:00","Properties":{"messagetype":"Demo"},"SystemProperties":{"connectionAuthMethod":"{\"scope\":\"device\",\"type\":\"sas\",\"issuer\":\"iothub\",\"acceptingIpFilterRule\":null}","connectionDeviceGenerationId":"638052891151821842","connectionDeviceId":"IOTDevice_9_2","contentEncoding":"utf-8","contentType":"application/json","enqueuedTime":"2022-10-07 03:00:00"}}
{"Body":{"Status":true,"Timestamp":"2022-10-07 03:00:00","pressure":"91.623336928545"},"EnqueuedTimeUtc":"2022-10-07 03:00:00","Properties":{"messagetype":"Demo"},"SystemProperties":{"connectionAuthMethod":"{\"scope\":\"device\",\"type\":\"sas\",\"issuer\":\"iothub\",\"acceptingIpFilterRule\":null}","connectionDeviceGenerationId":"638052891151821842","connectionDeviceId":"IOTDevice_9_3","contentEncoding":"utf-8","contentType":"application/json","enqueuedTime":"2022-10-07 03:00:00"}}
{"Body":{"Status":true,"Timestamp":"2022-10-07 03:00:00","vibration":"35.1664694797375"},"EnqueuedTimeUtc":"2022-10-07 03:00:00","Properties":{"messagetype":"Demo"},"SystemProperties":{"connectionAuthMethod":"{\"scope\":\"device\",\"type\":\"sas\",\"issuer\":\"iothub\",\"acceptingIpFilterRule\":null}","connectionDeviceGenerationId":"638052891151821842","connectionDeviceId":"IOTDevice_9_4","contentEncoding":"utf-8","contentType":"application/json","enqueuedTime":"2022-10-07 03:00:00"}}
{"Body":{"Status":true,"Timestamp":"2022-10-07 04:00:00","volt":"158.410437413496"},"EnqueuedTimeUtc":"2022-10-07 04:00:00","Properties":{"messagetype":"Demo"},"SystemProperties":{"connectionAuthMethod":"{\"scope\":\"device\",\"type\":\"sas\",\"issuer\":\"iothub\",\"acceptingIpFilterRule\":null}","connectionDeviceGenerationId":"638052891151821842","connectionDeviceId":"IOTDevice_9_1","contentEncoding":"utf-8","contentType":"application/json","enqueuedTime":"2022-10-07 04:00:00"}}
{"Body":{"Status":true,"Timestamp":"2022-10-07 04:00:00","rotate":"382.867903156041"},"EnqueuedTimeUtc":"2022-10-07 04:00:00","Properties":{"messagetype":"Demo"},"SystemProperties":{"connectionAuthMethod":"{\"scope\":\"device\",\"type\":\"sas\",\"issuer\":\"iothub\",\"acceptingIpFilterRule\":null}","connectionDeviceGenerationId":"638052891151821842","connectionDeviceId":"IOTDevice_9_2","contentEncoding":"utf-8","contentType":"application/json","enqueuedTime":"2022-10-07 04:00:00"}}
{"Body":{"Status":true,"Timestamp":"2022-10-07 04:00:00","pressure":"100.732252680906"},"EnqueuedTimeUtc":"2022-10-07 04:00:00","Properties":{"messagetype":"Demo"},"SystemProperties":{"connectionAuthMethod":"{\"scope\":\"device\",\"type\":\"sas\",\"issuer\":\"iothub\",\"acceptingIpFilterRule\":null}","connectionDeviceGenerationId":"638052891151821842","connectionDeviceId":"IOTDevice_9_3","contentEncoding":"utf-8","contentType":"application/json","enqueuedTime":"2022-10-07 04:00:00"}}
{"Body":{"Status":true,"Timestamp":"2022-10-07 04:00:00","vibration":"43.2932682458935"},"EnqueuedTimeUtc":"2022-10-07 04:00:00","Properties":{"messagetype":"Demo"},"SystemProperties":{"connectionAuthMethod":"{\"scope\":\"device\",\"type\":\"sas\",\"issuer\":\"iothub\",\"acceptingIpFilterRule\":null}","connectionDeviceGenerationId":"638052891151821842","connectionDeviceId":"IOTDevice_9_4","contentEncoding":"utf-8","contentType":"application/json","enqueuedTime":"2022-10-07 04:00:00"}}
{"Body":{"Status":true,"Timestamp":"2022-10-07 05:00:00","volt":"184.975521043089"},"EnqueuedTimeUtc":"2022-10-07 05:00:00","Properties":{"messagetype":"Demo"},"SystemProperties":{"connectionAuthMethod":"{\"scope\":\"device\",\"type\":\"sas\",\"issuer\":\"iothub\",\"acceptingIpFilterRule\":null}","connectionDeviceGenerationId":"638052891151821842","connectionDeviceId":"IOTDevice_9_1","contentEncoding":"utf-8","contentType":"application/json","enqueuedTime":"2022-10-07 05:00:00"}}
{"Body":{"Status":true,"Timestamp":"2022-10-07 05:00:00","rotate":"455.297723025822"},"EnqueuedTimeUtc":"2022-10-07 05:00:00","Properties":{"messagetype":"Demo"},"SystemProperties":{"connectionAuthMethod":"{\"scope\":\"device\",\"type\":\"sas\",\"issuer\":\"iothub\",\"acceptingIpFilterRule\":null}","connectionDeviceGenerationId":"638052891151821842","connectionDeviceId":"IOTDevice_9_2","contentEncoding":"utf-8","contentType":"application/json","enqueuedTime":"2022-10-07 05:00:00"}}
{"Body":{"Status":true,"Timestamp":"2022-10-07 05:00:00","pressure":"107.436862812374"},"EnqueuedTimeUtc":"2022-10-07 05:00:00","Properties":{"messagetype":"Demo"},"SystemProperties":{"connectionAuthMethod":"{\"scope\":\"device\",\"type\":\"sas\",\"issuer\":\"iothub\",\"acceptingIpFilterRule\":null}","connectionDeviceGenerationId":"638052891151821842","connectionDeviceId":"IOTDevice_9_3","contentEncoding":"utf-8","contentType":"application/json","enqueuedTime":"2022-10-07 05:00:00"}}
{"Body":{"Status":true,"Timestamp":"2022-10-07 05:00:00","vibration":"42.6081400939672"},"EnqueuedTimeUtc":"2022-10-07 05:00:00","Properties":{"messagetype":"Demo"},"SystemProperties":{"connectionAuthMethod":"{\"scope\":\"device\",\"type\":\"sas\",\"issuer\":\"iothub\",\"acceptingIpFilterRule\":null}","connectionDeviceGenerationId":"638052891151821842","connectionDeviceId":"IOTDevice_9_4","contentEncoding":"utf-8","contentType":"application/json","enqueuedTime":"2022-10-07 05:00:00"}}
{"Body":{"Status":true,"Timestamp":"2022-10-07 06:00:00","volt":"142.058731296106"},"EnqueuedTimeUtc":"2022-10-07 06:00:00","Properties":{"messagetype":"Demo"},"SystemProperties":{"connectionAuthMethod":"{\"scope\":\"device\",\"type\":\"sas\",\"issuer\":\"iothub\",\"acceptingIpFilterRule\":null}","connectionDeviceGenerationId":"638052891151821842","connectionDeviceId":"IOTDevice_9_1","contentEncoding":"utf-8","contentType":"application/json","enqueuedTime":"2022-10-07 06:00:00"}}
{"Body":{"Status":true,"Timestamp":"2022-10-07 06:00:00","rotate":"477.442415563945"},"EnqueuedTimeUtc":"2022-10-07 06:00:00","Properties":{"messagetype":"Demo"},"SystemProperties":{"connectionAuthMethod":"{\"scope\":\"device\",\"type\":\"sas\",\"issuer\":\"iothub\",\"acceptingIpFilterRule\":null}","connectionDeviceGenerationId":"638052891151821842","connectionDeviceId":"IOTDevice_9_2","contentEncoding":"utf-8","contentType":"application/json","enqueuedTime":"2022-10-07 06:00:00"}}
{"Body":{"Status":true,"Timestamp":"2022-10-07 06:00:00","pressure":"88.3865913085289"},"EnqueuedTimeUtc":"2022-10-07 06:00:00","Properties":{"messagetype":"Demo"},"SystemProperties":{"connectionAuthMethod":"{\"scope\":\"device\",\"type\":\"sas\",\"issuer\":\"iothub\",\"acceptingIpFilterRule\":null}","connectionDeviceGenerationId":"638052891151821842","connectionDeviceId":"IOTDevice_9_3","contentEncoding":"utf-8","contentType":"application/json","enqueuedTime":"2022-10-07 06:00:00"}}
{"Body":{"Status":true,"Timestamp":"2022-10-07 06:00:00","vibration":"38.6796306117587"},"EnqueuedTimeUtc":"2022-10-07 06:00:00","Properties":{"messagetype":"Demo"},"SystemProperties":{"connectionAuthMethod":"{\"scope\":\"device\",\"type\":\"sas\",\"issuer\":\"iothub\",\"acceptingIpFilterRule\":null}","connectionDeviceGenerationId":"638052891151821842","connectionDeviceId":"IOTDevice_9_4","contentEncoding":"utf-8","contentType":"application/json","enqueuedTime":"2022-10-07 06:00:00"}}
{"Body":{"Status":true,"Timestamp":"2022-10-07 07:00:00","volt":"177.950845276586"},"EnqueuedTimeUtc":"2022-10-07 07:00:00","Properties":{"messagetype":"Demo"},"SystemProperties":{"connectionAuthMethod":"{\"scope\":\"device\",\"type\":\"sas\",\"issuer\":\"iothub\",\"acceptingIpFilterRule\":null}","connectionDeviceGenerationId":"638052891151821842","connectionDeviceId":"IOTDevice_9_1","contentEncoding":"utf-8","contentType":"application/json","enqueuedTime":"2022-10-07 07:00:00"}}
{"Body":{"Status":true,"Timestamp":"2022-10-07 07:00:00","rotate":"416.438359178333"},"EnqueuedTimeUtc":"2022-10-07 07:00:00","Properties":{"messagetype":"Demo"},"SystemProperties":{"connectionAuthMethod":"{\"scope\":\"device\",\"type\":\"sas\",\"issuer\":\"iothub\",\"acceptingIpFilterRule\":null}","connectionDeviceGenerationId":"638052891151821842","connectionDeviceId":"IOTDevice_9_2","contentEncoding":"utf-8","contentType":"application/json","enqueuedTime":"2022-10-07 07:00:00"}}
{"Body":{"Status":true,"Timestamp":"2022-10-07 07:00:00","pressure":"118.878641695588"},"EnqueuedTimeUtc":"2022-10-07 07:00:00","Properties":{"messagetype":"Demo"},"SystemProperties":{"connectionAuthMethod":"{\"scope\":\"device\",\"type\":\"sas\",\"issuer\":\"iothub\",\"acceptingIpFilterRule\":null}","connectionDeviceGenerationId":"638052891151821842","connectionDeviceId":"IOTDevice_9_3","contentEncoding":"utf-8","contentType":"application/json","enqueuedTime":"2022-10-07 07:00:00"}}
{"Body":{"Status":true,"Timestamp":"2022-10-07 07:00:00","vibration":"35.1585020419565"},"EnqueuedTimeUtc":"2022-10-07 07:00:00","Properties":{"messagetype":"Demo"},"SystemProperties":{"connectionAuthMethod":"{\"scope\":\"device\",\"type\":\"sas\",\"issuer\":\"iothub\",\"acceptingIpFilterRule\":null}","connectionDeviceGenerationId":"638052891151821842","connectionDeviceId":"IOTDevice_9_4","contentEncoding":"utf-8","contentType":"application/json","enqueuedTime":"2022-10-07 07:00:00"}}
{"Body":{"Status":true,"Timestamp":"2022-10-07 08:00:00","volt":"170.21229381823"},"EnqueuedTimeUtc":"2022-10-07 08:00:00","Properties":{"messagetype":"Demo"},"SystemProperties":{"connectionAuthMethod":"{\"scope\":\"device\",\"type\":\"sas\",\"issuer\":\"iothub\",\"acceptingIpFilterRule\":null}","connectionDeviceGenerationId":"638052891151821842","connectionDeviceId":"IOTDevice_9_1","contentEncoding":"utf-8","contentType":"application/json","enqueuedTime":"2022-10-07 08:00:00"}}
{"Body":{"Status":true,"Timestamp":"2022-10-07 08:00:00","rotate":"490.090250734308"},"EnqueuedTimeUtc":"2022-10-07 08:00:00","Properties":{"messagetype":"Demo"},"SystemProperties":{"connectionAuthMethod":"{\"scope\":\"device\",\"type\":\"sas\",\"issuer\":\"iothub\",\"acceptingIpFilterRule\":null}","connectionDeviceGenerationId":"638052891151821842","connectionDeviceId":"IOTDevice_9_2","contentEncoding":"utf-8","contentType":"application/json","enqueuedTime":"2022-10-07 08:00:00"}}
{"Body":{"Status":true,"Timestamp":"2022-10-07 08:00:00","pressure":"119.852954742813"},"EnqueuedTimeUtc":"2022-10-07 08:00:00","Properties":{"messagetype":"Demo"},"SystemProperties":{"connectionAuthMethod":"{\"scope\":\"device\",\"type\":\"sas\",\"issuer\":\"iothub\",\"acceptingIpFilterRule\":null}","connectionDeviceGenerationId":"638052891151821842","connectionDeviceId":"IOTDevice_9_3","contentEncoding":"utf-8","contentType":"application/json","enqueuedTime":"2022-10-07 08:00:00"}}
{"Body":{"Status":true,"Timestamp":"2022-10-07 08:00:00","vibration":"41.2026357915275"},"EnqueuedTimeUtc":"2022-10-07 08:00:00","Properties":{"messagetype":"Demo"},"SystemProperties":{"connectionAuthMethod":"{\"scope\":\"device\",\"type\":\"sas\",\"issuer\":\"iothub\",\"acceptingIpFilterRule\":null}","connectionDeviceGenerationId":"638052891151821842","connectionDeviceId":"IOTDevice_9_4","contentEncoding":"utf-8","contentType":"application/json","enqueuedTime":"2022-10-07 08:00:00"}}
{"Body":{"Status":true,"Timestamp":"2022-10-07 09:00:00","volt":"212.788321354378"},"EnqueuedTimeUtc":"2022-10-07 09:00:00","Properties":{"messagetype":"Demo"},"SystemProperties":{"connectionAuthMethod":"{\"scope\":\"device\",\"type\":\"sas\",\"issuer\":\"iothub\",\"acceptingIpFilterRule\":null}","connectionDeviceGenerationId":"638052891151821842","connectionDeviceId":"IOTDevice_9_1","contentEncoding":"utf-8","contentType":"application/json","enqueuedTime":"2022-10-07 09:00:00"}}
{"Body":{"Status":true,"Timestamp":"2022-10-07 09:00:00","rotate":"407.906412774195"},"EnqueuedTimeUtc":"2022-10-07 09:00:00","Properties":{"messagetype":"Demo"},"SystemProperties":{"connectionAuthMethod":"{\"scope\":\"device\",\"type\":\"sas\",\"issuer\":\"iothub\",\"acceptingIpFilterRule\":null}","connectionDeviceGenerationId":"638052891151821842","connectionDeviceId":"IOTDevice_9_2","contentEncoding":"utf-8","contentType":"application/json","enqueuedTime":"2022-10-07 09:00:00"}}
{"Body":{"Status":true,"Timestamp":"2022-10-07 09:00:00","pressure":"109.573790930565"},"EnqueuedTimeUtc":"2022-10-07 09:00:00","Properties":{"messagetype":"Demo"},"SystemProperties":{"connectionAuthMethod":"{\"scope\":\"device\",\"type\":\"sas\",\"issuer\":\"iothub\",\"acceptingIpFilterRule\":null}","connectionDeviceGenerationId":"638052891151821842","connectionDeviceId":"IOTDevice_9_3","contentEncoding":"utf-8","contentType":"application/json","enqueuedTime":"2022-10-07 09:00:00"}}
{"Body":{"Status":true,"Timestamp":"2022-10-07 09:00:00","vibration":"42.6897784263484"},"EnqueuedTimeUtc":"2022-10-07 09:00:00","Properties":{"messagetype":"Demo"},"SystemProperties":{"connectionAuthMethod":"{\"scope\":\"device\",\"type\":\"sas\",\"issuer\":\"iothub\",\"acceptingIpFilterRule\":null}","connectionDeviceGenerationId":"638052891151821842","connectionDeviceId":"IOTDevice_9_4","contentEncoding":"utf-8","contentType":"application/json","enqueuedTime":"2022-10-07 09:00:00"}}
{"Body":{"Status":true,"Timestamp":"2022-10-07 10:00:00","volt":"171.877144348265"},"EnqueuedTimeUtc":"2022-10-07 10:00:00","Properties":{"messagetype":"Demo"},"SystemProperties":{"connectionAuthMethod":"{\"scope\":\"device\",\"type\":\"sas\",\"issuer\":\"iothub\",\"acceptingIpFilterRule\":null}","connectionDeviceGenerationId":"638052891151821842","connectionDeviceId":"IOTDevice_9_1","contentEncoding":"utf-8","contentType":"application/json","enqueuedTime":"2022-10-07 10:00:00"}}
{"Body":{"Status":true,"Timestamp":"2022-10-07 10:00:00","rotate":"387.821679016599"},"EnqueuedTimeUtc":"2022-10-07 10:00:00","Properties":{"messagetype":"Demo"},"SystemProperties":{"connectionAuthMethod":"{\"scope\":\"device\",\"type\":\"sas\",\"issuer\":\"iothub\",\"acceptingIpFilterRule\":null}","connectionDeviceGenerationId":"638052891151821842","connectionDeviceId":"IOTDevice_9_2","contentEncoding":"utf-8","contentType":"application/json","enqueuedTime":"2022-10-07 10:00:00"}}
{"Body":{"Status":true,"Timestamp":"2022-10-07 10:00:00","pressure":"90.7194317826212"},"EnqueuedTimeUtc":"2022-10-07 10:00:00","Properties":{"messagetype":"Demo"},"SystemProperties":{"connectionAuthMethod":"{\"scope\":\"device\",\"type\":\"sas\",\"issuer\":\"iothub\",\"acceptingIpFilterRule\":null}","connectionDeviceGenerationId":"638052891151821842","connectionDeviceId":"IOTDevice_9_3","contentEncoding":"utf-8","contentType":"application/json","enqueuedTime":"2022-10-07 10:00:00"}}
{"Body":{"Status":true,"Timestamp":"2022-10-07 10:00:00","vibration":"40.5459630795972"},"EnqueuedTimeUtc":"2022-10-07 10:00:00","Properties":{"messagetype":"Demo"},"SystemProperties":{"connectionAuthMethod":"{\"scope\":\"device\",\"type\":\"sas\",\"issuer\":\"iothub\",\"acceptingIpFilterRule\":null}","connectionDeviceGenerationId":"638052891151821842","connectionDeviceId":"IOTDevice_9_4","contentEncoding":"utf-8","contentType":"application/json","enqueuedTime":"2022-10-07 10:00:00"}}
{"Body":{"Status":true,"Timestamp":"2022-10-07 11:00:00","volt":"167.759964062823"},"EnqueuedTimeUtc":"2022-10-07 11:00:00","Properties":{"messagetype":"Demo"},"SystemProperties":{"connectionAuthMethod":"{\"scope\":\"device\",\"type\":\"sas\",\"issuer\":\"iothub\",\"acceptingIpFilterRule\":null}","connectionDeviceGenerationId":"638052891151821842","connectionDeviceId":"IOTDevice_9_1","contentEncoding":"utf-8","contentType":"application/json","enqueuedTime":"2022-10-07 11:00:00"}}
{"Body":{"Status":true,"Timestamp":"2022-10-07 11:00:00","rotate":"471.48173307276"},"EnqueuedTimeUtc":"2022-10-07 11:00:00","Properties":{"messagetype":"Demo"},"SystemProperties":{"connectionAuthMethod":"{\"scope\":\"device\",\"type\":\"sas\",\"issuer\":\"iothub\",\"acceptingIpFilterRule\":null}","connectionDeviceGenerationId":"638052891151821842","connectionDeviceId":"IOTDevice_9_2","contentEncoding":"utf-8","contentType":"application/json","enqueuedTime":"2022-10-07 11:00:00"}}
{"Body":{"Status":true,"Timestamp":"2022-10-07 11:00:00","pressure":"106.018565401381"},"EnqueuedTimeUtc":"2022-10-07 11:00:00","Properties":{"messagetype":"Demo"},"SystemProperties":{"connectionAuthMethod":"{\"scope\":\"device\",\"type\":\"sas\",\"issuer\":\"iothub\",\"acceptingIpFilterRule\":null}","connectionDeviceGenerationId":"638052891151821842","connectionDeviceId":"IOTDevice_9_3","contentEncoding":"utf-8","contentType":"application/json","enqueuedTime":"2022-10-07 11:00:00"}}
{"Body":{"Status":true,"Timestamp":"2022-10-07 11:00:00","vibration":"41.0951565296996"},"EnqueuedTimeUtc":"2022-10-07 11:00:00","Properties":{"messagetype":"Demo"},"SystemProperties":{"connectionAuthMethod":"{\"scope\":\"device\",\"type\":\"sas\",\"issuer\":\"iothub\",\"acceptingIpFilterRule\":null}","connectionDeviceGenerationId":"638052891151821842","connectionDeviceId":"IOTDevice_9_4","contentEncoding":"utf-8","contentType":"application/json","enqueuedTime":"2022-10-07 11:00:00"}}
{"Body":{"Status":true,"Timestamp":"2022-10-07 12:00:00","volt":"182.380591476653"},"EnqueuedTimeUtc":"2022-10-07 12:00:00","Properties":{"messagetype":"Demo"},"SystemProperties":{"connectionAuthMethod":"{\"scope\":\"device\",\"type\":\"sas\",\"issuer\":\"iothub\",\"acceptingIpFilterRule\":null}","connectionDeviceGenerationId":"638052891151821842","connectionDeviceId":"IOTDevice_9_1","contentEncoding":"utf-8","contentType":"application/json","enqueuedTime":"2022-10-07 12:00:00"}}
{"Body":{"Status":true,"Timestamp":"2022-10-07 12:00:00","rotate":"419.842782045357"},"EnqueuedTimeUtc":"2022-10-07 12:00:00","Properties":{"messagetype":"Demo"},"SystemProperties":{"connectionAuthMethod":"{\"scope\":\"device\",\"type\":\"sas\",\"issuer\":\"iothub\",\"acceptingIpFilterRule\":null}","connectionDeviceGenerationId":"638052891151821842","connectionDeviceId":"IOTDevice_9_2","contentEncoding":"utf-8","contentType":"application/json","enqueuedTime":"2022-10-07 12:00:00"}}
{"Body":{"Status":true,"Timestamp":"2022-10-07 12:00:00","pressure":"99.4915783549651"},"EnqueuedTimeUtc":"2022-10-07 12:00:00","Properties":{"messagetype":"Demo"},"SystemProperties":{"connectionAuthMethod":"{\"scope\":\"device\",\"type\":\"sas\",\"issuer\":\"iothub\",\"acceptingIpFilterRule\":null}","connectionDeviceGenerationId":"638052891151821842","connectionDeviceId":"IOTDevice_9_3","contentEncoding":"utf-8","contentType":"application/json","enqueuedTime":"2022-10-07 12:00:00"}}
{"Body":{"Status":true,"Timestamp":"2022-10-07 12:00:00","vibration":"42.9072609143729"},"EnqueuedTimeUtc":"2022-10-07 12:00:00","Properties":{"messagetype":"Demo"},"SystemProperties":{"connectionAuthMethod":"{\"scope\":\"device\",\"type\":\"sas\",\"issuer\":\"iothub\",\"acceptingIpFilterRule\":null}","connectionDeviceGenerationId":"638052891151821842","connectionDeviceId":"IOTDevice_9_4","contentEncoding":"utf-8","contentType":"application/json","enqueuedTime":"2022-10-07 12:00:00"}}
{"Body":{"Status":true,"Timestamp":"2022-10-07 13:00:00","volt":"148.87047495213"},"EnqueuedTimeUtc":"2022-10-07 13:00:00","Properties":{"messagetype":"Demo"},"SystemProperties":{"connectionAuthMethod":"{\"scope\":\"device\",\"type\":\"sas\",\"issuer\":\"iothub\",\"acceptingIpFilterRule\":null}","connectionDeviceGenerationId":"638052891151821842","connectionDeviceId":"IOTDevice_9_1","contentEncoding":"utf-8","contentType":"application/json","enqueuedTime":"2022-10-07 13:00:00"}}
{"Body":{"Status":true,"Timestamp":"2022-10-07 13:00:00","rotate":"401.023007755203"},"EnqueuedTimeUtc":"2022-10-07 13:00:00","Properties":{"messagetype":"Demo"},"SystemProperties":{"connectionAuthMethod":"{\"scope\":\"device\",\"type\":\"sas\",\"issuer\":\"iothub\",\"acceptingIpFilterRule\":null}","connectionDeviceGenerationId":"638052891151821842","connectionDeviceId":"IOTDevice_9_2","contentEncoding":"utf-8","contentType":"application/json","enqueuedTime":"2022-10-07 13:00:00"}}
{"Body":{"Status":true,"Timestamp":"2022-10-07 13:00:00","pressure":"107.952381201587"},"EnqueuedTimeUtc":"2022-10-07 13:00:00","Properties":{"messagetype":"Demo"},"SystemProperties":{"connectionAuthMethod":"{\"scope\":\"device\",\"type\":\"sas\",\"issuer\":\"iothub\",\"acceptingIpFilterRule\":null}","connectionDeviceGenerationId":"638052891151821842","connectionDeviceId":"IOTDevice_9_3","contentEncoding":"utf-8","contentType":"application/json","enqueuedTime":"2022-10-07 13:00:00"}}
{"Body":{"Status":true,"Timestamp":"2022-10-07 13:00:00","vibration":"43.5450254749556"},"EnqueuedTimeUtc":"2022-10-07 13:00:00","Properties":{"messagetype":"Demo"},"SystemProperties":{"connectionAuthMethod":"{\"scope\":\"device\",\"type\":\"sas\",\"issuer\":\"iothub\",\"acceptingIpFilterRule\":null}","connectionDeviceGenerationId":"638052891151821842","connectionDeviceId":"IOTDevice_9_4","contentEncoding":"utf-8","contentType":"application/json","enqueuedTime":"2022-10-07 13:00:00"}}
{"Body":{"Status":true,"Timestamp":"2022-10-07 14:00:00","volt":"182.92006401679"},"EnqueuedTimeUtc":"2022-10-07 14:00:00","Properties":{"messagetype":"Demo"},"SystemProperties":{"connectionAuthMethod":"{\"scope\":\"device\",\"type\":\"sas\",\"issuer\":\"iothub\",\"acceptingIpFilterRule\":null}","connectionDeviceGenerationId":"638052891151821842","connectionDeviceId":"IOTDevice_9_1","contentEncoding":"utf-8","contentType":"application/json","enqueuedTime":"2022-10-07 14:00:00"}}
{"Body":{"Status":true,"Timestamp":"2022-10-07 14:00:00","rotate":"401.970135999329"},"EnqueuedTimeUtc":"2022-10-07 14:00:00","Properties":{"messagetype":"Demo"},"SystemProperties":{"connectionAuthMethod":"{\"scope\":\"device\",\"type\":\"sas\",\"issuer\":\"iothub\",\"acceptingIpFilterRule\":null}","connectionDeviceGenerationId":"638052891151821842","connectionDeviceId":"IOTDevice_9_2","contentEncoding":"utf-8","contentType":"application/json","enqueuedTime":"2022-10-07 14:00:00"}}
{"Body":{"Status":true,"Timestamp":"2022-10-07 14:00:00","pressure":"100.589901839867"},"EnqueuedTimeUtc":"2022-10-07 14:00:00","Properties":{"messagetype":"Demo"},"SystemProperties":{"connectionAuthMethod":"{\"scope\":\"device\",\"type\":\"sas\",\"issuer\":\"iothub\",\"acceptingIpFilterRule\":null}","connectionDeviceGenerationId":"638052891151821842","connectionDeviceId":"IOTDevice_9_3","contentEncoding":"utf-8","contentType":"application/json","enqueuedTime":"2022-10-07 14:00:00"}}
{"Body":{"Status":true,"Timestamp":"2022-10-07 14:00:00","vibration":"49.1691430657297"},"EnqueuedTimeUtc":"2022-10-07 14:00:00","Properties":{"messagetype":"Demo"},"SystemProperties":{"connectionAuthMethod":"{\"scope\":\"device\",\"type\":\"sas\",\"issuer\":\"iothub\",\"acceptingIpFilterRule\":null}","connectionDeviceGenerationId":"638052891151821842","connectionDeviceId":"IOTDevice_9_4","contentEncoding":"utf-8","contentType":"application/json","enqueuedTime":"2022-10-07 14:00:00"}}
{"Body":{"Status":true,"Timestamp":"2022-10-07 15:00:00","volt":"179.437894300984"},"EnqueuedTimeUtc":"2022-10-07 15:00:00","Properties":{"messagetype":"Demo"},"SystemProperties":{"connectionAuthMethod":"{\"scope\":\"device\",\"type\":\"sas\",\"issuer\":\"iothub\",\"acceptingIpFilterRule\":null}","connectionDeviceGenerationId":"638052891151821842","connectionDeviceId":"IOTDevice_9_1","contentEncoding":"utf-8","contentType":"application/json","enqueuedTime":"2022-10-07 15:00:00"}}
{"Body":{"Status":true,"Timestamp":"2022-10-07 15:00:00","rotate":"561.000511057695"},"EnqueuedTimeUtc":"2022-10-07 15:00:00","Properties":{"messagetype":"Demo"},"SystemProperties":{"connectionAuthMethod":"{\"scope\":\"device\",\"type\":\"sas\",\"issuer\":\"iothub\",\"acceptingIpFilterRule\":null}","connectionDeviceGenerationId":"638052891151821842","connectionDeviceId":"IOTDevice_9_2","contentEncoding":"utf-8","contentType":"application/json","enqueuedTime":"2022-10-07 15:00:00"}}
{"Body":{"Status":true,"Timestamp":"2022-10-07 15:00:00","pressure":"98.2383860012526"},"EnqueuedTimeUtc":"2022-10-07 15:00:00","Properties":{"messagetype":"Demo"},"SystemProperties":{"connectionAuthMethod":"{\"scope\":\"device\",\"type\":\"sas\",\"issuer\":\"iothub\",\"acceptingIpFilterRule\":null}","connectionDeviceGenerationId":"638052891151821842","connectionDeviceId":"IOTDevice_9_3","contentEncoding":"utf-8","contentType":"application/json","enqueuedTime":"2022-10-07 15:00:00"}}
{"Body":{"Status":true,"Timestamp":"2022-10-07 15:00:00","vibration":"45.1422835518087"},"EnqueuedTimeUtc":"2022-10-07 15:00:00","Properties":{"messagetype":"Demo"},"SystemProperties":{"connectionAuthMethod":"{\"scope\":\"device\",\"type\":\"sas\",\"issuer\":\"iothub\",\"acceptingIpFilterRule\":null}","connectionDeviceGenerationId":"638052891151821842","connectionDeviceId":"IOTDevice_9_4","contentEncoding":"utf-8","contentType":"application/json","enqueuedTime":"2022-10-07 15:00:00"}}
{"Body":{"Status":true,"Timestamp":"2022-10-07 16:00:00","volt":"174.171075541035"},"EnqueuedTimeUtc":"2022-10-07 16:00:00","Properties":{"messagetype":"Demo"},"SystemProperties":{"connectionAuthMethod":"{\"scope\":\"device\",\"type\":\"sas\",\"issuer\":\"iothub\",\"acceptingIpFilterRule\":null}","connectionDeviceGenerationId":"638052891151821842","connectionDeviceId":"IOTDevice_9_1","contentEncoding":"utf-8","contentType":"application/json","enqueuedTime":"2022-10-07 16:00:00"}}
{"Body":{"Status":true,"Timestamp":"2022-10-07 16:00:00","rotate":"444.908881827746"},"EnqueuedTimeUtc":"2022-10-07 16:00:00","Properties":{"messagetype":"Demo"},"SystemProperties":{"connectionAuthMethod":"{\"scope\":\"device\",\"type\":\"sas\",\"issuer\":\"iothub\",\"acceptingIpFilterRule\":null}","connectionDeviceGenerationId":"638052891151821842","connectionDeviceId":"IOTDevice_9_2","contentEncoding":"utf-8","contentType":"application/json","enqueuedTime":"2022-10-07 16:00:00"}}
{"Body":{"Status":true,"Timestamp":"2022-10-07 16:00:00","pressure":"86.1404739815098"},"EnqueuedTimeUtc":"2022-10-07 16:00:00","Properties":{"messagetype":"Demo"},"SystemProperties":{"connectionAuthMethod":"{\"scope\":\"device\",\"type\":\"sas\",\"issuer\":\"iothub\",\"acceptingIpFilterRule\":null}","connectionDeviceGenerationId":"638052891151821842","connectionDeviceId":"IOTDevice_9_3","contentEncoding":"utf-8","contentType":"application/json","enqueuedTime":"2022-10-07 16:00:00"}}
{"Body":{"Status":true,"Timestamp":"2022-10-07 16:00:00","vibration":"37.5365638838214"},"EnqueuedTimeUtc":"2022-10-07 16:00:00","Properties":{"messagetype":"Demo"},"SystemProperties":{"connectionAuthMethod":"{\"scope\":\"device\",\"type\":\"sas\",\"issuer\":\"iothub\",\"acceptingIpFilterRule\":null}","connectionDeviceGenerationId":"638052891151821842","connectionDeviceId":"IOTDevice_9_4","contentEncoding":"utf-8","contentType":"application/json","enqueuedTime":"2022-10-07 16:00:00"}}
{"Body":{"Status":true,"Timestamp":"2022-10-07 17:00:00","volt":"163.726788809504"},"EnqueuedTimeUtc":"2022-10-07 17:00:00","Properties":{"messagetype":"Demo"},"SystemProperties":{"connectionAuthMethod":"{\"scope\":\"device\",\"type\":\"sas\",\"issuer\":\"iothub\",\"acceptingIpFilterRule\":null}","connectionDeviceGenerationId":"638052891151821842","connectionDeviceId":"IOTDevice_9_1","contentEncoding":"utf-8","contentType":"application/json","enqueuedTime":"2022-10-07 17:00:00"}}
{"Body":{"Status":true,"Timestamp":"2022-10-07 17:00:00","rotate":"445.996665998751"},"EnqueuedTimeUtc":"2022-10-07 17:00:00","Properties":{"messagetype":"Demo"},"SystemProperties":{"connectionAuthMethod":"{\"scope\":\"device\",\"type\":\"sas\",\"issuer\":\"iothub\",\"acceptingIpFilterRule\":null}","connectionDeviceGenerationId":"638052891151821842","connectionDeviceId":"IOTDevice_9_2","contentEncoding":"utf-8","contentType":"application/json","enqueuedTime":"2022-10-07 17:00:00"}}
{"Body":{"Status":true,"Timestamp":"2022-10-07 17:00:00","pressure":"107.956344200783"},"EnqueuedTimeUtc":"2022-10-07 17:00:00","Properties":{"messagetype":"Demo"},"SystemProperties":{"connectionAuthMethod":"{\"scope\":\"device\",\"type\":\"sas\",\"issuer\":\"iothub\",\"acceptingIpFilterRule\":null}","connectionDeviceGenerationId":"638052891151821842","connectionDeviceId":"IOTDevice_9_3","contentEncoding":"utf-8","contentType":"application/json","enqueuedTime":"2022-10-07 17:00:00"}}
{"Body":{"Status":true,"Timestamp":"2022-10-07 17:00:00","vibration":"38.9742520942674"},"EnqueuedTimeUtc":"2022-10-07 17:00:00","Properties":{"messagetype":"Demo"},"SystemProperties":{"connectionAuthMethod":"{\"scope\":\"device\",\"type\":\"sas\",\"issuer\":\"iothub\",\"acceptingIpFilterRule\":null}","connectionDeviceGenerationId":"638052891151821842","connectionDeviceId":"IOTDevice_9_4","contentEncoding":"utf-8","contentType":"application/json","enqueuedTime":"2022-10-07 17:00:00"}}
