{"Body":{"Status":true,"Timestamp":"2022-10-07 15:00:00","volt":"192.540316672511"},"EnqueuedTimeUtc":"2022-10-07 15:00:00","Properties":{"messagetype":"Demo"},"SystemProperties":{"connectionAuthMethod":"{\"scope\":\"device\",\"type\":\"sas\",\"issuer\":\"iothub\",\"acceptingIpFilterRule\":null}","connectionDeviceGenerationId":"638052891151821842","connectionDeviceId":"IOTDevice_6_1","contentEncoding":"utf-8","contentType":"application/json","enqueuedTime":"2022-10-07 15:00:00"}}
{"Body":{"Status":true,"Timestamp":"2022-10-07 15:00:00","rotate":"376.666730635372"},"EnqueuedTimeUtc":"2022-10-07 15:00:00","Properties":{"messagetype":"Demo"},"SystemProperties":{"connectionAuthMethod":"{\"scope\":\"device\",\"type\":\"sas\",\"issuer\":\"iothub\",\"acceptingIpFilterRule\":null}","connectionDeviceGenerationId":"638052891151821842","connectionDeviceId":"IOTDevice_6_2","contentEncoding":"utf-8","contentType":"application/json","enqueuedTime":"2022-10-07 15:00:00"}}
{"Body":{"Status":true,"Timestamp":"2022-10-07 15:00:00","pressure":"90.5874834781218"},"EnqueuedTimeUtc":"2022-10-07 15:00:00","Properties":{"messagetype":"Demo"},"SystemProperties":{"connectionAuthMethod":"{\"scope\":\"device\",\"type\":\"sas\",\"issuer\":\"iothub\",\"acceptingIpFilterRule\":null}","connectionDeviceGenerationId":"638052891151821842","connectionDeviceId":"IOTDevice_6_3","contentEncoding":"utf-8","contentType":"application/json","enqueuedTime":"2022-10-07 15:00:00"}}
{"Body":{"Status":true,"Timestamp":"2022-10-07 15:00:00","vibration":"38.213007210547"},"EnqueuedTimeUtc":"2022-10-07 15:00:00","Properties":{"messagetype":"Demo"},"SystemProperties":{"connectionAuthMethod":"{\"scope\":\"device\",\"type\":\"sas\",\"issuer\":\"iothub\",\"acceptingIpFilterRule\":null}","connectionDeviceGenerationId":"638052891151821842","connectionDeviceId":"IOTDevice_6_4","contentEncoding":"utf-8","contentType":"application/json","enqueuedTime":"2022-10-07 15:00:00"}}
{"Body":{"Status":true,"Timestamp":"2022-10-07 16:00:00","volt":"164.510427713901"},"EnqueuedTimeUtc":"2022-10-07 16:00:00","Properties":{"messagetype":"Demo"},"SystemProperties":{"connectionAuthMethod":"{\"scope\":\"device\",\"type\":\"sas\",\"issuer\":\"iothub\",\"acceptingIpFilterRule\":null}","connectionDeviceGenerationId":"638052891151821842","connectionDeviceId":"IOTDevice_6_1","contentEncoding":"utf-8","contentType":"application/json","enqueuedTime":"2022-10-07 16:00:00"}}
{"Body":{"Status":true,"Timestamp":"2022-10-07 16:00:00","rotate":"388.757413367786"},"EnqueuedTimeUtc":"2022-10-07 16:00:00","Properties":{"messagetype":"Demo"},"SystemProperties":{"connectionAuthMethod":"{\"scope\":\"device\",\"type\":\"sas\",\"issuer\":\"iothub\",\"acceptingIpFilterRule\":null}","connectionDeviceGenerationId":"638052891151821842","connectionDeviceId":"IOTDevice_6_2","contentEncoding":"utf-8","contentType":"application/json","enqueuedTime":"2022-10-07 16:00:00"}}
{"Body":{"Status":true,"Timestamp":"2022-10-07 16:00:00","pressure":"88.4183927150311"},"EnqueuedTimeUtc":"2022-10-07 16:00:00","Properties":{"messagetype":"Demo"},"SystemProperties":{"connectionAuthMethod":"{\"scope\":\"device\",\"type\":\"sas\",\"issuer\":\"iothub\",\"acceptingIpFilterRule\":null}","connectionDeviceGenerationId":"638052891151821842","connectionDeviceId":"IOTDevice_6_3","contentEncoding":"utf-8","contentType":"application/json","enqueuedTime":"2022-10-07 16:00:00"}}
{"Body":{"Status":true,"Timestamp":"2022-10-07 16:00:00","vibration":"38.4276262602701"},"EnqueuedTimeUtc":"2022-10-07 16:00:00","Properties":{"messagetype":"Demo"},"SystemProperties":{"connectionAuthMethod":"{\"scope\":\"device\",\"type\":\"sas\",\"issuer\":\"iothub\",\"acceptingIpFilterRule\":null}","connectionDeviceGenerationId":"638052891151821842","connectionDeviceId":"IOTDevice_6_4","contentEncoding":"utf-8","contentType":"application/json","enqueuedTime":"2022-10-07 16:00:00"}}
{"Body":{"Status":true,"Timestamp":"2022-10-07 17:00:00","volt":"175.049744996922"},"EnqueuedTimeUtc":"2022-10-07 17:00:00","Properties":{"messagetype":"Demo"},"SystemProperties":{"connectionAuthMethod":"{\"scope\":\"device\",\"type\":\"sas\",\"issuer\":\"iothub\",\"acceptingIpFilterRule\":null}","connectionDeviceGenerationId":"638052891151821842","connectionDeviceId":"IOTDevice_6_1","contentEncoding":"utf-8","contentType":"application/json","enqueuedTime":"2022-10-07 17:00:00"}}
{"Body":{"Status":true,"Timestamp":"2022-10-07 17:00:00","rotate":"395.991801160937"},"EnqueuedTimeUtc":"2022-10-07 17:00:00","Properties":{"messagetype":"Demo"},"SystemProperties":{"connectionAuthMethod":"{\"scope\":\"device\",\"type\":\"sas\",\"issuer\":\"iothub\",\"acceptingIpFilterRule\":null}","connectionDeviceGenerationId":"638052891151821842","connectionDeviceId":"IOTDevice_6_2","contentEncoding":"utf-8","contentType":"application/json","enqueuedTime":"2022-10-07 17:00:00"}}
{"Body":{"Status":true,"Timestamp":"2022-10-07 17:00:00","pressure":"93.2719124332633"},"EnqueuedTimeUtc":"2022-10-07 17:00:00","Properties":{"messagetype":"Demo"},"SystemProperties":{"connectionAuthMethod":"{\"scope\":\"device\",\"type\":\"sas\",\"issuer\":\"iothub\",\"acceptingIpFilterRule\":null}","connectionDeviceGenerationId":"638052891151821842","connectionDeviceId":"IOTDevice_6_3","contentEncoding":"utf-8","contentType":"application/json","enqueuedTime":"2022-10-07 17:00:00"}}
{"Body":{"Status":true,"Timestamp":"2022-10-07 17:00:00","vibration":"41.5135851372331"},"EnqueuedTimeUtc":"2022-10-07 17:00:00","Properties":{"messagetype":"Demo"},"SystemProperties":{"connectionAuthMethod":"{\"scope\":\"device\",\"type\":\"sas\",\"issuer\":\"iothub\",\"acceptingIpFilterRule\":null}","connectionDeviceGenerationId":"638052891151821842","connectionDeviceId":"IOTDevice_6_4","contentEncoding":"utf-8","contentType":"application/json","enqueuedTime":"2022-10-07 17:00:00"}}
{"Body":{"Status":true,"Timestamp":"2022-10-07 18:00:00","volt":"171.678440751086"},"EnqueuedTimeUtc":"2022-10-07 18:00:00","Properties":{"messagetype":"Demo"},"SystemProperties":{"connectionAuthMethod":"{\"scope\":\"device\",\"type\":\"sas\",\"issuer\":\"iothub\",\"acceptingIpFilterRule\":null}","connectionDeviceGenerationId":"638052891151821842","connectionDeviceId":"IOTDevice_6_1","contentEncoding":"utf-8","contentType":"application/json","enqueuedTime":"2022-10-07 18:00:00"}}
{"Body":{"Status":true,"Timestamp":"2022-10-07 18:00:00","rotate":"399.268511607126"},"EnqueuedTimeUtc":"2022-10-07 18:00:00","Properties":{"messagetype":"Demo"},"SystemProperties":{"connectionAuthMethod":"{\"scope\":\"device\",\"type\":\"sas\",\"issuer\":\"iothub\",\"acceptingIpFilterRule\":null}","connectionDeviceGenerationId":"638052891151821842","connectionDeviceId":"IOTDevice_6_2","contentEncoding":"utf-8","contentType":"application/json","enqueuedTime":"2022-10-07 18:00:00"}}
{"Body":{"Status":true,"Timestamp":"2022-10-07 18:00:00","pressure":"89.8017202026281"},"EnqueuedTimeUtc":"2022-10-07 18:00:00","Properties":{"messagetype":"Demo"},"SystemProperties":{"connectionAuthMethod":"{\"scope\":\"device\",\"type\":\"sas\",\"issuer\":\"iothub\",\"acceptingIpFilterRule\":null}","connectionDeviceGenerationId":"638052891151821842","connectionDeviceId":"IOTDevice_6_3","contentEncoding":"utf-8","contentType":"application/json","enqueuedTime":"2022-10-07 18:00:00"}}
{"Body":{"Status":true,"Timestamp":"2022-10-07 18:00:00","vibration":"41.369897972518"},"EnqueuedTimeUtc":"2022-10-07 18:00:00","Properties":{"messagetype":"Demo"},"SystemProperties":{"connectionAuthMethod":"{\"scope\":\"device\",\"type\":\"sas\",\"issuer\":\"iothub\",\"acceptingIpFilterRule\":null}","connectionDeviceGenerationId":"638052891151821842","connectionDeviceId":"IOTDevice_6_4","contentEncoding":"utf-8","contentType":"application/json","enqueuedTime":"2022-10-07 18:00:00"}}
{"Body":{"Status":true,"Timestamp":"2022-10-07 19:00:00","volt":"188.183626116481"},"EnqueuedTimeUtc":"2022-10-07 19:00:00","Properties":{"messagetype":"Demo"},"SystemProperties":{"connectionAuthMethod":"{\"scope\":\"device\",\"type\":\"sas\",\"issuer\":\"iothub\",\"acceptingIpFilterRule\":null}","connectionDeviceGenerationId":"638052891151821842","connectionDeviceId":"IOTDevice_6_1","contentEncoding":"utf-8","contentType":"application/json","enqueuedTime":"2022-10-07 19:00:00"}}
{"Body":{"Status":true,"Timestamp":"2022-10-07 19:00:00","rotate":"471.541461494462"},"EnqueuedTimeUtc":"2022-10-07 19:00:00","Properties":{"messagetype":"Demo"},"SystemProperties":{"connectionAuthMethod":"{\"scope\":\"device\",\"type\":\"sas\",\"issuer\":\"iothub\",\"acceptingIpFilterRule\":null}","connectionDeviceGenerationId":"638052891151821842","connectionDeviceId":"IOTDevice_6_2","contentEncoding":"utf-8","contentType":"application/json","enqueuedTime":"2022-10-07 19:00:00"}}
{"Body":{"Status":true,"Timestamp":"2022-10-07 19:00:00","pressure":"107.136321645638"},"EnqueuedTimeUtc":"2022-10-07 19:00:00","Properties":{"messagetype":"Demo"},"SystemProperties":{"connectionAuthMethod":"{\"scope\":\"device\",\"type\":\"sas\",\"issuer\":\"iothub\",\"acceptingIpFilterRule\":null}","connectionDeviceGenerationId":"638052891151821842","connectionDeviceId":"IOTDevice_6_3","contentEncoding":"utf-8","contentType":"application/json","enqueuedTime":"2022-10-07 19:00:00"}}
{"Body":{"Status":true,"Timestamp":"2022-10-07 19:00:00","vibration":"32.8122268106849"},"EnqueuedTimeUtc":"2022-10-07 19:00:00","Properties":{"messagetype":"Demo"},"SystemProperties":{"connectionAuthMethod":"{\"scope\":\"device\",\"type\":\"sas\",\"issuer\":\"iothub\",\"acceptingIpFilterRule\":null}","connectionDeviceGenerationId":"638052891151821842","connectionDeviceId":"IOTDevice_6_4","contentEncoding":"utf-8","contentType":"application/json","enqueuedTime":"2022-10-07 19:00:00"}}
{"Body":{"Status":true,"Timestamp":"2022-10-07 20:00:00","volt":"163.030910206166"},"EnqueuedTimeUtc":"2022-10-07 20:00:00","Properties":{"messagetype":"Demo"},"SystemProperties":{"connectionAuthMethod":"{\"scope\":\"device\",\"type\":\"sas\",\"issuer\":\"iothub\",\"acceptingIpFilterRule\":null}","connectionDeviceGenerationId":"638052891151821842","connectionDeviceId":"IOTDevice_6_1","contentEncoding":"utf-8","contentType":"application/json","enqueuedTime":"2022-10-07 20:00:00"}}
{"Body":{"Status":true,"Timestamp":"2022-10-07 20:00:00","rotate":"533.375869540447"},"EnqueuedTimeUtc":"2022-10-07 20:00:00","Properties":{"messagetype":"Demo"},"SystemProperties":{"connectionAuthMethod":"{\"scope\":\"device\",\"type\":\"sas\",\"issuer\":\"iothub\",\"acceptingIpFilterRule\":null}","connectionDeviceGenerationId":"638052891151821842","connectionDeviceId":"IOTDevice_6_2","contentEncoding":"utf-8","contentType":"application/json","enqueuedTime":"2022-10-07 20:00:00"}}
{"Body":{"Status":true,"Timestamp":"2022-10-07 20:00:00","pressure":"93.422041650179"},"EnqueuedTimeUtc":"2022-10-07 20:00:00","Properties":{"messagetype":"Demo"},"SystemProperties":{"connectionAuthMethod":"{\"scope\":\"device\",\"type\":\"sas\",\"issuer\":\"iothub\",\"acceptingIpFilterRule\":null}","connectionDeviceGenerationId":"638052891151821842","connectionDeviceId":"IOTDevice_6_3","contentEncoding":"utf-8","contentType":"application/json","enqueuedTime":"2022-10-07 20:00:00"}}
{"Body":{"Status":true,"Timestamp":"2022-10-07 20:00:00","vibration":"43.6613071439493"},"EnqueuedTimeUtc":"2022-10-07 20:00:00","Properties":{"messagetype":"Demo"},"SystemProperties":{"connectionAuthMethod":"{\"scope\":\"device\",\"type\":\"sas\",\"issuer\":\"iothub\",\"acceptingIpFilterRule\":null}","connectionDeviceGenerationId":"638052891151821842","connectionDeviceId":"IOTDevice_6_4","contentEncoding":"utf-8","contentType":"application/json","enqueuedTime":"2022-10-07 20:00:00"}}
{"Body":{"Status":true,"Timestamp":"2022-10-07 21:00:00","volt":"184.754651470253"},"EnqueuedTimeUtc":"2022-10-07 21:00:00","Properties":{"messagetype":"Demo"},"SystemProperties":{"connectionAuthMethod":"{\"scope\":\"device\",\"type\":\"sas\",\"issuer\":\"iothub\",\"acceptingIpFilterRule\":null}","connectionDeviceGenerationId":"638052891151821842","connectionDeviceId":"IOTDevice_6_1","contentEncoding":"utf-8","contentType":"application/json","enqueuedTime":"2022-10-07 21:00:00"}}
{"Body":{"Status":true,"Timestamp":"2022-10-07 21:00:00","rotate":"434.442158798278"},"EnqueuedTimeUtc":"2022-10-07 21:00:00","Properties":{"messagetype":"Demo"},"SystemProperties":{"connectionAuthMethod":"{\"scope\":\"device\",\"type\":\"sas\",\"issuer\":\"iothub\",\"acceptingIpFilterRule\":null}","connectionDeviceGenerationId":"638052891151821842","connectionDeviceId":"IOTDevice_6_2","contentEncoding":"utf-8","contentType":"application/json","enqueuedTime":"2022-10-07 21:00:00"}}
{"Body":{"Status":true,"Timestamp":"2022-10-07 21:00:00","pressure":"127.297714691973"},"EnqueuedTimeUtc":"2022-10-07 21:00:00","Properties":{"messagetype":"Demo"},"SystemProperties":{"connectionAuthMethod":"{\"scope\":\"device\",\"type\":\"sas\",\"issuer\":\"iothub\",\"acceptingIpFilterRule\":null}","connectionDeviceGenerationId":"638052891151821842","connectionDeviceId":"IOTDevice_6_3","contentEncoding":"utf-8","contentType":"application/json","enqueuedTime":"2022-10-07 21:00:00"}}
{"Body":{"Status":true,"Timestamp":"2022-10-07 21:00:00","vibration":"41.2524130250518"},"EnqueuedTimeUtc":"2022-10-07 21:00:00","Properties":{"messagetype":"Demo"},"SystemProperties":{"connectionAuthMethod":"{\"scope\":\"device\",\"type\":\"sas\",\"issuer\":\"iothub\",\"acceptingIpFilterRule\":null}","connectionDeviceGenerationId":"638052891151821842","connectionDeviceId":"IOTDevice_6_4","contentEncoding":"utf-8","contentType":"application/json","enqueuedTime":"2022-10-07 21:00:00"}}
{"Body":{"Status":true,"Timestamp":"2022-10-07 22:00:00","volt":"153.330807833879"},"EnqueuedTimeUtc":"2022-10-07 22:00:00","Properties":{"messagetype":"Demo"},"SystemProperties":{"connectionAuthMethod":"{\"scope\":\"device\",\"type\":\"sas\",\"issuer\":\"iothub\",\"acceptingIpFilterRule\":null}","connectionDeviceGenerationId":"638052891151821842","connectionDeviceId":"IOTDevice_6_1","contentEncoding":"utf-8","contentType":"application/json","enqueuedTime":"2022-10-07 22:00:00"}}
{"Body":{"Status":true,"Timestamp":"2022-10-07 22:00:00","rotate":"391.391785373275"},"EnqueuedTimeUtc":"2022-10-07 22:00:00","Properties":{"messagetype":"Demo"},"SystemProperties":{"connectionAuthMethod":"{\"scope\":\"device\",\"type\":\"sas\",\"issuer\":\"iothub\",\"acceptingIpFilterRule\":null}","connectionDeviceGenerationId":"638052891151821842","connectionDeviceId":"IOTDevice_6_2","contentEncoding":"utf-8","contentType":"application/json","enqueuedTime":"2022-10-07 22:00:00"}}
{"Body":{"Status":true,"Timestamp":"2022-10-07 22:00:00","pressure":"104.564815864292"},"EnqueuedTimeUtc":"2022-10-07 22:00:00","Properties":{"messagetype":"Demo"},"SystemProperties":{"connectionAuthMethod":"{\"scope\":\"device\",\"type\":\"sas\",\"issuer\":\"iothub\",\"acceptingIpFilterRule\":null}","connectionDeviceGenerationId":"638052891151821842","connectionDeviceId":"IOTDevice_6_3","contentEncoding":"utf-8","contentType":"application/json","enqueuedTime":"2022-10-07 22:00:00"}}
{"Body":{"Status":true,"Timestamp":"2022-10-07 22:00:00","vibration":"39.9462181546351"},"EnqueuedTimeUtc":"2022-10-07 22:00:00","Properties":{"messagetype":"Demo"},"SystemProperties":{"connectionAuthMethod":"{\"scope\":\"device\",\"type\":\"sas\",\"issuer\":\"iothub\",\"acceptingIpFilterRule\":null}","connectionDeviceGenerationId":"638052891151821842","connectionDeviceId":"IOTDevice_6_4","contentEncoding":"utf-8","contentType":"application/json","enqueuedTime":"2022-10-07 22:00:00"}}
{"Body":{"Status":true,"Timestamp":"2022-10-07 23:00:00","volt":"152.67664640944"},"EnqueuedTimeUtc":"2022-10-07 23:00:00","Properties":{"messagetype":"Demo"},"SystemProperties":{"connectionAuthMethod":"{\"scope\":\"device\",\"type\":\"sas\",\"issuer\":\"iothub\",\"acceptingIpFilterRule\":null}","connectionDeviceGenerationId":"638052891151821842","connectionDeviceId":"IOTDevice_6_1","contentEncoding":"utf-8","contentType":"application/json","enqueuedTime":"2022-10-07 23:00:00"}}
{"Body":{"Status":true,"Timestamp":"2022-10-07 23:00:00","rotate":"452.133723700801"},"EnqueuedTimeUtc":"2022-10-07 23:00:00","Properties":{"messagetype":"Demo"},"SystemProperties":{"connectionAuthMethod":"{\"scope\":\"device\",\"type\":\"sas\",\"issuer\":\"iothub\",\"acceptingIpFilterRule\":null}","connectionDeviceGenerationId":"638052891151821842","connectionDeviceId":"IOTDevice_6_2","contentEncoding":"utf-8","contentType":"application/json","enqueuedTime":"2022-10-07 23:00:00"}}
{"Body":{"Status":true,"Timestamp":"2022-10-07 23:00:00","pressure":"89.8669986968355"},"EnqueuedTimeUtc":"2022-10-07 23:00:00","Properties":{"messagetype":"Demo"},"SystemProperties":{"connectionAuthMethod":"{\"scope\":\"device\",\"type\":\"sas\",\"issuer\":\"iothub\",\"acceptingIpFilterRule\":null}","connectionDeviceGenerationId":"638052891151821842","connectionDeviceId":"IOTDevice_6_3","contentEncoding":"utf-8","contentType":"application/json","enqueuedTime":"2022-10-07 23:00:00"}}
{"Body":{"Status":true,"Timestamp":"2022-10-07 23:00:00","vibration":"51.7646391948948"},"EnqueuedTimeUtc":"2022-10-07 23:00:00","Properties":{"messagetype":"Demo"},"SystemProperties":{"connectionAuthMethod":"{\"scope\":\"device\",\"type\":\"sas\",\"issuer\":\"iothub\",\"acceptingIpFilterRule\":null}","connectionDeviceGenerationId":"638052891151821842","connectionDeviceId":"IOTDevice_6_4","contentEncoding":"utf-8","contentType":"application/json","enqueuedTime":"2022-10-07 23:00:00"}}
{"Body":{"Status":true,"Timestamp":"2022-10-07 00:00:00","volt":"217.59460345053"},"EnqueuedTimeUtc":"2022-10-07 00:00:00","Properties":{"messagetype":"Demo"},"SystemProperties":{"connectionAuthMethod":"{\"scope\":\"device\",\"type\":\"sas\",\"issuer\":\"iothub\",\"acceptingIpFilterRule\":null}","connectionDeviceGenerationId":"638052891151821842","connectionDeviceId":"IOTDevice_7_1","contentEncoding":"utf-8","contentType":"application/json","enqueuedTime":"2022-10-07 00:00:00"}}
{"Body":{"Status":true,"Timestamp":"2022-10-07 00:00:00","rotate":"429.545606187001"},"EnqueuedTimeUtc":"2022-10-07 00:00:00","Properties":{"messagetype":"Demo"},"SystemProperties":{"connectionAuthMethod":"{\"scope\":\"device\",\"type\":\"sas\",\"issuer\":\"iothub\",\"acceptingIpFilterRule\":null}","connectionDeviceGenerationId":"638052891151821842","connectionDeviceId":"IOTDevice_7_2","contentEncoding":"utf-8","contentType":"application/json","enqueuedTime":"2022-10-07 00:00:00"}}
{"Body":{"Status":true,"Timestamp":"2022-10-07 00:00:00","pressure":"94.7573627923373"},"EnqueuedTimeUtc":"2022-10-07 00:00:00","Properties":{"messagetype":"Demo"},"SystemProperties":{"connectionAuthMethod":"{\"scope\":\"device\",\"type\":\"sas\",\"issuer\":\"iothub\",\"acceptingIpFilterRule\":null}","connectionDeviceGenerationId":"638052891151821842","connectionDeviceId":"IOTDevice_7_3","contentEncoding":"utf-8","contentType":"application/json","enqueuedTime":"2022-10-07 00:00:00"}}
{"Body":{"Status":true,"Timestamp":"2022-10-07 00:00:00","vibration":"36.7902098085438"},"EnqueuedTimeUtc":"2022-10-07 00:00:00","Properties":{"messagetype":"Demo"},"SystemProperties":{"connectionAuthMethod":"{\"scope\":\"device\",\"type\":\"sas\",\"issuer\":\"iothub\",\"acceptingIpFilterRule\":null}","connectionDeviceGenerationId":"638052891151821842","connectionDeviceId":"IOTDevice_7_4","contentEncoding":"utf-8","contentType":"application/json","enqueuedTime":"2022-10-07 00:00:00"}}
{"Body":{"Status":true,"Timestamp":"2022-10-07 01:00:00","volt":"184.937733675288"},"EnqueuedTimeUtc":"2022-10-07 01:00:00","Properties":{"messagetype":"Demo"},"SystemProperties":{"connectionAuthMethod":"{\"scope\":\"device\",\"type\":\"sas\",\"issuer\":\"iothub\",\"acceptingIpFilterRule\":null}","connectionDeviceGenerationId":"638052891151821842","connectionDeviceId":"IOTDevice_7_1","contentEncoding":"utf-8","contentType":"application/json","enqueuedTime":"2022-10-07 01:00:00"}}
{"Body":{"Status":true,"Timestamp":"2022-10-07 01:00:00","rotate":"497.899827534825"},"EnqueuedTimeUtc":"2022-10-07 01:00:00","Properties":{"messagetype":"Demo"},"SystemProperties":{"connectionAuthMethod":"{\"scope\":\"device\",\"type\":\"sas\",\"issuer\":\"iothub\",\"acceptingIpFilterRule\":null}","connectionDeviceGenerationId":"638052891151821842","connectionDeviceId":"IOTDevice_7_2","contentEncoding":"utf-8","contentType":"application/json","enqueuedTime":"2022-10-07 01:00:00"}}
{"Body":{"Status":true,"Timestamp":"2022-10-07 01:00:00","pressure":"110.856602974748"},"EnqueuedTimeUtc":"2022-10-07 01:00:00","Properties":{"messagetype":"Demo"},"SystemProperties":{"connectionAuthMethod":"{\"scope\":\"device\",\"type\":\"sas\",\"issuer\":\"iothub\",\"acceptingIpFilterRule\":null}","connectionDeviceGenerationId":"638052891151821842","connectionDeviceId":"IOTDevice_7_3","contentEncoding":"utf-8","contentType":"application/json","enqueuedTime":"2022-10-07 01:00:00"}}
{"Body":{"Status":true,"Timestamp":"2022-10-07 01:00:00","vibration":"39.0032615856677"},"EnqueuedTimeUtc":"2022-10-07 01:00:00","Properties":{"messagetype":"Demo"},"SystemProperties":{"connectionAuthMethod":"{\"scope\":\"device\",\"type\":\"sas\",\"issuer\":\"iothub\",\"acceptingIpFilterRule\":null}","connectionDeviceGenerationId":"638052891151821842","connectionDeviceId":"IOTDevice_7_4","contentEncoding":"utf-8","contentType":"application/json","enqueuedTime":"2022-10-07 01:00:00"}}
{"Body":{"Status":true,"Timestamp":"2022-10-07 02:00:00","volt":"211.16216451576"},"EnqueuedTimeUtc":"2022-10-07 02:00:00","Properties":{"messagetype":"Demo"},"SystemProperties":{"connectionAuthMethod":"{\"scope\":\"device\",\"type\":\"sas\",\"issuer\":\"iothub\",\"acceptingIpFilterRule\":null}","connectionDeviceGenerationId":"638052891151821842","connectionDeviceId":"IOTDevice_7_1","contentEncoding":"utf-8","contentType":"application/json","enqueuedTime":"2022-10-07 02:00:00"}}
{"Body":{"Status":true,"Timestamp":"2022-10-07 02:00:00","rotate":"346.26678759676"},"EnqueuedTimeUtc":"2022-10-07 02:00:00","Properties":{"messagetype":"Demo"},"SystemProperties":{"connectionAuthMethod":"{\"scope\":\"device\",\"type\":\"sas\",\"issuer\":\"iothub\",\"acceptingIpFilterRule\":null}","connectionDeviceGenerationId":"638052891151821842","connectionDeviceId":"IOTDevice_7_2","contentEncoding":"utf-8","contentType":"application/json","enqueuedTime":"2022-10-07 02:00:00"}}
{"Body":{"Status":true,"Timestamp":"2022-10-07 02:00:00","pressure":"85.7547555146712"},"EnqueuedTimeUtc":"2022-10-07 02:00:00","Properties":{"messagetype":"Demo"},"SystemProperties":{"connectionAuthMethod":"{\"scope\":\"device\",\"type\":\"sas\",\"issuer\":\"iothub\",\"acceptingIpFilterRule\":null}","connectionDeviceGenerationId":"638052891151821842","connectionDeviceId":"IOTDevice_7_3","contentEncoding":"utf-8","contentType":"application/json","enqueuedTime":"2022-10-07 02:00:00"}}
{"Body":{"Status":true,"Timestamp":"2022-10-07 02:00:00","vibration":"45.4783158829793"},"EnqueuedTimeUtc":"2022-10-07 02:00:00","Properties":{"messagetype":"Demo"},"SystemProperties":{"connectionAuthMethod":"{\"scope\":\"device\",\"type\":\"sas\",\"issuer\":\"iothub\",\"acceptingIpFilterRule\":null}","connectionDeviceGenerationId":"638052891151821842","connectionDeviceId":"IOTDevice_7_4","contentEncoding":"utf-8","contentType":"application/json","enqueuedTime":"2022-10-07 02:00:00"}}
{"Body":{"Status":true,"Timestamp":"2022-10-07 03:00:00","volt":"201.163766187398"},"EnqueuedTimeUtc":"2022-10-07 03:00:00","Properties":{"messagetype":"Demo"},"SystemProperties":{"connectionAuthMethod":"{\"scope\":\"device\",\"type\":\"sas\",\"issuer\":\"iothub\",\"acceptingIpFilterRule\":null}","connectionDeviceGenerationId":"638052891151821842","connectionDeviceId":"IOTDevice_7_1","contentEncoding":"utf-8","contentType":"application/json","enqueuedTime":"2022-10-07 03:00:00"}}
{"Body":{"Status":true,"Timestamp":"2022-10-07 03:00:00","rotate":"424.76834013435"},"EnqueuedTimeUtc":"2022-10-07 03:00:00","Properties":{"messagetype":"Demo"},"SystemProperties":{"connectionAuthMethod":"{\"scope\":\"device\",\"type\":\"sas\",\"issuer\":\"iothub\",\"acceptingIpFilterRule\":null}","connectionDeviceGenerationId":"638052891151821842","connectionDeviceId":"IOTDevice_7_2","contentEncoding":"utf-8","contentType":"application/json","enqueuedTime":"2022-10-07 03:00:00"}}
{"Body":{"Status":true,"Timestamp":"2022-10-07 03:00:00","pressure":"105.036098059671"},"EnqueuedTimeUtc":"2022-10-07 03:00:00","Properties":{"messagetype":"Demo"},"SystemProperties":{"connectionAuthMethod":"{\"scope\":\"device\",\"type\":\"sas\",\"issuer\":\"iothub\",\"acceptingIpFilterRule\":null}","connectionDeviceGenerationId":"638052891151821842","connectionDeviceId":"IOTDevice_7_3","contentEncoding":"utf-8","contentType":"application/json","enqueuedTime":"2022-10-07 03:00:00"}}
{"Body":{"Status":true,"Timestamp":"2022-10-07 03:00:00","vibration":"36.688577154615"},"EnqueuedTimeUtc":"2022-10-07 03:00:00","Properties":{"messagetype":"Demo"},"SystemProperties":{"connectionAuthMethod":"{\"scope\":\"device\",\"type\":\"sas\",\"issuer\":\"iothub\",\"acceptingIpFilterRule\":null}","connectionDeviceGenerationId":"638052891151821842","connectionDeviceId":"IOTDevice_7_4","contentEncoding":"utf-8","contentType":"application/json","enqueuedTime":"2022-10-07 03:00:00"}}
{"Body":{"Status":true,"Timestamp":"2022-10-07 04:00:00","volt":"225.598349094412"},"EnqueuedTimeUtc":"2022-10-07 04:00:00","Properties":{"messagetype":"Demo"},"SystemProperties":{"connectionAuthMethod":"{\"scope\":\"device\",\"type\":\"sas\",\"issuer\":\"iothub\",\"acceptingIpFilterRule\":null}","connectionDeviceGenerationId":"638052891151821842","connectionDeviceId":"IOTDevice_7_1","contentEncoding":"utf-8","contentType":"application/json","enqueuedTime":"2022-10-07 04:00:00"}}
{"Body":{"Status":true,"Timestamp":"2022-10-07 04:00:00","rotate":"412.426681338784"},"EnqueuedTimeUtc":"2022-10-07 04:00:00","Properties":{"messagetype":"Demo"},"SystemProperties":{"connectionAuthMethod":"{\"scope\":\"device\",\"type\":\"sas\",\"issuer\":\"iothub\",\"acceptingIpFilterRule\":null}","connectionDeviceGenerationId":"638052891151821842","connectionDeviceId":"IOTDevice_7_2","contentEncoding":"utf-8","contentType":"application/json","enqueuedTime":"2022-10-07 04:00:00"}}
{"Body":{"Status":true,"Timestamp":"2022-10-07 04:00:00","pressure":"100.96154233584"},"EnqueuedTimeUtc":"2022-10-07 04:00:00","Properties":{"messagetype":"Demo"},"SystemProperties":{"connectionAuthMethod":"{\"scope\":\"device\",\"type\":\"sas\",\"issuer\":\"iothub\",\"acceptingIpFilterRule\":null}","connectionDeviceGenerationId":"638052891151821842","connectionDeviceId":"IOTDevice_7_3","contentEncoding":"utf-8","contentType":"application/json","enqueuedTime":"2022-10-07 04:00:00"}}
{"Body":{"Status":true,"Timestamp":"2022-10-07 04:00:00","vibration":"36.0414733736284"},"EnqueuedTimeUtc":"2022-10-07 04:00:00","Properties":{"messagetype":"Demo"},"SystemProperties":{"connectionAuthMethod":"{\"scope\":\"device\",\"type\":\"sas\",\"issuer\":\"iothub\",\"acceptingIpFilterRule\":null}","connectionDeviceGenerationId":"638052891151821842","connectionDeviceId":"IOTDevice_7_4","contentEncoding":"utf-8","contentType":"application/json","enqueuedTime":"2022-10-07 04:00:00"}}
{"Body":{"Status":true,"Timestamp":"2022-10-07 05:00:00","volt":"203.200633715041"},"EnqueuedTimeUtc":"2022-10-07 05:00:00","Properties":{"messagetype":"Demo"},"SystemProperties":{"connectionAuthMethod":"{\"scope\":\"device\",\"type\":\"sas\",\"issuer\":\"iothub\",\"acceptingIpFilterRule\":null}","connectionDeviceGenerationId":"638052891151821842","connectionDeviceId":"IOTDevice_7_1","contentEncoding":"utf-8","contentType":"application/json","enqueuedTime":"2022-10-07 05:00:00"}}
{"Body":{"Status":true,"Timestamp":"2022-10-07 05:00:00","rotate":"486.172886918506"},"EnqueuedTimeUtc":"2022-10-07 05:00:00","Properties":{"messagetype":"Demo"},"SystemProperties":{"connectionAuthMethod":"{\"scope\":\"device\",\"type\":\"sas\",\"issuer\":\"iothub\",\"acceptingIpFilterRule\":null}","connectionDeviceGenerationId":"638052891151821842","connectionDeviceId":"IOTDevice_7_2","contentEncoding":"utf-8","contentType":"application/json","enqueuedTime":"2022-10-07 05:00:00"}}
{"Body":{"Status":true,"Timestamp":"2022-10-07 05:00:00","pressure":"91.9442243562602"},"EnqueuedTimeUtc":"2022-10-07 05:00:00","Properties":{"messagetype":"Demo"},"SystemProperties":{"connectionAuthMethod":"{\"scope\":\"device\",\"type\":\"sas\",\"issuer\":\"iothub\",\"acceptingIpFilterRule\":null}","connectionDeviceGenerationId":"638052891151821842","connectionDeviceId":"IOTDevice_7_3","contentEncoding":"utf-8","contentType":"application/json","enqueuedTime":"2022-10-07 05:00:00"}}
{"Body":{"Status":true,"Timestamp":"2022-10-07 05:00:00","vibration":"39.6255064328379"},"EnqueuedTimeUtc":"2022-10-07 05:00:00","Properties":{"messagetype":"Demo"},"SystemProperties":{"connectionAuthMethod":"{\"scope\":\"device\",\"type\":\"sas\",\"issuer\":\"iothub\",\"acceptingIpFilterRule\":null}","connectionDeviceGenerationId":"638052891151821842","connectionDeviceId":"IOTDevice_7_4","contentEncoding":"utf-8","contentType":"application/json","enqueuedTime":"2022-10-07 05:00:00"}}
