{"Body":{"Status":true,"Timestamp":"2022-10-17 03:00:00","volt":"168.300859866923"},"EnqueuedTimeUtc":"2022-10-17 03:00:00","Properties":{"messagetype":"Demo"},"SystemProperties":{"connectionAuthMethod":"{\"scope\":\"device\",\"type\":\"sas\",\"issuer\":\"iothub\",\"acceptingIpFilterRule\":null}","connectionDeviceGenerationId":"638052891151821842","connectionDeviceId":"IOTDevice_4_1","contentEncoding":"utf-8","contentType":"application/json","enqueuedTime":"2022-10-17 03:00:00"}}
{"Body":{"Status":true,"Timestamp":"2022-10-17 03:00:00","rotate":"502.148374732488"},"EnqueuedTimeUtc":"2022-10-17 03:00:00","Properties":{"messagetype":"Demo"},"SystemProperties":{"connectionAuthMethod":"{\"scope\":\"device\",\"type\":\"sas\",\"issuer\":\"iothub\",\"acceptingIpFilterRule\":null}","connectionDeviceGenerationId":"638052891151821842","connectionDeviceId":"IOTDevice_4_2","contentEncoding":"utf-8","contentType":"application/json","enqueuedTime":"2022-10-17 03:00:00"}}
{"Body":{"Status":true,"Timestamp":"2022-10-17 03:00:00","pressure":"108.707524008474"},"EnqueuedTimeUtc":"2022-10-17 03:00:00","Properties":{"messagetype":"Demo"},"SystemProperties":{"connectionAuthMethod":"{\"scope\":\"device\",\"type\":\"sas\",\"issuer\":\"iothub\",\"acceptingIpFilterRule\":null}","connectionDeviceGenerationId":"638052891151821842","connectionDeviceId":"IOTDevice_4_3","contentEncoding":"utf-8","contentType":"application/json","enqueuedTime":"2022-10-17 03:00:00"}}
{"Body":{"Status":true,"Timestamp":"2022-10-17 03:00:00","vibration":"39.8272926031514"},"EnqueuedTimeUtc":"2022-10-17 03:00:00","Properties":{"messagetype":"Demo"},"SystemProperties":{"connectionAuthMethod":"{\"scope\":\"device\",\"type\":\"sas\",\"issuer\":\"iothub\",\"acceptingIpFilterRule\":null}","connectionDeviceGenerationId":"638052891151821842","connectionDeviceId":"IOTDevice_4_4","contentEncoding":"utf-8","contentType":"application/json","enqueuedTime":"2022-10-17 03:00:00"}}
{"Body":{"Status":true,"Timestamp":"2022-10-17 04:00:00","volt":"165.855173972871"},"EnqueuedTimeUtc":"2022-10-17 04:00:00","Properties":{"messagetype":"Demo"},"SystemProperties":{"connectionAuthMethod":"{\"scope\":\"device\",\"type\":\"sas\",\"issuer\":\"iothub\",\"acceptingIpFilterRule\":null}","connectionDeviceGenerationId":"638052891151821842","connectionDeviceId":"IOTDevice_4_1","contentEncoding":"utf-8","contentType":"application/json","enqueuedTime":"2022-10-17 04:00:00"}}
{"Body":{"Status":true,"Timestamp":"2022-10-17 04:00:00","rotate":"416.30771514333"},"EnqueuedTimeUtc":"2022-10-17 04:00:00","Properties":{"messagetype":"Demo"},"SystemProperties":{"connectionAuthMethod":"{\"scope\":\"device\",\"type\":\"sas\",\"issuer\":\"iothub\",\"acceptingIpFilterRule\":null}","connectionDeviceGenerationId":"638052891151821842","connectionDeviceId":"IOTDevice_4_2","contentEncoding":"utf-8","contentType":"application/json","enqueuedTime":"2022-10-17 04:00:00"}}
{"Body":{"Status":true,"Timestamp":"2022-10-17 04:00:00","pressure":"108.518709726541"},"EnqueuedTimeUtc":"2022-10-17 04:00:00","Properties":{"messagetype":"Demo"},"SystemProperties":{"connectionAuthMethod":"{\"scope\":\"device\",\"type\":\"sas\",\"issuer\":\"iothub\",\"acceptingIpFilterRule\":null}","connectionDeviceGenerationId":"638052891151821842","connectionDeviceId":"IOTDevice_4_3","contentEncoding":"utf-8","contentType":"application/json","enqueuedTime":"2022-10-17 04:00:00"}}
{"Body":{"Status":true,"Timestamp":"2022-10-17 04:00:00","vibration":"38.3657712672338"},"EnqueuedTimeUtc":"2022-10-17 04:00:00","Properties":{"messagetype":"Demo"},"SystemProperties":{"connectionAuthMethod":"{\"scope\":\"device\",\"type\":\"sas\",\"issuer\":\"iothub\",\"acceptingIpFilterRule\":null}","connectionDeviceGenerationId":"638052891151821842","connectionDeviceId":"IOTDevice_4_4","contentEncoding":"utf-8","contentType":"application/json","enqueuedTime":"2022-10-17 04:00:00"}}
{"Body":{"Status":true,"Timestamp":"2022-10-17 05:00:00","volt":"156.193337230376"},"EnqueuedTimeUtc":"2022-10-17 05:00:00","Properties":{"messagetype":"Demo"},"SystemProperties":{"connectionAuthMethod":"{\"scope\":\"device\",\"type\":\"sas\",\"issuer\":\"iothub\",\"acceptingIpFilterRule\":null}","connectionDeviceGenerationId":"638052891151821842","connectionDeviceId":"IOTDevice_4_1","contentEncoding":"utf-8","contentType":"application/json","enqueuedTime":"2022-10-17 05:00:00"}}
{"Body":{"Status":true,"Timestamp":"2022-10-17 05:00:00","rotate":"410.690041487598"},"EnqueuedTimeUtc":"2022-10-17 05:00:00","Properties":{"messagetype":"Demo"},"SystemProperties":{"connectionAuthMethod":"{\"scope\":\"device\",\"type\":\"sas\",\"issuer\":\"iothub\",\"acceptingIpFilterRule\":null}","connectionDeviceGenerationId":"638052891151821842","connectionDeviceId":"IOTDevice_4_2","contentEncoding":"utf-8","contentType":"application/json","enqueuedTime":"2022-10-17 05:00:00"}}
{"Body":{"Status":true,"Timestamp":"2022-10-17 05:00:00","pressure":"96.5896707316879"},"EnqueuedTimeUtc":"2022-10-17 05:00:00","Properties":{"messagetype":"Demo"},"SystemProperties":{"connectionAuthMethod":"{\"scope\":\"device\",\"type\":\"sas\",\"issuer\":\"iothub\",\"acceptingIpFilterRule\":null}","connectionDeviceGenerationId":"638052891151821842","connectionDeviceId":"IOTDevice_4_3","contentEncoding":"utf-8","contentType":"application/json","enqueuedTime":"2022-10-17 05:00:00"}}
{"Body":{"Status":true,"Timestamp":"2022-10-17 05:00:00","vibration":"36.9722742074232"},"EnqueuedTimeUtc":"2022-10-17 05:00:00","Properties":{"messagetype":"Demo"},"SystemProperties":{"connectionAuthMethod":"{\"scope\":\"device\",\"type\":\"sas\",\"issuer\":\"iothub\",\"acceptingIpFilterRule\":null}","connectionDeviceGenerationId":"638052891151821842","connectionDeviceId":"IOTDevice_4_4","contentEncoding":"utf-8","contentType":"application/json","enqueuedTime":"2022-10-17 05:00:00"}}
{"Body":{"Status":true,"Timestamp":"2022-10-17 06:00:00","volt":"186.469106127167"},"EnqueuedTimeUtc":"2022-10-17 06:00:00","Properties":{"messagetype":"Demo"},"SystemProperties":{"connectionAuthMethod":"{\"scope\":\"device\",\"type\":\"sas\",\"issuer\":\"iothub\",\"acceptingIpFilterRule\":null}","connectionDeviceGenerationId":"638052891151821842","connectionDeviceId":"IOTDevice_4_1","contentEncoding":"utf-8","contentType":"application/json","enqueuedTime":"2022-10-17 06:00:00"}}
{"Body":{"Status":true,"Timestamp":"2022-10-17 06:00:00","rotate":"455.803422066951"},"EnqueuedTimeUtc":"2022-10-17 06:00:00","Properties":{"messagetype":"Demo"},"SystemProperties":{"connectionAuthMethod":"{\"scope\":\"device\",\"type\":\"sas\",\"issuer\":\"iothub\",\"acceptingIpFilterRule\":null}","connectionDeviceGenerationId":"638052891151821842","connectionDeviceId":"IOTDevice_4_2","contentEncoding":"utf-8","contentType":"application/json","enqueuedTime":"2022-10-17 06:00:00"}}
{"Body":{"Status":true,"Timestamp":"2022-10-17 06:00:00","pressure":"98.0106604749652"},"EnqueuedTimeUtc":"2022-10-17 06:00:00","Properties":{"messagetype":"Demo"},"SystemProperties":{"connectionAuthMethod":"{\"scope\":\"device\",\"type\":\"sas\",\"issuer\":\"iothub\",\"acceptingIpFilterRule\":null}","connectionDeviceGenerationId":"638052891151821842","connectionDeviceId":"IOTDevice_4_3","contentEncoding":"utf-8","contentType":"application/json","enqueuedTime":"2022-10-17 06:00:00"}}
{"Body":{"Status":true,"Timestamp":"2022-10-17 06:00:00","vibration":"41.842820099064"},"EnqueuedTimeUtc":"2022-10-17 06:00:00","Properties":{"messagetype":"Demo"},"SystemProperties":{"connectionAuthMethod":"{\"scope\":\"device\",\"type\":\"sas\",\"issuer\":\"iothub\",\"acceptingIpFilterRule\":null}","connectionDeviceGenerationId":"638052891151821842","connectionDeviceId":"IOTDevice_4_4","contentEncoding":"utf-8","contentType":"application/json","enqueuedTime":"2022-10-17 06:00:00"}}
{"Body":{"Status":true,"Timestamp":"2022-10-17 07:00:00","volt":"178.235012473659"},"EnqueuedTimeUtc":"2022-10-17 07:00:00","Properties":{"messagetype":"Demo"},"SystemProperties":{"connectionAuthMethod":"{\"scope\":\"device\",\"type\":\"sas\",\"issuer\":\"iothub\",\"acceptingIpFilterRule\":null}","connectionDeviceGenerationId":"638052891151821842","connectionDeviceId":"IOTDevice_4_1","contentEncoding":"utf-8","contentType":"application/json","enqueuedTime":"2022-10-17 07:00:00"}}
{"Body":{"Status":true,"Timestamp":"2022-10-17 07:00:00","rotate":"426.921375033337"},"EnqueuedTimeUtc":"2022-10-17 07:00:00","Properties":{"messagetype":"Demo"},"SystemProperties":{"connectionAuthMethod":"{\"scope\":\"device\",\"type\":\"sas\",\"issuer\":\"iothub\",\"acceptingIpFilterRule\":null}","connectionDeviceGenerationId":"638052891151821842","connectionDeviceId":"IOTDevice_4_2","contentEncoding":"utf-8","contentType":"application/json","enqueuedTime":"2022-10-17 07:00:00"}}
{"Body":{"Status":true,"Timestamp":"2022-10-17 07:00:00","pressure":"109.510556776414"},"EnqueuedTimeUtc":"2022-10-17 07:00:00","Properties":{"messagetype":"Demo"},"SystemProperties":{"connectionAuthMethod":"{\"scope\":\"device\",\"type\":\"sas\",\"issuer\":\"iothub\",\"acceptingIpFilterRule\":null}","connectionDeviceGenerationId":"638052891151821842","connectionDeviceId":"IOTDevice_4_3","contentEncoding":"utf-8","contentType":"application/json","enqueuedTime":"2022-10-17 07:00:00"}}
{"Body":{"Status":true,"Timestamp":"2022-10-17 07:00:00","vibration":"32.9912504514719"},"EnqueuedTimeUtc":"2022-10-17 07:00:00","Properties":{"messagetype":"Demo"},"SystemProperties":{"connectionAuthMethod":"{\"scope\":\"device\",\"type\":\"sas\",\"issuer\":\"iothub\",\"acceptingIpFilterRule\":null}","connectionDeviceGenerationId":"638052891151821842","connectionDeviceId":"IOTDevice_4_4","contentEncoding":"utf-8","contentType":"application/json","enqueuedTime":"2022-10-17 07:00:00"}}
{"Body":{"Status":true,"Timestamp":"2022-10-17 08:00:00","volt":"166.114430379893"},"EnqueuedTimeUtc":"2022-10-17 08:00:00","Properties":{"messagetype":"Demo"},"SystemProperties":{"connectionAuthMethod":"{\"scope\":\"device\",\"type\":\"sas\",\"issuer\":\"iothub\",\"acceptingIpFilterRule\":null}","connectionDeviceGenerationId":"638052891151821842","connectionDeviceId":"IOTDevice_4_1","contentEncoding":"utf-8","contentType":"application/json","enqueuedTime":"2022-10-17 08:00:00"}}
{"Body":{"Status":true,"Timestamp":"2022-10-17 08:00:00","rotate":"417.497017409746"},"EnqueuedTimeUtc":"2022-10-17 08:00:00","Properties":{"messagetype":"Demo"},"SystemProperties":{"connectionAuthMethod":"{\"scope\":\"device\",\"type\":\"sas\",\"issuer\":\"iothub\",\"acceptingIpFilterRule\":null}","connectionDeviceGenerationId":"638052891151821842","connectionDeviceId":"IOTDevice_4_2","contentEncoding":"utf-8","contentType":"application/json","enqueuedTime":"2022-10-17 08:00:00"}}
{"Body":{"Status":true,"Timestamp":"2022-10-17 08:00:00","pressure":"101.504962649643"},"EnqueuedTimeUtc":"2022-10-17 08:00:00","Properties":{"messagetype":"Demo"},"SystemProperties":{"connectionAuthMethod":"{\"scope\":\"device\",\"type\":\"sas\",\"issuer\":\"iothub\",\"acceptingIpFilterRule\":null}","connectionDeviceGenerationId":"638052891151821842","connectionDeviceId":"IOTDevice_4_3","contentEncoding":"utf-8","contentType":"application/json","enqueuedTime":"2022-10-17 08:00:00"}}
{"Body":{"Status":true,"Timestamp":"2022-10-17 08:00:00","vibration":"39.642361194529"},"EnqueuedTimeUtc":"2022-10-17 08:00:00","Properties":{"messagetype":"Demo"},"SystemProperties":{"connectionAuthMethod":"{\"scope\":\"device\",\"type\":\"sas\",\"issuer\":\"iothub\",\"acceptingIpFilterRule\":null}","connectionDeviceGenerationId":"638052891151821842","connectionDeviceId":"IOTDevice_4_4","contentEncoding":"utf-8","contentType":"application/json","enqueuedTime":"2022-10-17 08:00:00"}}
{"Body":{"Status":true,"Timestamp":"2022-10-17 09:00:00","volt":"168.432296039577"},"EnqueuedTimeUtc":"2022-10-17 09:00:00","Properties":{"messagetype":"Demo"},"SystemProperties":{"connectionAuthMethod":"{\"scope\":\"device\",\"type\":\"sas\",\"issuer\":\"iothub\",\"acceptingIpFilterRule\":null}","connectionDeviceGenerationId":"638052891151821842","connectionDeviceId":"IOTDevice_4_1","contentEncoding":"utf-8","contentType":"application/json","enqueuedTime":"2022-10-17 09:00:00"}}
{"Body":{"Status":true,"Timestamp":"2022-10-17 09:00:00","rotate":"557.57990304186"},"EnqueuedTimeUtc":"2022-10-17 09:00:00","Properties":{"messagetype":"Demo"},"SystemProperties":{"connectionAuthMethod":"{\"scope\":\"device\",\"type\":\"sas\",\"issuer\":\"iothub\",\"acceptingIpFilterRule\":null}","connectionDeviceGenerationId":"638052891151821842","connectionDeviceId":"IOTDevice_4_2","contentEncoding":"utf-8","contentType":"application/json","enqueuedTime":"2022-10-17 09:00:00"}}
{"Body":{"Status":true,"Timestamp":"2022-10-17 09:00:00","pressure":"100.638036229273"},"EnqueuedTimeUtc":"2022-10-17 09:00:00","Properties":{"messagetype":"Demo"},"SystemProperties":{"connectionAuthMethod":"{\"scope\":\"device\",\"type\":\"sas\",\"issuer\":\"iothub\",\"acceptingIpFilterRule\":null}","connectionDeviceGenerationId":"638052891151821842","connectionDeviceId":"IOTDevice_4_3","contentEncoding":"utf-8","contentType":"application/json","enqueuedTime":"2022-10-17 09:00:00"}}
{"Body":{"Status":true,"Timestamp":"2022-10-17 09:00:00","vibration":"46.772329627163"},"EnqueuedTimeUtc":"2022-10-17 09:00:00","Properties":{"messagetype":"Demo"},"SystemProperties":{"connectionAuthMethod":"{\"scope\":\"device\",\"type\":\"sas\",\"issuer\":\"iothub\",\"acceptingIpFilterRule\":null}","connectionDeviceGenerationId":"638052891151821842","connectionDeviceId":"IOTDevice_4_4","contentEncoding":"utf-8","contentType":"application/json","enqueuedTime":"2022-10-17 09:00:00"}}
{"Body":{"Status":true,"Timestamp":"2022-10-17 10:00:00","volt":"185.552999547599"},"EnqueuedTimeUtc":"2022-10-17 10:00:00","Properties":{"messagetype":"Demo"},"SystemProperties":{"connectionAuthMethod":"{\"scope\":\"device\",\"type\":\"sas\",\"issuer\":\"iothub\",\"acceptingIpFilterRule\":null}","connectionDeviceGenerationId":"638052891151821842","connectionDeviceId":"IOTDevice_4_1","contentEncoding":"utf-8","contentType":"application/json","enqueuedTime":"2022-10-17 10:00:00"}}
{"Body":{"Status":true,"Timestamp":"2022-10-17 10:00:00","rotate":"446.005978071457"},"EnqueuedTimeUtc":"2022-10-17 10:00:00","Properties":{"messagetype":"Demo"},"SystemProperties":{"connectionAuthMethod":"{\"scope\":\"device\",\"type\":\"sas\",\"issuer\":\"iothub\",\"acceptingIpFilterRule\":null}","connectionDeviceGenerationId":"638052891151821842","connectionDeviceId":"IOTDevice_4_2","contentEncoding":"utf-8","contentType":"application/json","enqueuedTime":"2022-10-17 10:00:00"}}
{"Body":{"Status":true,"Timestamp":"2022-10-17 10:00:00","pressure":"109.296184065589"},"EnqueuedTimeUtc":"2022-10-17 10:00:00","Properties":{"messagetype":"Demo"},"SystemProperties":{"connectionAuthMethod":"{\"scope\":\"device\",\"type\":\"sas\",\"issuer\":\"iothub\",\"acceptingIpFilterRule\":null}","connectionDeviceGenerationId":"638052891151821842","connectionDeviceId":"IOTDevice_4_3","contentEncoding":"utf-8","contentType":"application/json","enqueuedTime":"2022-10-17 10:00:00"}}
{"Body":{"Status":true,"Timestamp":"2022-10-17 10:00:00","vibration":"47.1828370537548"},"EnqueuedTimeUtc":"2022-10-17 10:00:00","Properties":{"messagetype":"Demo"},"SystemProperties":{"connectionAuthMethod":"{\"scope\":\"device\",\"type\":\"sas\",\"issuer\":\"iothub\",\"acceptingIpFilterRule\":null}","connectionDeviceGenerationId":"638052891151821842","connectionDeviceId":"IOTDevice_4_4","contentEncoding":"utf-8","contentType":"application/json","enqueuedTime":"2022-10-17 10:00:00"}}
{"Body":{"Status":true,"Timestamp":"2022-10-17 11:00:00","volt":"176.181273427813"},"EnqueuedTimeUtc":"2022-10-17 11:00:00","Properties":{"messagetype":"Demo"},"SystemProperties":{"connectionAuthMethod":"{\"scope\":\"device\",\"type\":\"sas\",\"issuer\":\"iothub\",\"acceptingIpFilterRule\":null}","connectionDeviceGenerationId":"638052891151821842","connectionDeviceId":"IOTDevice_4_1","contentEncoding":"utf-8","contentType":"application/json","enqueuedTime":"2022-10-17 11:00:00"}}
{"Body":{"Status":true,"Timestamp":"2022-10-17 11:00:00","rotate":"439.681586525921"},"EnqueuedTimeUtc":"2022-10-17 11:00:00","Properties":{"messagetype":"Demo"},"SystemProperties":{"connectionAuthMethod":"{\"scope\":\"device\",\"type\":\"sas\",\"issuer\":\"iothub\",\"acceptingIpFilterRule\":null}","connectionDeviceGenerationId":"638052891151821842","connectionDeviceId":"IOTDevice_4_2","contentEncoding":"utf-8","contentType":"application/json","enqueuedTime":"2022-10-17 11:00:00"}}
{"Body":{"Status":true,"Timestamp":"2022-10-17 11:00:00","pressure":"97.5402691818857"},"EnqueuedTimeUtc":"2022-10-17 11:00:00","Properties":{"messagetype":"Demo"},"SystemProperties":{"connectionAuthMethod":"{\"scope\":\"device\",\"type\":\"sas\",\"issuer\":\"iothub\",\"acceptingIpFilterRule\":null}","connectionDeviceGenerationId":"638052891151821842","connectionDeviceId":"IOTDevice_4_3","contentEncoding":"utf-8","contentType":"application/json","enqueuedTime":"2022-10-17 11:00:00"}}
{"Body":{"Status":true,"Timestamp":"2022-10-17 11:00:00","vibration":"37.6994226502186"},"EnqueuedTimeUtc":"2022-10-17 11:00:00","Properties":{"messagetype":"Demo"},"SystemProperties":{"connectionAuthMethod":"{\"scope\":\"device\",\"type\":\"sas\",\"issuer\":\"iothub\",\"acceptingIpFilterRule\":null}","connectionDeviceGenerationId":"638052891151821842","connectionDeviceId":"IOTDevice_4_4","contentEncoding":"utf-8","contentType":"application/json","enqueuedTime":"2022-10-17 11:00:00"}}
{"Body":{"Status":true,"Timestamp":"2022-10-17 12:00:00","volt":"169.736312904596"},"EnqueuedTimeUtc":"2022-10-17 12:00:00","Properties":{"messagetype":"Demo"},"SystemProperties":{"connectionAuthMethod":"{\"scope\":\"device\",\"type\":\"sas\",\"issuer\":\"iothub\",\"acceptingIpFilterRule\":null}","connectionDeviceGenerationId":"638052891151821842","connectionDeviceId":"IOTDevice_4_1","contentEncoding":"utf-8","contentType":"application/json","enqueuedTime":"2022-10-17 12:00:00"}}
{"Body":{"Status":true,"Timestamp":"2022-10-17 12:00:00","rotate":"399.984537961636"},"EnqueuedTimeUtc":"2022-10-17 12:00:00","Properties":{"messagetype":"Demo"},"SystemProperties":{"connectionAuthMethod":"{\"scope\":\"device\",\"type\":\"sas\",\"issuer\":\"iothub\",\"acceptingIpFilterRule\":null}","connectionDeviceGenerationId":"638052891151821842","connectionDeviceId":"IOTDevice_4_2","contentEncoding":"utf-8","contentType":"application/json","enqueuedTime":"2022-10-17 12:00:00"}}
{"Body":{"Status":true,"Timestamp":"2022-10-17 12:00:00","pressure":"106.986801195612"},"EnqueuedTimeUtc":"2022-10-17 12:00:00","Properties":{"messagetype":"Demo"},"SystemProperties":{"connectionAuthMethod":"{\"scope\":\"device\",\"type\":\"sas\",\"issuer\":\"iothub\",\"acceptingIpFilterRule\":null}","connectionDeviceGenerationId":"638052891151821842","connectionDeviceId":"IOTDevice_4_3","contentEncoding":"utf-8","contentType":"application/json","enqueuedTime":"2022-10-17 12:00:00"}}
{"Body":{"Status":true,"Timestamp":"2022-10-17 12:00:00","vibration":"40.5890359994001"},"EnqueuedTimeUtc":"2022-10-17 12:00:00","Properties":{"messagetype":"Demo"},"SystemProperties":{"connectionAuthMethod":"{\"scope\":\"device\",\"type\":\"sas\",\"issuer\":\"iothub\",\"acceptingIpFilterRule\":null}","connectionDeviceGenerationId":"638052891151821842","connectionDeviceId":"IOTDevice_4_4","contentEncoding":"utf-8","contentType":"application/json","enqueuedTime":"2022-10-17 12:00:00"}}
{"Body":{"Status":true,"Timestamp":"2022-10-17 13:00:00","volt":"161.259417443594"},"EnqueuedTimeUtc":"2022-10-17 13:00:00","Properties":{"messagetype":"Demo"},"SystemProperties":{"connectionAuthMethod":"{\"scope\":\"device\",\"type\":\"sas\",\"issuer\":\"iothub\",\"acceptingIpFilterRule\":null}","connectionDeviceGenerationId":"638052891151821842","connectionDeviceId":"IOTDevice_4_1","contentEncoding":"utf-8","contentType":"application/json","enqueuedTime":"2022-10-17 13:00:00"}}
{"Body":{"Status":true,"Timestamp":"2022-10-17 13:00:00","rotate":"499.038593349048"},"EnqueuedTimeUtc":"2022-10-17 13:00:00","Properties":{"messagetype":"Demo"},"SystemProperties":{"connectionAuthMethod":"{\"scope\":\"device\",\"type\":\"sas\",\"issuer\":\"iothub\",\"acceptingIpFilterRule\":null}","connectionDeviceGenerationId":"638052891151821842","connectionDeviceId":"IOTDevice_4_2","contentEncoding":"utf-8","contentType":"application/json","enqueuedTime":"2022-10-17 13:00:00"}}
{"Body":{"Status":true,"Timestamp":"2022-10-17 13:00:00","pressure":"106.720526124106"},"EnqueuedTimeUtc":"2022-10-17 13:00:00","Properties":{"messagetype":"Demo"},"SystemProperties":{"connectionAuthMethod":"{\"scope\":\"device\",\"type\":\"sas\",\"issuer\":\"iothub\",\"acceptingIpFilterRule\":null}","connectionDeviceGenerationId":"638052891151821842","connectionDeviceId":"IOTDevice_4_3","contentEncoding":"utf-8","contentType":"application/json","enqueuedTime":"2022-10-17 13:00:00"}}
{"Body":{"Status":true,"Timestamp":"2022-10-17 13:00:00","vibration":"38.001113941932"},"EnqueuedTimeUtc":"2022-10-17 13:00:00","Properties":{"messagetype":"Demo"},"SystemProperties":{"connectionAuthMethod":"{\"scope\":\"device\",\"type\":\"sas\",\"issuer\":\"iothub\",\"acceptingIpFilterRule\":null}","connectionDeviceGenerationId":"638052891151821842","connectionDeviceId":"IOTDevice_4_4","contentEncoding":"utf-8","contentType":"application/json","enqueuedTime":"2022-10-17 13:00:00"}}
{"Body":{"Status":true,"Timestamp":"2022-10-17 14:00:00","volt":"168.846939826746"},"EnqueuedTimeUtc":"2022-10-17 14:00:00","Properties":{"messagetype":"Demo"},"SystemProperties":{"connectionAuthMethod":"{\"scope\":\"device\",\"type\":\"sas\",\"issuer\":\"iothub\",\"acceptingIpFilterRule\":null}","connectionDeviceGenerationId":"638052891151821842","connectionDeviceId":"IOTDevice_4_1","contentEncoding":"utf-8","contentType":"application/json","enqueuedTime":"2022-10-17 14:00:00"}}
{"Body":{"Status":true,"Timestamp":"2022-10-17 14:00:00","rotate":"546.160640515366"},"EnqueuedTimeUtc":"2022-10-17 14:00:00","Properties":{"messagetype":"Demo"},"SystemProperties":{"connectionAuthMethod":"{\"scope\":\"device\",\"type\":\"sas\",\"issuer\":\"iothub\",\"acceptingIpFilterRule\":null}","connectionDeviceGenerationId":"638052891151821842","connectionDeviceId":"IOTDevice_4_2","contentEncoding":"utf-8","contentType":"application/json","enqueuedTime":"2022-10-17 14:00:00"}}
{"Body":{"Status":true,"Timestamp":"2022-10-17 14:00:00","pressure":"109.640593123616"},"EnqueuedTimeUtc":"2022-10-17 14:00:00","Properties":{"messagetype":"Demo"},"SystemProperties":{"connectionAuthMethod":"{\"scope\":\"device\",\"type\":\"sas\",\"issuer\":\"iothub\",\"acceptingIpFilterRule\":null}","connectionDeviceGenerationId":"638052891151821842","connectionDeviceId":"IOTDevice_4_3","contentEncoding":"utf-8","contentType":"application/json","enqueuedTime":"2022-10-17 14:00:00"}}
{"Body":{"Status":true,"Timestamp":"2022-10-17 14:00:00","vibration":"41.8684059465103"},"EnqueuedTimeUtc":"2022-10-17 14:00:00","Properties":{"messagetype":"Demo"},"SystemProperties":{"connectionAuthMethod":"{\"scope\":\"device\",\"type\":\"sas\",\"issuer\":\"iothub\",\"acceptingIpFilterRule\":null}","connectionDeviceGenerationId":"638052891151821842","connectionDeviceId":"IOTDevice_4_4","contentEncoding":"utf-8","contentType":"application/json","enqueuedTime":"2022-10-17 14:00:00"}}
{"Body":{"Status":true,"Timestamp":"2022-10-17 15:00:00","volt":"166.633975704621"},"EnqueuedTimeUtc":"2022-10-17 15:00:00","Properties":{"messagetype":"Demo"},"SystemProperties":{"connectionAuthMethod":"{\"scope\":\"device\",\"type\":\"sas\",\"issuer\":\"iothub\",\"acceptingIpFilterRule\":null}","connectionDeviceGenerationId":"638052891151821842","connectionDeviceId":"IOTDevice_4_1","contentEncoding":"utf-8","contentType":"application/json","enqueuedTime":"2022-10-17 15:00:00"}}
{"Body":{"Status":true,"Timestamp":"2022-10-17 15:00:00","rotate":"485.270335435447"},"EnqueuedTimeUtc":"2022-10-17 15:00:00","Properties":{"messagetype":"Demo"},"SystemProperties":{"connectionAuthMethod":"{\"scope\":\"device\",\"type\":\"sas\",\"issuer\":\"iothub\",\"acceptingIpFilterRule\":null}","connectionDeviceGenerationId":"638052891151821842","connectionDeviceId":"IOTDevice_4_2","contentEncoding":"utf-8","contentType":"application/json","enqueuedTime":"2022-10-17 15:00:00"}}
{"Body":{"Status":true,"Timestamp":"2022-10-17 15:00:00","pressure":"91.5733950730075"},"EnqueuedTimeUtc":"2022-10-17 15:00:00","Properties":{"messagetype":"Demo"},"SystemProperties":{"connectionAuthMethod":"{\"scope\":\"device\",\"type\":\"sas\",\"issuer\":\"iothub\",\"acceptingIpFilterRule\":null}","connectionDeviceGenerationId":"638052891151821842","connectionDeviceId":"IOTDevice_4_3","contentEncoding":"utf-8","contentType":"application/json","enqueuedTime":"2022-10-17 15:00:00"}}
{"Body":{"Status":true,"Timestamp":"2022-10-17 15:00:00","vibration":"44.5708326131952"},"EnqueuedTimeUtc":"2022-10-17 15:00:00","Properties":{"messagetype":"Demo"},"SystemProperties":{"connectionAuthMethod":"{\"scope\":\"device\",\"type\":\"sas\",\"issuer\":\"iothub\",\"acceptingIpFilterRule\":null}","connectionDeviceGenerationId":"638052891151821842","connectionDeviceId":"IOTDevice_4_4","contentEncoding":"utf-8","contentType":"application/json","enqueuedTime":"2022-10-17 15:00:00"}}
{"Body":{"Status":true,"Timestamp":"2022-10-17 16:00:00","volt":"157.930402022962"},"EnqueuedTimeUtc":"2022-10-17 16:00:00","Properties":{"messagetype":"Demo"},"SystemProperties":{"connectionAuthMethod":"{\"scope\":\"device\",\"type\":\"sas\",\"issuer\":\"iothub\",\"acceptingIpFilterRule\":null}","connectionDeviceGenerationId":"638052891151821842","connectionDeviceId":"IOTDevice_4_1","contentEncoding":"utf-8","contentType":"application/json","enqueuedTime":"2022-10-17 16:00:00"}}
{"Body":{"Status":true,"Timestamp":"2022-10-17 16:00:00","rotate":"406.93816670669"},"EnqueuedTimeUtc":"2022-10-17 16:00:00","Properties":{"messagetype":"Demo"},"SystemProperties":{"connectionAuthMethod":"{\"scope\":\"device\",\"type\":\"sas\",\"issuer\":\"iothub\",\"acceptingIpFilterRule\":null}","connectionDeviceGenerationId":"638052891151821842","connectionDeviceId":"IOTDevice_4_2","contentEncoding":"utf-8","contentType":"application/json","enqueuedTime":"2022-10-17 16:00:00"}}
{"Body":{"Status":true,"Timestamp":"2022-10-17 16:00:00","pressure":"99.0823408491602"},"EnqueuedTimeUtc":"2022-10-17 16:00:00","Properties":{"messagetype":"Demo"},"SystemProperties":{"connectionAuthMethod":"{\"scope\":\"device\",\"type\":\"sas\",\"issuer\":\"iothub\",\"acceptingIpFilterRule\":null}","connectionDeviceGenerationId":"638052891151821842","connectionDeviceId":"IOTDevice_4_3","contentEncoding":"utf-8","contentType":"application/json","enqueuedTime":"2022-10-17 16:00:00"}}
{"Body":{"Status":true,"Timestamp":"2022-10-17 16:00:00","vibration":"38.7010872206366"},"EnqueuedTimeUtc":"2022-10-17 16:00:00","Properties":{"messagetype":"Demo"},"SystemProperties":{"connectionAuthMethod":"{\"scope\":\"device\",\"type\":\"sas\",\"issuer\":\"iothub\",\"acceptingIpFilterRule\":null}","connectionDeviceGenerationId":"638052891151821842","connectionDeviceId":"IOTDevice_4_4","contentEncoding":"utf-8","contentType":"application/json","enqueuedTime":"2022-10-17 16:00:00"}}
{"Body":{"Status":true,"Timestamp":"2022-10-17 17:00:00","volt":"173.052228922007"},"EnqueuedTimeUtc":"2022-10-17 17:00:00","Properties":{"messagetype":"Demo"},"SystemProperties":{"connectionAuthMethod":"{\"scope\":\"device\",\"type\":\"sas\",\"issuer\":\"iothub\",\"acceptingIpFilterRule\":null}","connectionDeviceGenerationId":"638052891151821842","connectionDeviceId":"IOTDevice_4_1","contentEncoding":"utf-8","contentType":"application/json","enqueuedTime":"2022-10-17 17:00:00"}}
{"Body":{"Status":true,"Timestamp":"2022-10-17 17:00:00","rotate":"421.135025698907"},"EnqueuedTimeUtc":"2022-10-17 17:00:00","Properties":{"messagetype":"Demo"},"SystemProperties":{"connectionAuthMethod":"{\"scope\":\"device\",\"type\":\"sas\",\"issuer\":\"iothub\",\"acceptingIpFilterRule\":null}","connectionDeviceGenerationId":"638052891151821842","connectionDeviceId":"IOTDevice_4_2","contentEncoding":"utf-8","contentType":"application/json","enqueuedTime":"2022-10-17 17:00:00"}}
{"Body":{"Status":true,"Timestamp":"2022-10-17 17:00:00","pressure":"97.179991330017"},"EnqueuedTimeUtc":"2022-10-17 17:00:00","Properties":{"messagetype":"Demo"},"SystemProperties":{"connectionAuthMethod":"{\"scope\":\"device\",\"type\":\"sas\",\"issuer\":\"iothub\",\"acceptingIpFilterRule\":null}","connectionDeviceGenerationId":"638052891151821842","connectionDeviceId":"IOTDevice_4_3","contentEncoding":"utf-8","contentType":"application/json","enqueuedTime":"2022-10-17 17:00:00"}}
{"Body":{"Status":true,"Timestamp":"2022-10-17 17:00:00","vibration":"48.4662622188147"},"EnqueuedTimeUtc":"2022-10-17 17:00:00","Properties":{"messagetype":"Demo"},"SystemProperties":{"connectionAuthMethod":"{\"scope\":\"device\",\"type\":\"sas\",\"issuer\":\"iothub\",\"acceptingIpFilterRule\":null}","connectionDeviceGenerationId":"638052891151821842","connectionDeviceId":"IOTDevice_4_4","contentEncoding":"utf-8","contentType":"application/json","enqueuedTime":"2022-10-17 17:00:00"}}
