{"Body":{"Status":true,"Timestamp":"2022-10-20 03:00:00","volt":"147.328327004143"},"EnqueuedTimeUtc":"2022-10-20 03:00:00","Properties":{"messagetype":"Demo"},"SystemProperties":{"connectionAuthMethod":"{\"scope\":\"device\",\"type\":\"sas\",\"issuer\":\"iothub\",\"acceptingIpFilterRule\":null}","connectionDeviceGenerationId":"638052891151821842","connectionDeviceId":"IOTDevice_9_1","contentEncoding":"utf-8","contentType":"application/json","enqueuedTime":"2022-10-20 03:00:00"}}
{"Body":{"Status":true,"Timestamp":"2022-10-20 03:00:00","rotate":"390.287763402304"},"EnqueuedTimeUtc":"2022-10-20 03:00:00","Properties":{"messagetype":"Demo"},"SystemProperties":{"connectionAuthMethod":"{\"scope\":\"device\",\"type\":\"sas\",\"issuer\":\"iothub\",\"acceptingIpFilterRule\":null}","connectionDeviceGenerationId":"638052891151821842","connectionDeviceId":"IOTDevice_9_2","contentEncoding":"utf-8","contentType":"application/json","enqueuedTime":"2022-10-20 03:00:00"}}
{"Body":{"Status":true,"Timestamp":"2022-10-20 03:00:00","pressure":"92.5456408371705"},"EnqueuedTimeUtc":"2022-10-20 03:00:00","Properties":{"messagetype":"Demo"},"SystemProperties":{"connectionAuthMethod":"{\"scope\":\"device\",\"type\":\"sas\",\"issuer\":\"iothub\",\"acceptingIpFilterRule\":null}","connectionDeviceGenerationId":"638052891151821842","connectionDeviceId":"IOTDevice_9_3","contentEncoding":"utf-8","contentType":"application/json","enqueuedTime":"2022-10-20 03:00:00"}}
{"Body":{"Status":true,"Timestamp":"2022-10-20 03:00:00","vibration":"40.2074250031966"},"EnqueuedTimeUtc":"2022-10-20 03:00:00","Properties":{"messagetype":"Demo"},"SystemProperties":{"connectionAuthMethod":"{\"scope\":\"device\",\"type\":\"sas\",\"issuer\":\"iothub\",\"acceptingIpFilterRule\":null}","connectionDeviceGenerationId":"638052891151821842","connectionDeviceId":"IOTDevice_9_4","contentEncoding":"utf-8","contentType":"application/json","enqueuedTime":"2022-10-20 03:00:00"}}
{"Body":{"Status":true,"Timestamp":"2022-10-20 04:00:00","volt":"174.263920295967"},"EnqueuedTimeUtc":"2022-10-20 04:00:00","Properties":{"messagetype":"Demo"},"SystemProperties":{"connectionAuthMethod":"{\"scope\":\"device\",\"type\":\"sas\",\"issuer\":\"iothub\",\"acceptingIpFilterRule\":null}","connectionDeviceGenerationId":"638052891151821842","connectionDeviceId":"IOTDevice_9_1","contentEncoding":"utf-8","contentType":"application/json","enqueuedTime":"2022-10-20 04:00:00"}}
{"Body":{"Status":true,"Timestamp":"2022-10-20 04:00:00","rotate":"501.89127947886"},"EnqueuedTimeUtc":"2022-10-20 04:00:00","Properties":{"messagetype":"Demo"},"SystemProperties":{"connectionAuthMethod":"{\"scope\":\"device\",\"type\":\"sas\",\"issuer\":\"iothub\",\"acceptingIpFilterRule\":null}","connectionDeviceGenerationId":"638052891151821842","connectionDeviceId":"IOTDevice_9_2","contentEncoding":"utf-8","contentType":"application/json","enqueuedTime":"2022-10-20 04:00:00"}}
{"Body":{"Status":true,"Timestamp":"2022-10-20 04:00:00","pressure":"104.707984476313"},"EnqueuedTimeUtc":"2022-10-20 04:00:00","Properties":{"messagetype":"Demo"},"SystemProperties":{"connectionAuthMethod":"{\"scope\":\"device\",\"type\":\"sas\",\"issuer\":\"iothub\",\"acceptingIpFilterRule\":null}","connectionDeviceGenerationId":"638052891151821842","connectionDeviceId":"IOTDevice_9_3","contentEncoding":"utf-8","contentType":"application/json","enqueuedTime":"2022-10-20 04:00:00"}}
{"Body":{"Status":true,"Timestamp":"2022-10-20 04:00:00","vibration":"33.9949801440086"},"EnqueuedTimeUtc":"2022-10-20 04:00:00","Properties":{"messagetype":"Demo"},"SystemProperties":{"connectionAuthMethod":"{\"scope\":\"device\",\"type\":\"sas\",\"issuer\":\"iothub\",\"acceptingIpFilterRule\":null}","connectionDeviceGenerationId":"638052891151821842","connectionDeviceId":"IOTDevice_9_4","contentEncoding":"utf-8","contentType":"application/json","enqueuedTime":"2022-10-20 04:00:00"}}
{"Body":{"Status":true,"Timestamp":"2022-10-20 05:00:00","volt":"169.942792424381"},"EnqueuedTimeUtc":"2022-10-20 05:00:00","Properties":{"messagetype":"Demo"},"SystemProperties":{"connectionAuthMethod":"{\"scope\":\"device\",\"type\":\"sas\",\"issuer\":\"iothub\",\"acceptingIpFilterRule\":null}","connectionDeviceGenerationId":"638052891151821842","connectionDeviceId":"IOTDevice_9_1","contentEncoding":"utf-8","contentType":"application/json","enqueuedTime":"2022-10-20 05:00:00"}}
{"Body":{"Status":true,"Timestamp":"2022-10-20 05:00:00","rotate":"439.721958496716"},"EnqueuedTimeUtc":"2022-10-20 05:00:00","Properties":{"messagetype":"Demo"},"SystemProperties":{"connectionAuthMethod":"{\"scope\":\"device\",\"type\":\"sas\",\"issuer\":\"iothub\",\"acceptingIpFilterRule\":null}","connectionDeviceGenerationId":"638052891151821842","connectionDeviceId":"IOTDevice_9_2","contentEncoding":"utf-8","contentType":"application/json","enqueuedTime":"2022-10-20 05:00:00"}}
{"Body":{"Status":true,"Timestamp":"2022-10-20 05:00:00","pressure":"107.913975080968"},"EnqueuedTimeUtc":"2022-10-20 05:00:00","Properties":{"messagetype":"Demo"},"SystemProperties":{"connectionAuthMethod":"{\"scope\":\"device\",\"type\":\"sas\",\"issuer\":\"iothub\",\"acceptingIpFilterRule\":null}","connectionDeviceGenerationId":"638052891151821842","connectionDeviceId":"IOTDevice_9_3","contentEncoding":"utf-8","contentType":"application/json","enqueuedTime":"2022-10-20 05:00:00"}}
{"Body":{"Status":true,"Timestamp":"2022-10-20 05:00:00","vibration":"44.9279054373791"},"EnqueuedTimeUtc":"2022-10-20 05:00:00","Properties":{"messagetype":"Demo"},"SystemProperties":{"connectionAuthMethod":"{\"scope\":\"device\",\"type\":\"sas\",\"issuer\":\"iothub\",\"acceptingIpFilterRule\":null}","connectionDeviceGenerationId":"638052891151821842","connectionDeviceId":"IOTDevice_9_4","contentEncoding":"utf-8","contentType":"application/json","enqueuedTime":"2022-10-20 05:00:00"}}
{"Body":{"Status":true,"Timestamp":"2022-10-20 06:00:00","volt":"147.129800971168"},"EnqueuedTimeUtc":"2022-10-20 06:00:00","Properties":{"messagetype":"Demo"},"SystemProperties":{"connectionAuthMethod":"{\"scope\":\"device\",\"type\":\"sas\",\"issuer\":\"iothub\",\"acceptingIpFilterRule\":null}","connectionDeviceGenerationId":"638052891151821842","connectionDeviceId":"IOTDevice_9_1","contentEncoding":"utf-8","contentType":"application/json","enqueuedTime":"2022-10-20 06:00:00"}}
{"Body":{"Status":true,"Timestamp":"2022-10-20 06:00:00","rotate":"452.808614616998"},"EnqueuedTimeUtc":"2022-10-20 06:00:00","Properties":{"messagetype":"Demo"},"SystemProperties":{"connectionAuthMethod":"{\"scope\":\"device\",\"type\":\"sas\",\"issuer\":\"iothub\",\"acceptingIpFilterRule\":null}","connectionDeviceGenerationId":"638052891151821842","connectionDeviceId":"IOTDevice_9_2","contentEncoding":"utf-8","contentType":"application/json","enqueuedTime":"2022-10-20 06:00:00"}}
{"Body":{"Status":true,"Timestamp":"2022-10-20 06:00:00","pressure":"94.6719223905346"},"EnqueuedTimeUtc":"2022-10-20 06:00:00","Properties":{"messagetype":"Demo"},"SystemProperties":{"connectionAuthMethod":"{\"scope\":\"device\",\"type\":\"sas\",\"issuer\":\"iothub\",\"acceptingIpFilterRule\":null}","connectionDeviceGenerationId":"638052891151821842","connectionDeviceId":"IOTDevice_9_3","contentEncoding":"utf-8","contentType":"application/json","enqueuedTime":"2022-10-20 06:00:00"}}
{"Body":{"Status":true,"Timestamp":"2022-10-20 06:00:00","vibration":"33.2414162470561"},"EnqueuedTimeUtc":"2022-10-20 06:00:00","Properties":{"messagetype":"Demo"},"SystemProperties":{"connectionAuthMethod":"{\"scope\":\"device\",\"type\":\"sas\",\"issuer\":\"iothub\",\"acceptingIpFilterRule\":null}","connectionDeviceGenerationId":"638052891151821842","connectionDeviceId":"IOTDevice_9_4","contentEncoding":"utf-8","contentType":"application/json","enqueuedTime":"2022-10-20 06:00:00"}}
{"Body":{"Status":true,"Timestamp":"2022-10-20 07:00:00","volt":"156.136691673016"},"EnqueuedTimeUtc":"2022-10-20 07:00:00","Properties":{"messagetype":"Demo"},"SystemProperties":{"connectionAuthMethod":"{\"scope\":\"device\",\"type\":\"sas\",\"issuer\":\"iothub\",\"acceptingIpFilterRule\":null}","connectionDeviceGenerationId":"638052891151821842","connectionDeviceId":"IOTDevice_9_1","contentEncoding":"utf-8","contentType":"application/json","enqueuedTime":"2022-10-20 07:00:00"}}
{"Body":{"Status":true,"Timestamp":"2022-10-20 07:00:00","rotate":"525.084795638197"},"EnqueuedTimeUtc":"2022-10-20 07:00:00","Properties":{"messagetype":"Demo"},"SystemProperties":{"connectionAuthMethod":"{\"scope\":\"device\",\"type\":\"sas\",\"issuer\":\"iothub\",\"acceptingIpFilterRule\":null}","connectionDeviceGenerationId":"638052891151821842","connectionDeviceId":"IOTDevice_9_2","contentEncoding":"utf-8","contentType":"application/json","enqueuedTime":"2022-10-20 07:00:00"}}
{"Body":{"Status":true,"Timestamp":"2022-10-20 07:00:00","pressure":"110.854453323086"},"EnqueuedTimeUtc":"2022-10-20 07:00:00","Properties":{"messagetype":"Demo"},"SystemProperties":{"connectionAuthMethod":"{\"scope\":\"device\",\"type\":\"sas\",\"issuer\":\"iothub\",\"acceptingIpFilterRule\":null}","connectionDeviceGenerationId":"638052891151821842","connectionDeviceId":"IOTDevice_9_3","contentEncoding":"utf-8","contentType":"application/json","enqueuedTime":"2022-10-20 07:00:00"}}
{"Body":{"Status":true,"Timestamp":"2022-10-20 07:00:00","vibration":"49.1074628572146"},"EnqueuedTimeUtc":"2022-10-20 07:00:00","Properties":{"messagetype":"Demo"},"SystemProperties":{"connectionAuthMethod":"{\"scope\":\"device\",\"type\":\"sas\",\"issuer\":\"iothub\",\"acceptingIpFilterRule\":null}","connectionDeviceGenerationId":"638052891151821842","connectionDeviceId":"IOTDevice_9_4","contentEncoding":"utf-8","contentType":"application/json","enqueuedTime":"2022-10-20 07:00:00"}}
{"Body":{"Status":true,"Timestamp":"2022-10-20 08:00:00","volt":"186.556196608118"},"EnqueuedTimeUtc":"2022-10-20 08:00:00","Properties":{"messagetype":"Demo"},"SystemProperties":{"connectionAuthMethod":"{\"scope\":\"device\",\"type\":\"sas\",\"issuer\":\"iothub\",\"acceptingIpFilterRule\":null}","connectionDeviceGenerationId":"638052891151821842","connectionDeviceId":"IOTDevice_9_1","contentEncoding":"utf-8","contentType":"application/json","enqueuedTime":"2022-10-20 08:00:00"}}
{"Body":{"Status":true,"Timestamp":"2022-10-20 08:00:00","rotate":"496.367197778981"},"EnqueuedTimeUtc":"2022-10-20 08:00:00","Properties":{"messagetype":"Demo"},"SystemProperties":{"connectionAuthMethod":"{\"scope\":\"device\",\"type\":\"sas\",\"issuer\":\"iothub\",\"acceptingIpFilterRule\":null}","connectionDeviceGenerationId":"638052891151821842","connectionDeviceId":"IOTDevice_9_2","contentEncoding":"utf-8","contentType":"application/json","enqueuedTime":"2022-10-20 08:00:00"}}
{"Body":{"Status":true,"Timestamp":"2022-10-20 08:00:00","pressure":"92.8745311734069"},"EnqueuedTimeUtc":"2022-10-20 08:00:00","Properties":{"messagetype":"Demo"},"SystemProperties":{"connectionAuthMethod":"{\"scope\":\"device\",\"type\":\"sas\",\"issuer\":\"iothub\",\"acceptingIpFilterRule\":null}","connectionDeviceGenerationId":"638052891151821842","connectionDeviceId":"IOTDevice_9_3","contentEncoding":"utf-8","contentType":"application/json","enqueuedTime":"2022-10-20 08:00:00"}}
{"Body":{"Status":true,"Timestamp":"2022-10-20 08:00:00","vibration":"49.9929875576832"},"EnqueuedTimeUtc":"2022-10-20 08:00:00","Properties":{"messagetype":"Demo"},"SystemProperties":{"connectionAuthMethod":"{\"scope\":\"device\",\"type\":\"sas\",\"issuer\":\"iothub\",\"acceptingIpFilterRule\":null}","connectionDeviceGenerationId":"638052891151821842","connectionDeviceId":"IOTDevice_9_4","contentEncoding":"utf-8","contentType":"application/json","enqueuedTime":"2022-10-20 08:00:00"}}
{"Body":{"Status":true,"Timestamp":"2022-10-20 09:00:00","volt":"159.971504810333"},"EnqueuedTimeUtc":"2022-10-20 09:00:00","Properties":{"messagetype":"Demo"},"SystemProperties":{"connectionAuthMethod":"{\"scope\":\"device\",\"type\":\"sas\",\"issuer\":\"iothub\",\"acceptingIpFilterRule\":null}","connectionDeviceGenerationId":"638052891151821842","connectionDeviceId":"IOTDevice_9_1","contentEncoding":"utf-8","contentType":"application/json","enqueuedTime":"2022-10-20 09:00:00"}}
{"Body":{"Status":true,"Timestamp":"2022-10-20 09:00:00","rotate":"440.558427160911"},"EnqueuedTimeUtc":"2022-10-20 09:00:00","Properties":{"messagetype":"Demo"},"SystemProperties":{"connectionAuthMethod":"{\"scope\":\"device\",\"type\":\"sas\",\"issuer\":\"iothub\",\"acceptingIpFilterRule\":null}","connectionDeviceGenerationId":"638052891151821842","connectionDeviceId":"IOTDevice_9_2","contentEncoding":"utf-8","contentType":"application/json","enqueuedTime":"2022-10-20 09:00:00"}}
{"Body":{"Status":true,"Timestamp":"2022-10-20 09:00:00","pressure":"103.214954684509"},"EnqueuedTimeUtc":"2022-10-20 09:00:00","Properties":{"messagetype":"Demo"},"SystemProperties":{"connectionAuthMethod":"{\"scope\":\"device\",\"type\":\"sas\",\"issuer\":\"iothub\",\"acceptingIpFilterRule\":null}","connectionDeviceGenerationId":"638052891151821842","connectionDeviceId":"IOTDevice_9_3","contentEncoding":"utf-8","contentType":"application/json","enqueuedTime":"2022-10-20 09:00:00"}}
{"Body":{"Status":true,"Timestamp":"2022-10-20 09:00:00","vibration":"33.8977640143245"},"EnqueuedTimeUtc":"2022-10-20 09:00:00","Properties":{"messagetype":"Demo"},"SystemProperties":{"connectionAuthMethod":"{\"scope\":\"device\",\"type\":\"sas\",\"issuer\":\"iothub\",\"acceptingIpFilterRule\":null}","connectionDeviceGenerationId":"638052891151821842","connectionDeviceId":"IOTDevice_9_4","contentEncoding":"utf-8","contentType":"application/json","enqueuedTime":"2022-10-20 09:00:00"}}
{"Body":{"Status":true,"Timestamp":"2022-10-20 10:00:00","volt":"161.37763671846"},"EnqueuedTimeUtc":"2022-10-20 10:00:00","Properties":{"messagetype":"Demo"},"SystemProperties":{"connectionAuthMethod":"{\"scope\":\"device\",\"type\":\"sas\",\"issuer\":\"iothub\",\"acceptingIpFilterRule\":null}","connectionDeviceGenerationId":"638052891151821842","connectionDeviceId":"IOTDevice_9_1","contentEncoding":"utf-8","contentType":"application/json","enqueuedTime":"2022-10-20 10:00:00"}}
{"Body":{"Status":true,"Timestamp":"2022-10-20 10:00:00","rotate":"390.133603071515"},"EnqueuedTimeUtc":"2022-10-20 10:00:00","Properties":{"messagetype":"Demo"},"SystemProperties":{"connectionAuthMethod":"{\"scope\":\"device\",\"type\":\"sas\",\"issuer\":\"iothub\",\"acceptingIpFilterRule\":null}","connectionDeviceGenerationId":"638052891151821842","connectionDeviceId":"IOTDevice_9_2","contentEncoding":"utf-8","contentType":"application/json","enqueuedTime":"2022-10-20 10:00:00"}}
{"Body":{"Status":true,"Timestamp":"2022-10-20 10:00:00","pressure":"104.873022792164"},"EnqueuedTimeUtc":"2022-10-20 10:00:00","Properties":{"messagetype":"Demo"},"SystemProperties":{"connectionAuthMethod":"{\"scope\":\"device\",\"type\":\"sas\",\"issuer\":\"iothub\",\"acceptingIpFilterRule\":null}","connectionDeviceGenerationId":"638052891151821842","connectionDeviceId":"IOTDevice_9_3","contentEncoding":"utf-8","contentType":"application/json","enqueuedTime":"2022-10-20 10:00:00"}}
{"Body":{"Status":true,"Timestamp":"2022-10-20 10:00:00","vibration":"41.3370837592829"},"EnqueuedTimeUtc":"2022-10-20 10:00:00","Properties":{"messagetype":"Demo"},"SystemProperties":{"connectionAuthMethod":"{\"scope\":\"device\",\"type\":\"sas\",\"issuer\":\"iothub\",\"acceptingIpFilterRule\":null}","connectionDeviceGenerationId":"638052891151821842","connectionDeviceId":"IOTDevice_9_4","contentEncoding":"utf-8","contentType":"application/json","enqueuedTime":"2022-10-20 10:00:00"}}
{"Body":{"Status":true,"Timestamp":"2022-10-20 11:00:00","volt":"180.613765706956"},"EnqueuedTimeUtc":"2022-10-20 11:00:00","Properties":{"messagetype":"Demo"},"SystemProperties":{"connectionAuthMethod":"{\"scope\":\"device\",\"type\":\"sas\",\"issuer\":\"iothub\",\"acceptingIpFilterRule\":null}","connectionDeviceGenerationId":"638052891151821842","connectionDeviceId":"IOTDevice_9_1","contentEncoding":"utf-8","contentType":"application/json","enqueuedTime":"2022-10-20 11:00:00"}}
{"Body":{"Status":true,"Timestamp":"2022-10-20 11:00:00","rotate":"495.897749317523"},"EnqueuedTimeUtc":"2022-10-20 11:00:00","Properties":{"messagetype":"Demo"},"SystemProperties":{"connectionAuthMethod":"{\"scope\":\"device\",\"type\":\"sas\",\"issuer\":\"iothub\",\"acceptingIpFilterRule\":null}","connectionDeviceGenerationId":"638052891151821842","connectionDeviceId":"IOTDevice_9_2","contentEncoding":"utf-8","contentType":"application/json","enqueuedTime":"2022-10-20 11:00:00"}}
{"Body":{"Status":true,"Timestamp":"2022-10-20 11:00:00","pressure":"96.7943670702942"},"EnqueuedTimeUtc":"2022-10-20 11:00:00","Properties":{"messagetype":"Demo"},"SystemProperties":{"connectionAuthMethod":"{\"scope\":\"device\",\"type\":\"sas\",\"issuer\":\"iothub\",\"acceptingIpFilterRule\":null}","connectionDeviceGenerationId":"638052891151821842","connectionDeviceId":"IOTDevice_9_3","contentEncoding":"utf-8","contentType":"application/json","enqueuedTime":"2022-10-20 11:00:00"}}
{"Body":{"Status":true,"Timestamp":"2022-10-20 11:00:00","vibration":"43.5326080948932"},"EnqueuedTimeUtc":"2022-10-20 11:00:00","Properties":{"messagetype":"Demo"},"SystemProperties":{"connectionAuthMethod":"{\"scope\":\"device\",\"type\":\"sas\",\"issuer\":\"iothub\",\"acceptingIpFilterRule\":null}","connectionDeviceGenerationId":"638052891151821842","connectionDeviceId":"IOTDevice_9_4","contentEncoding":"utf-8","contentType":"application/json","enqueuedTime":"2022-10-20 11:00:00"}}
{"Body":{"Status":true,"Timestamp":"2022-10-20 12:00:00","volt":"189.48182614714"},"EnqueuedTimeUtc":"2022-10-20 12:00:00","Properties":{"messagetype":"Demo"},"SystemProperties":{"connectionAuthMethod":"{\"scope\":\"device\",\"type\":\"sas\",\"issuer\":\"iothub\",\"acceptingIpFilterRule\":null}","connectionDeviceGenerationId":"638052891151821842","connectionDeviceId":"IOTDevice_9_1","contentEncoding":"utf-8","contentType":"application/json","enqueuedTime":"2022-10-20 12:00:00"}}
{"Body":{"Status":true,"Timestamp":"2022-10-20 12:00:00","rotate":"466.513166126491"},"EnqueuedTimeUtc":"2022-10-20 12:00:00","Properties":{"messagetype":"Demo"},"SystemProperties":{"connectionAuthMethod":"{\"scope\":\"device\",\"type\":\"sas\",\"issuer\":\"iothub\",\"acceptingIpFilterRule\":null}","connectionDeviceGenerationId":"638052891151821842","connectionDeviceId":"IOTDevice_9_2","contentEncoding":"utf-8","contentType":"application/json","enqueuedTime":"2022-10-20 12:00:00"}}
{"Body":{"Status":true,"Timestamp":"2022-10-20 12:00:00","pressure":"91.0358917260799"},"EnqueuedTimeUtc":"2022-10-20 12:00:00","Properties":{"messagetype":"Demo"},"SystemProperties":{"connectionAuthMethod":"{\"scope\":\"device\",\"type\":\"sas\",\"issuer\":\"iothub\",\"acceptingIpFilterRule\":null}","connectionDeviceGenerationId":"638052891151821842","connectionDeviceId":"IOTDevice_9_3","contentEncoding":"utf-8","contentType":"application/json","enqueuedTime":"2022-10-20 12:00:00"}}
{"Body":{"Status":true,"Timestamp":"2022-10-20 12:00:00","vibration":"37.3488421098528"},"EnqueuedTimeUtc":"2022-10-20 12:00:00","Properties":{"messagetype":"Demo"},"SystemProperties":{"connectionAuthMethod":"{\"scope\":\"device\",\"type\":\"sas\",\"issuer\":\"iothub\",\"acceptingIpFilterRule\":null}","connectionDeviceGenerationId":"638052891151821842","connectionDeviceId":"IOTDevice_9_4","contentEncoding":"utf-8","contentType":"application/json","enqueuedTime":"2022-10-20 12:00:00"}}
{"Body":{"Status":true,"Timestamp":"2022-10-20 13:00:00","volt":"194.30350579226"},"EnqueuedTimeUtc":"2022-10-20 13:00:00","Properties":{"messagetype":"Demo"},"SystemProperties":{"connectionAuthMethod":"{\"scope\":\"device\",\"type\":\"sas\",\"issuer\":\"iothub\",\"acceptingIpFilterRule\":null}","connectionDeviceGenerationId":"638052891151821842","connectionDeviceId":"IOTDevice_9_1","contentEncoding":"utf-8","contentType":"application/json","enqueuedTime":"2022-10-20 13:00:00"}}
{"Body":{"Status":true,"Timestamp":"2022-10-20 13:00:00","rotate":"396.434635221708"},"EnqueuedTimeUtc":"2022-10-20 13:00:00","Properties":{"messagetype":"Demo"},"SystemProperties":{"connectionAuthMethod":"{\"scope\":\"device\",\"type\":\"sas\",\"issuer\":\"iothub\",\"acceptingIpFilterRule\":null}","connectionDeviceGenerationId":"638052891151821842","connectionDeviceId":"IOTDevice_9_2","contentEncoding":"utf-8","contentType":"application/json","enqueuedTime":"2022-10-20 13:00:00"}}
{"Body":{"Status":true,"Timestamp":"2022-10-20 13:00:00","pressure":"105.750172058907"},"EnqueuedTimeUtc":"2022-10-20 13:00:00","Properties":{"messagetype":"Demo"},"SystemProperties":{"connectionAuthMethod":"{\"scope\":\"device\",\"type\":\"sas\",\"issuer\":\"iothub\",\"acceptingIpFilterRule\":null}","connectionDeviceGenerationId":"638052891151821842","connectionDeviceId":"IOTDevice_9_3","contentEncoding":"utf-8","contentType":"application/json","enqueuedTime":"2022-10-20 13:00:00"}}
{"Body":{"Status":true,"Timestamp":"2022-10-20 13:00:00","vibration":"50.1821590335998"},"EnqueuedTimeUtc":"2022-10-20 13:00:00","Properties":{"messagetype":"Demo"},"SystemProperties":{"connectionAuthMethod":"{\"scope\":\"device\",\"type\":\"sas\",\"issuer\":\"iothub\",\"acceptingIpFilterRule\":null}","connectionDeviceGenerationId":"638052891151821842","connectionDeviceId":"IOTDevice_9_4","contentEncoding":"utf-8","contentType":"application/json","enqueuedTime":"2022-10-20 13:00:00"}}
{"Body":{"Status":true,"Timestamp":"2022-10-20 14:00:00","volt":"181.760504517214"},"EnqueuedTimeUtc":"2022-10-20 14:00:00","Properties":{"messagetype":"Demo"},"SystemProperties":{"connectionAuthMethod":"{\"scope\":\"device\",\"type\":\"sas\",\"issuer\":\"iothub\",\"acceptingIpFilterRule\":null}","connectionDeviceGenerationId":"638052891151821842","connectionDeviceId":"IOTDevice_9_1","contentEncoding":"utf-8","contentType":"application/json","enqueuedTime":"2022-10-20 14:00:00"}}
{"Body":{"Status":true,"Timestamp":"2022-10-20 14:00:00","rotate":"465.136304259793"},"EnqueuedTimeUtc":"2022-10-20 14:00:00","Properties":{"messagetype":"Demo"},"SystemProperties":{"connectionAuthMethod":"{\"scope\":\"device\",\"type\":\"sas\",\"issuer\":\"iothub\",\"acceptingIpFilterRule\":null}","connectionDeviceGenerationId":"638052891151821842","connectionDeviceId":"IOTDevice_9_2","contentEncoding":"utf-8","contentType":"application/json","enqueuedTime":"2022-10-20 14:00:00"}}
{"Body":{"Status":true,"Timestamp":"2022-10-20 14:00:00","pressure":"90.1123791919619"},"EnqueuedTimeUtc":"2022-10-20 14:00:00","Properties":{"messagetype":"Demo"},"SystemProperties":{"connectionAuthMethod":"{\"scope\":\"device\",\"type\":\"sas\",\"issuer\":\"iothub\",\"acceptingIpFilterRule\":null}","connectionDeviceGenerationId":"638052891151821842","connectionDeviceId":"IOTDevice_9_3","contentEncoding":"utf-8","contentType":"application/json","enqueuedTime":"2022-10-20 14:00:00"}}
{"Body":{"Status":true,"Timestamp":"2022-10-20 14:00:00","vibration":"51.948387400062"},"EnqueuedTimeUtc":"2022-10-20 14:00:00","Properties":{"messagetype":"Demo"},"SystemProperties":{"connectionAuthMethod":"{\"scope\":\"device\",\"type\":\"sas\",\"issuer\":\"iothub\",\"acceptingIpFilterRule\":null}","connectionDeviceGenerationId":"638052891151821842","connectionDeviceId":"IOTDevice_9_4","contentEncoding":"utf-8","contentType":"application/json","enqueuedTime":"2022-10-20 14:00:00"}}
{"Body":{"Status":true,"Timestamp":"2022-10-20 15:00:00","volt":"179.121830971218"},"EnqueuedTimeUtc":"2022-10-20 15:00:00","Properties":{"messagetype":"Demo"},"SystemProperties":{"connectionAuthMethod":"{\"scope\":\"device\",\"type\":\"sas\",\"issuer\":\"iothub\",\"acceptingIpFilterRule\":null}","connectionDeviceGenerationId":"638052891151821842","connectionDeviceId":"IOTDevice_9_1","contentEncoding":"utf-8","contentType":"application/json","enqueuedTime":"2022-10-20 15:00:00"}}
{"Body":{"Status":true,"Timestamp":"2022-10-20 15:00:00","rotate":"399.713401986787"},"EnqueuedTimeUtc":"2022-10-20 15:00:00","Properties":{"messagetype":"Demo"},"SystemProperties":{"connectionAuthMethod":"{\"scope\":\"device\",\"type\":\"sas\",\"issuer\":\"iothub\",\"acceptingIpFilterRule\":null}","connectionDeviceGenerationId":"638052891151821842","connectionDeviceId":"IOTDevice_9_2","contentEncoding":"utf-8","contentType":"application/json","enqueuedTime":"2022-10-20 15:00:00"}}
{"Body":{"Status":true,"Timestamp":"2022-10-20 15:00:00","pressure":"94.4744830066211"},"EnqueuedTimeUtc":"2022-10-20 15:00:00","Properties":{"messagetype":"Demo"},"SystemProperties":{"connectionAuthMethod":"{\"scope\":\"device\",\"type\":\"sas\",\"issuer\":\"iothub\",\"acceptingIpFilterRule\":null}","connectionDeviceGenerationId":"638052891151821842","connectionDeviceId":"IOTDevice_9_3","contentEncoding":"utf-8","contentType":"application/json","enqueuedTime":"2022-10-20 15:00:00"}}
{"Body":{"Status":true,"Timestamp":"2022-10-20 15:00:00","vibration":"32.6445445033587"},"EnqueuedTimeUtc":"2022-10-20 15:00:00","Properties":{"messagetype":"Demo"},"SystemProperties":{"connectionAuthMethod":"{\"scope\":\"device\",\"type\":\"sas\",\"issuer\":\"iothub\",\"acceptingIpFilterRule\":null}","connectionDeviceGenerationId":"638052891151821842","connectionDeviceId":"IOTDevice_9_4","contentEncoding":"utf-8","contentType":"application/json","enqueuedTime":"2022-10-20 15:00:00"}}
{"Body":{"Status":true,"Timestamp":"2022-10-20 16:00:00","volt":"167.224668767208"},"EnqueuedTimeUtc":"2022-10-20 16:00:00","Properties":{"messagetype":"Demo"},"SystemProperties":{"connectionAuthMethod":"{\"scope\":\"device\",\"type\":\"sas\",\"issuer\":\"iothub\",\"acceptingIpFilterRule\":null}","connectionDeviceGenerationId":"638052891151821842","connectionDeviceId":"IOTDevice_9_1","contentEncoding":"utf-8","contentType":"application/json","enqueuedTime":"2022-10-20 16:00:00"}}
{"Body":{"Status":true,"Timestamp":"2022-10-20 16:00:00","rotate":"348.252209222782"},"EnqueuedTimeUtc":"2022-10-20 16:00:00","Properties":{"messagetype":"Demo"},"SystemProperties":{"connectionAuthMethod":"{\"scope\":\"device\",\"type\":\"sas\",\"issuer\":\"iothub\",\"acceptingIpFilterRule\":null}","connectionDeviceGenerationId":"638052891151821842","connectionDeviceId":"IOTDevice_9_2","contentEncoding":"utf-8","contentType":"application/json","enqueuedTime":"2022-10-20 16:00:00"}}
{"Body":{"Status":true,"Timestamp":"2022-10-20 16:00:00","pressure":"102.856900034867"},"EnqueuedTimeUtc":"2022-10-20 16:00:00","Properties":{"messagetype":"Demo"},"SystemProperties":{"connectionAuthMethod":"{\"scope\":\"device\",\"type\":\"sas\",\"issuer\":\"iothub\",\"acceptingIpFilterRule\":null}","connectionDeviceGenerationId":"638052891151821842","connectionDeviceId":"IOTDevice_9_3","contentEncoding":"utf-8","contentType":"application/json","enqueuedTime":"2022-10-20 16:00:00"}}
{"Body":{"Status":true,"Timestamp":"2022-10-20 16:00:00","vibration":"37.098590106104"},"EnqueuedTimeUtc":"2022-10-20 16:00:00","Properties":{"messagetype":"Demo"},"SystemProperties":{"connectionAuthMethod":"{\"scope\":\"device\",\"type\":\"sas\",\"issuer\":\"iothub\",\"acceptingIpFilterRule\":null}","connectionDeviceGenerationId":"638052891151821842","connectionDeviceId":"IOTDevice_9_4","contentEncoding":"utf-8","contentType":"application/json","enqueuedTime":"2022-10-20 16:00:00"}}
{"Body":{"Status":true,"Timestamp":"2022-10-20 17:00:00","volt":"172.004587836372"},"EnqueuedTimeUtc":"2022-10-20 17:00:00","Properties":{"messagetype":"Demo"},"SystemProperties":{"connectionAuthMethod":"{\"scope\":\"device\",\"type\":\"sas\",\"issuer\":\"iothub\",\"acceptingIpFilterRule\":null}","connectionDeviceGenerationId":"638052891151821842","connectionDeviceId":"IOTDevice_9_1","contentEncoding":"utf-8","contentType":"application/json","enqueuedTime":"2022-10-20 17:00:00"}}
{"Body":{"Status":true,"Timestamp":"2022-10-20 17:00:00","rotate":"519.237140548808"},"EnqueuedTimeUtc":"2022-10-20 17:00:00","Properties":{"messagetype":"Demo"},"SystemProperties":{"connectionAuthMethod":"{\"scope\":\"device\",\"type\":\"sas\",\"issuer\":\"iothub\",\"acceptingIpFilterRule\":null}","connectionDeviceGenerationId":"638052891151821842","connectionDeviceId":"IOTDevice_9_2","contentEncoding":"utf-8","contentType":"application/json","enqueuedTime":"2022-10-20 17:00:00"}}
{"Body":{"Status":true,"Timestamp":"2022-10-20 17:00:00","pressure":"106.70621530525"},"EnqueuedTimeUtc":"2022-10-20 17:00:00","Properties":{"messagetype":"Demo"},"SystemProperties":{"connectionAuthMethod":"{\"scope\":\"device\",\"type\":\"sas\",\"issuer\":\"iothub\",\"acceptingIpFilterRule\":null}","connectionDeviceGenerationId":"638052891151821842","connectionDeviceId":"IOTDevice_9_3","contentEncoding":"utf-8","contentType":"application/json","enqueuedTime":"2022-10-20 17:00:00"}}
{"Body":{"Status":true,"Timestamp":"2022-10-20 17:00:00","vibration":"35.0159381115636"},"EnqueuedTimeUtc":"2022-10-20 17:00:00","Properties":{"messagetype":"Demo"},"SystemProperties":{"connectionAuthMethod":"{\"scope\":\"device\",\"type\":\"sas\",\"issuer\":\"iothub\",\"acceptingIpFilterRule\":null}","connectionDeviceGenerationId":"638052891151821842","connectionDeviceId":"IOTDevice_9_4","contentEncoding":"utf-8","contentType":"application/json","enqueuedTime":"2022-10-20 17:00:00"}}
