{"Body":{"Status":true,"Timestamp":"2022-10-06 00:00:00","volt":"165.401481677804"},"EnqueuedTimeUtc":"2022-10-06 00:00:00","Properties":{"messagetype":"Demo"},"SystemProperties":{"connectionAuthMethod":"{\"scope\":\"device\",\"type\":\"sas\",\"issuer\":\"iothub\",\"acceptingIpFilterRule\":null}","connectionDeviceGenerationId":"638052891151821842","connectionDeviceId":"IOTDevice_6_1","contentEncoding":"utf-8","contentType":"application/json","enqueuedTime":"2022-10-06 00:00:00"}}
{"Body":{"Status":true,"Timestamp":"2022-10-06 00:00:00","rotate":"431.55670808391"},"EnqueuedTimeUtc":"2022-10-06 00:00:00","Properties":{"messagetype":"Demo"},"SystemProperties":{"connectionAuthMethod":"{\"scope\":\"device\",\"type\":\"sas\",\"issuer\":\"iothub\",\"acceptingIpFilterRule\":null}","connectionDeviceGenerationId":"638052891151821842","connectionDeviceId":"IOTDevice_6_2","contentEncoding":"utf-8","contentType":"application/json","enqueuedTime":"2022-10-06 00:00:00"}}
{"Body":{"Status":true,"Timestamp":"2022-10-06 00:00:00","pressure":"87.9330367092573"},"EnqueuedTimeUtc":"2022-10-06 00:00:00","Properties":{"messagetype":"Demo"},"SystemProperties":{"connectionAuthMethod":"{\"scope\":\"device\",\"type\":\"sas\",\"issuer\":\"iothub\",\"acceptingIpFilterRule\":null}","connectionDeviceGenerationId":"638052891151821842","connectionDeviceId":"IOTDevice_6_3","contentEncoding":"utf-8","contentType":"application/json","enqueuedTime":"2022-10-06 00:00:00"}}
{"Body":{"Status":true,"Timestamp":"2022-10-06 00:00:00","vibration":"42.7290954077791"},"EnqueuedTimeUtc":"2022-10-06 00:00:00","Properties":{"messagetype":"Demo"},"SystemProperties":{"connectionAuthMethod":"{\"scope\":\"device\",\"type\":\"sas\",\"issuer\":\"iothub\",\"acceptingIpFilterRule\":null}","connectionDeviceGenerationId":"638052891151821842","connectionDeviceId":"IOTDevice_6_4","contentEncoding":"utf-8","contentType":"application/json","enqueuedTime":"2022-10-06 00:00:00"}}
{"Body":{"Status":true,"Timestamp":"2022-10-06 01:00:00","volt":"185.398178595845"},"EnqueuedTimeUtc":"2022-10-06 01:00:00","Properties":{"messagetype":"Demo"},"SystemProperties":{"connectionAuthMethod":"{\"scope\":\"device\",\"type\":\"sas\",\"issuer\":\"iothub\",\"acceptingIpFilterRule\":null}","connectionDeviceGenerationId":"638052891151821842","connectionDeviceId":"IOTDevice_6_1","contentEncoding":"utf-8","contentType":"application/json","enqueuedTime":"2022-10-06 01:00:00"}}
{"Body":{"Status":true,"Timestamp":"2022-10-06 01:00:00","rotate":"442.44884289834"},"EnqueuedTimeUtc":"2022-10-06 01:00:00","Properties":{"messagetype":"Demo"},"SystemProperties":{"connectionAuthMethod":"{\"scope\":\"device\",\"type\":\"sas\",\"issuer\":\"iothub\",\"acceptingIpFilterRule\":null}","connectionDeviceGenerationId":"638052891151821842","connectionDeviceId":"IOTDevice_6_2","contentEncoding":"utf-8","contentType":"application/json","enqueuedTime":"2022-10-06 01:00:00"}}
{"Body":{"Status":true,"Timestamp":"2022-10-06 01:00:00","pressure":"98.3986486948766"},"EnqueuedTimeUtc":"2022-10-06 01:00:00","Properties":{"messagetype":"Demo"},"SystemProperties":{"connectionAuthMethod":"{\"scope\":\"device\",\"type\":\"sas\",\"issuer\":\"iothub\",\"acceptingIpFilterRule\":null}","connectionDeviceGenerationId":"638052891151821842","connectionDeviceId":"IOTDevice_6_3","contentEncoding":"utf-8","contentType":"application/json","enqueuedTime":"2022-10-06 01:00:00"}}
{"Body":{"Status":true,"Timestamp":"2022-10-06 01:00:00","vibration":"42.5152509992787"},"EnqueuedTimeUtc":"2022-10-06 01:00:00","Properties":{"messagetype":"Demo"},"SystemProperties":{"connectionAuthMethod":"{\"scope\":\"device\",\"type\":\"sas\",\"issuer\":\"iothub\",\"acceptingIpFilterRule\":null}","connectionDeviceGenerationId":"638052891151821842","connectionDeviceId":"IOTDevice_6_4","contentEncoding":"utf-8","contentType":"application/json","enqueuedTime":"2022-10-06 01:00:00"}}
{"Body":{"Status":true,"Timestamp":"2022-10-06 02:00:00","volt":"192.274500376582"},"EnqueuedTimeUtc":"2022-10-06 02:00:00","Properties":{"messagetype":"Demo"},"SystemProperties":{"connectionAuthMethod":"{\"scope\":\"device\",\"type\":\"sas\",\"issuer\":\"iothub\",\"acceptingIpFilterRule\":null}","connectionDeviceGenerationId":"638052891151821842","connectionDeviceId":"IOTDevice_6_1","contentEncoding":"utf-8","contentType":"application/json","enqueuedTime":"2022-10-06 02:00:00"}}
{"Body":{"Status":true,"Timestamp":"2022-10-06 02:00:00","rotate":"478.447772173138"},"EnqueuedTimeUtc":"2022-10-06 02:00:00","Properties":{"messagetype":"Demo"},"SystemProperties":{"connectionAuthMethod":"{\"scope\":\"device\",\"type\":\"sas\",\"issuer\":\"iothub\",\"acceptingIpFilterRule\":null}","connectionDeviceGenerationId":"638052891151821842","connectionDeviceId":"IOTDevice_6_2","contentEncoding":"utf-8","contentType":"application/json","enqueuedTime":"2022-10-06 02:00:00"}}
{"Body":{"Status":true,"Timestamp":"2022-10-06 02:00:00","pressure":"100.420761965659"},"EnqueuedTimeUtc":"2022-10-06 02:00:00","Properties":{"messagetype":"Demo"},"SystemProperties":{"connectionAuthMethod":"{\"scope\":\"device\",\"type\":\"sas\",\"issuer\":\"iothub\",\"acceptingIpFilterRule\":null}","connectionDeviceGenerationId":"638052891151821842","connectionDeviceId":"IOTDevice_6_3","contentEncoding":"utf-8","contentType":"application/json","enqueuedTime":"2022-10-06 02:00:00"}}
{"Body":{"Status":true,"Timestamp":"2022-10-06 02:00:00","vibration":"48.9073546132367"},"EnqueuedTimeUtc":"2022-10-06 02:00:00","Properties":{"messagetype":"Demo"},"SystemProperties":{"connectionAuthMethod":"{\"scope\":\"device\",\"type\":\"sas\",\"issuer\":\"iothub\",\"acceptingIpFilterRule\":null}","connectionDeviceGenerationId":"638052891151821842","connectionDeviceId":"IOTDevice_6_4","contentEncoding":"utf-8","contentType":"application/json","enqueuedTime":"2022-10-06 02:00:00"}}
{"Body":{"Status":true,"Timestamp":"2022-10-06 03:00:00","volt":"173.481944163822"},"EnqueuedTimeUtc":"2022-10-06 03:00:00","Properties":{"messagetype":"Demo"},"SystemProperties":{"connectionAuthMethod":"{\"scope\":\"device\",\"type\":\"sas\",\"issuer\":\"iothub\",\"acceptingIpFilterRule\":null}","connectionDeviceGenerationId":"638052891151821842","connectionDeviceId":"IOTDevice_6_1","contentEncoding":"utf-8","contentType":"application/json","enqueuedTime":"2022-10-06 03:00:00"}}
{"Body":{"Status":true,"Timestamp":"2022-10-06 03:00:00","rotate":"492.897625129734"},"EnqueuedTimeUtc":"2022-10-06 03:00:00","Properties":{"messagetype":"Demo"},"SystemProperties":{"connectionAuthMethod":"{\"scope\":\"device\",\"type\":\"sas\",\"issuer\":\"iothub\",\"acceptingIpFilterRule\":null}","connectionDeviceGenerationId":"638052891151821842","connectionDeviceId":"IOTDevice_6_2","contentEncoding":"utf-8","contentType":"application/json","enqueuedTime":"2022-10-06 03:00:00"}}
{"Body":{"Status":true,"Timestamp":"2022-10-06 03:00:00","pressure":"110.079398174611"},"EnqueuedTimeUtc":"2022-10-06 03:00:00","Properties":{"messagetype":"Demo"},"SystemProperties":{"connectionAuthMethod":"{\"scope\":\"device\",\"type\":\"sas\",\"issuer\":\"iothub\",\"acceptingIpFilterRule\":null}","connectionDeviceGenerationId":"638052891151821842","connectionDeviceId":"IOTDevice_6_3","contentEncoding":"utf-8","contentType":"application/json","enqueuedTime":"2022-10-06 03:00:00"}}
{"Body":{"Status":true,"Timestamp":"2022-10-06 03:00:00","vibration":"34.4118088771652"},"EnqueuedTimeUtc":"2022-10-06 03:00:00","Properties":{"messagetype":"Demo"},"SystemProperties":{"connectionAuthMethod":"{\"scope\":\"device\",\"type\":\"sas\",\"issuer\":\"iothub\",\"acceptingIpFilterRule\":null}","connectionDeviceGenerationId":"638052891151821842","connectionDeviceId":"IOTDevice_6_4","contentEncoding":"utf-8","contentType":"application/json","enqueuedTime":"2022-10-06 03:00:00"}}
{"Body":{"Status":true,"Timestamp":"2022-10-06 04:00:00","volt":"159.998305661633"},"EnqueuedTimeUtc":"2022-10-06 04:00:00","Properties":{"messagetype":"Demo"},"SystemProperties":{"connectionAuthMethod":"{\"scope\":\"device\",\"type\":\"sas\",\"issuer\":\"iothub\",\"acceptingIpFilterRule\":null}","connectionDeviceGenerationId":"638052891151821842","connectionDeviceId":"IOTDevice_6_1","contentEncoding":"utf-8","contentType":"application/json","enqueuedTime":"2022-10-06 04:00:00"}}
{"Body":{"Status":true,"Timestamp":"2022-10-06 04:00:00","rotate":"456.489419442093"},"EnqueuedTimeUtc":"2022-10-06 04:00:00","Properties":{"messagetype":"Demo"},"SystemProperties":{"connectionAuthMethod":"{\"scope\":\"device\",\"type\":\"sas\",\"issuer\":\"iothub\",\"acceptingIpFilterRule\":null}","connectionDeviceGenerationId":"638052891151821842","connectionDeviceId":"IOTDevice_6_2","contentEncoding":"utf-8","contentType":"application/json","enqueuedTime":"2022-10-06 04:00:00"}}
{"Body":{"Status":true,"Timestamp":"2022-10-06 04:00:00","pressure":"81.6017051358681"},"EnqueuedTimeUtc":"2022-10-06 04:00:00","Properties":{"messagetype":"Demo"},"SystemProperties":{"connectionAuthMethod":"{\"scope\":\"device\",\"type\":\"sas\",\"issuer\":\"iothub\",\"acceptingIpFilterRule\":null}","connectionDeviceGenerationId":"638052891151821842","connectionDeviceId":"IOTDevice_6_3","contentEncoding":"utf-8","contentType":"application/json","enqueuedTime":"2022-10-06 04:00:00"}}
{"Body":{"Status":true,"Timestamp":"2022-10-06 04:00:00","vibration":"35.2610664680207"},"EnqueuedTimeUtc":"2022-10-06 04:00:00","Properties":{"messagetype":"Demo"},"SystemProperties":{"connectionAuthMethod":"{\"scope\":\"device\",\"type\":\"sas\",\"issuer\":\"iothub\",\"acceptingIpFilterRule\":null}","connectionDeviceGenerationId":"638052891151821842","connectionDeviceId":"IOTDevice_6_4","contentEncoding":"utf-8","contentType":"application/json","enqueuedTime":"2022-10-06 04:00:00"}}
{"Body":{"Status":true,"Timestamp":"2022-10-06 05:00:00","volt":"166.345292139093"},"EnqueuedTimeUtc":"2022-10-06 05:00:00","Properties":{"messagetype":"Demo"},"SystemProperties":{"connectionAuthMethod":"{\"scope\":\"device\",\"type\":\"sas\",\"issuer\":\"iothub\",\"acceptingIpFilterRule\":null}","connectionDeviceGenerationId":"638052891151821842","connectionDeviceId":"IOTDevice_6_1","contentEncoding":"utf-8","contentType":"application/json","enqueuedTime":"2022-10-06 05:00:00"}}
{"Body":{"Status":true,"Timestamp":"2022-10-06 05:00:00","rotate":"454.767757739967"},"EnqueuedTimeUtc":"2022-10-06 05:00:00","Properties":{"messagetype":"Demo"},"SystemProperties":{"connectionAuthMethod":"{\"scope\":\"device\",\"type\":\"sas\",\"issuer\":\"iothub\",\"acceptingIpFilterRule\":null}","connectionDeviceGenerationId":"638052891151821842","connectionDeviceId":"IOTDevice_6_2","contentEncoding":"utf-8","contentType":"application/json","enqueuedTime":"2022-10-06 05:00:00"}}
{"Body":{"Status":true,"Timestamp":"2022-10-06 05:00:00","pressure":"116.159051935808"},"EnqueuedTimeUtc":"2022-10-06 05:00:00","Properties":{"messagetype":"Demo"},"SystemProperties":{"connectionAuthMethod":"{\"scope\":\"device\",\"type\":\"sas\",\"issuer\":\"iothub\",\"acceptingIpFilterRule\":null}","connectionDeviceGenerationId":"638052891151821842","connectionDeviceId":"IOTDevice_6_3","contentEncoding":"utf-8","contentType":"application/json","enqueuedTime":"2022-10-06 05:00:00"}}
{"Body":{"Status":true,"Timestamp":"2022-10-06 05:00:00","vibration":"36.7794944907455"},"EnqueuedTimeUtc":"2022-10-06 05:00:00","Properties":{"messagetype":"Demo"},"SystemProperties":{"connectionAuthMethod":"{\"scope\":\"device\",\"type\":\"sas\",\"issuer\":\"iothub\",\"acceptingIpFilterRule\":null}","connectionDeviceGenerationId":"638052891151821842","connectionDeviceId":"IOTDevice_6_4","contentEncoding":"utf-8","contentType":"application/json","enqueuedTime":"2022-10-06 05:00:00"}}
{"Body":{"Status":true,"Timestamp":"2022-10-06 06:00:00","volt":"190.259642409803"},"EnqueuedTimeUtc":"2022-10-06 06:00:00","Properties":{"messagetype":"Demo"},"SystemProperties":{"connectionAuthMethod":"{\"scope\":\"device\",\"type\":\"sas\",\"issuer\":\"iothub\",\"acceptingIpFilterRule\":null}","connectionDeviceGenerationId":"638052891151821842","connectionDeviceId":"IOTDevice_6_1","contentEncoding":"utf-8","contentType":"application/json","enqueuedTime":"2022-10-06 06:00:00"}}
{"Body":{"Status":true,"Timestamp":"2022-10-06 06:00:00","rotate":"410.998817362156"},"EnqueuedTimeUtc":"2022-10-06 06:00:00","Properties":{"messagetype":"Demo"},"SystemProperties":{"connectionAuthMethod":"{\"scope\":\"device\",\"type\":\"sas\",\"issuer\":\"iothub\",\"acceptingIpFilterRule\":null}","connectionDeviceGenerationId":"638052891151821842","connectionDeviceId":"IOTDevice_6_2","contentEncoding":"utf-8","contentType":"application/json","enqueuedTime":"2022-10-06 06:00:00"}}
{"Body":{"Status":true,"Timestamp":"2022-10-06 06:00:00","pressure":"95.7695800940138"},"EnqueuedTimeUtc":"2022-10-06 06:00:00","Properties":{"messagetype":"Demo"},"SystemProperties":{"connectionAuthMethod":"{\"scope\":\"device\",\"type\":\"sas\",\"issuer\":\"iothub\",\"acceptingIpFilterRule\":null}","connectionDeviceGenerationId":"638052891151821842","connectionDeviceId":"IOTDevice_6_3","contentEncoding":"utf-8","contentType":"application/json","enqueuedTime":"2022-10-06 06:00:00"}}
{"Body":{"Status":true,"Timestamp":"2022-10-06 06:00:00","vibration":"46.7230824593424"},"EnqueuedTimeUtc":"2022-10-06 06:00:00","Properties":{"messagetype":"Demo"},"SystemProperties":{"connectionAuthMethod":"{\"scope\":\"device\",\"type\":\"sas\",\"issuer\":\"iothub\",\"acceptingIpFilterRule\":null}","connectionDeviceGenerationId":"638052891151821842","connectionDeviceId":"IOTDevice_6_4","contentEncoding":"utf-8","contentType":"application/json","enqueuedTime":"2022-10-06 06:00:00"}}
{"Body":{"Status":true,"Timestamp":"2022-10-06 07:00:00","volt":"189.398636347308"},"EnqueuedTimeUtc":"2022-10-06 07:00:00","Properties":{"messagetype":"Demo"},"SystemProperties":{"connectionAuthMethod":"{\"scope\":\"device\",\"type\":\"sas\",\"issuer\":\"iothub\",\"acceptingIpFilterRule\":null}","connectionDeviceGenerationId":"638052891151821842","connectionDeviceId":"IOTDevice_6_1","contentEncoding":"utf-8","contentType":"application/json","enqueuedTime":"2022-10-06 07:00:00"}}
{"Body":{"Status":true,"Timestamp":"2022-10-06 07:00:00","rotate":"442.800537477433"},"EnqueuedTimeUtc":"2022-10-06 07:00:00","Properties":{"messagetype":"Demo"},"SystemProperties":{"connectionAuthMethod":"{\"scope\":\"device\",\"type\":\"sas\",\"issuer\":\"iothub\",\"acceptingIpFilterRule\":null}","connectionDeviceGenerationId":"638052891151821842","connectionDeviceId":"IOTDevice_6_2","contentEncoding":"utf-8","contentType":"application/json","enqueuedTime":"2022-10-06 07:00:00"}}
{"Body":{"Status":true,"Timestamp":"2022-10-06 07:00:00","pressure":"113.262563254764"},"EnqueuedTimeUtc":"2022-10-06 07:00:00","Properties":{"messagetype":"Demo"},"SystemProperties":{"connectionAuthMethod":"{\"scope\":\"device\",\"type\":\"sas\",\"issuer\":\"iothub\",\"acceptingIpFilterRule\":null}","connectionDeviceGenerationId":"638052891151821842","connectionDeviceId":"IOTDevice_6_3","contentEncoding":"utf-8","contentType":"application/json","enqueuedTime":"2022-10-06 07:00:00"}}
{"Body":{"Status":true,"Timestamp":"2022-10-06 07:00:00","vibration":"37.7824990228672"},"EnqueuedTimeUtc":"2022-10-06 07:00:00","Properties":{"messagetype":"Demo"},"SystemProperties":{"connectionAuthMethod":"{\"scope\":\"device\",\"type\":\"sas\",\"issuer\":\"iothub\",\"acceptingIpFilterRule\":null}","connectionDeviceGenerationId":"638052891151821842","connectionDeviceId":"IOTDevice_6_4","contentEncoding":"utf-8","contentType":"application/json","enqueuedTime":"2022-10-06 07:00:00"}}
{"Body":{"Status":true,"Timestamp":"2022-10-06 08:00:00","volt":"162.436065095967"},"EnqueuedTimeUtc":"2022-10-06 08:00:00","Properties":{"messagetype":"Demo"},"SystemProperties":{"connectionAuthMethod":"{\"scope\":\"device\",\"type\":\"sas\",\"issuer\":\"iothub\",\"acceptingIpFilterRule\":null}","connectionDeviceGenerationId":"638052891151821842","connectionDeviceId":"IOTDevice_6_1","contentEncoding":"utf-8","contentType":"application/json","enqueuedTime":"2022-10-06 08:00:00"}}
{"Body":{"Status":true,"Timestamp":"2022-10-06 08:00:00","rotate":"457.665893620548"},"EnqueuedTimeUtc":"2022-10-06 08:00:00","Properties":{"messagetype":"Demo"},"SystemProperties":{"connectionAuthMethod":"{\"scope\":\"device\",\"type\":\"sas\",\"issuer\":\"iothub\",\"acceptingIpFilterRule\":null}","connectionDeviceGenerationId":"638052891151821842","connectionDeviceId":"IOTDevice_6_2","contentEncoding":"utf-8","contentType":"application/json","enqueuedTime":"2022-10-06 08:00:00"}}
{"Body":{"Status":true,"Timestamp":"2022-10-06 08:00:00","pressure":"100.904390072706"},"EnqueuedTimeUtc":"2022-10-06 08:00:00","Properties":{"messagetype":"Demo"},"SystemProperties":{"connectionAuthMethod":"{\"scope\":\"device\",\"type\":\"sas\",\"issuer\":\"iothub\",\"acceptingIpFilterRule\":null}","connectionDeviceGenerationId":"638052891151821842","connectionDeviceId":"IOTDevice_6_3","contentEncoding":"utf-8","contentType":"application/json","enqueuedTime":"2022-10-06 08:00:00"}}
{"Body":{"Status":true,"Timestamp":"2022-10-06 08:00:00","vibration":"31.8181415645172"},"EnqueuedTimeUtc":"2022-10-06 08:00:00","Properties":{"messagetype":"Demo"},"SystemProperties":{"connectionAuthMethod":"{\"scope\":\"device\",\"type\":\"sas\",\"issuer\":\"iothub\",\"acceptingIpFilterRule\":null}","connectionDeviceGenerationId":"638052891151821842","connectionDeviceId":"IOTDevice_6_4","contentEncoding":"utf-8","contentType":"application/json","enqueuedTime":"2022-10-06 08:00:00"}}
{"Body":{"Status":true,"Timestamp":"2022-10-06 09:00:00","volt":"147.457287069794"},"EnqueuedTimeUtc":"2022-10-06 09:00:00","Properties":{"messagetype":"Demo"},"SystemProperties":{"connectionAuthMethod":"{\"scope\":\"device\",\"type\":\"sas\",\"issuer\":\"iothub\",\"acceptingIpFilterRule\":null}","connectionDeviceGenerationId":"638052891151821842","connectionDeviceId":"IOTDevice_6_1","contentEncoding":"utf-8","contentType":"application/json","enqueuedTime":"2022-10-06 09:00:00"}}
{"Body":{"Status":true,"Timestamp":"2022-10-06 09:00:00","rotate":"407.233333728342"},"EnqueuedTimeUtc":"2022-10-06 09:00:00","Properties":{"messagetype":"Demo"},"SystemProperties":{"connectionAuthMethod":"{\"scope\":\"device\",\"type\":\"sas\",\"issuer\":\"iothub\",\"acceptingIpFilterRule\":null}","connectionDeviceGenerationId":"638052891151821842","connectionDeviceId":"IOTDevice_6_2","contentEncoding":"utf-8","contentType":"application/json","enqueuedTime":"2022-10-06 09:00:00"}}
{"Body":{"Status":true,"Timestamp":"2022-10-06 09:00:00","pressure":"98.0683212982341"},"EnqueuedTimeUtc":"2022-10-06 09:00:00","Properties":{"messagetype":"Demo"},"SystemProperties":{"connectionAuthMethod":"{\"scope\":\"device\",\"type\":\"sas\",\"issuer\":\"iothub\",\"acceptingIpFilterRule\":null}","connectionDeviceGenerationId":"638052891151821842","connectionDeviceId":"IOTDevice_6_3","contentEncoding":"utf-8","contentType":"application/json","enqueuedTime":"2022-10-06 09:00:00"}}
{"Body":{"Status":true,"Timestamp":"2022-10-06 09:00:00","vibration":"35.4593290629142"},"EnqueuedTimeUtc":"2022-10-06 09:00:00","Properties":{"messagetype":"Demo"},"SystemProperties":{"connectionAuthMethod":"{\"scope\":\"device\",\"type\":\"sas\",\"issuer\":\"iothub\",\"acceptingIpFilterRule\":null}","connectionDeviceGenerationId":"638052891151821842","connectionDeviceId":"IOTDevice_6_4","contentEncoding":"utf-8","contentType":"application/json","enqueuedTime":"2022-10-06 09:00:00"}}
{"Body":{"Status":true,"Timestamp":"2022-10-06 10:00:00","volt":"172.563919557337"},"EnqueuedTimeUtc":"2022-10-06 10:00:00","Properties":{"messagetype":"Demo"},"SystemProperties":{"connectionAuthMethod":"{\"scope\":\"device\",\"type\":\"sas\",\"issuer\":\"iothub\",\"acceptingIpFilterRule\":null}","connectionDeviceGenerationId":"638052891151821842","connectionDeviceId":"IOTDevice_6_1","contentEncoding":"utf-8","contentType":"application/json","enqueuedTime":"2022-10-06 10:00:00"}}
{"Body":{"Status":true,"Timestamp":"2022-10-06 10:00:00","rotate":"410.049004195882"},"EnqueuedTimeUtc":"2022-10-06 10:00:00","Properties":{"messagetype":"Demo"},"SystemProperties":{"connectionAuthMethod":"{\"scope\":\"device\",\"type\":\"sas\",\"issuer\":\"iothub\",\"acceptingIpFilterRule\":null}","connectionDeviceGenerationId":"638052891151821842","connectionDeviceId":"IOTDevice_6_2","contentEncoding":"utf-8","contentType":"application/json","enqueuedTime":"2022-10-06 10:00:00"}}
{"Body":{"Status":true,"Timestamp":"2022-10-06 10:00:00","pressure":"70.6416352269004"},"EnqueuedTimeUtc":"2022-10-06 10:00:00","Properties":{"messagetype":"Demo"},"SystemProperties":{"connectionAuthMethod":"{\"scope\":\"device\",\"type\":\"sas\",\"issuer\":\"iothub\",\"acceptingIpFilterRule\":null}","connectionDeviceGenerationId":"638052891151821842","connectionDeviceId":"IOTDevice_6_3","contentEncoding":"utf-8","contentType":"application/json","enqueuedTime":"2022-10-06 10:00:00"}}
{"Body":{"Status":true,"Timestamp":"2022-10-06 10:00:00","vibration":"38.8858874655801"},"EnqueuedTimeUtc":"2022-10-06 10:00:00","Properties":{"messagetype":"Demo"},"SystemProperties":{"connectionAuthMethod":"{\"scope\":\"device\",\"type\":\"sas\",\"issuer\":\"iothub\",\"acceptingIpFilterRule\":null}","connectionDeviceGenerationId":"638052891151821842","connectionDeviceId":"IOTDevice_6_4","contentEncoding":"utf-8","contentType":"application/json","enqueuedTime":"2022-10-06 10:00:00"}}
{"Body":{"Status":true,"Timestamp":"2022-10-06 11:00:00","volt":"148.121682910188"},"EnqueuedTimeUtc":"2022-10-06 11:00:00","Properties":{"messagetype":"Demo"},"SystemProperties":{"connectionAuthMethod":"{\"scope\":\"device\",\"type\":\"sas\",\"issuer\":\"iothub\",\"acceptingIpFilterRule\":null}","connectionDeviceGenerationId":"638052891151821842","connectionDeviceId":"IOTDevice_6_1","contentEncoding":"utf-8","contentType":"application/json","enqueuedTime":"2022-10-06 11:00:00"}}
{"Body":{"Status":true,"Timestamp":"2022-10-06 11:00:00","rotate":"439.129937666867"},"EnqueuedTimeUtc":"2022-10-06 11:00:00","Properties":{"messagetype":"Demo"},"SystemProperties":{"connectionAuthMethod":"{\"scope\":\"device\",\"type\":\"sas\",\"issuer\":\"iothub\",\"acceptingIpFilterRule\":null}","connectionDeviceGenerationId":"638052891151821842","connectionDeviceId":"IOTDevice_6_2","contentEncoding":"utf-8","contentType":"application/json","enqueuedTime":"2022-10-06 11:00:00"}}
{"Body":{"Status":true,"Timestamp":"2022-10-06 11:00:00","pressure":"87.9430627072826"},"EnqueuedTimeUtc":"2022-10-06 11:00:00","Properties":{"messagetype":"Demo"},"SystemProperties":{"connectionAuthMethod":"{\"scope\":\"device\",\"type\":\"sas\",\"issuer\":\"iothub\",\"acceptingIpFilterRule\":null}","connectionDeviceGenerationId":"638052891151821842","connectionDeviceId":"IOTDevice_6_3","contentEncoding":"utf-8","contentType":"application/json","enqueuedTime":"2022-10-06 11:00:00"}}
{"Body":{"Status":true,"Timestamp":"2022-10-06 11:00:00","vibration":"36.6666834062728"},"EnqueuedTimeUtc":"2022-10-06 11:00:00","Properties":{"messagetype":"Demo"},"SystemProperties":{"connectionAuthMethod":"{\"scope\":\"device\",\"type\":\"sas\",\"issuer\":\"iothub\",\"acceptingIpFilterRule\":null}","connectionDeviceGenerationId":"638052891151821842","connectionDeviceId":"IOTDevice_6_4","contentEncoding":"utf-8","contentType":"application/json","enqueuedTime":"2022-10-06 11:00:00"}}
{"Body":{"Status":true,"Timestamp":"2022-10-06 12:00:00","volt":"169.090949579719"},"EnqueuedTimeUtc":"2022-10-06 12:00:00","Properties":{"messagetype":"Demo"},"SystemProperties":{"connectionAuthMethod":"{\"scope\":\"device\",\"type\":\"sas\",\"issuer\":\"iothub\",\"acceptingIpFilterRule\":null}","connectionDeviceGenerationId":"638052891151821842","connectionDeviceId":"IOTDevice_6_1","contentEncoding":"utf-8","contentType":"application/json","enqueuedTime":"2022-10-06 12:00:00"}}
{"Body":{"Status":true,"Timestamp":"2022-10-06 12:00:00","rotate":"552.775706503637"},"EnqueuedTimeUtc":"2022-10-06 12:00:00","Properties":{"messagetype":"Demo"},"SystemProperties":{"connectionAuthMethod":"{\"scope\":\"device\",\"type\":\"sas\",\"issuer\":\"iothub\",\"acceptingIpFilterRule\":null}","connectionDeviceGenerationId":"638052891151821842","connectionDeviceId":"IOTDevice_6_2","contentEncoding":"utf-8","contentType":"application/json","enqueuedTime":"2022-10-06 12:00:00"}}
{"Body":{"Status":true,"Timestamp":"2022-10-06 12:00:00","pressure":"93.8908738527318"},"EnqueuedTimeUtc":"2022-10-06 12:00:00","Properties":{"messagetype":"Demo"},"SystemProperties":{"connectionAuthMethod":"{\"scope\":\"device\",\"type\":\"sas\",\"issuer\":\"iothub\",\"acceptingIpFilterRule\":null}","connectionDeviceGenerationId":"638052891151821842","connectionDeviceId":"IOTDevice_6_3","contentEncoding":"utf-8","contentType":"application/json","enqueuedTime":"2022-10-06 12:00:00"}}
{"Body":{"Status":true,"Timestamp":"2022-10-06 12:00:00","vibration":"46.5284103780965"},"EnqueuedTimeUtc":"2022-10-06 12:00:00","Properties":{"messagetype":"Demo"},"SystemProperties":{"connectionAuthMethod":"{\"scope\":\"device\",\"type\":\"sas\",\"issuer\":\"iothub\",\"acceptingIpFilterRule\":null}","connectionDeviceGenerationId":"638052891151821842","connectionDeviceId":"IOTDevice_6_4","contentEncoding":"utf-8","contentType":"application/json","enqueuedTime":"2022-10-06 12:00:00"}}
{"Body":{"Status":true,"Timestamp":"2022-10-06 13:00:00","volt":"162.245152104949"},"EnqueuedTimeUtc":"2022-10-06 13:00:00","Properties":{"messagetype":"Demo"},"SystemProperties":{"connectionAuthMethod":"{\"scope\":\"device\",\"type\":\"sas\",\"issuer\":\"iothub\",\"acceptingIpFilterRule\":null}","connectionDeviceGenerationId":"638052891151821842","connectionDeviceId":"IOTDevice_6_1","contentEncoding":"utf-8","contentType":"application/json","enqueuedTime":"2022-10-06 13:00:00"}}
{"Body":{"Status":true,"Timestamp":"2022-10-06 13:00:00","rotate":"451.48213645981"},"EnqueuedTimeUtc":"2022-10-06 13:00:00","Properties":{"messagetype":"Demo"},"SystemProperties":{"connectionAuthMethod":"{\"scope\":\"device\",\"type\":\"sas\",\"issuer\":\"iothub\",\"acceptingIpFilterRule\":null}","connectionDeviceGenerationId":"638052891151821842","connectionDeviceId":"IOTDevice_6_2","contentEncoding":"utf-8","contentType":"application/json","enqueuedTime":"2022-10-06 13:00:00"}}
{"Body":{"Status":true,"Timestamp":"2022-10-06 13:00:00","pressure":"85.9953345025241"},"EnqueuedTimeUtc":"2022-10-06 13:00:00","Properties":{"messagetype":"Demo"},"SystemProperties":{"connectionAuthMethod":"{\"scope\":\"device\",\"type\":\"sas\",\"issuer\":\"iothub\",\"acceptingIpFilterRule\":null}","connectionDeviceGenerationId":"638052891151821842","connectionDeviceId":"IOTDevice_6_3","contentEncoding":"utf-8","contentType":"application/json","enqueuedTime":"2022-10-06 13:00:00"}}
{"Body":{"Status":true,"Timestamp":"2022-10-06 13:00:00","vibration":"43.0756741732411"},"EnqueuedTimeUtc":"2022-10-06 13:00:00","Properties":{"messagetype":"Demo"},"SystemProperties":{"connectionAuthMethod":"{\"scope\":\"device\",\"type\":\"sas\",\"issuer\":\"iothub\",\"acceptingIpFilterRule\":null}","connectionDeviceGenerationId":"638052891151821842","connectionDeviceId":"IOTDevice_6_4","contentEncoding":"utf-8","contentType":"application/json","enqueuedTime":"2022-10-06 13:00:00"}}
{"Body":{"Status":true,"Timestamp":"2022-10-06 14:00:00","volt":"157.730294823615"},"EnqueuedTimeUtc":"2022-10-06 14:00:00","Properties":{"messagetype":"Demo"},"SystemProperties":{"connectionAuthMethod":"{\"scope\":\"device\",\"type\":\"sas\",\"issuer\":\"iothub\",\"acceptingIpFilterRule\":null}","connectionDeviceGenerationId":"638052891151821842","connectionDeviceId":"IOTDevice_6_1","contentEncoding":"utf-8","contentType":"application/json","enqueuedTime":"2022-10-06 14:00:00"}}
{"Body":{"Status":true,"Timestamp":"2022-10-06 14:00:00","rotate":"426.608887390357"},"EnqueuedTimeUtc":"2022-10-06 14:00:00","Properties":{"messagetype":"Demo"},"SystemProperties":{"connectionAuthMethod":"{\"scope\":\"device\",\"type\":\"sas\",\"issuer\":\"iothub\",\"acceptingIpFilterRule\":null}","connectionDeviceGenerationId":"638052891151821842","connectionDeviceId":"IOTDevice_6_2","contentEncoding":"utf-8","contentType":"application/json","enqueuedTime":"2022-10-06 14:00:00"}}
{"Body":{"Status":true,"Timestamp":"2022-10-06 14:00:00","pressure":"100.425584650141"},"EnqueuedTimeUtc":"2022-10-06 14:00:00","Properties":{"messagetype":"Demo"},"SystemProperties":{"connectionAuthMethod":"{\"scope\":\"device\",\"type\":\"sas\",\"issuer\":\"iothub\",\"acceptingIpFilterRule\":null}","connectionDeviceGenerationId":"638052891151821842","connectionDeviceId":"IOTDevice_6_3","contentEncoding":"utf-8","contentType":"application/json","enqueuedTime":"2022-10-06 14:00:00"}}
{"Body":{"Status":true,"Timestamp":"2022-10-06 14:00:00","vibration":"38.465151726914"},"EnqueuedTimeUtc":"2022-10-06 14:00:00","Properties":{"messagetype":"Demo"},"SystemProperties":{"connectionAuthMethod":"{\"scope\":\"device\",\"type\":\"sas\",\"issuer\":\"iothub\",\"acceptingIpFilterRule\":null}","connectionDeviceGenerationId":"638052891151821842","connectionDeviceId":"IOTDevice_6_4","contentEncoding":"utf-8","contentType":"application/json","enqueuedTime":"2022-10-06 14:00:00"}}
