{"Body":{"Status":true,"Timestamp":"2022-10-06 09:00:00","volt":"180.43860017478"},"EnqueuedTimeUtc":"2022-10-06 09:00:00","Properties":{"messagetype":"Demo"},"SystemProperties":{"connectionAuthMethod":"{\"scope\":\"device\",\"type\":\"sas\",\"issuer\":\"iothub\",\"acceptingIpFilterRule\":null}","connectionDeviceGenerationId":"638052891151821842","connectionDeviceId":"IOTDevice_10_1","contentEncoding":"utf-8","contentType":"application/json","enqueuedTime":"2022-10-06 09:00:00"}}
{"Body":{"Status":true,"Timestamp":"2022-10-06 09:00:00","rotate":"473.46949550315"},"EnqueuedTimeUtc":"2022-10-06 09:00:00","Properties":{"messagetype":"Demo"},"SystemProperties":{"connectionAuthMethod":"{\"scope\":\"device\",\"type\":\"sas\",\"issuer\":\"iothub\",\"acceptingIpFilterRule\":null}","connectionDeviceGenerationId":"638052891151821842","connectionDeviceId":"IOTDevice_10_2","contentEncoding":"utf-8","contentType":"application/json","enqueuedTime":"2022-10-06 09:00:00"}}
{"Body":{"Status":true,"Timestamp":"2022-10-06 09:00:00","pressure":"93.0118810870663"},"EnqueuedTimeUtc":"2022-10-06 09:00:00","Properties":{"messagetype":"Demo"},"SystemProperties":{"connectionAuthMethod":"{\"scope\":\"device\",\"type\":\"sas\",\"issuer\":\"iothub\",\"acceptingIpFilterRule\":null}","connectionDeviceGenerationId":"638052891151821842","connectionDeviceId":"IOTDevice_10_3","contentEncoding":"utf-8","contentType":"application/json","enqueuedTime":"2022-10-06 09:00:00"}}
{"Body":{"Status":true,"Timestamp":"2022-10-06 09:00:00","vibration":"35.5090190983762"},"EnqueuedTimeUtc":"2022-10-06 09:00:00","Properties":{"messagetype":"Demo"},"SystemProperties":{"connectionAuthMethod":"{\"scope\":\"device\",\"type\":\"sas\",\"issuer\":\"iothub\",\"acceptingIpFilterRule\":null}","connectionDeviceGenerationId":"638052891151821842","connectionDeviceId":"IOTDevice_10_4","contentEncoding":"utf-8","contentType":"application/json","enqueuedTime":"2022-10-06 09:00:00"}}
{"Body":{"Status":true,"Timestamp":"2022-10-06 10:00:00","volt":"187.596529709155"},"EnqueuedTimeUtc":"2022-10-06 10:00:00","Properties":{"messagetype":"Demo"},"SystemProperties":{"connectionAuthMethod":"{\"scope\":\"device\",\"type\":\"sas\",\"issuer\":\"iothub\",\"acceptingIpFilterRule\":null}","connectionDeviceGenerationId":"638052891151821842","connectionDeviceId":"IOTDevice_10_1","contentEncoding":"utf-8","contentType":"application/json","enqueuedTime":"2022-10-06 10:00:00"}}
{"Body":{"Status":true,"Timestamp":"2022-10-06 10:00:00","rotate":"446.995976070439"},"EnqueuedTimeUtc":"2022-10-06 10:00:00","Properties":{"messagetype":"Demo"},"SystemProperties":{"connectionAuthMethod":"{\"scope\":\"device\",\"type\":\"sas\",\"issuer\":\"iothub\",\"acceptingIpFilterRule\":null}","connectionDeviceGenerationId":"638052891151821842","connectionDeviceId":"IOTDevice_10_2","contentEncoding":"utf-8","contentType":"application/json","enqueuedTime":"2022-10-06 10:00:00"}}
{"Body":{"Status":true,"Timestamp":"2022-10-06 10:00:00","pressure":"89.7523915354993"},"EnqueuedTimeUtc":"2022-10-06 10:00:00","Properties":{"messagetype":"Demo"},"SystemProperties":{"connectionAuthMethod":"{\"scope\":\"device\",\"type\":\"sas\",\"issuer\":\"iothub\",\"acceptingIpFilterRule\":null}","connectionDeviceGenerationId":"638052891151821842","connectionDeviceId":"IOTDevice_10_3","contentEncoding":"utf-8","contentType":"application/json","enqueuedTime":"2022-10-06 10:00:00"}}
{"Body":{"Status":true,"Timestamp":"2022-10-06 10:00:00","vibration":"33.5156748016197"},"EnqueuedTimeUtc":"2022-10-06 10:00:00","Properties":{"messagetype":"Demo"},"SystemProperties":{"connectionAuthMethod":"{\"scope\":\"device\",\"type\":\"sas\",\"issuer\":\"iothub\",\"acceptingIpFilterRule\":null}","connectionDeviceGenerationId":"638052891151821842","connectionDeviceId":"IOTDevice_10_4","contentEncoding":"utf-8","contentType":"application/json","enqueuedTime":"2022-10-06 10:00:00"}}
{"Body":{"Status":true,"Timestamp":"2022-10-06 11:00:00","volt":"164.510728707807"},"EnqueuedTimeUtc":"2022-10-06 11:00:00","Properties":{"messagetype":"Demo"},"SystemProperties":{"connectionAuthMethod":"{\"scope\":\"device\",\"type\":\"sas\",\"issuer\":\"iothub\",\"acceptingIpFilterRule\":null}","connectionDeviceGenerationId":"638052891151821842","connectionDeviceId":"IOTDevice_10_1","contentEncoding":"utf-8","contentType":"application/json","enqueuedTime":"2022-10-06 11:00:00"}}
{"Body":{"Status":true,"Timestamp":"2022-10-06 11:00:00","rotate":"359.970160868529"},"EnqueuedTimeUtc":"2022-10-06 11:00:00","Properties":{"messagetype":"Demo"},"SystemProperties":{"connectionAuthMethod":"{\"scope\":\"device\",\"type\":\"sas\",\"issuer\":\"iothub\",\"acceptingIpFilterRule\":null}","connectionDeviceGenerationId":"638052891151821842","connectionDeviceId":"IOTDevice_10_2","contentEncoding":"utf-8","contentType":"application/json","enqueuedTime":"2022-10-06 11:00:00"}}
{"Body":{"Status":true,"Timestamp":"2022-10-06 11:00:00","pressure":"98.9846345285449"},"EnqueuedTimeUtc":"2022-10-06 11:00:00","Properties":{"messagetype":"Demo"},"SystemProperties":{"connectionAuthMethod":"{\"scope\":\"device\",\"type\":\"sas\",\"issuer\":\"iothub\",\"acceptingIpFilterRule\":null}","connectionDeviceGenerationId":"638052891151821842","connectionDeviceId":"IOTDevice_10_3","contentEncoding":"utf-8","contentType":"application/json","enqueuedTime":"2022-10-06 11:00:00"}}
{"Body":{"Status":true,"Timestamp":"2022-10-06 11:00:00","vibration":"39.1524068905125"},"EnqueuedTimeUtc":"2022-10-06 11:00:00","Properties":{"messagetype":"Demo"},"SystemProperties":{"connectionAuthMethod":"{\"scope\":\"device\",\"type\":\"sas\",\"issuer\":\"iothub\",\"acceptingIpFilterRule\":null}","connectionDeviceGenerationId":"638052891151821842","connectionDeviceId":"IOTDevice_10_4","contentEncoding":"utf-8","contentType":"application/json","enqueuedTime":"2022-10-06 11:00:00"}}
{"Body":{"Status":true,"Timestamp":"2022-10-06 12:00:00","volt":"175.053802283724"},"EnqueuedTimeUtc":"2022-10-06 12:00:00","Properties":{"messagetype":"Demo"},"SystemProperties":{"connectionAuthMethod":"{\"scope\":\"device\",\"type\":\"sas\",\"issuer\":\"iothub\",\"acceptingIpFilterRule\":null}","connectionDeviceGenerationId":"638052891151821842","connectionDeviceId":"IOTDevice_10_1","contentEncoding":"utf-8","contentType":"application/json","enqueuedTime":"2022-10-06 12:00:00"}}
{"Body":{"Status":true,"Timestamp":"2022-10-06 12:00:00","rotate":"466.573399954375"},"EnqueuedTimeUtc":"2022-10-06 12:00:00","Properties":{"messagetype":"Demo"},"SystemProperties":{"connectionAuthMethod":"{\"scope\":\"device\",\"type\":\"sas\",\"issuer\":\"iothub\",\"acceptingIpFilterRule\":null}","connectionDeviceGenerationId":"638052891151821842","connectionDeviceId":"IOTDevice_10_2","contentEncoding":"utf-8","contentType":"application/json","enqueuedTime":"2022-10-06 12:00:00"}}
{"Body":{"Status":true,"Timestamp":"2022-10-06 12:00:00","pressure":"110.078866312991"},"EnqueuedTimeUtc":"2022-10-06 12:00:00","Properties":{"messagetype":"Demo"},"SystemProperties":{"connectionAuthMethod":"{\"scope\":\"device\",\"type\":\"sas\",\"issuer\":\"iothub\",\"acceptingIpFilterRule\":null}","connectionDeviceGenerationId":"638052891151821842","connectionDeviceId":"IOTDevice_10_3","contentEncoding":"utf-8","contentType":"application/json","enqueuedTime":"2022-10-06 12:00:00"}}
{"Body":{"Status":true,"Timestamp":"2022-10-06 12:00:00","vibration":"42.255759025906"},"EnqueuedTimeUtc":"2022-10-06 12:00:00","Properties":{"messagetype":"Demo"},"SystemProperties":{"connectionAuthMethod":"{\"scope\":\"device\",\"type\":\"sas\",\"issuer\":\"iothub\",\"acceptingIpFilterRule\":null}","connectionDeviceGenerationId":"638052891151821842","connectionDeviceId":"IOTDevice_10_4","contentEncoding":"utf-8","contentType":"application/json","enqueuedTime":"2022-10-06 12:00:00"}}
{"Body":{"Status":true,"Timestamp":"2022-10-06 13:00:00","volt":"177.666629161895"},"EnqueuedTimeUtc":"2022-10-06 13:00:00","Properties":{"messagetype":"Demo"},"SystemProperties":{"connectionAuthMethod":"{\"scope\":\"device\",\"type\":\"sas\",\"issuer\":\"iothub\",\"acceptingIpFilterRule\":null}","connectionDeviceGenerationId":"638052891151821842","connectionDeviceId":"IOTDevice_10_1","contentEncoding":"utf-8","contentType":"application/json","enqueuedTime":"2022-10-06 13:00:00"}}
{"Body":{"Status":true,"Timestamp":"2022-10-06 13:00:00","rotate":"461.516440467546"},"EnqueuedTimeUtc":"2022-10-06 13:00:00","Properties":{"messagetype":"Demo"},"SystemProperties":{"connectionAuthMethod":"{\"scope\":\"device\",\"type\":\"sas\",\"issuer\":\"iothub\",\"acceptingIpFilterRule\":null}","connectionDeviceGenerationId":"638052891151821842","connectionDeviceId":"IOTDevice_10_2","contentEncoding":"utf-8","contentType":"application/json","enqueuedTime":"2022-10-06 13:00:00"}}
{"Body":{"Status":true,"Timestamp":"2022-10-06 13:00:00","pressure":"99.1220779361353"},"EnqueuedTimeUtc":"2022-10-06 13:00:00","Properties":{"messagetype":"Demo"},"SystemProperties":{"connectionAuthMethod":"{\"scope\":\"device\",\"type\":\"sas\",\"issuer\":\"iothub\",\"acceptingIpFilterRule\":null}","connectionDeviceGenerationId":"638052891151821842","connectionDeviceId":"IOTDevice_10_3","contentEncoding":"utf-8","contentType":"application/json","enqueuedTime":"2022-10-06 13:00:00"}}
{"Body":{"Status":true,"Timestamp":"2022-10-06 13:00:00","vibration":"46.0012689245722"},"EnqueuedTimeUtc":"2022-10-06 13:00:00","Properties":{"messagetype":"Demo"},"SystemProperties":{"connectionAuthMethod":"{\"scope\":\"device\",\"type\":\"sas\",\"issuer\":\"iothub\",\"acceptingIpFilterRule\":null}","connectionDeviceGenerationId":"638052891151821842","connectionDeviceId":"IOTDevice_10_4","contentEncoding":"utf-8","contentType":"application/json","enqueuedTime":"2022-10-06 13:00:00"}}
{"Body":{"Status":true,"Timestamp":"2022-10-06 14:00:00","volt":"188.600099612442"},"EnqueuedTimeUtc":"2022-10-06 14:00:00","Properties":{"messagetype":"Demo"},"SystemProperties":{"connectionAuthMethod":"{\"scope\":\"device\",\"type\":\"sas\",\"issuer\":\"iothub\",\"acceptingIpFilterRule\":null}","connectionDeviceGenerationId":"638052891151821842","connectionDeviceId":"IOTDevice_10_1","contentEncoding":"utf-8","contentType":"application/json","enqueuedTime":"2022-10-06 14:00:00"}}
{"Body":{"Status":true,"Timestamp":"2022-10-06 14:00:00","rotate":"359.005960966927"},"EnqueuedTimeUtc":"2022-10-06 14:00:00","Properties":{"messagetype":"Demo"},"SystemProperties":{"connectionAuthMethod":"{\"scope\":\"device\",\"type\":\"sas\",\"issuer\":\"iothub\",\"acceptingIpFilterRule\":null}","connectionDeviceGenerationId":"638052891151821842","connectionDeviceId":"IOTDevice_10_2","contentEncoding":"utf-8","contentType":"application/json","enqueuedTime":"2022-10-06 14:00:00"}}
{"Body":{"Status":true,"Timestamp":"2022-10-06 14:00:00","pressure":"108.437322652087"},"EnqueuedTimeUtc":"2022-10-06 14:00:00","Properties":{"messagetype":"Demo"},"SystemProperties":{"connectionAuthMethod":"{\"scope\":\"device\",\"type\":\"sas\",\"issuer\":\"iothub\",\"acceptingIpFilterRule\":null}","connectionDeviceGenerationId":"638052891151821842","connectionDeviceId":"IOTDevice_10_3","contentEncoding":"utf-8","contentType":"application/json","enqueuedTime":"2022-10-06 14:00:00"}}
{"Body":{"Status":true,"Timestamp":"2022-10-06 14:00:00","vibration":"41.9304512387758"},"EnqueuedTimeUtc":"2022-10-06 14:00:00","Properties":{"messagetype":"Demo"},"SystemProperties":{"connectionAuthMethod":"{\"scope\":\"device\",\"type\":\"sas\",\"issuer\":\"iothub\",\"acceptingIpFilterRule\":null}","connectionDeviceGenerationId":"638052891151821842","connectionDeviceId":"IOTDevice_10_4","contentEncoding":"utf-8","contentType":"application/json","enqueuedTime":"2022-10-06 14:00:00"}}
{"Body":{"Status":true,"Timestamp":"2022-10-06 15:00:00","volt":"191.30507481708"},"EnqueuedTimeUtc":"2022-10-06 15:00:00","Properties":{"messagetype":"Demo"},"SystemProperties":{"connectionAuthMethod":"{\"scope\":\"device\",\"type\":\"sas\",\"issuer\":\"iothub\",\"acceptingIpFilterRule\":null}","connectionDeviceGenerationId":"638052891151821842","connectionDeviceId":"IOTDevice_10_1","contentEncoding":"utf-8","contentType":"application/json","enqueuedTime":"2022-10-06 15:00:00"}}
{"Body":{"Status":true,"Timestamp":"2022-10-06 15:00:00","rotate":"539.002731420127"},"EnqueuedTimeUtc":"2022-10-06 15:00:00","Properties":{"messagetype":"Demo"},"SystemProperties":{"connectionAuthMethod":"{\"scope\":\"device\",\"type\":\"sas\",\"issuer\":\"iothub\",\"acceptingIpFilterRule\":null}","connectionDeviceGenerationId":"638052891151821842","connectionDeviceId":"IOTDevice_10_2","contentEncoding":"utf-8","contentType":"application/json","enqueuedTime":"2022-10-06 15:00:00"}}
{"Body":{"Status":true,"Timestamp":"2022-10-06 15:00:00","pressure":"96.1623480633076"},"EnqueuedTimeUtc":"2022-10-06 15:00:00","Properties":{"messagetype":"Demo"},"SystemProperties":{"connectionAuthMethod":"{\"scope\":\"device\",\"type\":\"sas\",\"issuer\":\"iothub\",\"acceptingIpFilterRule\":null}","connectionDeviceGenerationId":"638052891151821842","connectionDeviceId":"IOTDevice_10_3","contentEncoding":"utf-8","contentType":"application/json","enqueuedTime":"2022-10-06 15:00:00"}}
{"Body":{"Status":true,"Timestamp":"2022-10-06 15:00:00","vibration":"34.3815295383274"},"EnqueuedTimeUtc":"2022-10-06 15:00:00","Properties":{"messagetype":"Demo"},"SystemProperties":{"connectionAuthMethod":"{\"scope\":\"device\",\"type\":\"sas\",\"issuer\":\"iothub\",\"acceptingIpFilterRule\":null}","connectionDeviceGenerationId":"638052891151821842","connectionDeviceId":"IOTDevice_10_4","contentEncoding":"utf-8","contentType":"application/json","enqueuedTime":"2022-10-06 15:00:00"}}
{"Body":{"Status":true,"Timestamp":"2022-10-06 16:00:00","volt":"149.828121829983"},"EnqueuedTimeUtc":"2022-10-06 16:00:00","Properties":{"messagetype":"Demo"},"SystemProperties":{"connectionAuthMethod":"{\"scope\":\"device\",\"type\":\"sas\",\"issuer\":\"iothub\",\"acceptingIpFilterRule\":null}","connectionDeviceGenerationId":"638052891151821842","connectionDeviceId":"IOTDevice_10_1","contentEncoding":"utf-8","contentType":"application/json","enqueuedTime":"2022-10-06 16:00:00"}}
{"Body":{"Status":true,"Timestamp":"2022-10-06 16:00:00","rotate":"409.019862095071"},"EnqueuedTimeUtc":"2022-10-06 16:00:00","Properties":{"messagetype":"Demo"},"SystemProperties":{"connectionAuthMethod":"{\"scope\":\"device\",\"type\":\"sas\",\"issuer\":\"iothub\",\"acceptingIpFilterRule\":null}","connectionDeviceGenerationId":"638052891151821842","connectionDeviceId":"IOTDevice_10_2","contentEncoding":"utf-8","contentType":"application/json","enqueuedTime":"2022-10-06 16:00:00"}}
{"Body":{"Status":true,"Timestamp":"2022-10-06 16:00:00","pressure":"100.836083854152"},"EnqueuedTimeUtc":"2022-10-06 16:00:00","Properties":{"messagetype":"Demo"},"SystemProperties":{"connectionAuthMethod":"{\"scope\":\"device\",\"type\":\"sas\",\"issuer\":\"iothub\",\"acceptingIpFilterRule\":null}","connectionDeviceGenerationId":"638052891151821842","connectionDeviceId":"IOTDevice_10_3","contentEncoding":"utf-8","contentType":"application/json","enqueuedTime":"2022-10-06 16:00:00"}}
{"Body":{"Status":true,"Timestamp":"2022-10-06 16:00:00","vibration":"36.7896821874245"},"EnqueuedTimeUtc":"2022-10-06 16:00:00","Properties":{"messagetype":"Demo"},"SystemProperties":{"connectionAuthMethod":"{\"scope\":\"device\",\"type\":\"sas\",\"issuer\":\"iothub\",\"acceptingIpFilterRule\":null}","connectionDeviceGenerationId":"638052891151821842","connectionDeviceId":"IOTDevice_10_4","contentEncoding":"utf-8","contentType":"application/json","enqueuedTime":"2022-10-06 16:00:00"}}
{"Body":{"Status":true,"Timestamp":"2022-10-06 17:00:00","volt":"169.193397361713"},"EnqueuedTimeUtc":"2022-10-06 17:00:00","Properties":{"messagetype":"Demo"},"SystemProperties":{"connectionAuthMethod":"{\"scope\":\"device\",\"type\":\"sas\",\"issuer\":\"iothub\",\"acceptingIpFilterRule\":null}","connectionDeviceGenerationId":"638052891151821842","connectionDeviceId":"IOTDevice_10_1","contentEncoding":"utf-8","contentType":"application/json","enqueuedTime":"2022-10-06 17:00:00"}}
{"Body":{"Status":true,"Timestamp":"2022-10-06 17:00:00","rotate":"484.772953313246"},"EnqueuedTimeUtc":"2022-10-06 17:00:00","Properties":{"messagetype":"Demo"},"SystemProperties":{"connectionAuthMethod":"{\"scope\":\"device\",\"type\":\"sas\",\"issuer\":\"iothub\",\"acceptingIpFilterRule\":null}","connectionDeviceGenerationId":"638052891151821842","connectionDeviceId":"IOTDevice_10_2","contentEncoding":"utf-8","contentType":"application/json","enqueuedTime":"2022-10-06 17:00:00"}}
{"Body":{"Status":true,"Timestamp":"2022-10-06 17:00:00","pressure":"89.0172136897509"},"EnqueuedTimeUtc":"2022-10-06 17:00:00","Properties":{"messagetype":"Demo"},"SystemProperties":{"connectionAuthMethod":"{\"scope\":\"device\",\"type\":\"sas\",\"issuer\":\"iothub\",\"acceptingIpFilterRule\":null}","connectionDeviceGenerationId":"638052891151821842","connectionDeviceId":"IOTDevice_10_3","contentEncoding":"utf-8","contentType":"application/json","enqueuedTime":"2022-10-06 17:00:00"}}
{"Body":{"Status":true,"Timestamp":"2022-10-06 17:00:00","vibration":"41.1557916240026"},"EnqueuedTimeUtc":"2022-10-06 17:00:00","Properties":{"messagetype":"Demo"},"SystemProperties":{"connectionAuthMethod":"{\"scope\":\"device\",\"type\":\"sas\",\"issuer\":\"iothub\",\"acceptingIpFilterRule\":null}","connectionDeviceGenerationId":"638052891151821842","connectionDeviceId":"IOTDevice_10_4","contentEncoding":"utf-8","contentType":"application/json","enqueuedTime":"2022-10-06 17:00:00"}}
{"Body":{"Status":true,"Timestamp":"2022-10-06 18:00:00","volt":"175.841126211158"},"EnqueuedTimeUtc":"2022-10-06 18:00:00","Properties":{"messagetype":"Demo"},"SystemProperties":{"connectionAuthMethod":"{\"scope\":\"device\",\"type\":\"sas\",\"issuer\":\"iothub\",\"acceptingIpFilterRule\":null}","connectionDeviceGenerationId":"638052891151821842","connectionDeviceId":"IOTDevice_10_1","contentEncoding":"utf-8","contentType":"application/json","enqueuedTime":"2022-10-06 18:00:00"}}
{"Body":{"Status":true,"Timestamp":"2022-10-06 18:00:00","rotate":"419.556633118932"},"EnqueuedTimeUtc":"2022-10-06 18:00:00","Properties":{"messagetype":"Demo"},"SystemProperties":{"connectionAuthMethod":"{\"scope\":\"device\",\"type\":\"sas\",\"issuer\":\"iothub\",\"acceptingIpFilterRule\":null}","connectionDeviceGenerationId":"638052891151821842","connectionDeviceId":"IOTDevice_10_2","contentEncoding":"utf-8","contentType":"application/json","enqueuedTime":"2022-10-06 18:00:00"}}
{"Body":{"Status":true,"Timestamp":"2022-10-06 18:00:00","pressure":"88.0625291344181"},"EnqueuedTimeUtc":"2022-10-06 18:00:00","Properties":{"messagetype":"Demo"},"SystemProperties":{"connectionAuthMethod":"{\"scope\":\"device\",\"type\":\"sas\",\"issuer\":\"iothub\",\"acceptingIpFilterRule\":null}","connectionDeviceGenerationId":"638052891151821842","connectionDeviceId":"IOTDevice_10_3","contentEncoding":"utf-8","contentType":"application/json","enqueuedTime":"2022-10-06 18:00:00"}}
{"Body":{"Status":true,"Timestamp":"2022-10-06 18:00:00","vibration":"45.327902248452"},"EnqueuedTimeUtc":"2022-10-06 18:00:00","Properties":{"messagetype":"Demo"},"SystemProperties":{"connectionAuthMethod":"{\"scope\":\"device\",\"type\":\"sas\",\"issuer\":\"iothub\",\"acceptingIpFilterRule\":null}","connectionDeviceGenerationId":"638052891151821842","connectionDeviceId":"IOTDevice_10_4","contentEncoding":"utf-8","contentType":"application/json","enqueuedTime":"2022-10-06 18:00:00"}}
{"Body":{"Status":true,"Timestamp":"2022-10-06 19:00:00","volt":"173.974352359693"},"EnqueuedTimeUtc":"2022-10-06 19:00:00","Properties":{"messagetype":"Demo"},"SystemProperties":{"connectionAuthMethod":"{\"scope\":\"device\",\"type\":\"sas\",\"issuer\":\"iothub\",\"acceptingIpFilterRule\":null}","connectionDeviceGenerationId":"638052891151821842","connectionDeviceId":"IOTDevice_10_1","contentEncoding":"utf-8","contentType":"application/json","enqueuedTime":"2022-10-06 19:00:00"}}
{"Body":{"Status":true,"Timestamp":"2022-10-06 19:00:00","rotate":"490.013212607327"},"EnqueuedTimeUtc":"2022-10-06 19:00:00","Properties":{"messagetype":"Demo"},"SystemProperties":{"connectionAuthMethod":"{\"scope\":\"device\",\"type\":\"sas\",\"issuer\":\"iothub\",\"acceptingIpFilterRule\":null}","connectionDeviceGenerationId":"638052891151821842","connectionDeviceId":"IOTDevice_10_2","contentEncoding":"utf-8","contentType":"application/json","enqueuedTime":"2022-10-06 19:00:00"}}
{"Body":{"Status":true,"Timestamp":"2022-10-06 19:00:00","pressure":"109.927340370939"},"EnqueuedTimeUtc":"2022-10-06 19:00:00","Properties":{"messagetype":"Demo"},"SystemProperties":{"connectionAuthMethod":"{\"scope\":\"device\",\"type\":\"sas\",\"issuer\":\"iothub\",\"acceptingIpFilterRule\":null}","connectionDeviceGenerationId":"638052891151821842","connectionDeviceId":"IOTDevice_10_3","contentEncoding":"utf-8","contentType":"application/json","enqueuedTime":"2022-10-06 19:00:00"}}
{"Body":{"Status":true,"Timestamp":"2022-10-06 19:00:00","vibration":"36.1677895809255"},"EnqueuedTimeUtc":"2022-10-06 19:00:00","Properties":{"messagetype":"Demo"},"SystemProperties":{"connectionAuthMethod":"{\"scope\":\"device\",\"type\":\"sas\",\"issuer\":\"iothub\",\"acceptingIpFilterRule\":null}","connectionDeviceGenerationId":"638052891151821842","connectionDeviceId":"IOTDevice_10_4","contentEncoding":"utf-8","contentType":"application/json","enqueuedTime":"2022-10-06 19:00:00"}}
{"Body":{"Status":true,"Timestamp":"2022-10-06 20:00:00","volt":"178.53323714889"},"EnqueuedTimeUtc":"2022-10-06 20:00:00","Properties":{"messagetype":"Demo"},"SystemProperties":{"connectionAuthMethod":"{\"scope\":\"device\",\"type\":\"sas\",\"issuer\":\"iothub\",\"acceptingIpFilterRule\":null}","connectionDeviceGenerationId":"638052891151821842","connectionDeviceId":"IOTDevice_10_1","contentEncoding":"utf-8","contentType":"application/json","enqueuedTime":"2022-10-06 20:00:00"}}
{"Body":{"Status":true,"Timestamp":"2022-10-06 20:00:00","rotate":"367.431728121739"},"EnqueuedTimeUtc":"2022-10-06 20:00:00","Properties":{"messagetype":"Demo"},"SystemProperties":{"connectionAuthMethod":"{\"scope\":\"device\",\"type\":\"sas\",\"issuer\":\"iothub\",\"acceptingIpFilterRule\":null}","connectionDeviceGenerationId":"638052891151821842","connectionDeviceId":"IOTDevice_10_2","contentEncoding":"utf-8","contentType":"application/json","enqueuedTime":"2022-10-06 20:00:00"}}
{"Body":{"Status":true,"Timestamp":"2022-10-06 20:00:00","pressure":"94.196138125609"},"EnqueuedTimeUtc":"2022-10-06 20:00:00","Properties":{"messagetype":"Demo"},"SystemProperties":{"connectionAuthMethod":"{\"scope\":\"device\",\"type\":\"sas\",\"issuer\":\"iothub\",\"acceptingIpFilterRule\":null}","connectionDeviceGenerationId":"638052891151821842","connectionDeviceId":"IOTDevice_10_3","contentEncoding":"utf-8","contentType":"application/json","enqueuedTime":"2022-10-06 20:00:00"}}
{"Body":{"Status":true,"Timestamp":"2022-10-06 20:00:00","vibration":"44.2413620492952"},"EnqueuedTimeUtc":"2022-10-06 20:00:00","Properties":{"messagetype":"Demo"},"SystemProperties":{"connectionAuthMethod":"{\"scope\":\"device\",\"type\":\"sas\",\"issuer\":\"iothub\",\"acceptingIpFilterRule\":null}","connectionDeviceGenerationId":"638052891151821842","connectionDeviceId":"IOTDevice_10_4","contentEncoding":"utf-8","contentType":"application/json","enqueuedTime":"2022-10-06 20:00:00"}}
{"Body":{"Status":true,"Timestamp":"2022-10-06 21:00:00","volt":"170.580677787278"},"EnqueuedTimeUtc":"2022-10-06 21:00:00","Properties":{"messagetype":"Demo"},"SystemProperties":{"connectionAuthMethod":"{\"scope\":\"device\",\"type\":\"sas\",\"issuer\":\"iothub\",\"acceptingIpFilterRule\":null}","connectionDeviceGenerationId":"638052891151821842","connectionDeviceId":"IOTDevice_10_1","contentEncoding":"utf-8","contentType":"application/json","enqueuedTime":"2022-10-06 21:00:00"}}
{"Body":{"Status":true,"Timestamp":"2022-10-06 21:00:00","rotate":"447.883303122682"},"EnqueuedTimeUtc":"2022-10-06 21:00:00","Properties":{"messagetype":"Demo"},"SystemProperties":{"connectionAuthMethod":"{\"scope\":\"device\",\"type\":\"sas\",\"issuer\":\"iothub\",\"acceptingIpFilterRule\":null}","connectionDeviceGenerationId":"638052891151821842","connectionDeviceId":"IOTDevice_10_2","contentEncoding":"utf-8","contentType":"application/json","enqueuedTime":"2022-10-06 21:00:00"}}
{"Body":{"Status":true,"Timestamp":"2022-10-06 21:00:00","pressure":"121.601596602423"},"EnqueuedTimeUtc":"2022-10-06 21:00:00","Properties":{"messagetype":"Demo"},"SystemProperties":{"connectionAuthMethod":"{\"scope\":\"device\",\"type\":\"sas\",\"issuer\":\"iothub\",\"acceptingIpFilterRule\":null}","connectionDeviceGenerationId":"638052891151821842","connectionDeviceId":"IOTDevice_10_3","contentEncoding":"utf-8","contentType":"application/json","enqueuedTime":"2022-10-06 21:00:00"}}
{"Body":{"Status":true,"Timestamp":"2022-10-06 21:00:00","vibration":"39.1178174009828"},"EnqueuedTimeUtc":"2022-10-06 21:00:00","Properties":{"messagetype":"Demo"},"SystemProperties":{"connectionAuthMethod":"{\"scope\":\"device\",\"type\":\"sas\",\"issuer\":\"iothub\",\"acceptingIpFilterRule\":null}","connectionDeviceGenerationId":"638052891151821842","connectionDeviceId":"IOTDevice_10_4","contentEncoding":"utf-8","contentType":"application/json","enqueuedTime":"2022-10-06 21:00:00"}}
{"Body":{"Status":true,"Timestamp":"2022-10-06 22:00:00","volt":"165.95716126857"},"EnqueuedTimeUtc":"2022-10-06 22:00:00","Properties":{"messagetype":"Demo"},"SystemProperties":{"connectionAuthMethod":"{\"scope\":\"device\",\"type\":\"sas\",\"issuer\":\"iothub\",\"acceptingIpFilterRule\":null}","connectionDeviceGenerationId":"638052891151821842","connectionDeviceId":"IOTDevice_10_1","contentEncoding":"utf-8","contentType":"application/json","enqueuedTime":"2022-10-06 22:00:00"}}
{"Body":{"Status":true,"Timestamp":"2022-10-06 22:00:00","rotate":"462.007899973817"},"EnqueuedTimeUtc":"2022-10-06 22:00:00","Properties":{"messagetype":"Demo"},"SystemProperties":{"connectionAuthMethod":"{\"scope\":\"device\",\"type\":\"sas\",\"issuer\":\"iothub\",\"acceptingIpFilterRule\":null}","connectionDeviceGenerationId":"638052891151821842","connectionDeviceId":"IOTDevice_10_2","contentEncoding":"utf-8","contentType":"application/json","enqueuedTime":"2022-10-06 22:00:00"}}
{"Body":{"Status":true,"Timestamp":"2022-10-06 22:00:00","pressure":"110.708879249548"},"EnqueuedTimeUtc":"2022-10-06 22:00:00","Properties":{"messagetype":"Demo"},"SystemProperties":{"connectionAuthMethod":"{\"scope\":\"device\",\"type\":\"sas\",\"issuer\":\"iothub\",\"acceptingIpFilterRule\":null}","connectionDeviceGenerationId":"638052891151821842","connectionDeviceId":"IOTDevice_10_3","contentEncoding":"utf-8","contentType":"application/json","enqueuedTime":"2022-10-06 22:00:00"}}
{"Body":{"Status":true,"Timestamp":"2022-10-06 22:00:00","vibration":"40.4759063671116"},"EnqueuedTimeUtc":"2022-10-06 22:00:00","Properties":{"messagetype":"Demo"},"SystemProperties":{"connectionAuthMethod":"{\"scope\":\"device\",\"type\":\"sas\",\"issuer\":\"iothub\",\"acceptingIpFilterRule\":null}","connectionDeviceGenerationId":"638052891151821842","connectionDeviceId":"IOTDevice_10_4","contentEncoding":"utf-8","contentType":"application/json","enqueuedTime":"2022-10-06 22:00:00"}}
{"Body":{"Status":true,"Timestamp":"2022-10-06 23:00:00","volt":"191.75220614789"},"EnqueuedTimeUtc":"2022-10-06 23:00:00","Properties":{"messagetype":"Demo"},"SystemProperties":{"connectionAuthMethod":"{\"scope\":\"device\",\"type\":\"sas\",\"issuer\":\"iothub\",\"acceptingIpFilterRule\":null}","connectionDeviceGenerationId":"638052891151821842","connectionDeviceId":"IOTDevice_10_1","contentEncoding":"utf-8","contentType":"application/json","enqueuedTime":"2022-10-06 23:00:00"}}
{"Body":{"Status":true,"Timestamp":"2022-10-06 23:00:00","rotate":"532.881139652809"},"EnqueuedTimeUtc":"2022-10-06 23:00:00","Properties":{"messagetype":"Demo"},"SystemProperties":{"connectionAuthMethod":"{\"scope\":\"device\",\"type\":\"sas\",\"issuer\":\"iothub\",\"acceptingIpFilterRule\":null}","connectionDeviceGenerationId":"638052891151821842","connectionDeviceId":"IOTDevice_10_2","contentEncoding":"utf-8","contentType":"application/json","enqueuedTime":"2022-10-06 23:00:00"}}
{"Body":{"Status":true,"Timestamp":"2022-10-06 23:00:00","pressure":"101.602093813196"},"EnqueuedTimeUtc":"2022-10-06 23:00:00","Properties":{"messagetype":"Demo"},"SystemProperties":{"connectionAuthMethod":"{\"scope\":\"device\",\"type\":\"sas\",\"issuer\":\"iothub\",\"acceptingIpFilterRule\":null}","connectionDeviceGenerationId":"638052891151821842","connectionDeviceId":"IOTDevice_10_3","contentEncoding":"utf-8","contentType":"application/json","enqueuedTime":"2022-10-06 23:00:00"}}
{"Body":{"Status":true,"Timestamp":"2022-10-06 23:00:00","vibration":"34.0841995223561"},"EnqueuedTimeUtc":"2022-10-06 23:00:00","Properties":{"messagetype":"Demo"},"SystemProperties":{"connectionAuthMethod":"{\"scope\":\"device\",\"type\":\"sas\",\"issuer\":\"iothub\",\"acceptingIpFilterRule\":null}","connectionDeviceGenerationId":"638052891151821842","connectionDeviceId":"IOTDevice_10_4","contentEncoding":"utf-8","contentType":"application/json","enqueuedTime":"2022-10-06 23:00:00"}}
