{"Body":{"Status":true,"Timestamp":"2022-10-06 09:00:00","volt":"182.378150696131"},"EnqueuedTimeUtc":"2022-10-06 09:00:00","Properties":{"messagetype":"Demo"},"SystemProperties":{"connectionAuthMethod":"{\"scope\":\"device\",\"type\":\"sas\",\"issuer\":\"iothub\",\"acceptingIpFilterRule\":null}","connectionDeviceGenerationId":"638052891151821842","connectionDeviceId":"IOTDevice_5_1","contentEncoding":"utf-8","contentType":"application/json","enqueuedTime":"2022-10-06 09:00:00"}}
{"Body":{"Status":true,"Timestamp":"2022-10-06 09:00:00","rotate":"394.128046797258"},"EnqueuedTimeUtc":"2022-10-06 09:00:00","Properties":{"messagetype":"Demo"},"SystemProperties":{"connectionAuthMethod":"{\"scope\":\"device\",\"type\":\"sas\",\"issuer\":\"iothub\",\"acceptingIpFilterRule\":null}","connectionDeviceGenerationId":"638052891151821842","connectionDeviceId":"IOTDevice_5_2","contentEncoding":"utf-8","contentType":"application/json","enqueuedTime":"2022-10-06 09:00:00"}}
{"Body":{"Status":true,"Timestamp":"2022-10-06 09:00:00","pressure":"103.983674932243"},"EnqueuedTimeUtc":"2022-10-06 09:00:00","Properties":{"messagetype":"Demo"},"SystemProperties":{"connectionAuthMethod":"{\"scope\":\"device\",\"type\":\"sas\",\"issuer\":\"iothub\",\"acceptingIpFilterRule\":null}","connectionDeviceGenerationId":"638052891151821842","connectionDeviceId":"IOTDevice_5_3","contentEncoding":"utf-8","contentType":"application/json","enqueuedTime":"2022-10-06 09:00:00"}}
{"Body":{"Status":true,"Timestamp":"2022-10-06 09:00:00","vibration":"23.2295238940979"},"EnqueuedTimeUtc":"2022-10-06 09:00:00","Properties":{"messagetype":"Demo"},"SystemProperties":{"connectionAuthMethod":"{\"scope\":\"device\",\"type\":\"sas\",\"issuer\":\"iothub\",\"acceptingIpFilterRule\":null}","connectionDeviceGenerationId":"638052891151821842","connectionDeviceId":"IOTDevice_5_4","contentEncoding":"utf-8","contentType":"application/json","enqueuedTime":"2022-10-06 09:00:00"}}
{"Body":{"Status":true,"Timestamp":"2022-10-06 10:00:00","volt":"167.065947324713"},"EnqueuedTimeUtc":"2022-10-06 10:00:00","Properties":{"messagetype":"Demo"},"SystemProperties":{"connectionAuthMethod":"{\"scope\":\"device\",\"type\":\"sas\",\"issuer\":\"iothub\",\"acceptingIpFilterRule\":null}","connectionDeviceGenerationId":"638052891151821842","connectionDeviceId":"IOTDevice_5_1","contentEncoding":"utf-8","contentType":"application/json","enqueuedTime":"2022-10-06 10:00:00"}}
{"Body":{"Status":true,"Timestamp":"2022-10-06 10:00:00","rotate":"520.956145703343"},"EnqueuedTimeUtc":"2022-10-06 10:00:00","Properties":{"messagetype":"Demo"},"SystemProperties":{"connectionAuthMethod":"{\"scope\":\"device\",\"type\":\"sas\",\"issuer\":\"iothub\",\"acceptingIpFilterRule\":null}","connectionDeviceGenerationId":"638052891151821842","connectionDeviceId":"IOTDevice_5_2","contentEncoding":"utf-8","contentType":"application/json","enqueuedTime":"2022-10-06 10:00:00"}}
{"Body":{"Status":true,"Timestamp":"2022-10-06 10:00:00","pressure":"98.2639567434708"},"EnqueuedTimeUtc":"2022-10-06 10:00:00","Properties":{"messagetype":"Demo"},"SystemProperties":{"connectionAuthMethod":"{\"scope\":\"device\",\"type\":\"sas\",\"issuer\":\"iothub\",\"acceptingIpFilterRule\":null}","connectionDeviceGenerationId":"638052891151821842","connectionDeviceId":"IOTDevice_5_3","contentEncoding":"utf-8","contentType":"application/json","enqueuedTime":"2022-10-06 10:00:00"}}
{"Body":{"Status":true,"Timestamp":"2022-10-06 10:00:00","vibration":"39.6347290151501"},"EnqueuedTimeUtc":"2022-10-06 10:00:00","Properties":{"messagetype":"Demo"},"SystemProperties":{"connectionAuthMethod":"{\"scope\":\"device\",\"type\":\"sas\",\"issuer\":\"iothub\",\"acceptingIpFilterRule\":null}","connectionDeviceGenerationId":"638052891151821842","connectionDeviceId":"IOTDevice_5_4","contentEncoding":"utf-8","contentType":"application/json","enqueuedTime":"2022-10-06 10:00:00"}}
{"Body":{"Status":true,"Timestamp":"2022-10-06 11:00:00","volt":"139.825587660654"},"EnqueuedTimeUtc":"2022-10-06 11:00:00","Properties":{"messagetype":"Demo"},"SystemProperties":{"connectionAuthMethod":"{\"scope\":\"device\",\"type\":\"sas\",\"issuer\":\"iothub\",\"acceptingIpFilterRule\":null}","connectionDeviceGenerationId":"638052891151821842","connectionDeviceId":"IOTDevice_5_1","contentEncoding":"utf-8","contentType":"application/json","enqueuedTime":"2022-10-06 11:00:00"}}
{"Body":{"Status":true,"Timestamp":"2022-10-06 11:00:00","rotate":"390.979134446284"},"EnqueuedTimeUtc":"2022-10-06 11:00:00","Properties":{"messagetype":"Demo"},"SystemProperties":{"connectionAuthMethod":"{\"scope\":\"device\",\"type\":\"sas\",\"issuer\":\"iothub\",\"acceptingIpFilterRule\":null}","connectionDeviceGenerationId":"638052891151821842","connectionDeviceId":"IOTDevice_5_2","contentEncoding":"utf-8","contentType":"application/json","enqueuedTime":"2022-10-06 11:00:00"}}
{"Body":{"Status":true,"Timestamp":"2022-10-06 11:00:00","pressure":"107.431201628662"},"EnqueuedTimeUtc":"2022-10-06 11:00:00","Properties":{"messagetype":"Demo"},"SystemProperties":{"connectionAuthMethod":"{\"scope\":\"device\",\"type\":\"sas\",\"issuer\":\"iothub\",\"acceptingIpFilterRule\":null}","connectionDeviceGenerationId":"638052891151821842","connectionDeviceId":"IOTDevice_5_3","contentEncoding":"utf-8","contentType":"application/json","enqueuedTime":"2022-10-06 11:00:00"}}
{"Body":{"Status":true,"Timestamp":"2022-10-06 11:00:00","vibration":"37.9092236925011"},"EnqueuedTimeUtc":"2022-10-06 11:00:00","Properties":{"messagetype":"Demo"},"SystemProperties":{"connectionAuthMethod":"{\"scope\":\"device\",\"type\":\"sas\",\"issuer\":\"iothub\",\"acceptingIpFilterRule\":null}","connectionDeviceGenerationId":"638052891151821842","connectionDeviceId":"IOTDevice_5_4","contentEncoding":"utf-8","contentType":"application/json","enqueuedTime":"2022-10-06 11:00:00"}}
{"Body":{"Status":true,"Timestamp":"2022-10-06 12:00:00","volt":"168.16553592323"},"EnqueuedTimeUtc":"2022-10-06 12:00:00","Properties":{"messagetype":"Demo"},"SystemProperties":{"connectionAuthMethod":"{\"scope\":\"device\",\"type\":\"sas\",\"issuer\":\"iothub\",\"acceptingIpFilterRule\":null}","connectionDeviceGenerationId":"638052891151821842","connectionDeviceId":"IOTDevice_5_1","contentEncoding":"utf-8","contentType":"application/json","enqueuedTime":"2022-10-06 12:00:00"}}
{"Body":{"Status":true,"Timestamp":"2022-10-06 12:00:00","rotate":"409.139627089002"},"EnqueuedTimeUtc":"2022-10-06 12:00:00","Properties":{"messagetype":"Demo"},"SystemProperties":{"connectionAuthMethod":"{\"scope\":\"device\",\"type\":\"sas\",\"issuer\":\"iothub\",\"acceptingIpFilterRule\":null}","connectionDeviceGenerationId":"638052891151821842","connectionDeviceId":"IOTDevice_5_2","contentEncoding":"utf-8","contentType":"application/json","enqueuedTime":"2022-10-06 12:00:00"}}
{"Body":{"Status":true,"Timestamp":"2022-10-06 12:00:00","pressure":"92.1317591464565"},"EnqueuedTimeUtc":"2022-10-06 12:00:00","Properties":{"messagetype":"Demo"},"SystemProperties":{"connectionAuthMethod":"{\"scope\":\"device\",\"type\":\"sas\",\"issuer\":\"iothub\",\"acceptingIpFilterRule\":null}","connectionDeviceGenerationId":"638052891151821842","connectionDeviceId":"IOTDevice_5_3","contentEncoding":"utf-8","contentType":"application/json","enqueuedTime":"2022-10-06 12:00:00"}}
{"Body":{"Status":true,"Timestamp":"2022-10-06 12:00:00","vibration":"37.7705834218958"},"EnqueuedTimeUtc":"2022-10-06 12:00:00","Properties":{"messagetype":"Demo"},"SystemProperties":{"connectionAuthMethod":"{\"scope\":\"device\",\"type\":\"sas\",\"issuer\":\"iothub\",\"acceptingIpFilterRule\":null}","connectionDeviceGenerationId":"638052891151821842","connectionDeviceId":"IOTDevice_5_4","contentEncoding":"utf-8","contentType":"application/json","enqueuedTime":"2022-10-06 12:00:00"}}
{"Body":{"Status":true,"Timestamp":"2022-10-06 13:00:00","volt":"168.903251872344"},"EnqueuedTimeUtc":"2022-10-06 13:00:00","Properties":{"messagetype":"Demo"},"SystemProperties":{"connectionAuthMethod":"{\"scope\":\"device\",\"type\":\"sas\",\"issuer\":\"iothub\",\"acceptingIpFilterRule\":null}","connectionDeviceGenerationId":"638052891151821842","connectionDeviceId":"IOTDevice_5_1","contentEncoding":"utf-8","contentType":"application/json","enqueuedTime":"2022-10-06 13:00:00"}}
{"Body":{"Status":true,"Timestamp":"2022-10-06 13:00:00","rotate":"373.262876392169"},"EnqueuedTimeUtc":"2022-10-06 13:00:00","Properties":{"messagetype":"Demo"},"SystemProperties":{"connectionAuthMethod":"{\"scope\":\"device\",\"type\":\"sas\",\"issuer\":\"iothub\",\"acceptingIpFilterRule\":null}","connectionDeviceGenerationId":"638052891151821842","connectionDeviceId":"IOTDevice_5_2","contentEncoding":"utf-8","contentType":"application/json","enqueuedTime":"2022-10-06 13:00:00"}}
{"Body":{"Status":true,"Timestamp":"2022-10-06 13:00:00","pressure":"99.5037634609125"},"EnqueuedTimeUtc":"2022-10-06 13:00:00","Properties":{"messagetype":"Demo"},"SystemProperties":{"connectionAuthMethod":"{\"scope\":\"device\",\"type\":\"sas\",\"issuer\":\"iothub\",\"acceptingIpFilterRule\":null}","connectionDeviceGenerationId":"638052891151821842","connectionDeviceId":"IOTDevice_5_3","contentEncoding":"utf-8","contentType":"application/json","enqueuedTime":"2022-10-06 13:00:00"}}
{"Body":{"Status":true,"Timestamp":"2022-10-06 13:00:00","vibration":"42.6520598812541"},"EnqueuedTimeUtc":"2022-10-06 13:00:00","Properties":{"messagetype":"Demo"},"SystemProperties":{"connectionAuthMethod":"{\"scope\":\"device\",\"type\":\"sas\",\"issuer\":\"iothub\",\"acceptingIpFilterRule\":null}","connectionDeviceGenerationId":"638052891151821842","connectionDeviceId":"IOTDevice_5_4","contentEncoding":"utf-8","contentType":"application/json","enqueuedTime":"2022-10-06 13:00:00"}}
{"Body":{"Status":true,"Timestamp":"2022-10-06 14:00:00","volt":"168.990703385917"},"EnqueuedTimeUtc":"2022-10-06 14:00:00","Properties":{"messagetype":"Demo"},"SystemProperties":{"connectionAuthMethod":"{\"scope\":\"device\",\"type\":\"sas\",\"issuer\":\"iothub\",\"acceptingIpFilterRule\":null}","connectionDeviceGenerationId":"638052891151821842","connectionDeviceId":"IOTDevice_5_1","contentEncoding":"utf-8","contentType":"application/json","enqueuedTime":"2022-10-06 14:00:00"}}
{"Body":{"Status":true,"Timestamp":"2022-10-06 14:00:00","rotate":"584.327748230045"},"EnqueuedTimeUtc":"2022-10-06 14:00:00","Properties":{"messagetype":"Demo"},"SystemProperties":{"connectionAuthMethod":"{\"scope\":\"device\",\"type\":\"sas\",\"issuer\":\"iothub\",\"acceptingIpFilterRule\":null}","connectionDeviceGenerationId":"638052891151821842","connectionDeviceId":"IOTDevice_5_2","contentEncoding":"utf-8","contentType":"application/json","enqueuedTime":"2022-10-06 14:00:00"}}
{"Body":{"Status":true,"Timestamp":"2022-10-06 14:00:00","pressure":"79.8286910424359"},"EnqueuedTimeUtc":"2022-10-06 14:00:00","Properties":{"messagetype":"Demo"},"SystemProperties":{"connectionAuthMethod":"{\"scope\":\"device\",\"type\":\"sas\",\"issuer\":\"iothub\",\"acceptingIpFilterRule\":null}","connectionDeviceGenerationId":"638052891151821842","connectionDeviceId":"IOTDevice_5_3","contentEncoding":"utf-8","contentType":"application/json","enqueuedTime":"2022-10-06 14:00:00"}}
{"Body":{"Status":true,"Timestamp":"2022-10-06 14:00:00","vibration":"33.3473386644296"},"EnqueuedTimeUtc":"2022-10-06 14:00:00","Properties":{"messagetype":"Demo"},"SystemProperties":{"connectionAuthMethod":"{\"scope\":\"device\",\"type\":\"sas\",\"issuer\":\"iothub\",\"acceptingIpFilterRule\":null}","connectionDeviceGenerationId":"638052891151821842","connectionDeviceId":"IOTDevice_5_4","contentEncoding":"utf-8","contentType":"application/json","enqueuedTime":"2022-10-06 14:00:00"}}
{"Body":{"Status":true,"Timestamp":"2022-10-06 15:00:00","volt":"180.868527833798"},"EnqueuedTimeUtc":"2022-10-06 15:00:00","Properties":{"messagetype":"Demo"},"SystemProperties":{"connectionAuthMethod":"{\"scope\":\"device\",\"type\":\"sas\",\"issuer\":\"iothub\",\"acceptingIpFilterRule\":null}","connectionDeviceGenerationId":"638052891151821842","connectionDeviceId":"IOTDevice_5_1","contentEncoding":"utf-8","contentType":"application/json","enqueuedTime":"2022-10-06 15:00:00"}}
{"Body":{"Status":true,"Timestamp":"2022-10-06 15:00:00","rotate":"450.369917355461"},"EnqueuedTimeUtc":"2022-10-06 15:00:00","Properties":{"messagetype":"Demo"},"SystemProperties":{"connectionAuthMethod":"{\"scope\":\"device\",\"type\":\"sas\",\"issuer\":\"iothub\",\"acceptingIpFilterRule\":null}","connectionDeviceGenerationId":"638052891151821842","connectionDeviceId":"IOTDevice_5_2","contentEncoding":"utf-8","contentType":"application/json","enqueuedTime":"2022-10-06 15:00:00"}}
{"Body":{"Status":true,"Timestamp":"2022-10-06 15:00:00","pressure":"104.173641973804"},"EnqueuedTimeUtc":"2022-10-06 15:00:00","Properties":{"messagetype":"Demo"},"SystemProperties":{"connectionAuthMethod":"{\"scope\":\"device\",\"type\":\"sas\",\"issuer\":\"iothub\",\"acceptingIpFilterRule\":null}","connectionDeviceGenerationId":"638052891151821842","connectionDeviceId":"IOTDevice_5_3","contentEncoding":"utf-8","contentType":"application/json","enqueuedTime":"2022-10-06 15:00:00"}}
{"Body":{"Status":true,"Timestamp":"2022-10-06 15:00:00","vibration":"42.191338700659"},"EnqueuedTimeUtc":"2022-10-06 15:00:00","Properties":{"messagetype":"Demo"},"SystemProperties":{"connectionAuthMethod":"{\"scope\":\"device\",\"type\":\"sas\",\"issuer\":\"iothub\",\"acceptingIpFilterRule\":null}","connectionDeviceGenerationId":"638052891151821842","connectionDeviceId":"IOTDevice_5_4","contentEncoding":"utf-8","contentType":"application/json","enqueuedTime":"2022-10-06 15:00:00"}}
{"Body":{"Status":true,"Timestamp":"2022-10-06 16:00:00","volt":"168.510124445965"},"EnqueuedTimeUtc":"2022-10-06 16:00:00","Properties":{"messagetype":"Demo"},"SystemProperties":{"connectionAuthMethod":"{\"scope\":\"device\",\"type\":\"sas\",\"issuer\":\"iothub\",\"acceptingIpFilterRule\":null}","connectionDeviceGenerationId":"638052891151821842","connectionDeviceId":"IOTDevice_5_1","contentEncoding":"utf-8","contentType":"application/json","enqueuedTime":"2022-10-06 16:00:00"}}
{"Body":{"Status":true,"Timestamp":"2022-10-06 16:00:00","rotate":"450.988297983898"},"EnqueuedTimeUtc":"2022-10-06 16:00:00","Properties":{"messagetype":"Demo"},"SystemProperties":{"connectionAuthMethod":"{\"scope\":\"device\",\"type\":\"sas\",\"issuer\":\"iothub\",\"acceptingIpFilterRule\":null}","connectionDeviceGenerationId":"638052891151821842","connectionDeviceId":"IOTDevice_5_2","contentEncoding":"utf-8","contentType":"application/json","enqueuedTime":"2022-10-06 16:00:00"}}
{"Body":{"Status":true,"Timestamp":"2022-10-06 16:00:00","pressure":"92.0147180093013"},"EnqueuedTimeUtc":"2022-10-06 16:00:00","Properties":{"messagetype":"Demo"},"SystemProperties":{"connectionAuthMethod":"{\"scope\":\"device\",\"type\":\"sas\",\"issuer\":\"iothub\",\"acceptingIpFilterRule\":null}","connectionDeviceGenerationId":"638052891151821842","connectionDeviceId":"IOTDevice_5_3","contentEncoding":"utf-8","contentType":"application/json","enqueuedTime":"2022-10-06 16:00:00"}}
{"Body":{"Status":true,"Timestamp":"2022-10-06 16:00:00","vibration":"42.8101965803235"},"EnqueuedTimeUtc":"2022-10-06 16:00:00","Properties":{"messagetype":"Demo"},"SystemProperties":{"connectionAuthMethod":"{\"scope\":\"device\",\"type\":\"sas\",\"issuer\":\"iothub\",\"acceptingIpFilterRule\":null}","connectionDeviceGenerationId":"638052891151821842","connectionDeviceId":"IOTDevice_5_4","contentEncoding":"utf-8","contentType":"application/json","enqueuedTime":"2022-10-06 16:00:00"}}
{"Body":{"Status":true,"Timestamp":"2022-10-06 17:00:00","volt":"144.586642351162"},"EnqueuedTimeUtc":"2022-10-06 17:00:00","Properties":{"messagetype":"Demo"},"SystemProperties":{"connectionAuthMethod":"{\"scope\":\"device\",\"type\":\"sas\",\"issuer\":\"iothub\",\"acceptingIpFilterRule\":null}","connectionDeviceGenerationId":"638052891151821842","connectionDeviceId":"IOTDevice_5_1","contentEncoding":"utf-8","contentType":"application/json","enqueuedTime":"2022-10-06 17:00:00"}}
{"Body":{"Status":true,"Timestamp":"2022-10-06 17:00:00","rotate":"505.137475879784"},"EnqueuedTimeUtc":"2022-10-06 17:00:00","Properties":{"messagetype":"Demo"},"SystemProperties":{"connectionAuthMethod":"{\"scope\":\"device\",\"type\":\"sas\",\"issuer\":\"iothub\",\"acceptingIpFilterRule\":null}","connectionDeviceGenerationId":"638052891151821842","connectionDeviceId":"IOTDevice_5_2","contentEncoding":"utf-8","contentType":"application/json","enqueuedTime":"2022-10-06 17:00:00"}}
{"Body":{"Status":true,"Timestamp":"2022-10-06 17:00:00","pressure":"110.01361228204"},"EnqueuedTimeUtc":"2022-10-06 17:00:00","Properties":{"messagetype":"Demo"},"SystemProperties":{"connectionAuthMethod":"{\"scope\":\"device\",\"type\":\"sas\",\"issuer\":\"iothub\",\"acceptingIpFilterRule\":null}","connectionDeviceGenerationId":"638052891151821842","connectionDeviceId":"IOTDevice_5_3","contentEncoding":"utf-8","contentType":"application/json","enqueuedTime":"2022-10-06 17:00:00"}}
{"Body":{"Status":true,"Timestamp":"2022-10-06 17:00:00","vibration":"43.6029076476897"},"EnqueuedTimeUtc":"2022-10-06 17:00:00","Properties":{"messagetype":"Demo"},"SystemProperties":{"connectionAuthMethod":"{\"scope\":\"device\",\"type\":\"sas\",\"issuer\":\"iothub\",\"acceptingIpFilterRule\":null}","connectionDeviceGenerationId":"638052891151821842","connectionDeviceId":"IOTDevice_5_4","contentEncoding":"utf-8","contentType":"application/json","enqueuedTime":"2022-10-06 17:00:00"}}
{"Body":{"Status":true,"Timestamp":"2022-10-06 18:00:00","volt":"188.929724448628"},"EnqueuedTimeUtc":"2022-10-06 18:00:00","Properties":{"messagetype":"Demo"},"SystemProperties":{"connectionAuthMethod":"{\"scope\":\"device\",\"type\":\"sas\",\"issuer\":\"iothub\",\"acceptingIpFilterRule\":null}","connectionDeviceGenerationId":"638052891151821842","connectionDeviceId":"IOTDevice_5_1","contentEncoding":"utf-8","contentType":"application/json","enqueuedTime":"2022-10-06 18:00:00"}}
{"Body":{"Status":true,"Timestamp":"2022-10-06 18:00:00","rotate":"381.514792240107"},"EnqueuedTimeUtc":"2022-10-06 18:00:00","Properties":{"messagetype":"Demo"},"SystemProperties":{"connectionAuthMethod":"{\"scope\":\"device\",\"type\":\"sas\",\"issuer\":\"iothub\",\"acceptingIpFilterRule\":null}","connectionDeviceGenerationId":"638052891151821842","connectionDeviceId":"IOTDevice_5_2","contentEncoding":"utf-8","contentType":"application/json","enqueuedTime":"2022-10-06 18:00:00"}}
{"Body":{"Status":true,"Timestamp":"2022-10-06 18:00:00","pressure":"97.251568076029"},"EnqueuedTimeUtc":"2022-10-06 18:00:00","Properties":{"messagetype":"Demo"},"SystemProperties":{"connectionAuthMethod":"{\"scope\":\"device\",\"type\":\"sas\",\"issuer\":\"iothub\",\"acceptingIpFilterRule\":null}","connectionDeviceGenerationId":"638052891151821842","connectionDeviceId":"IOTDevice_5_3","contentEncoding":"utf-8","contentType":"application/json","enqueuedTime":"2022-10-06 18:00:00"}}
{"Body":{"Status":true,"Timestamp":"2022-10-06 18:00:00","vibration":"30.1790661626798"},"EnqueuedTimeUtc":"2022-10-06 18:00:00","Properties":{"messagetype":"Demo"},"SystemProperties":{"connectionAuthMethod":"{\"scope\":\"device\",\"type\":\"sas\",\"issuer\":\"iothub\",\"acceptingIpFilterRule\":null}","connectionDeviceGenerationId":"638052891151821842","connectionDeviceId":"IOTDevice_5_4","contentEncoding":"utf-8","contentType":"application/json","enqueuedTime":"2022-10-06 18:00:00"}}
{"Body":{"Status":true,"Timestamp":"2022-10-06 19:00:00","volt":"166.815672661624"},"EnqueuedTimeUtc":"2022-10-06 19:00:00","Properties":{"messagetype":"Demo"},"SystemProperties":{"connectionAuthMethod":"{\"scope\":\"device\",\"type\":\"sas\",\"issuer\":\"iothub\",\"acceptingIpFilterRule\":null}","connectionDeviceGenerationId":"638052891151821842","connectionDeviceId":"IOTDevice_5_1","contentEncoding":"utf-8","contentType":"application/json","enqueuedTime":"2022-10-06 19:00:00"}}
{"Body":{"Status":true,"Timestamp":"2022-10-06 19:00:00","rotate":"400.741391032061"},"EnqueuedTimeUtc":"2022-10-06 19:00:00","Properties":{"messagetype":"Demo"},"SystemProperties":{"connectionAuthMethod":"{\"scope\":\"device\",\"type\":\"sas\",\"issuer\":\"iothub\",\"acceptingIpFilterRule\":null}","connectionDeviceGenerationId":"638052891151821842","connectionDeviceId":"IOTDevice_5_2","contentEncoding":"utf-8","contentType":"application/json","enqueuedTime":"2022-10-06 19:00:00"}}
{"Body":{"Status":true,"Timestamp":"2022-10-06 19:00:00","pressure":"90.4946223102107"},"EnqueuedTimeUtc":"2022-10-06 19:00:00","Properties":{"messagetype":"Demo"},"SystemProperties":{"connectionAuthMethod":"{\"scope\":\"device\",\"type\":\"sas\",\"issuer\":\"iothub\",\"acceptingIpFilterRule\":null}","connectionDeviceGenerationId":"638052891151821842","connectionDeviceId":"IOTDevice_5_3","contentEncoding":"utf-8","contentType":"application/json","enqueuedTime":"2022-10-06 19:00:00"}}
{"Body":{"Status":true,"Timestamp":"2022-10-06 19:00:00","vibration":"36.7515285079342"},"EnqueuedTimeUtc":"2022-10-06 19:00:00","Properties":{"messagetype":"Demo"},"SystemProperties":{"connectionAuthMethod":"{\"scope\":\"device\",\"type\":\"sas\",\"issuer\":\"iothub\",\"acceptingIpFilterRule\":null}","connectionDeviceGenerationId":"638052891151821842","connectionDeviceId":"IOTDevice_5_4","contentEncoding":"utf-8","contentType":"application/json","enqueuedTime":"2022-10-06 19:00:00"}}
{"Body":{"Status":true,"Timestamp":"2022-10-06 20:00:00","volt":"196.139319648486"},"EnqueuedTimeUtc":"2022-10-06 20:00:00","Properties":{"messagetype":"Demo"},"SystemProperties":{"connectionAuthMethod":"{\"scope\":\"device\",\"type\":\"sas\",\"issuer\":\"iothub\",\"acceptingIpFilterRule\":null}","connectionDeviceGenerationId":"638052891151821842","connectionDeviceId":"IOTDevice_5_1","contentEncoding":"utf-8","contentType":"application/json","enqueuedTime":"2022-10-06 20:00:00"}}
{"Body":{"Status":true,"Timestamp":"2022-10-06 20:00:00","rotate":"504.377753225111"},"EnqueuedTimeUtc":"2022-10-06 20:00:00","Properties":{"messagetype":"Demo"},"SystemProperties":{"connectionAuthMethod":"{\"scope\":\"device\",\"type\":\"sas\",\"issuer\":\"iothub\",\"acceptingIpFilterRule\":null}","connectionDeviceGenerationId":"638052891151821842","connectionDeviceId":"IOTDevice_5_2","contentEncoding":"utf-8","contentType":"application/json","enqueuedTime":"2022-10-06 20:00:00"}}
{"Body":{"Status":true,"Timestamp":"2022-10-06 20:00:00","pressure":"112.883925948758"},"EnqueuedTimeUtc":"2022-10-06 20:00:00","Properties":{"messagetype":"Demo"},"SystemProperties":{"connectionAuthMethod":"{\"scope\":\"device\",\"type\":\"sas\",\"issuer\":\"iothub\",\"acceptingIpFilterRule\":null}","connectionDeviceGenerationId":"638052891151821842","connectionDeviceId":"IOTDevice_5_3","contentEncoding":"utf-8","contentType":"application/json","enqueuedTime":"2022-10-06 20:00:00"}}
{"Body":{"Status":true,"Timestamp":"2022-10-06 20:00:00","vibration":"46.347575247058"},"EnqueuedTimeUtc":"2022-10-06 20:00:00","Properties":{"messagetype":"Demo"},"SystemProperties":{"connectionAuthMethod":"{\"scope\":\"device\",\"type\":\"sas\",\"issuer\":\"iothub\",\"acceptingIpFilterRule\":null}","connectionDeviceGenerationId":"638052891151821842","connectionDeviceId":"IOTDevice_5_4","contentEncoding":"utf-8","contentType":"application/json","enqueuedTime":"2022-10-06 20:00:00"}}
{"Body":{"Status":true,"Timestamp":"2022-10-06 21:00:00","volt":"165.137595587278"},"EnqueuedTimeUtc":"2022-10-06 21:00:00","Properties":{"messagetype":"Demo"},"SystemProperties":{"connectionAuthMethod":"{\"scope\":\"device\",\"type\":\"sas\",\"issuer\":\"iothub\",\"acceptingIpFilterRule\":null}","connectionDeviceGenerationId":"638052891151821842","connectionDeviceId":"IOTDevice_5_1","contentEncoding":"utf-8","contentType":"application/json","enqueuedTime":"2022-10-06 21:00:00"}}
{"Body":{"Status":true,"Timestamp":"2022-10-06 21:00:00","rotate":"488.155484023002"},"EnqueuedTimeUtc":"2022-10-06 21:00:00","Properties":{"messagetype":"Demo"},"SystemProperties":{"connectionAuthMethod":"{\"scope\":\"device\",\"type\":\"sas\",\"issuer\":\"iothub\",\"acceptingIpFilterRule\":null}","connectionDeviceGenerationId":"638052891151821842","connectionDeviceId":"IOTDevice_5_2","contentEncoding":"utf-8","contentType":"application/json","enqueuedTime":"2022-10-06 21:00:00"}}
{"Body":{"Status":true,"Timestamp":"2022-10-06 21:00:00","pressure":"77.3368502051217"},"EnqueuedTimeUtc":"2022-10-06 21:00:00","Properties":{"messagetype":"Demo"},"SystemProperties":{"connectionAuthMethod":"{\"scope\":\"device\",\"type\":\"sas\",\"issuer\":\"iothub\",\"acceptingIpFilterRule\":null}","connectionDeviceGenerationId":"638052891151821842","connectionDeviceId":"IOTDevice_5_3","contentEncoding":"utf-8","contentType":"application/json","enqueuedTime":"2022-10-06 21:00:00"}}
{"Body":{"Status":true,"Timestamp":"2022-10-06 21:00:00","vibration":"42.2631270343857"},"EnqueuedTimeUtc":"2022-10-06 21:00:00","Properties":{"messagetype":"Demo"},"SystemProperties":{"connectionAuthMethod":"{\"scope\":\"device\",\"type\":\"sas\",\"issuer\":\"iothub\",\"acceptingIpFilterRule\":null}","connectionDeviceGenerationId":"638052891151821842","connectionDeviceId":"IOTDevice_5_4","contentEncoding":"utf-8","contentType":"application/json","enqueuedTime":"2022-10-06 21:00:00"}}
{"Body":{"Status":true,"Timestamp":"2022-10-06 22:00:00","volt":"152.902032982411"},"EnqueuedTimeUtc":"2022-10-06 22:00:00","Properties":{"messagetype":"Demo"},"SystemProperties":{"connectionAuthMethod":"{\"scope\":\"device\",\"type\":\"sas\",\"issuer\":\"iothub\",\"acceptingIpFilterRule\":null}","connectionDeviceGenerationId":"638052891151821842","connectionDeviceId":"IOTDevice_5_1","contentEncoding":"utf-8","contentType":"application/json","enqueuedTime":"2022-10-06 22:00:00"}}
{"Body":{"Status":true,"Timestamp":"2022-10-06 22:00:00","rotate":"420.452208331027"},"EnqueuedTimeUtc":"2022-10-06 22:00:00","Properties":{"messagetype":"Demo"},"SystemProperties":{"connectionAuthMethod":"{\"scope\":\"device\",\"type\":\"sas\",\"issuer\":\"iothub\",\"acceptingIpFilterRule\":null}","connectionDeviceGenerationId":"638052891151821842","connectionDeviceId":"IOTDevice_5_2","contentEncoding":"utf-8","contentType":"application/json","enqueuedTime":"2022-10-06 22:00:00"}}
{"Body":{"Status":true,"Timestamp":"2022-10-06 22:00:00","pressure":"96.1065757710375"},"EnqueuedTimeUtc":"2022-10-06 22:00:00","Properties":{"messagetype":"Demo"},"SystemProperties":{"connectionAuthMethod":"{\"scope\":\"device\",\"type\":\"sas\",\"issuer\":\"iothub\",\"acceptingIpFilterRule\":null}","connectionDeviceGenerationId":"638052891151821842","connectionDeviceId":"IOTDevice_5_3","contentEncoding":"utf-8","contentType":"application/json","enqueuedTime":"2022-10-06 22:00:00"}}
{"Body":{"Status":true,"Timestamp":"2022-10-06 22:00:00","vibration":"45.295075130339"},"EnqueuedTimeUtc":"2022-10-06 22:00:00","Properties":{"messagetype":"Demo"},"SystemProperties":{"connectionAuthMethod":"{\"scope\":\"device\",\"type\":\"sas\",\"issuer\":\"iothub\",\"acceptingIpFilterRule\":null}","connectionDeviceGenerationId":"638052891151821842","connectionDeviceId":"IOTDevice_5_4","contentEncoding":"utf-8","contentType":"application/json","enqueuedTime":"2022-10-06 22:00:00"}}
{"Body":{"Status":true,"Timestamp":"2022-10-06 23:00:00","volt":"149.388328607643"},"EnqueuedTimeUtc":"2022-10-06 23:00:00","Properties":{"messagetype":"Demo"},"SystemProperties":{"connectionAuthMethod":"{\"scope\":\"device\",\"type\":\"sas\",\"issuer\":\"iothub\",\"acceptingIpFilterRule\":null}","connectionDeviceGenerationId":"638052891151821842","connectionDeviceId":"IOTDevice_5_1","contentEncoding":"utf-8","contentType":"application/json","enqueuedTime":"2022-10-06 23:00:00"}}
{"Body":{"Status":true,"Timestamp":"2022-10-06 23:00:00","rotate":"387.224560535534"},"EnqueuedTimeUtc":"2022-10-06 23:00:00","Properties":{"messagetype":"Demo"},"SystemProperties":{"connectionAuthMethod":"{\"scope\":\"device\",\"type\":\"sas\",\"issuer\":\"iothub\",\"acceptingIpFilterRule\":null}","connectionDeviceGenerationId":"638052891151821842","connectionDeviceId":"IOTDevice_5_2","contentEncoding":"utf-8","contentType":"application/json","enqueuedTime":"2022-10-06 23:00:00"}}
{"Body":{"Status":true,"Timestamp":"2022-10-06 23:00:00","pressure":"99.6472458130729"},"EnqueuedTimeUtc":"2022-10-06 23:00:00","Properties":{"messagetype":"Demo"},"SystemProperties":{"connectionAuthMethod":"{\"scope\":\"device\",\"type\":\"sas\",\"issuer\":\"iothub\",\"acceptingIpFilterRule\":null}","connectionDeviceGenerationId":"638052891151821842","connectionDeviceId":"IOTDevice_5_3","contentEncoding":"utf-8","contentType":"application/json","enqueuedTime":"2022-10-06 23:00:00"}}
{"Body":{"Status":true,"Timestamp":"2022-10-06 23:00:00","vibration":"46.0098712418233"},"EnqueuedTimeUtc":"2022-10-06 23:00:00","Properties":{"messagetype":"Demo"},"SystemProperties":{"connectionAuthMethod":"{\"scope\":\"device\",\"type\":\"sas\",\"issuer\":\"iothub\",\"acceptingIpFilterRule\":null}","connectionDeviceGenerationId":"638052891151821842","connectionDeviceId":"IOTDevice_5_4","contentEncoding":"utf-8","contentType":"application/json","enqueuedTime":"2022-10-06 23:00:00"}}
