{"Body":{"Status":true,"Timestamp":"2022-10-06 03:00:00","volt":"191.529307223919"},"EnqueuedTimeUtc":"2022-10-06 03:00:00","Properties":{"messagetype":"Demo"},"SystemProperties":{"connectionAuthMethod":"{\"scope\":\"device\",\"type\":\"sas\",\"issuer\":\"iothub\",\"acceptingIpFilterRule\":null}","connectionDeviceGenerationId":"638052891151821842","connectionDeviceId":"IOTDevice_9_1","contentEncoding":"utf-8","contentType":"application/json","enqueuedTime":"2022-10-06 03:00:00"}}
{"Body":{"Status":true,"Timestamp":"2022-10-06 03:00:00","rotate":"425.711668474838"},"EnqueuedTimeUtc":"2022-10-06 03:00:00","Properties":{"messagetype":"Demo"},"SystemProperties":{"connectionAuthMethod":"{\"scope\":\"device\",\"type\":\"sas\",\"issuer\":\"iothub\",\"acceptingIpFilterRule\":null}","connectionDeviceGenerationId":"638052891151821842","connectionDeviceId":"IOTDevice_9_2","contentEncoding":"utf-8","contentType":"application/json","enqueuedTime":"2022-10-06 03:00:00"}}
{"Body":{"Status":true,"Timestamp":"2022-10-06 03:00:00","pressure":"93.1159008864803"},"EnqueuedTimeUtc":"2022-10-06 03:00:00","Properties":{"messagetype":"Demo"},"SystemProperties":{"connectionAuthMethod":"{\"scope\":\"device\",\"type\":\"sas\",\"issuer\":\"iothub\",\"acceptingIpFilterRule\":null}","connectionDeviceGenerationId":"638052891151821842","connectionDeviceId":"IOTDevice_9_3","contentEncoding":"utf-8","contentType":"application/json","enqueuedTime":"2022-10-06 03:00:00"}}
{"Body":{"Status":true,"Timestamp":"2022-10-06 03:00:00","vibration":"41.0886419972084"},"EnqueuedTimeUtc":"2022-10-06 03:00:00","Properties":{"messagetype":"Demo"},"SystemProperties":{"connectionAuthMethod":"{\"scope\":\"device\",\"type\":\"sas\",\"issuer\":\"iothub\",\"acceptingIpFilterRule\":null}","connectionDeviceGenerationId":"638052891151821842","connectionDeviceId":"IOTDevice_9_4","contentEncoding":"utf-8","contentType":"application/json","enqueuedTime":"2022-10-06 03:00:00"}}
{"Body":{"Status":true,"Timestamp":"2022-10-06 04:00:00","volt":"163.518472012206"},"EnqueuedTimeUtc":"2022-10-06 04:00:00","Properties":{"messagetype":"Demo"},"SystemProperties":{"connectionAuthMethod":"{\"scope\":\"device\",\"type\":\"sas\",\"issuer\":\"iothub\",\"acceptingIpFilterRule\":null}","connectionDeviceGenerationId":"638052891151821842","connectionDeviceId":"IOTDevice_9_1","contentEncoding":"utf-8","contentType":"application/json","enqueuedTime":"2022-10-06 04:00:00"}}
{"Body":{"Status":true,"Timestamp":"2022-10-06 04:00:00","rotate":"557.548327297105"},"EnqueuedTimeUtc":"2022-10-06 04:00:00","Properties":{"messagetype":"Demo"},"SystemProperties":{"connectionAuthMethod":"{\"scope\":\"device\",\"type\":\"sas\",\"issuer\":\"iothub\",\"acceptingIpFilterRule\":null}","connectionDeviceGenerationId":"638052891151821842","connectionDeviceId":"IOTDevice_9_2","contentEncoding":"utf-8","contentType":"application/json","enqueuedTime":"2022-10-06 04:00:00"}}
{"Body":{"Status":true,"Timestamp":"2022-10-06 04:00:00","pressure":"102.41052589039"},"EnqueuedTimeUtc":"2022-10-06 04:00:00","Properties":{"messagetype":"Demo"},"SystemProperties":{"connectionAuthMethod":"{\"scope\":\"device\",\"type\":\"sas\",\"issuer\":\"iothub\",\"acceptingIpFilterRule\":null}","connectionDeviceGenerationId":"638052891151821842","connectionDeviceId":"IOTDevice_9_3","contentEncoding":"utf-8","contentType":"application/json","enqueuedTime":"2022-10-06 04:00:00"}}
{"Body":{"Status":true,"Timestamp":"2022-10-06 04:00:00","vibration":"42.2610296674932"},"EnqueuedTimeUtc":"2022-10-06 04:00:00","Properties":{"messagetype":"Demo"},"SystemProperties":{"connectionAuthMethod":"{\"scope\":\"device\",\"type\":\"sas\",\"issuer\":\"iothub\",\"acceptingIpFilterRule\":null}","connectionDeviceGenerationId":"638052891151821842","connectionDeviceId":"IOTDevice_9_4","contentEncoding":"utf-8","contentType":"application/json","enqueuedTime":"2022-10-06 04:00:00"}}
{"Body":{"Status":true,"Timestamp":"2022-10-06 05:00:00","volt":"149.679540601867"},"EnqueuedTimeUtc":"2022-10-06 05:00:00","Properties":{"messagetype":"Demo"},"SystemProperties":{"connectionAuthMethod":"{\"scope\":\"device\",\"type\":\"sas\",\"issuer\":\"iothub\",\"acceptingIpFilterRule\":null}","connectionDeviceGenerationId":"638052891151821842","connectionDeviceId":"IOTDevice_9_1","contentEncoding":"utf-8","contentType":"application/json","enqueuedTime":"2022-10-06 05:00:00"}}
{"Body":{"Status":true,"Timestamp":"2022-10-06 05:00:00","rotate":"395.087983896622"},"EnqueuedTimeUtc":"2022-10-06 05:00:00","Properties":{"messagetype":"Demo"},"SystemProperties":{"connectionAuthMethod":"{\"scope\":\"device\",\"type\":\"sas\",\"issuer\":\"iothub\",\"acceptingIpFilterRule\":null}","connectionDeviceGenerationId":"638052891151821842","connectionDeviceId":"IOTDevice_9_2","contentEncoding":"utf-8","contentType":"application/json","enqueuedTime":"2022-10-06 05:00:00"}}
{"Body":{"Status":true,"Timestamp":"2022-10-06 05:00:00","pressure":"95.1477070860353"},"EnqueuedTimeUtc":"2022-10-06 05:00:00","Properties":{"messagetype":"Demo"},"SystemProperties":{"connectionAuthMethod":"{\"scope\":\"device\",\"type\":\"sas\",\"issuer\":\"iothub\",\"acceptingIpFilterRule\":null}","connectionDeviceGenerationId":"638052891151821842","connectionDeviceId":"IOTDevice_9_3","contentEncoding":"utf-8","contentType":"application/json","enqueuedTime":"2022-10-06 05:00:00"}}
{"Body":{"Status":true,"Timestamp":"2022-10-06 05:00:00","vibration":"33.1940919314745"},"EnqueuedTimeUtc":"2022-10-06 05:00:00","Properties":{"messagetype":"Demo"},"SystemProperties":{"connectionAuthMethod":"{\"scope\":\"device\",\"type\":\"sas\",\"issuer\":\"iothub\",\"acceptingIpFilterRule\":null}","connectionDeviceGenerationId":"638052891151821842","connectionDeviceId":"IOTDevice_9_4","contentEncoding":"utf-8","contentType":"application/json","enqueuedTime":"2022-10-06 05:00:00"}}
{"Body":{"Status":true,"Timestamp":"2022-10-06 06:00:00","volt":"164.852315731101"},"EnqueuedTimeUtc":"2022-10-06 06:00:00","Properties":{"messagetype":"Demo"},"SystemProperties":{"connectionAuthMethod":"{\"scope\":\"device\",\"type\":\"sas\",\"issuer\":\"iothub\",\"acceptingIpFilterRule\":null}","connectionDeviceGenerationId":"638052891151821842","connectionDeviceId":"IOTDevice_9_1","contentEncoding":"utf-8","contentType":"application/json","enqueuedTime":"2022-10-06 06:00:00"}}
{"Body":{"Status":true,"Timestamp":"2022-10-06 06:00:00","rotate":"451.180700823894"},"EnqueuedTimeUtc":"2022-10-06 06:00:00","Properties":{"messagetype":"Demo"},"SystemProperties":{"connectionAuthMethod":"{\"scope\":\"device\",\"type\":\"sas\",\"issuer\":\"iothub\",\"acceptingIpFilterRule\":null}","connectionDeviceGenerationId":"638052891151821842","connectionDeviceId":"IOTDevice_9_2","contentEncoding":"utf-8","contentType":"application/json","enqueuedTime":"2022-10-06 06:00:00"}}
{"Body":{"Status":true,"Timestamp":"2022-10-06 06:00:00","pressure":"115.095254796513"},"EnqueuedTimeUtc":"2022-10-06 06:00:00","Properties":{"messagetype":"Demo"},"SystemProperties":{"connectionAuthMethod":"{\"scope\":\"device\",\"type\":\"sas\",\"issuer\":\"iothub\",\"acceptingIpFilterRule\":null}","connectionDeviceGenerationId":"638052891151821842","connectionDeviceId":"IOTDevice_9_3","contentEncoding":"utf-8","contentType":"application/json","enqueuedTime":"2022-10-06 06:00:00"}}
{"Body":{"Status":true,"Timestamp":"2022-10-06 06:00:00","vibration":"29.8770450795411"},"EnqueuedTimeUtc":"2022-10-06 06:00:00","Properties":{"messagetype":"Demo"},"SystemProperties":{"connectionAuthMethod":"{\"scope\":\"device\",\"type\":\"sas\",\"issuer\":\"iothub\",\"acceptingIpFilterRule\":null}","connectionDeviceGenerationId":"638052891151821842","connectionDeviceId":"IOTDevice_9_4","contentEncoding":"utf-8","contentType":"application/json","enqueuedTime":"2022-10-06 06:00:00"}}
{"Body":{"Status":true,"Timestamp":"2022-10-06 07:00:00","volt":"185.41147662027"},"EnqueuedTimeUtc":"2022-10-06 07:00:00","Properties":{"messagetype":"Demo"},"SystemProperties":{"connectionAuthMethod":"{\"scope\":\"device\",\"type\":\"sas\",\"issuer\":\"iothub\",\"acceptingIpFilterRule\":null}","connectionDeviceGenerationId":"638052891151821842","connectionDeviceId":"IOTDevice_9_1","contentEncoding":"utf-8","contentType":"application/json","enqueuedTime":"2022-10-06 07:00:00"}}
{"Body":{"Status":true,"Timestamp":"2022-10-06 07:00:00","rotate":"409.501886154151"},"EnqueuedTimeUtc":"2022-10-06 07:00:00","Properties":{"messagetype":"Demo"},"SystemProperties":{"connectionAuthMethod":"{\"scope\":\"device\",\"type\":\"sas\",\"issuer\":\"iothub\",\"acceptingIpFilterRule\":null}","connectionDeviceGenerationId":"638052891151821842","connectionDeviceId":"IOTDevice_9_2","contentEncoding":"utf-8","contentType":"application/json","enqueuedTime":"2022-10-06 07:00:00"}}
{"Body":{"Status":true,"Timestamp":"2022-10-06 07:00:00","pressure":"103.877439205562"},"EnqueuedTimeUtc":"2022-10-06 07:00:00","Properties":{"messagetype":"Demo"},"SystemProperties":{"connectionAuthMethod":"{\"scope\":\"device\",\"type\":\"sas\",\"issuer\":\"iothub\",\"acceptingIpFilterRule\":null}","connectionDeviceGenerationId":"638052891151821842","connectionDeviceId":"IOTDevice_9_3","contentEncoding":"utf-8","contentType":"application/json","enqueuedTime":"2022-10-06 07:00:00"}}
{"Body":{"Status":true,"Timestamp":"2022-10-06 07:00:00","vibration":"42.8991995596853"},"EnqueuedTimeUtc":"2022-10-06 07:00:00","Properties":{"messagetype":"Demo"},"SystemProperties":{"connectionAuthMethod":"{\"scope\":\"device\",\"type\":\"sas\",\"issuer\":\"iothub\",\"acceptingIpFilterRule\":null}","connectionDeviceGenerationId":"638052891151821842","connectionDeviceId":"IOTDevice_9_4","contentEncoding":"utf-8","contentType":"application/json","enqueuedTime":"2022-10-06 07:00:00"}}
{"Body":{"Status":true,"Timestamp":"2022-10-06 08:00:00","volt":"164.600099168192"},"EnqueuedTimeUtc":"2022-10-06 08:00:00","Properties":{"messagetype":"Demo"},"SystemProperties":{"connectionAuthMethod":"{\"scope\":\"device\",\"type\":\"sas\",\"issuer\":\"iothub\",\"acceptingIpFilterRule\":null}","connectionDeviceGenerationId":"638052891151821842","connectionDeviceId":"IOTDevice_9_1","contentEncoding":"utf-8","contentType":"application/json","enqueuedTime":"2022-10-06 08:00:00"}}
{"Body":{"Status":true,"Timestamp":"2022-10-06 08:00:00","rotate":"537.561706898987"},"EnqueuedTimeUtc":"2022-10-06 08:00:00","Properties":{"messagetype":"Demo"},"SystemProperties":{"connectionAuthMethod":"{\"scope\":\"device\",\"type\":\"sas\",\"issuer\":\"iothub\",\"acceptingIpFilterRule\":null}","connectionDeviceGenerationId":"638052891151821842","connectionDeviceId":"IOTDevice_9_2","contentEncoding":"utf-8","contentType":"application/json","enqueuedTime":"2022-10-06 08:00:00"}}
{"Body":{"Status":true,"Timestamp":"2022-10-06 08:00:00","pressure":"108.293025539738"},"EnqueuedTimeUtc":"2022-10-06 08:00:00","Properties":{"messagetype":"Demo"},"SystemProperties":{"connectionAuthMethod":"{\"scope\":\"device\",\"type\":\"sas\",\"issuer\":\"iothub\",\"acceptingIpFilterRule\":null}","connectionDeviceGenerationId":"638052891151821842","connectionDeviceId":"IOTDevice_9_3","contentEncoding":"utf-8","contentType":"application/json","enqueuedTime":"2022-10-06 08:00:00"}}
{"Body":{"Status":true,"Timestamp":"2022-10-06 08:00:00","vibration":"42.4330776845796"},"EnqueuedTimeUtc":"2022-10-06 08:00:00","Properties":{"messagetype":"Demo"},"SystemProperties":{"connectionAuthMethod":"{\"scope\":\"device\",\"type\":\"sas\",\"issuer\":\"iothub\",\"acceptingIpFilterRule\":null}","connectionDeviceGenerationId":"638052891151821842","connectionDeviceId":"IOTDevice_9_4","contentEncoding":"utf-8","contentType":"application/json","enqueuedTime":"2022-10-06 08:00:00"}}
{"Body":{"Status":true,"Timestamp":"2022-10-06 09:00:00","volt":"183.47957749619"},"EnqueuedTimeUtc":"2022-10-06 09:00:00","Properties":{"messagetype":"Demo"},"SystemProperties":{"connectionAuthMethod":"{\"scope\":\"device\",\"type\":\"sas\",\"issuer\":\"iothub\",\"acceptingIpFilterRule\":null}","connectionDeviceGenerationId":"638052891151821842","connectionDeviceId":"IOTDevice_9_1","contentEncoding":"utf-8","contentType":"application/json","enqueuedTime":"2022-10-06 09:00:00"}}
{"Body":{"Status":true,"Timestamp":"2022-10-06 09:00:00","rotate":"453.097571266942"},"EnqueuedTimeUtc":"2022-10-06 09:00:00","Properties":{"messagetype":"Demo"},"SystemProperties":{"connectionAuthMethod":"{\"scope\":\"device\",\"type\":\"sas\",\"issuer\":\"iothub\",\"acceptingIpFilterRule\":null}","connectionDeviceGenerationId":"638052891151821842","connectionDeviceId":"IOTDevice_9_2","contentEncoding":"utf-8","contentType":"application/json","enqueuedTime":"2022-10-06 09:00:00"}}
{"Body":{"Status":true,"Timestamp":"2022-10-06 09:00:00","pressure":"96.0222786440045"},"EnqueuedTimeUtc":"2022-10-06 09:00:00","Properties":{"messagetype":"Demo"},"SystemProperties":{"connectionAuthMethod":"{\"scope\":\"device\",\"type\":\"sas\",\"issuer\":\"iothub\",\"acceptingIpFilterRule\":null}","connectionDeviceGenerationId":"638052891151821842","connectionDeviceId":"IOTDevice_9_3","contentEncoding":"utf-8","contentType":"application/json","enqueuedTime":"2022-10-06 09:00:00"}}
{"Body":{"Status":true,"Timestamp":"2022-10-06 09:00:00","vibration":"38.4842705695342"},"EnqueuedTimeUtc":"2022-10-06 09:00:00","Properties":{"messagetype":"Demo"},"SystemProperties":{"connectionAuthMethod":"{\"scope\":\"device\",\"type\":\"sas\",\"issuer\":\"iothub\",\"acceptingIpFilterRule\":null}","connectionDeviceGenerationId":"638052891151821842","connectionDeviceId":"IOTDevice_9_4","contentEncoding":"utf-8","contentType":"application/json","enqueuedTime":"2022-10-06 09:00:00"}}
{"Body":{"Status":true,"Timestamp":"2022-10-06 10:00:00","volt":"184.452096219353"},"EnqueuedTimeUtc":"2022-10-06 10:00:00","Properties":{"messagetype":"Demo"},"SystemProperties":{"connectionAuthMethod":"{\"scope\":\"device\",\"type\":\"sas\",\"issuer\":\"iothub\",\"acceptingIpFilterRule\":null}","connectionDeviceGenerationId":"638052891151821842","connectionDeviceId":"IOTDevice_9_1","contentEncoding":"utf-8","contentType":"application/json","enqueuedTime":"2022-10-06 10:00:00"}}
{"Body":{"Status":true,"Timestamp":"2022-10-06 10:00:00","rotate":"433.726546953149"},"EnqueuedTimeUtc":"2022-10-06 10:00:00","Properties":{"messagetype":"Demo"},"SystemProperties":{"connectionAuthMethod":"{\"scope\":\"device\",\"type\":\"sas\",\"issuer\":\"iothub\",\"acceptingIpFilterRule\":null}","connectionDeviceGenerationId":"638052891151821842","connectionDeviceId":"IOTDevice_9_2","contentEncoding":"utf-8","contentType":"application/json","enqueuedTime":"2022-10-06 10:00:00"}}
{"Body":{"Status":true,"Timestamp":"2022-10-06 10:00:00","pressure":"99.0807658185534"},"EnqueuedTimeUtc":"2022-10-06 10:00:00","Properties":{"messagetype":"Demo"},"SystemProperties":{"connectionAuthMethod":"{\"scope\":\"device\",\"type\":\"sas\",\"issuer\":\"iothub\",\"acceptingIpFilterRule\":null}","connectionDeviceGenerationId":"638052891151821842","connectionDeviceId":"IOTDevice_9_3","contentEncoding":"utf-8","contentType":"application/json","enqueuedTime":"2022-10-06 10:00:00"}}
{"Body":{"Status":true,"Timestamp":"2022-10-06 10:00:00","vibration":"35.8428116243586"},"EnqueuedTimeUtc":"2022-10-06 10:00:00","Properties":{"messagetype":"Demo"},"SystemProperties":{"connectionAuthMethod":"{\"scope\":\"device\",\"type\":\"sas\",\"issuer\":\"iothub\",\"acceptingIpFilterRule\":null}","connectionDeviceGenerationId":"638052891151821842","connectionDeviceId":"IOTDevice_9_4","contentEncoding":"utf-8","contentType":"application/json","enqueuedTime":"2022-10-06 10:00:00"}}
{"Body":{"Status":true,"Timestamp":"2022-10-06 11:00:00","volt":"181.77061928994"},"EnqueuedTimeUtc":"2022-10-06 11:00:00","Properties":{"messagetype":"Demo"},"SystemProperties":{"connectionAuthMethod":"{\"scope\":\"device\",\"type\":\"sas\",\"issuer\":\"iothub\",\"acceptingIpFilterRule\":null}","connectionDeviceGenerationId":"638052891151821842","connectionDeviceId":"IOTDevice_9_1","contentEncoding":"utf-8","contentType":"application/json","enqueuedTime":"2022-10-06 11:00:00"}}
{"Body":{"Status":true,"Timestamp":"2022-10-06 11:00:00","rotate":"456.297580513588"},"EnqueuedTimeUtc":"2022-10-06 11:00:00","Properties":{"messagetype":"Demo"},"SystemProperties":{"connectionAuthMethod":"{\"scope\":\"device\",\"type\":\"sas\",\"issuer\":\"iothub\",\"acceptingIpFilterRule\":null}","connectionDeviceGenerationId":"638052891151821842","connectionDeviceId":"IOTDevice_9_2","contentEncoding":"utf-8","contentType":"application/json","enqueuedTime":"2022-10-06 11:00:00"}}
{"Body":{"Status":true,"Timestamp":"2022-10-06 11:00:00","pressure":"128.571813807439"},"EnqueuedTimeUtc":"2022-10-06 11:00:00","Properties":{"messagetype":"Demo"},"SystemProperties":{"connectionAuthMethod":"{\"scope\":\"device\",\"type\":\"sas\",\"issuer\":\"iothub\",\"acceptingIpFilterRule\":null}","connectionDeviceGenerationId":"638052891151821842","connectionDeviceId":"IOTDevice_9_3","contentEncoding":"utf-8","contentType":"application/json","enqueuedTime":"2022-10-06 11:00:00"}}
{"Body":{"Status":true,"Timestamp":"2022-10-06 11:00:00","vibration":"41.6913588207211"},"EnqueuedTimeUtc":"2022-10-06 11:00:00","Properties":{"messagetype":"Demo"},"SystemProperties":{"connectionAuthMethod":"{\"scope\":\"device\",\"type\":\"sas\",\"issuer\":\"iothub\",\"acceptingIpFilterRule\":null}","connectionDeviceGenerationId":"638052891151821842","connectionDeviceId":"IOTDevice_9_4","contentEncoding":"utf-8","contentType":"application/json","enqueuedTime":"2022-10-06 11:00:00"}}
{"Body":{"Status":true,"Timestamp":"2022-10-06 12:00:00","volt":"173.296713743473"},"EnqueuedTimeUtc":"2022-10-06 12:00:00","Properties":{"messagetype":"Demo"},"SystemProperties":{"connectionAuthMethod":"{\"scope\":\"device\",\"type\":\"sas\",\"issuer\":\"iothub\",\"acceptingIpFilterRule\":null}","connectionDeviceGenerationId":"638052891151821842","connectionDeviceId":"IOTDevice_9_1","contentEncoding":"utf-8","contentType":"application/json","enqueuedTime":"2022-10-06 12:00:00"}}
{"Body":{"Status":true,"Timestamp":"2022-10-06 12:00:00","rotate":"512.077025765505"},"EnqueuedTimeUtc":"2022-10-06 12:00:00","Properties":{"messagetype":"Demo"},"SystemProperties":{"connectionAuthMethod":"{\"scope\":\"device\",\"type\":\"sas\",\"issuer\":\"iothub\",\"acceptingIpFilterRule\":null}","connectionDeviceGenerationId":"638052891151821842","connectionDeviceId":"IOTDevice_9_2","contentEncoding":"utf-8","contentType":"application/json","enqueuedTime":"2022-10-06 12:00:00"}}
{"Body":{"Status":true,"Timestamp":"2022-10-06 12:00:00","pressure":"102.858838055758"},"EnqueuedTimeUtc":"2022-10-06 12:00:00","Properties":{"messagetype":"Demo"},"SystemProperties":{"connectionAuthMethod":"{\"scope\":\"device\",\"type\":\"sas\",\"issuer\":\"iothub\",\"acceptingIpFilterRule\":null}","connectionDeviceGenerationId":"638052891151821842","connectionDeviceId":"IOTDevice_9_3","contentEncoding":"utf-8","contentType":"application/json","enqueuedTime":"2022-10-06 12:00:00"}}
{"Body":{"Status":true,"Timestamp":"2022-10-06 12:00:00","vibration":"31.5869376435008"},"EnqueuedTimeUtc":"2022-10-06 12:00:00","Properties":{"messagetype":"Demo"},"SystemProperties":{"connectionAuthMethod":"{\"scope\":\"device\",\"type\":\"sas\",\"issuer\":\"iothub\",\"acceptingIpFilterRule\":null}","connectionDeviceGenerationId":"638052891151821842","connectionDeviceId":"IOTDevice_9_4","contentEncoding":"utf-8","contentType":"application/json","enqueuedTime":"2022-10-06 12:00:00"}}
{"Body":{"Status":true,"Timestamp":"2022-10-06 13:00:00","volt":"167.190798862421"},"EnqueuedTimeUtc":"2022-10-06 13:00:00","Properties":{"messagetype":"Demo"},"SystemProperties":{"connectionAuthMethod":"{\"scope\":\"device\",\"type\":\"sas\",\"issuer\":\"iothub\",\"acceptingIpFilterRule\":null}","connectionDeviceGenerationId":"638052891151821842","connectionDeviceId":"IOTDevice_9_1","contentEncoding":"utf-8","contentType":"application/json","enqueuedTime":"2022-10-06 13:00:00"}}
{"Body":{"Status":true,"Timestamp":"2022-10-06 13:00:00","rotate":"432.206751489537"},"EnqueuedTimeUtc":"2022-10-06 13:00:00","Properties":{"messagetype":"Demo"},"SystemProperties":{"connectionAuthMethod":"{\"scope\":\"device\",\"type\":\"sas\",\"issuer\":\"iothub\",\"acceptingIpFilterRule\":null}","connectionDeviceGenerationId":"638052891151821842","connectionDeviceId":"IOTDevice_9_2","contentEncoding":"utf-8","contentType":"application/json","enqueuedTime":"2022-10-06 13:00:00"}}
{"Body":{"Status":true,"Timestamp":"2022-10-06 13:00:00","pressure":"94.8450728117362"},"EnqueuedTimeUtc":"2022-10-06 13:00:00","Properties":{"messagetype":"Demo"},"SystemProperties":{"connectionAuthMethod":"{\"scope\":\"device\",\"type\":\"sas\",\"issuer\":\"iothub\",\"acceptingIpFilterRule\":null}","connectionDeviceGenerationId":"638052891151821842","connectionDeviceId":"IOTDevice_9_3","contentEncoding":"utf-8","contentType":"application/json","enqueuedTime":"2022-10-06 13:00:00"}}
{"Body":{"Status":true,"Timestamp":"2022-10-06 13:00:00","vibration":"33.0262825350232"},"EnqueuedTimeUtc":"2022-10-06 13:00:00","Properties":{"messagetype":"Demo"},"SystemProperties":{"connectionAuthMethod":"{\"scope\":\"device\",\"type\":\"sas\",\"issuer\":\"iothub\",\"acceptingIpFilterRule\":null}","connectionDeviceGenerationId":"638052891151821842","connectionDeviceId":"IOTDevice_9_4","contentEncoding":"utf-8","contentType":"application/json","enqueuedTime":"2022-10-06 13:00:00"}}
{"Body":{"Status":true,"Timestamp":"2022-10-06 14:00:00","volt":"173.518164954519"},"EnqueuedTimeUtc":"2022-10-06 14:00:00","Properties":{"messagetype":"Demo"},"SystemProperties":{"connectionAuthMethod":"{\"scope\":\"device\",\"type\":\"sas\",\"issuer\":\"iothub\",\"acceptingIpFilterRule\":null}","connectionDeviceGenerationId":"638052891151821842","connectionDeviceId":"IOTDevice_9_1","contentEncoding":"utf-8","contentType":"application/json","enqueuedTime":"2022-10-06 14:00:00"}}
{"Body":{"Status":true,"Timestamp":"2022-10-06 14:00:00","rotate":"488.287619816754"},"EnqueuedTimeUtc":"2022-10-06 14:00:00","Properties":{"messagetype":"Demo"},"SystemProperties":{"connectionAuthMethod":"{\"scope\":\"device\",\"type\":\"sas\",\"issuer\":\"iothub\",\"acceptingIpFilterRule\":null}","connectionDeviceGenerationId":"638052891151821842","connectionDeviceId":"IOTDevice_9_2","contentEncoding":"utf-8","contentType":"application/json","enqueuedTime":"2022-10-06 14:00:00"}}
{"Body":{"Status":true,"Timestamp":"2022-10-06 14:00:00","pressure":"117.011142054056"},"EnqueuedTimeUtc":"2022-10-06 14:00:00","Properties":{"messagetype":"Demo"},"SystemProperties":{"connectionAuthMethod":"{\"scope\":\"device\",\"type\":\"sas\",\"issuer\":\"iothub\",\"acceptingIpFilterRule\":null}","connectionDeviceGenerationId":"638052891151821842","connectionDeviceId":"IOTDevice_9_3","contentEncoding":"utf-8","contentType":"application/json","enqueuedTime":"2022-10-06 14:00:00"}}
{"Body":{"Status":true,"Timestamp":"2022-10-06 14:00:00","vibration":"44.5508469154833"},"EnqueuedTimeUtc":"2022-10-06 14:00:00","Properties":{"messagetype":"Demo"},"SystemProperties":{"connectionAuthMethod":"{\"scope\":\"device\",\"type\":\"sas\",\"issuer\":\"iothub\",\"acceptingIpFilterRule\":null}","connectionDeviceGenerationId":"638052891151821842","connectionDeviceId":"IOTDevice_9_4","contentEncoding":"utf-8","contentType":"application/json","enqueuedTime":"2022-10-06 14:00:00"}}
{"Body":{"Status":true,"Timestamp":"2022-10-06 15:00:00","volt":"181.42540579323"},"EnqueuedTimeUtc":"2022-10-06 15:00:00","Properties":{"messagetype":"Demo"},"SystemProperties":{"connectionAuthMethod":"{\"scope\":\"device\",\"type\":\"sas\",\"issuer\":\"iothub\",\"acceptingIpFilterRule\":null}","connectionDeviceGenerationId":"638052891151821842","connectionDeviceId":"IOTDevice_9_1","contentEncoding":"utf-8","contentType":"application/json","enqueuedTime":"2022-10-06 15:00:00"}}
{"Body":{"Status":true,"Timestamp":"2022-10-06 15:00:00","rotate":"496.477292754433"},"EnqueuedTimeUtc":"2022-10-06 15:00:00","Properties":{"messagetype":"Demo"},"SystemProperties":{"connectionAuthMethod":"{\"scope\":\"device\",\"type\":\"sas\",\"issuer\":\"iothub\",\"acceptingIpFilterRule\":null}","connectionDeviceGenerationId":"638052891151821842","connectionDeviceId":"IOTDevice_9_2","contentEncoding":"utf-8","contentType":"application/json","enqueuedTime":"2022-10-06 15:00:00"}}
{"Body":{"Status":true,"Timestamp":"2022-10-06 15:00:00","pressure":"89.5330505993769"},"EnqueuedTimeUtc":"2022-10-06 15:00:00","Properties":{"messagetype":"Demo"},"SystemProperties":{"connectionAuthMethod":"{\"scope\":\"device\",\"type\":\"sas\",\"issuer\":\"iothub\",\"acceptingIpFilterRule\":null}","connectionDeviceGenerationId":"638052891151821842","connectionDeviceId":"IOTDevice_9_3","contentEncoding":"utf-8","contentType":"application/json","enqueuedTime":"2022-10-06 15:00:00"}}
{"Body":{"Status":true,"Timestamp":"2022-10-06 15:00:00","vibration":"46.3591922713798"},"EnqueuedTimeUtc":"2022-10-06 15:00:00","Properties":{"messagetype":"Demo"},"SystemProperties":{"connectionAuthMethod":"{\"scope\":\"device\",\"type\":\"sas\",\"issuer\":\"iothub\",\"acceptingIpFilterRule\":null}","connectionDeviceGenerationId":"638052891151821842","connectionDeviceId":"IOTDevice_9_4","contentEncoding":"utf-8","contentType":"application/json","enqueuedTime":"2022-10-06 15:00:00"}}
{"Body":{"Status":true,"Timestamp":"2022-10-06 16:00:00","volt":"201.530224740288"},"EnqueuedTimeUtc":"2022-10-06 16:00:00","Properties":{"messagetype":"Demo"},"SystemProperties":{"connectionAuthMethod":"{\"scope\":\"device\",\"type\":\"sas\",\"issuer\":\"iothub\",\"acceptingIpFilterRule\":null}","connectionDeviceGenerationId":"638052891151821842","connectionDeviceId":"IOTDevice_9_1","contentEncoding":"utf-8","contentType":"application/json","enqueuedTime":"2022-10-06 16:00:00"}}
{"Body":{"Status":true,"Timestamp":"2022-10-06 16:00:00","rotate":"426.091920808006"},"EnqueuedTimeUtc":"2022-10-06 16:00:00","Properties":{"messagetype":"Demo"},"SystemProperties":{"connectionAuthMethod":"{\"scope\":\"device\",\"type\":\"sas\",\"issuer\":\"iothub\",\"acceptingIpFilterRule\":null}","connectionDeviceGenerationId":"638052891151821842","connectionDeviceId":"IOTDevice_9_2","contentEncoding":"utf-8","contentType":"application/json","enqueuedTime":"2022-10-06 16:00:00"}}
{"Body":{"Status":true,"Timestamp":"2022-10-06 16:00:00","pressure":"100.619681854127"},"EnqueuedTimeUtc":"2022-10-06 16:00:00","Properties":{"messagetype":"Demo"},"SystemProperties":{"connectionAuthMethod":"{\"scope\":\"device\",\"type\":\"sas\",\"issuer\":\"iothub\",\"acceptingIpFilterRule\":null}","connectionDeviceGenerationId":"638052891151821842","connectionDeviceId":"IOTDevice_9_3","contentEncoding":"utf-8","contentType":"application/json","enqueuedTime":"2022-10-06 16:00:00"}}
{"Body":{"Status":true,"Timestamp":"2022-10-06 16:00:00","vibration":"45.7601289656475"},"EnqueuedTimeUtc":"2022-10-06 16:00:00","Properties":{"messagetype":"Demo"},"SystemProperties":{"connectionAuthMethod":"{\"scope\":\"device\",\"type\":\"sas\",\"issuer\":\"iothub\",\"acceptingIpFilterRule\":null}","connectionDeviceGenerationId":"638052891151821842","connectionDeviceId":"IOTDevice_9_4","contentEncoding":"utf-8","contentType":"application/json","enqueuedTime":"2022-10-06 16:00:00"}}
{"Body":{"Status":true,"Timestamp":"2022-10-06 17:00:00","volt":"193.596855754237"},"EnqueuedTimeUtc":"2022-10-06 17:00:00","Properties":{"messagetype":"Demo"},"SystemProperties":{"connectionAuthMethod":"{\"scope\":\"device\",\"type\":\"sas\",\"issuer\":\"iothub\",\"acceptingIpFilterRule\":null}","connectionDeviceGenerationId":"638052891151821842","connectionDeviceId":"IOTDevice_9_1","contentEncoding":"utf-8","contentType":"application/json","enqueuedTime":"2022-10-06 17:00:00"}}
{"Body":{"Status":true,"Timestamp":"2022-10-06 17:00:00","rotate":"473.538671771171"},"EnqueuedTimeUtc":"2022-10-06 17:00:00","Properties":{"messagetype":"Demo"},"SystemProperties":{"connectionAuthMethod":"{\"scope\":\"device\",\"type\":\"sas\",\"issuer\":\"iothub\",\"acceptingIpFilterRule\":null}","connectionDeviceGenerationId":"638052891151821842","connectionDeviceId":"IOTDevice_9_2","contentEncoding":"utf-8","contentType":"application/json","enqueuedTime":"2022-10-06 17:00:00"}}
{"Body":{"Status":true,"Timestamp":"2022-10-06 17:00:00","pressure":"95.1979463134347"},"EnqueuedTimeUtc":"2022-10-06 17:00:00","Properties":{"messagetype":"Demo"},"SystemProperties":{"connectionAuthMethod":"{\"scope\":\"device\",\"type\":\"sas\",\"issuer\":\"iothub\",\"acceptingIpFilterRule\":null}","connectionDeviceGenerationId":"638052891151821842","connectionDeviceId":"IOTDevice_9_3","contentEncoding":"utf-8","contentType":"application/json","enqueuedTime":"2022-10-06 17:00:00"}}
{"Body":{"Status":true,"Timestamp":"2022-10-06 17:00:00","vibration":"36.7091357062045"},"EnqueuedTimeUtc":"2022-10-06 17:00:00","Properties":{"messagetype":"Demo"},"SystemProperties":{"connectionAuthMethod":"{\"scope\":\"device\",\"type\":\"sas\",\"issuer\":\"iothub\",\"acceptingIpFilterRule\":null}","connectionDeviceGenerationId":"638052891151821842","connectionDeviceId":"IOTDevice_9_4","contentEncoding":"utf-8","contentType":"application/json","enqueuedTime":"2022-10-06 17:00:00"}}
