{"Body":{"Status":true,"Timestamp":"2022-11-01 21:00:00","volt":"160.692166168345"},"EnqueuedTimeUtc":"2022-11-01 21:00:00","Properties":{"messagetype":"Demo"},"SystemProperties":{"connectionAuthMethod":"{\"scope\":\"device\",\"type\":\"sas\",\"issuer\":\"iothub\",\"acceptingIpFilterRule\":null}","connectionDeviceGenerationId":"638052891151821842","connectionDeviceId":"IOTDevice_2_1","contentEncoding":"utf-8","contentType":"application/json","enqueuedTime":"2022-11-01 21:00:00"}}
{"Body":{"Status":true,"Timestamp":"2022-11-01 21:00:00","rotate":"459.764613356611"},"EnqueuedTimeUtc":"2022-11-01 21:00:00","Properties":{"messagetype":"Demo"},"SystemProperties":{"connectionAuthMethod":"{\"scope\":\"device\",\"type\":\"sas\",\"issuer\":\"iothub\",\"acceptingIpFilterRule\":null}","connectionDeviceGenerationId":"638052891151821842","connectionDeviceId":"IOTDevice_2_2","contentEncoding":"utf-8","contentType":"application/json","enqueuedTime":"2022-11-01 21:00:00"}}
{"Body":{"Status":true,"Timestamp":"2022-11-01 21:00:00","pressure":"96.6543509972801"},"EnqueuedTimeUtc":"2022-11-01 21:00:00","Properties":{"messagetype":"Demo"},"SystemProperties":{"connectionAuthMethod":"{\"scope\":\"device\",\"type\":\"sas\",\"issuer\":\"iothub\",\"acceptingIpFilterRule\":null}","connectionDeviceGenerationId":"638052891151821842","connectionDeviceId":"IOTDevice_2_3","contentEncoding":"utf-8","contentType":"application/json","enqueuedTime":"2022-11-01 21:00:00"}}
{"Body":{"Status":true,"Timestamp":"2022-11-01 21:00:00","vibration":"35.6304545285365"},"EnqueuedTimeUtc":"2022-11-01 21:00:00","Properties":{"messagetype":"Demo"},"SystemProperties":{"connectionAuthMethod":"{\"scope\":\"device\",\"type\":\"sas\",\"issuer\":\"iothub\",\"acceptingIpFilterRule\":null}","connectionDeviceGenerationId":"638052891151821842","connectionDeviceId":"IOTDevice_2_4","contentEncoding":"utf-8","contentType":"application/json","enqueuedTime":"2022-11-01 21:00:00"}}
{"Body":{"Status":true,"Timestamp":"2022-11-01 22:00:00","volt":"135.641483515063"},"EnqueuedTimeUtc":"2022-11-01 22:00:00","Properties":{"messagetype":"Demo"},"SystemProperties":{"connectionAuthMethod":"{\"scope\":\"device\",\"type\":\"sas\",\"issuer\":\"iothub\",\"acceptingIpFilterRule\":null}","connectionDeviceGenerationId":"638052891151821842","connectionDeviceId":"IOTDevice_2_1","contentEncoding":"utf-8","contentType":"application/json","enqueuedTime":"2022-11-01 22:00:00"}}
{"Body":{"Status":true,"Timestamp":"2022-11-01 22:00:00","rotate":"457.838228489335"},"EnqueuedTimeUtc":"2022-11-01 22:00:00","Properties":{"messagetype":"Demo"},"SystemProperties":{"connectionAuthMethod":"{\"scope\":\"device\",\"type\":\"sas\",\"issuer\":\"iothub\",\"acceptingIpFilterRule\":null}","connectionDeviceGenerationId":"638052891151821842","connectionDeviceId":"IOTDevice_2_2","contentEncoding":"utf-8","contentType":"application/json","enqueuedTime":"2022-11-01 22:00:00"}}
{"Body":{"Status":true,"Timestamp":"2022-11-01 22:00:00","pressure":"109.672981822498"},"EnqueuedTimeUtc":"2022-11-01 22:00:00","Properties":{"messagetype":"Demo"},"SystemProperties":{"connectionAuthMethod":"{\"scope\":\"device\",\"type\":\"sas\",\"issuer\":\"iothub\",\"acceptingIpFilterRule\":null}","connectionDeviceGenerationId":"638052891151821842","connectionDeviceId":"IOTDevice_2_3","contentEncoding":"utf-8","contentType":"application/json","enqueuedTime":"2022-11-01 22:00:00"}}
{"Body":{"Status":true,"Timestamp":"2022-11-01 22:00:00","vibration":"44.1820489770888"},"EnqueuedTimeUtc":"2022-11-01 22:00:00","Properties":{"messagetype":"Demo"},"SystemProperties":{"connectionAuthMethod":"{\"scope\":\"device\",\"type\":\"sas\",\"issuer\":\"iothub\",\"acceptingIpFilterRule\":null}","connectionDeviceGenerationId":"638052891151821842","connectionDeviceId":"IOTDevice_2_4","contentEncoding":"utf-8","contentType":"application/json","enqueuedTime":"2022-11-01 22:00:00"}}
{"Body":{"Status":true,"Timestamp":"2022-11-01 23:00:00","volt":"147.842787997632"},"EnqueuedTimeUtc":"2022-11-01 23:00:00","Properties":{"messagetype":"Demo"},"SystemProperties":{"connectionAuthMethod":"{\"scope\":\"device\",\"type\":\"sas\",\"issuer\":\"iothub\",\"acceptingIpFilterRule\":null}","connectionDeviceGenerationId":"638052891151821842","connectionDeviceId":"IOTDevice_2_1","contentEncoding":"utf-8","contentType":"application/json","enqueuedTime":"2022-11-01 23:00:00"}}
{"Body":{"Status":true,"Timestamp":"2022-11-01 23:00:00","rotate":"406.38021079318"},"EnqueuedTimeUtc":"2022-11-01 23:00:00","Properties":{"messagetype":"Demo"},"SystemProperties":{"connectionAuthMethod":"{\"scope\":\"device\",\"type\":\"sas\",\"issuer\":\"iothub\",\"acceptingIpFilterRule\":null}","connectionDeviceGenerationId":"638052891151821842","connectionDeviceId":"IOTDevice_2_2","contentEncoding":"utf-8","contentType":"application/json","enqueuedTime":"2022-11-01 23:00:00"}}
{"Body":{"Status":true,"Timestamp":"2022-11-01 23:00:00","pressure":"94.4842501612252"},"EnqueuedTimeUtc":"2022-11-01 23:00:00","Properties":{"messagetype":"Demo"},"SystemProperties":{"connectionAuthMethod":"{\"scope\":\"device\",\"type\":\"sas\",\"issuer\":\"iothub\",\"acceptingIpFilterRule\":null}","connectionDeviceGenerationId":"638052891151821842","connectionDeviceId":"IOTDevice_2_3","contentEncoding":"utf-8","contentType":"application/json","enqueuedTime":"2022-11-01 23:00:00"}}
{"Body":{"Status":true,"Timestamp":"2022-11-01 23:00:00","vibration":"39.4500447489415"},"EnqueuedTimeUtc":"2022-11-01 23:00:00","Properties":{"messagetype":"Demo"},"SystemProperties":{"connectionAuthMethod":"{\"scope\":\"device\",\"type\":\"sas\",\"issuer\":\"iothub\",\"acceptingIpFilterRule\":null}","connectionDeviceGenerationId":"638052891151821842","connectionDeviceId":"IOTDevice_2_4","contentEncoding":"utf-8","contentType":"application/json","enqueuedTime":"2022-11-01 23:00:00"}}
{"Body":{"Status":true,"Timestamp":"2022-11-01 00:00:00","volt":"172.197601699361"},"EnqueuedTimeUtc":"2022-11-01 00:00:00","Properties":{"messagetype":"Demo"},"SystemProperties":{"connectionAuthMethod":"{\"scope\":\"device\",\"type\":\"sas\",\"issuer\":\"iothub\",\"acceptingIpFilterRule\":null}","connectionDeviceGenerationId":"638052891151821842","connectionDeviceId":"IOTDevice_3_1","contentEncoding":"utf-8","contentType":"application/json","enqueuedTime":"2022-11-01 00:00:00"}}
{"Body":{"Status":true,"Timestamp":"2022-11-01 00:00:00","rotate":"318.241245870319"},"EnqueuedTimeUtc":"2022-11-01 00:00:00","Properties":{"messagetype":"Demo"},"SystemProperties":{"connectionAuthMethod":"{\"scope\":\"device\",\"type\":\"sas\",\"issuer\":\"iothub\",\"acceptingIpFilterRule\":null}","connectionDeviceGenerationId":"638052891151821842","connectionDeviceId":"IOTDevice_3_2","contentEncoding":"utf-8","contentType":"application/json","enqueuedTime":"2022-11-01 00:00:00"}}
{"Body":{"Status":true,"Timestamp":"2022-11-01 00:00:00","pressure":"90.7086485072595"},"EnqueuedTimeUtc":"2022-11-01 00:00:00","Properties":{"messagetype":"Demo"},"SystemProperties":{"connectionAuthMethod":"{\"scope\":\"device\",\"type\":\"sas\",\"issuer\":\"iothub\",\"acceptingIpFilterRule\":null}","connectionDeviceGenerationId":"638052891151821842","connectionDeviceId":"IOTDevice_3_3","contentEncoding":"utf-8","contentType":"application/json","enqueuedTime":"2022-11-01 00:00:00"}}
{"Body":{"Status":true,"Timestamp":"2022-11-01 00:00:00","vibration":"45.1495023531609"},"EnqueuedTimeUtc":"2022-11-01 00:00:00","Properties":{"messagetype":"Demo"},"SystemProperties":{"connectionAuthMethod":"{\"scope\":\"device\",\"type\":\"sas\",\"issuer\":\"iothub\",\"acceptingIpFilterRule\":null}","connectionDeviceGenerationId":"638052891151821842","connectionDeviceId":"IOTDevice_3_4","contentEncoding":"utf-8","contentType":"application/json","enqueuedTime":"2022-11-01 00:00:00"}}
{"Body":{"Status":true,"Timestamp":"2022-11-01 01:00:00","volt":"180.962242430027"},"EnqueuedTimeUtc":"2022-11-01 01:00:00","Properties":{"messagetype":"Demo"},"SystemProperties":{"connectionAuthMethod":"{\"scope\":\"device\",\"type\":\"sas\",\"issuer\":\"iothub\",\"acceptingIpFilterRule\":null}","connectionDeviceGenerationId":"638052891151821842","connectionDeviceId":"IOTDevice_3_1","contentEncoding":"utf-8","contentType":"application/json","enqueuedTime":"2022-11-01 01:00:00"}}
{"Body":{"Status":true,"Timestamp":"2022-11-01 01:00:00","rotate":"496.983348639269"},"EnqueuedTimeUtc":"2022-11-01 01:00:00","Properties":{"messagetype":"Demo"},"SystemProperties":{"connectionAuthMethod":"{\"scope\":\"device\",\"type\":\"sas\",\"issuer\":\"iothub\",\"acceptingIpFilterRule\":null}","connectionDeviceGenerationId":"638052891151821842","connectionDeviceId":"IOTDevice_3_2","contentEncoding":"utf-8","contentType":"application/json","enqueuedTime":"2022-11-01 01:00:00"}}
{"Body":{"Status":true,"Timestamp":"2022-11-01 01:00:00","pressure":"104.210717918286"},"EnqueuedTimeUtc":"2022-11-01 01:00:00","Properties":{"messagetype":"Demo"},"SystemProperties":{"connectionAuthMethod":"{\"scope\":\"device\",\"type\":\"sas\",\"issuer\":\"iothub\",\"acceptingIpFilterRule\":null}","connectionDeviceGenerationId":"638052891151821842","connectionDeviceId":"IOTDevice_3_3","contentEncoding":"utf-8","contentType":"application/json","enqueuedTime":"2022-11-01 01:00:00"}}
{"Body":{"Status":true,"Timestamp":"2022-11-01 01:00:00","vibration":"43.9231119740816"},"EnqueuedTimeUtc":"2022-11-01 01:00:00","Properties":{"messagetype":"Demo"},"SystemProperties":{"connectionAuthMethod":"{\"scope\":\"device\",\"type\":\"sas\",\"issuer\":\"iothub\",\"acceptingIpFilterRule\":null}","connectionDeviceGenerationId":"638052891151821842","connectionDeviceId":"IOTDevice_3_4","contentEncoding":"utf-8","contentType":"application/json","enqueuedTime":"2022-11-01 01:00:00"}}
{"Body":{"Status":true,"Timestamp":"2022-11-01 02:00:00","volt":"176.97141273677"},"EnqueuedTimeUtc":"2022-11-01 02:00:00","Properties":{"messagetype":"Demo"},"SystemProperties":{"connectionAuthMethod":"{\"scope\":\"device\",\"type\":\"sas\",\"issuer\":\"iothub\",\"acceptingIpFilterRule\":null}","connectionDeviceGenerationId":"638052891151821842","connectionDeviceId":"IOTDevice_3_1","contentEncoding":"utf-8","contentType":"application/json","enqueuedTime":"2022-11-01 02:00:00"}}
{"Body":{"Status":true,"Timestamp":"2022-11-01 02:00:00","rotate":"480.00210150972"},"EnqueuedTimeUtc":"2022-11-01 02:00:00","Properties":{"messagetype":"Demo"},"SystemProperties":{"connectionAuthMethod":"{\"scope\":\"device\",\"type\":\"sas\",\"issuer\":\"iothub\",\"acceptingIpFilterRule\":null}","connectionDeviceGenerationId":"638052891151821842","connectionDeviceId":"IOTDevice_3_2","contentEncoding":"utf-8","contentType":"application/json","enqueuedTime":"2022-11-01 02:00:00"}}
{"Body":{"Status":true,"Timestamp":"2022-11-01 02:00:00","pressure":"80.5149457645193"},"EnqueuedTimeUtc":"2022-11-01 02:00:00","Properties":{"messagetype":"Demo"},"SystemProperties":{"connectionAuthMethod":"{\"scope\":\"device\",\"type\":\"sas\",\"issuer\":\"iothub\",\"acceptingIpFilterRule\":null}","connectionDeviceGenerationId":"638052891151821842","connectionDeviceId":"IOTDevice_3_3","contentEncoding":"utf-8","contentType":"application/json","enqueuedTime":"2022-11-01 02:00:00"}}
{"Body":{"Status":true,"Timestamp":"2022-11-01 02:00:00","vibration":"35.4253676918264"},"EnqueuedTimeUtc":"2022-11-01 02:00:00","Properties":{"messagetype":"Demo"},"SystemProperties":{"connectionAuthMethod":"{\"scope\":\"device\",\"type\":\"sas\",\"issuer\":\"iothub\",\"acceptingIpFilterRule\":null}","connectionDeviceGenerationId":"638052891151821842","connectionDeviceId":"IOTDevice_3_4","contentEncoding":"utf-8","contentType":"application/json","enqueuedTime":"2022-11-01 02:00:00"}}
{"Body":{"Status":true,"Timestamp":"2022-11-01 03:00:00","volt":"172.801867431762"},"EnqueuedTimeUtc":"2022-11-01 03:00:00","Properties":{"messagetype":"Demo"},"SystemProperties":{"connectionAuthMethod":"{\"scope\":\"device\",\"type\":\"sas\",\"issuer\":\"iothub\",\"acceptingIpFilterRule\":null}","connectionDeviceGenerationId":"638052891151821842","connectionDeviceId":"IOTDevice_3_1","contentEncoding":"utf-8","contentType":"application/json","enqueuedTime":"2022-11-01 03:00:00"}}
{"Body":{"Status":true,"Timestamp":"2022-11-01 03:00:00","rotate":"454.46034425021"},"EnqueuedTimeUtc":"2022-11-01 03:00:00","Properties":{"messagetype":"Demo"},"SystemProperties":{"connectionAuthMethod":"{\"scope\":\"device\",\"type\":\"sas\",\"issuer\":\"iothub\",\"acceptingIpFilterRule\":null}","connectionDeviceGenerationId":"638052891151821842","connectionDeviceId":"IOTDevice_3_2","contentEncoding":"utf-8","contentType":"application/json","enqueuedTime":"2022-11-01 03:00:00"}}
{"Body":{"Status":true,"Timestamp":"2022-11-01 03:00:00","pressure":"82.8659466297824"},"EnqueuedTimeUtc":"2022-11-01 03:00:00","Properties":{"messagetype":"Demo"},"SystemProperties":{"connectionAuthMethod":"{\"scope\":\"device\",\"type\":\"sas\",\"issuer\":\"iothub\",\"acceptingIpFilterRule\":null}","connectionDeviceGenerationId":"638052891151821842","connectionDeviceId":"IOTDevice_3_3","contentEncoding":"utf-8","contentType":"application/json","enqueuedTime":"2022-11-01 03:00:00"}}
{"Body":{"Status":true,"Timestamp":"2022-11-01 03:00:00","vibration":"35.2985887780815"},"EnqueuedTimeUtc":"2022-11-01 03:00:00","Properties":{"messagetype":"Demo"},"SystemProperties":{"connectionAuthMethod":"{\"scope\":\"device\",\"type\":\"sas\",\"issuer\":\"iothub\",\"acceptingIpFilterRule\":null}","connectionDeviceGenerationId":"638052891151821842","connectionDeviceId":"IOTDevice_3_4","contentEncoding":"utf-8","contentType":"application/json","enqueuedTime":"2022-11-01 03:00:00"}}
{"Body":{"Status":true,"Timestamp":"2022-11-01 04:00:00","volt":"161.114288914544"},"EnqueuedTimeUtc":"2022-11-01 04:00:00","Properties":{"messagetype":"Demo"},"SystemProperties":{"connectionAuthMethod":"{\"scope\":\"device\",\"type\":\"sas\",\"issuer\":\"iothub\",\"acceptingIpFilterRule\":null}","connectionDeviceGenerationId":"638052891151821842","connectionDeviceId":"IOTDevice_3_1","contentEncoding":"utf-8","contentType":"application/json","enqueuedTime":"2022-11-01 04:00:00"}}
{"Body":{"Status":true,"Timestamp":"2022-11-01 04:00:00","rotate":"498.35394054314"},"EnqueuedTimeUtc":"2022-11-01 04:00:00","Properties":{"messagetype":"Demo"},"SystemProperties":{"connectionAuthMethod":"{\"scope\":\"device\",\"type\":\"sas\",\"issuer\":\"iothub\",\"acceptingIpFilterRule\":null}","connectionDeviceGenerationId":"638052891151821842","connectionDeviceId":"IOTDevice_3_2","contentEncoding":"utf-8","contentType":"application/json","enqueuedTime":"2022-11-01 04:00:00"}}
{"Body":{"Status":true,"Timestamp":"2022-11-01 04:00:00","pressure":"88.4366093041463"},"EnqueuedTimeUtc":"2022-11-01 04:00:00","Properties":{"messagetype":"Demo"},"SystemProperties":{"connectionAuthMethod":"{\"scope\":\"device\",\"type\":\"sas\",\"issuer\":\"iothub\",\"acceptingIpFilterRule\":null}","connectionDeviceGenerationId":"638052891151821842","connectionDeviceId":"IOTDevice_3_3","contentEncoding":"utf-8","contentType":"application/json","enqueuedTime":"2022-11-01 04:00:00"}}
{"Body":{"Status":true,"Timestamp":"2022-11-01 04:00:00","vibration":"44.1425404618563"},"EnqueuedTimeUtc":"2022-11-01 04:00:00","Properties":{"messagetype":"Demo"},"SystemProperties":{"connectionAuthMethod":"{\"scope\":\"device\",\"type\":\"sas\",\"issuer\":\"iothub\",\"acceptingIpFilterRule\":null}","connectionDeviceGenerationId":"638052891151821842","connectionDeviceId":"IOTDevice_3_4","contentEncoding":"utf-8","contentType":"application/json","enqueuedTime":"2022-11-01 04:00:00"}}
{"Body":{"Status":true,"Timestamp":"2022-11-01 05:00:00","volt":"192.381445294442"},"EnqueuedTimeUtc":"2022-11-01 05:00:00","Properties":{"messagetype":"Demo"},"SystemProperties":{"connectionAuthMethod":"{\"scope\":\"device\",\"type\":\"sas\",\"issuer\":\"iothub\",\"acceptingIpFilterRule\":null}","connectionDeviceGenerationId":"638052891151821842","connectionDeviceId":"IOTDevice_3_1","contentEncoding":"utf-8","contentType":"application/json","enqueuedTime":"2022-11-01 05:00:00"}}
{"Body":{"Status":true,"Timestamp":"2022-11-01 05:00:00","rotate":"382.767302768517"},"EnqueuedTimeUtc":"2022-11-01 05:00:00","Properties":{"messagetype":"Demo"},"SystemProperties":{"connectionAuthMethod":"{\"scope\":\"device\",\"type\":\"sas\",\"issuer\":\"iothub\",\"acceptingIpFilterRule\":null}","connectionDeviceGenerationId":"638052891151821842","connectionDeviceId":"IOTDevice_3_2","contentEncoding":"utf-8","contentType":"application/json","enqueuedTime":"2022-11-01 05:00:00"}}
{"Body":{"Status":true,"Timestamp":"2022-11-01 05:00:00","pressure":"111.309474723757"},"EnqueuedTimeUtc":"2022-11-01 05:00:00","Properties":{"messagetype":"Demo"},"SystemProperties":{"connectionAuthMethod":"{\"scope\":\"device\",\"type\":\"sas\",\"issuer\":\"iothub\",\"acceptingIpFilterRule\":null}","connectionDeviceGenerationId":"638052891151821842","connectionDeviceId":"IOTDevice_3_3","contentEncoding":"utf-8","contentType":"application/json","enqueuedTime":"2022-11-01 05:00:00"}}
{"Body":{"Status":true,"Timestamp":"2022-11-01 05:00:00","vibration":"39.2281790069565"},"EnqueuedTimeUtc":"2022-11-01 05:00:00","Properties":{"messagetype":"Demo"},"SystemProperties":{"connectionAuthMethod":"{\"scope\":\"device\",\"type\":\"sas\",\"issuer\":\"iothub\",\"acceptingIpFilterRule\":null}","connectionDeviceGenerationId":"638052891151821842","connectionDeviceId":"IOTDevice_3_4","contentEncoding":"utf-8","contentType":"application/json","enqueuedTime":"2022-11-01 05:00:00"}}
{"Body":{"Status":true,"Timestamp":"2022-11-01 06:00:00","volt":"165.025765829401"},"EnqueuedTimeUtc":"2022-11-01 06:00:00","Properties":{"messagetype":"Demo"},"SystemProperties":{"connectionAuthMethod":"{\"scope\":\"device\",\"type\":\"sas\",\"issuer\":\"iothub\",\"acceptingIpFilterRule\":null}","connectionDeviceGenerationId":"638052891151821842","connectionDeviceId":"IOTDevice_3_1","contentEncoding":"utf-8","contentType":"application/json","enqueuedTime":"2022-11-01 06:00:00"}}
{"Body":{"Status":true,"Timestamp":"2022-11-01 06:00:00","rotate":"511.650991362892"},"EnqueuedTimeUtc":"2022-11-01 06:00:00","Properties":{"messagetype":"Demo"},"SystemProperties":{"connectionAuthMethod":"{\"scope\":\"device\",\"type\":\"sas\",\"issuer\":\"iothub\",\"acceptingIpFilterRule\":null}","connectionDeviceGenerationId":"638052891151821842","connectionDeviceId":"IOTDevice_3_2","contentEncoding":"utf-8","contentType":"application/json","enqueuedTime":"2022-11-01 06:00:00"}}
{"Body":{"Status":true,"Timestamp":"2022-11-01 06:00:00","pressure":"101.171516340025"},"EnqueuedTimeUtc":"2022-11-01 06:00:00","Properties":{"messagetype":"Demo"},"SystemProperties":{"connectionAuthMethod":"{\"scope\":\"device\",\"type\":\"sas\",\"issuer\":\"iothub\",\"acceptingIpFilterRule\":null}","connectionDeviceGenerationId":"638052891151821842","connectionDeviceId":"IOTDevice_3_3","contentEncoding":"utf-8","contentType":"application/json","enqueuedTime":"2022-11-01 06:00:00"}}
{"Body":{"Status":true,"Timestamp":"2022-11-01 06:00:00","vibration":"33.0408391500708"},"EnqueuedTimeUtc":"2022-11-01 06:00:00","Properties":{"messagetype":"Demo"},"SystemProperties":{"connectionAuthMethod":"{\"scope\":\"device\",\"type\":\"sas\",\"issuer\":\"iothub\",\"acceptingIpFilterRule\":null}","connectionDeviceGenerationId":"638052891151821842","connectionDeviceId":"IOTDevice_3_4","contentEncoding":"utf-8","contentType":"application/json","enqueuedTime":"2022-11-01 06:00:00"}}
{"Body":{"Status":true,"Timestamp":"2022-11-01 07:00:00","volt":"159.212123976431"},"EnqueuedTimeUtc":"2022-11-01 07:00:00","Properties":{"messagetype":"Demo"},"SystemProperties":{"connectionAuthMethod":"{\"scope\":\"device\",\"type\":\"sas\",\"issuer\":\"iothub\",\"acceptingIpFilterRule\":null}","connectionDeviceGenerationId":"638052891151821842","connectionDeviceId":"IOTDevice_3_1","contentEncoding":"utf-8","contentType":"application/json","enqueuedTime":"2022-11-01 07:00:00"}}
{"Body":{"Status":true,"Timestamp":"2022-11-01 07:00:00","rotate":"427.114919737812"},"EnqueuedTimeUtc":"2022-11-01 07:00:00","Properties":{"messagetype":"Demo"},"SystemProperties":{"connectionAuthMethod":"{\"scope\":\"device\",\"type\":\"sas\",\"issuer\":\"iothub\",\"acceptingIpFilterRule\":null}","connectionDeviceGenerationId":"638052891151821842","connectionDeviceId":"IOTDevice_3_2","contentEncoding":"utf-8","contentType":"application/json","enqueuedTime":"2022-11-01 07:00:00"}}
{"Body":{"Status":true,"Timestamp":"2022-11-01 07:00:00","pressure":"85.1811706555482"},"EnqueuedTimeUtc":"2022-11-01 07:00:00","Properties":{"messagetype":"Demo"},"SystemProperties":{"connectionAuthMethod":"{\"scope\":\"device\",\"type\":\"sas\",\"issuer\":\"iothub\",\"acceptingIpFilterRule\":null}","connectionDeviceGenerationId":"638052891151821842","connectionDeviceId":"IOTDevice_3_3","contentEncoding":"utf-8","contentType":"application/json","enqueuedTime":"2022-11-01 07:00:00"}}
{"Body":{"Status":true,"Timestamp":"2022-11-01 07:00:00","vibration":"43.6590371389591"},"EnqueuedTimeUtc":"2022-11-01 07:00:00","Properties":{"messagetype":"Demo"},"SystemProperties":{"connectionAuthMethod":"{\"scope\":\"device\",\"type\":\"sas\",\"issuer\":\"iothub\",\"acceptingIpFilterRule\":null}","connectionDeviceGenerationId":"638052891151821842","connectionDeviceId":"IOTDevice_3_4","contentEncoding":"utf-8","contentType":"application/json","enqueuedTime":"2022-11-01 07:00:00"}}
{"Body":{"Status":true,"Timestamp":"2022-11-01 08:00:00","volt":"178.601756139823"},"EnqueuedTimeUtc":"2022-11-01 08:00:00","Properties":{"messagetype":"Demo"},"SystemProperties":{"connectionAuthMethod":"{\"scope\":\"device\",\"type\":\"sas\",\"issuer\":\"iothub\",\"acceptingIpFilterRule\":null}","connectionDeviceGenerationId":"638052891151821842","connectionDeviceId":"IOTDevice_3_1","contentEncoding":"utf-8","contentType":"application/json","enqueuedTime":"2022-11-01 08:00:00"}}
{"Body":{"Status":true,"Timestamp":"2022-11-01 08:00:00","rotate":"428.760149630345"},"EnqueuedTimeUtc":"2022-11-01 08:00:00","Properties":{"messagetype":"Demo"},"SystemProperties":{"connectionAuthMethod":"{\"scope\":\"device\",\"type\":\"sas\",\"issuer\":\"iothub\",\"acceptingIpFilterRule\":null}","connectionDeviceGenerationId":"638052891151821842","connectionDeviceId":"IOTDevice_3_2","contentEncoding":"utf-8","contentType":"application/json","enqueuedTime":"2022-11-01 08:00:00"}}
{"Body":{"Status":true,"Timestamp":"2022-11-01 08:00:00","pressure":"77.0795322311693"},"EnqueuedTimeUtc":"2022-11-01 08:00:00","Properties":{"messagetype":"Demo"},"SystemProperties":{"connectionAuthMethod":"{\"scope\":\"device\",\"type\":\"sas\",\"issuer\":\"iothub\",\"acceptingIpFilterRule\":null}","connectionDeviceGenerationId":"638052891151821842","connectionDeviceId":"IOTDevice_3_3","contentEncoding":"utf-8","contentType":"application/json","enqueuedTime":"2022-11-01 08:00:00"}}
{"Body":{"Status":true,"Timestamp":"2022-11-01 08:00:00","vibration":"48.8629857377434"},"EnqueuedTimeUtc":"2022-11-01 08:00:00","Properties":{"messagetype":"Demo"},"SystemProperties":{"connectionAuthMethod":"{\"scope\":\"device\",\"type\":\"sas\",\"issuer\":\"iothub\",\"acceptingIpFilterRule\":null}","connectionDeviceGenerationId":"638052891151821842","connectionDeviceId":"IOTDevice_3_4","contentEncoding":"utf-8","contentType":"application/json","enqueuedTime":"2022-11-01 08:00:00"}}
{"Body":{"Status":true,"Timestamp":"2022-11-01 09:00:00","volt":"171.767893797176"},"EnqueuedTimeUtc":"2022-11-01 09:00:00","Properties":{"messagetype":"Demo"},"SystemProperties":{"connectionAuthMethod":"{\"scope\":\"device\",\"type\":\"sas\",\"issuer\":\"iothub\",\"acceptingIpFilterRule\":null}","connectionDeviceGenerationId":"638052891151821842","connectionDeviceId":"IOTDevice_3_1","contentEncoding":"utf-8","contentType":"application/json","enqueuedTime":"2022-11-01 09:00:00"}}
{"Body":{"Status":true,"Timestamp":"2022-11-01 09:00:00","rotate":"378.296072741204"},"EnqueuedTimeUtc":"2022-11-01 09:00:00","Properties":{"messagetype":"Demo"},"SystemProperties":{"connectionAuthMethod":"{\"scope\":\"device\",\"type\":\"sas\",\"issuer\":\"iothub\",\"acceptingIpFilterRule\":null}","connectionDeviceGenerationId":"638052891151821842","connectionDeviceId":"IOTDevice_3_2","contentEncoding":"utf-8","contentType":"application/json","enqueuedTime":"2022-11-01 09:00:00"}}
{"Body":{"Status":true,"Timestamp":"2022-11-01 09:00:00","pressure":"108.826577416083"},"EnqueuedTimeUtc":"2022-11-01 09:00:00","Properties":{"messagetype":"Demo"},"SystemProperties":{"connectionAuthMethod":"{\"scope\":\"device\",\"type\":\"sas\",\"issuer\":\"iothub\",\"acceptingIpFilterRule\":null}","connectionDeviceGenerationId":"638052891151821842","connectionDeviceId":"IOTDevice_3_3","contentEncoding":"utf-8","contentType":"application/json","enqueuedTime":"2022-11-01 09:00:00"}}
{"Body":{"Status":true,"Timestamp":"2022-11-01 09:00:00","vibration":"42.45494643539"},"EnqueuedTimeUtc":"2022-11-01 09:00:00","Properties":{"messagetype":"Demo"},"SystemProperties":{"connectionAuthMethod":"{\"scope\":\"device\",\"type\":\"sas\",\"issuer\":\"iothub\",\"acceptingIpFilterRule\":null}","connectionDeviceGenerationId":"638052891151821842","connectionDeviceId":"IOTDevice_3_4","contentEncoding":"utf-8","contentType":"application/json","enqueuedTime":"2022-11-01 09:00:00"}}
{"Body":{"Status":true,"Timestamp":"2022-11-01 10:00:00","volt":"170.977275308991"},"EnqueuedTimeUtc":"2022-11-01 10:00:00","Properties":{"messagetype":"Demo"},"SystemProperties":{"connectionAuthMethod":"{\"scope\":\"device\",\"type\":\"sas\",\"issuer\":\"iothub\",\"acceptingIpFilterRule\":null}","connectionDeviceGenerationId":"638052891151821842","connectionDeviceId":"IOTDevice_3_1","contentEncoding":"utf-8","contentType":"application/json","enqueuedTime":"2022-11-01 10:00:00"}}
{"Body":{"Status":true,"Timestamp":"2022-11-01 10:00:00","rotate":"423.981464632459"},"EnqueuedTimeUtc":"2022-11-01 10:00:00","Properties":{"messagetype":"Demo"},"SystemProperties":{"connectionAuthMethod":"{\"scope\":\"device\",\"type\":\"sas\",\"issuer\":\"iothub\",\"acceptingIpFilterRule\":null}","connectionDeviceGenerationId":"638052891151821842","connectionDeviceId":"IOTDevice_3_2","contentEncoding":"utf-8","contentType":"application/json","enqueuedTime":"2022-11-01 10:00:00"}}
{"Body":{"Status":true,"Timestamp":"2022-11-01 10:00:00","pressure":"96.8411588002475"},"EnqueuedTimeUtc":"2022-11-01 10:00:00","Properties":{"messagetype":"Demo"},"SystemProperties":{"connectionAuthMethod":"{\"scope\":\"device\",\"type\":\"sas\",\"issuer\":\"iothub\",\"acceptingIpFilterRule\":null}","connectionDeviceGenerationId":"638052891151821842","connectionDeviceId":"IOTDevice_3_3","contentEncoding":"utf-8","contentType":"application/json","enqueuedTime":"2022-11-01 10:00:00"}}
{"Body":{"Status":true,"Timestamp":"2022-11-01 10:00:00","vibration":"39.3831710744543"},"EnqueuedTimeUtc":"2022-11-01 10:00:00","Properties":{"messagetype":"Demo"},"SystemProperties":{"connectionAuthMethod":"{\"scope\":\"device\",\"type\":\"sas\",\"issuer\":\"iothub\",\"acceptingIpFilterRule\":null}","connectionDeviceGenerationId":"638052891151821842","connectionDeviceId":"IOTDevice_3_4","contentEncoding":"utf-8","contentType":"application/json","enqueuedTime":"2022-11-01 10:00:00"}}
{"Body":{"Status":true,"Timestamp":"2022-11-01 11:00:00","volt":"176.184332819324"},"EnqueuedTimeUtc":"2022-11-01 11:00:00","Properties":{"messagetype":"Demo"},"SystemProperties":{"connectionAuthMethod":"{\"scope\":\"device\",\"type\":\"sas\",\"issuer\":\"iothub\",\"acceptingIpFilterRule\":null}","connectionDeviceGenerationId":"638052891151821842","connectionDeviceId":"IOTDevice_3_1","contentEncoding":"utf-8","contentType":"application/json","enqueuedTime":"2022-11-01 11:00:00"}}
{"Body":{"Status":true,"Timestamp":"2022-11-01 11:00:00","rotate":"495.044456884916"},"EnqueuedTimeUtc":"2022-11-01 11:00:00","Properties":{"messagetype":"Demo"},"SystemProperties":{"connectionAuthMethod":"{\"scope\":\"device\",\"type\":\"sas\",\"issuer\":\"iothub\",\"acceptingIpFilterRule\":null}","connectionDeviceGenerationId":"638052891151821842","connectionDeviceId":"IOTDevice_3_2","contentEncoding":"utf-8","contentType":"application/json","enqueuedTime":"2022-11-01 11:00:00"}}
{"Body":{"Status":true,"Timestamp":"2022-11-01 11:00:00","pressure":"101.720780134054"},"EnqueuedTimeUtc":"2022-11-01 11:00:00","Properties":{"messagetype":"Demo"},"SystemProperties":{"connectionAuthMethod":"{\"scope\":\"device\",\"type\":\"sas\",\"issuer\":\"iothub\",\"acceptingIpFilterRule\":null}","connectionDeviceGenerationId":"638052891151821842","connectionDeviceId":"IOTDevice_3_3","contentEncoding":"utf-8","contentType":"application/json","enqueuedTime":"2022-11-01 11:00:00"}}
{"Body":{"Status":true,"Timestamp":"2022-11-01 11:00:00","vibration":"40.6412142401308"},"EnqueuedTimeUtc":"2022-11-01 11:00:00","Properties":{"messagetype":"Demo"},"SystemProperties":{"connectionAuthMethod":"{\"scope\":\"device\",\"type\":\"sas\",\"issuer\":\"iothub\",\"acceptingIpFilterRule\":null}","connectionDeviceGenerationId":"638052891151821842","connectionDeviceId":"IOTDevice_3_4","contentEncoding":"utf-8","contentType":"application/json","enqueuedTime":"2022-11-01 11:00:00"}}
